rpm,speed,throttle_pos,engine_load,map_kpa,iat,coolant_temp,o2_voltage,fuel_trim,ltft,voltage,gear,clutch,side_stand,front_wheel_speed,rear_wheel_speed,target_label,rul_hours,failure_probability
2434.2,28.8,19.9,46.5,44.9,30.5,90.7,0.866,2.3,1.95,14.0,2,0,0,28.8,29.3,0,1148.2,0.0401
3738.4,95.6,26.4,57.4,56.7,36.1,87.1,0.668,-2.53,1.27,10.73,5,0,0,95.6,94.9,3,43.3,0.8395
4116.7,55.1,53.5,88.1,88.7,41.5,111.7,0.871,9.49,4.35,13.79,2,0,0,55.1,54.7,1,42.3,0.7529
3527.0,95.9,25.3,60.6,59.0,31.1,82.4,0.86,1.36,1.78,14.22,5,0,0,95.9,95.1,0,1345.9,0.0545
2940.8,26.1,21.7,44.0,44.1,37.9,95.6,0.823,1.94,1.2,14.19,1,0,0,26.1,26.1,0,950.0,0.0344
3942.0,70.9,51.9,77.0,75.6,38.0,79.0,0.748,1.33,1.43,13.97,3,0,0,70.9,70.2,0,955.7,0.0217
1097.2,0.0,1.9,32.9,34.6,27.4,87.1,0.264,1.36,1.21,14.06,0,0,0,0.0,0.0,0,712.5,0.0552
991.7,0.0,2.1,37.6,55.7,29.3,89.6,0.184,15.99,12.73,13.94,0,0,0,0.0,0.0,2,37.7,0.7789
2324.5,20.2,11.9,41.3,41.7,42.7,114.4,0.751,10.5,4.05,13.83,1,0,0,20.2,20.1,1,37.8,0.9297
2275.1,40.4,14.7,35.1,38.7,35.0,105.9,0.873,3.42,4.3,13.67,3,0,0,40.4,40.3,1,14.5,0.7232
1100.1,0.0,1.9,32.2,34.6,28.8,87.9,0.325,2.87,2.76,14.02,0,0,0,0.0,0.0,0,1330.8,0.0217
4474.9,55.1,45.3,89.7,87.2,34.1,88.3,0.563,-2.84,1.47,10.32,2,0,0,55.1,54.0,3,43.6,0.8495
1271.7,0.0,2.0,29.1,53.5,34.5,95.4,0.175,24.17,12.61,14.01,0,0,1,0.0,0.0,2,41.4,0.7784
4823.1,57.6,75.4,74.7,75.7,28.5,88.1,0.34,5.76,2.42,14.29,2,0,0,57.6,58.6,0,770.8,0.0768
2165.4,35.7,17.5,43.9,45.0,28.8,88.4,0.797,3.71,1.85,14.04,3,0,0,35.7,35.8,0,1195.3,0.0201
2347.3,27.9,13.7,45.8,45.5,26.9,89.6,0.742,2.19,1.72,14.13,2,0,0,27.9,27.7,0,1430.2,0.0235
997.8,0.0,2.4,36.7,37.3,39.8,89.5,0.229,1.23,1.03,14.12,0,0,0,0.0,0.0,0,1164.0,0.0162
2472.8,28.1,19.7,53.6,52.7,28.3,85.3,0.338,1.59,2.2,14.54,2,0,0,28.1,28.4,0,861.0,0.0299
2582.2,31.9,16.4,47.5,44.5,31.8,82.6,0.748,0.2,-0.11,14.07,2,0,0,31.9,31.9,0,992.0,0.0733
1053.5,0.0,2.2,36.7,35.4,32.6,83.5,0.328,3.09,1.25,14.03,0,0,0,0.0,0.0,0,896.8,0.0448
2434.9,29.8,10.6,41.4,38.0,39.4,110.2,0.66,8.19,5.54,13.9,2,0,0,29.8,29.3,1,45.7,0.9481
997.1,0.0,1.9,32.9,36.4,30.3,86.7,0.721,4.31,1.39,14.12,0,0,0,0.0,0.0,0,782.9,0.0686
2043.0,19.8,20.5,39.8,39.7,27.5,92.6,0.875,0.23,1.97,14.2,2,0,0,19.8,20.2,0,904.3,0.0529
2500.7,17.9,10.3,45.3,45.8,28.2,83.8,0.683,1.21,1.47,14.02,1,0,0,17.9,17.9,0,988.4,0.0659
4001.4,104.9,16.8,59.2,59.4,32.0,80.2,0.222,1.51,2.17,14.02,5,0,0,104.9,106.3,0,1185.2,0.0173
1135.7,0.0,2.4,39.4,63.1,35.6,93.0,0.082,25.26,16.64,13.96,0,0,0,0.0,0.0,2,26.2,0.857
2569.8,21.5,10.1,46.7,45.2,36.8,83.7,0.725,0.05,2.38,14.17,1,0,0,21.5,21.5,0,1243.1,0.0711
1086.7,0.0,2.4,33.1,34.3,32.4,84.4,0.284,1.4,0.78,14.27,0,0,0,0.0,0.0,0,836.7,0.0318
1109.1,0.0,2.1,34.4,29.6,34.8,84.5,0.277,2.11,2.68,13.98,0,0,0,0.0,0.0,0,794.3,0.0771
4016.6,108.1,33.5,60.4,61.4,29.8,90.8,0.346,2.89,1.29,14.1,5,0,0,108.1,109.8,0,847.0,0.0365
3152.2,82.8,17.4,58.7,56.6,37.3,126.1,0.734,10.91,3.54,13.85,5,0,0,82.8,81.3,1,20.3,0.8832
4771.7,79.5,83.3,75.3,75.0,32.5,87.6,0.216,3.74,1.82,14.13,3,0,0,79.5,79.9,0,986.1,0.0304
4463.0,80.3,77.7,75.6,73.3,37.6,85.1,0.872,2.88,0.37,13.99,3,0,0,80.3,79.2,0,1273.8,0.0635
1418.8,8.4,17.0,47.3,47.4,30.3,87.6,0.647,-1.83,0.13,11.74,1,0,0,8.4,8.3,3,11.4,0.9028
3438.0,94.1,29.3,69.3,71.2,35.7,86.4,0.328,0.77,0.16,9.54,5,0,0,94.1,93.1,3,33.8,0.814
2272.2,36.7,15.6,45.9,67.1,37.7,92.3,0.172,18.34,13.1,13.93,3,0,0,36.7,36.5,2,56.9,0.8748
2299.4,38.5,8.2,44.8,43.9,36.0,87.5,0.236,-1.0,2.37,14.27,3,0,0,38.5,38.3,0,1255.0,0.0376
1015.1,0.0,2.4,34.3,37.4,32.5,89.2,0.777,2.77,0.95,14.18,0,0,0,0.0,0.0,0,735.6,0.0626
1040.5,0.0,2.2,33.1,35.0,43.5,121.8,0.658,9.94,3.0,13.85,0,0,0,0.0,0.0,1,11.0,0.7646
3511.6,74.8,19.5,57.9,57.8,36.9,86.9,0.255,2.62,2.34,14.22,4,0,0,74.8,76.0,0,1467.2,0.0452
1055.8,0.0,1.8,34.3,31.7,35.0,88.6,0.748,1.02,1.37,14.04,0,0,0,0.0,0.0,0,714.8,0.0589
2194.6,25.0,7.0,51.2,48.2,32.6,88.8,0.731,0.14,0.4,14.26,2,0,0,25.0,25.0,0,1260.2,0.0241
1051.5,0.0,1.8,39.0,38.8,33.1,88.9,0.223,1.15,1.25,13.89,0,0,1,0.0,0.0,0,1317.6,0.0127
2075.1,24.8,7.6,54.0,50.3,37.9,81.7,0.455,0.16,1.45,10.43,2,0,0,24.8,24.8,3,26.8,0.8781
3745.3,80.6,18.3,74.8,71.3,27.7,87.2,0.73,3.09,2.2,14.07,4,0,0,80.6,80.6,0,1009.8,0.052
1071.2,0.0,1.9,35.1,32.6,41.2,108.1,0.779,6.54,3.09,14.12,0,0,1,0.0,0.0,1,52.0,0.8661
2333.3,38.5,9.7,47.4,49.3,33.1,82.8,0.745,2.89,2.05,14.34,3,0,0,38.5,39.1,0,1031.6,0.0175
1029.1,0.0,2.0,33.4,29.9,35.9,86.3,0.681,0.88,1.45,14.14,0,0,1,0.0,0.0,0,948.8,0.0324
1034.6,0.0,1.9,36.5,38.0,35.7,84.9,0.332,3.07,0.07,14.28,0,0,0,0.0,0.0,0,838.8,0.0739
2261.4,18.7,20.8,39.8,41.9,35.3,91.0,0.74,2.35,2.74,14.29,1,0,0,18.7,18.7,0,1191.7,0.0694
1758.1,27.3,17.2,50.7,50.5,38.7,81.9,0.538,2.66,2.07,10.75,3,0,0,27.3,27.5,3,18.6,0.8974
4951.7,76.7,81.9,79.8,98.0,39.1,97.6,0.12,15.51,14.43,13.84,3,0,0,76.7,77.0,2,99.9,0.9052
3696.5,56.7,56.6,86.7,86.0,31.8,84.4,0.669,3.18,-0.48,10.84,3,0,0,56.7,57.5,3,35.0,0.8169
936.1,0.0,2.2,28.3,47.4,36.0,96.9,0.111,20.52,10.24,13.88,0,0,0,0.0,0.0,2,101.9,0.919
3220.5,52.1,15.0,52.6,52.8,33.1,87.0,0.32,-1.13,1.25,14.18,3,0,0,52.1,52.4,0,954.9,0.0387
3299.7,86.0,23.8,58.3,55.9,27.2,91.3,0.651,-1.58,2.56,11.2,5,0,0,86.0,87.3,3,24.8,0.878
2253.8,27.5,11.8,34.8,35.3,35.0,87.0,0.709,2.12,0.92,14.16,2,0,0,27.5,27.8,0,994.3,0.0391
4805.4,60.0,69.8,74.0,75.0,30.4,85.4,0.263,3.52,0.93,14.16,2,0,0,60.0,59.3,0,1033.5,0.0536
2191.6,15.6,10.4,57.2,56.1,33.1,83.9,0.22,-1.15,2.43,14.0,1,0,0,15.6,15.4,0,1212.1,0.0525
2777.4,22.7,10.2,45.0,45.1,30.4,86.1,0.86,-0.22,2.64,14.22,1,0,0,22.7,23.1,0,904.8,0.0184
2687.3,20.8,6.8,43.8,44.9,39.7,82.1,0.226,1.78,0.74,14.19,1,0,0,20.8,21.0,0,913.6,0.0408
1021.1,0.0,2.2,35.0,35.2,34.5,88.6,0.855,0.4,0.89,13.96,0,0,0,0.0,0.0,0,953.9,0.0774
2490.5,47.1,21.7,48.1,72.5,31.9,86.0,0.081,21.49,15.12,14.15,3,0,0,47.1,47.6,2,108.2,0.7939
3372.1,73.4,32.2,57.6,59.1,34.7,90.3,0.285,2.28,0.5,14.22,4,0,0,73.4,73.7,0,1052.3,0.0595
1059.8,0.0,1.8,31.0,31.3,32.5,85.2,0.184,-0.33,1.68,13.94,0,0,0,0.0,0.0,0,936.5,0.0762
2601.4,21.4,8.3,51.2,52.9,33.3,89.3,0.182,3.67,2.01,14.08,1,0,0,21.4,21.0,0,791.7,0.0686
1058.3,0.0,1.9,33.5,35.4,35.2,84.6,0.209,1.38,2.34,14.12,0,0,0,0.0,0.0,0,1094.8,0.0181
2447.6,43.0,9.0,46.6,79.0,37.7,93.4,0.191,19.29,15.21,13.97,3,0,0,43.0,42.6,2,45.4,0.6875
1023.1,0.0,2.0,34.2,33.5,33.1,87.6,0.245,1.34,2.27,13.96,0,0,0,0.0,0.0,0,1085.1,0.0131
3035.4,22.6,8.7,56.6,55.0,39.9,89.3,0.274,3.15,1.7,9.73,1,0,0,22.6,22.6,3,22.6,0.9674
2128.0,26.3,12.4,46.8,81.2,35.8,91.1,0.13,24.21,12.7,14.11,2,0,0,26.3,26.7,2,114.2,0.7931
1033.0,0.0,2.1,32.9,35.2,31.7,89.3,0.866,1.58,-0.02,14.33,0,0,1,0.0,0.0,0,779.1,0.0182
3807.8,99.4,29.9,70.5,72.3,39.4,84.6,0.242,-2.16,2.18,14.22,5,0,0,99.4,97.7,0,1395.5,0.0266
1870.1,25.7,6.5,49.7,69.2,34.2,101.0,0.159,17.48,14.83,14.12,2,0,0,25.7,25.8,2,80.3,0.7551
1007.6,0.0,2.1,32.8,31.4,40.5,115.9,0.787,10.94,3.52,13.72,0,0,0,0.0,0.0,1,34.7,0.785
3454.4,88.3,21.2,65.6,68.1,41.8,116.5,0.807,6.25,5.7,13.71,5,0,0,88.3,89.1,1,33.2,0.7539
1224.5,0.0,2.4,39.7,57.8,38.8,98.2,0.139,18.37,14.03,14.1,0,0,1,0.0,0.0,2,32.2,0.8687
2425.8,30.0,21.1,50.0,51.6,32.9,90.0,0.32,3.29,2.48,14.39,2,0,0,30.0,29.8,0,953.5,0.0335
2436.9,21.1,20.2,41.7,43.3,28.2,92.8,0.265,-0.84,2.02,14.19,1,0,0,21.1,21.0,0,1211.6,0.0565
3647.6,97.3,23.9,59.8,60.6,28.1,88.3,0.245,3.96,1.24,14.1,5,0,0,97.3,98.1,0,954.7,0.0138
1135.7,0.0,1.9,34.9,63.7,38.3,89.1,0.11,17.41,13.59,13.76,0,0,1,0.0,0.0,2,101.9,0.6689
1724.1,18.2,10.4,35.1,33.9,45.6,118.2,0.871,9.5,4.02,14.11,2,0,0,18.2,18.2,1,67.4,0.7258
2146.8,25.6,14.0,53.5,53.9,32.1,83.6,0.332,1.13,2.44,14.22,2,0,0,25.6,26.0,0,984.3,0.0502
1027.5,0.0,2.0,34.8,33.0,35.9,82.2,0.713,-0.44,1.64,13.98,0,0,1,0.0,0.0,0,1350.3,0.0183
2234.4,34.6,8.8,57.2,52.2,29.1,88.1,0.281,2.27,0.49,14.3,3,0,0,34.6,35.1,0,1000.2,0.0519
1091.9,0.0,2.1,33.6,34.5,27.6,84.2,0.794,1.25,1.48,14.14,0,0,0,0.0,0.0,0,854.7,0.0675
2150.4,27.1,20.5,41.3,41.4,40.5,119.8,0.899,3.31,4.97,13.92,2,0,0,27.1,27.3,1,10.5,0.823
4416.2,94.7,55.0,77.6,77.2,44.2,112.1,0.889,12.65,4.73,13.91,4,0,0,94.7,96.5,1,42.5,0.9116
977.0,0.0,2.0,33.2,61.0,28.4,89.3,0.151,21.91,16.29,14.06,0,0,0,0.0,0.0,2,65.0,0.8549
3788.0,62.9,53.1,89.3,87.5,36.6,83.7,0.231,1.95,2.29,14.28,3,0,0,62.9,62.3,0,855.1,0.0213
3125.8,70.4,33.4,65.0,63.8,31.7,89.8,0.867,0.34,0.48,14.22,4,0,0,70.4,71.4,0,1069.4,0.0799
3307.9,84.7,31.7,63.8,59.8,42.8,120.7,0.892,1.1,3.61,13.87,5,0,0,84.7,84.3,1,70.0,0.9445
3012.3,47.6,10.4,55.7,82.2,33.0,101.4,0.168,19.56,14.16,14.14,3,0,0,47.6,47.5,2,91.6,0.7727
1039.4,0.0,2.3,33.6,34.0,31.9,85.8,0.75,2.63,2.43,14.18,0,0,0,0.0,0.0,0,1099.4,0.0336
1146.7,0.0,1.8,36.8,67.1,28.1,83.4,0.188,16.58,11.43,14.06,0,0,0,0.0,0.0,2,102.3,0.7124
2239.6,38.1,6.1,45.7,47.8,38.3,85.3,0.315,1.98,1.21,14.02,3,0,0,38.1,38.8,0,1263.5,0.0723
3298.7,85.4,17.6,57.2,58.1,29.7,91.2,0.752,2.18,1.09,14.09,5,0,0,85.4,85.2,0,857.0,0.0484
1071.6,0.0,1.9,35.0,31.9,38.4,82.5,0.77,1.97,1.41,14.1,0,0,0,0.0,0.0,0,821.1,0.0172
2378.4,40.0,17.6,47.9,46.2,32.9,86.6,0.788,1.68,0.89,14.16,3,0,0,40.0,40.0,0,893.9,0.0642
2701.1,44.1,21.4,46.0,46.8,39.2,89.7,0.21,0.82,1.65,14.3,3,0,0,44.1,43.7,0,1240.6,0.0665
3694.8,78.6,21.9,56.4,56.7,32.1,90.4,0.809,2.97,1.02,14.08,4,0,0,78.6,77.3,0,1062.6,0.0609
2426.4,31.6,18.1,42.9,43.4,37.1,122.6,0.848,8.99,4.1,14.22,2,0,0,31.6,31.4,1,70.3,0.8228
3306.0,70.2,23.7,57.5,56.5,39.7,87.3,0.833,2.17,1.17,14.16,4,0,0,70.2,69.4,0,1143.0,0.0343
3807.4,98.4,30.2,59.3,60.1,35.1,91.1,0.24,2.87,1.27,14.07,5,0,0,98.4,97.6,0,1378.1,0.0631
1058.2,0.0,2.0,35.4,32.6,33.1,86.6,0.374,2.34,1.95,11.61,0,0,1,0.0,0.0,3,43.9,0.8622
4767.0,77.2,60.9,72.5,73.2,29.1,86.9,0.701,0.59,1.96,14.32,3,0,0,77.2,78.1,0,1169.9,0.0417
4047.1,71.2,73.2,79.8,81.0,28.3,90.2,0.323,2.14,-0.12,14.33,3,0,0,71.2,70.7,0,1137.8,0.0262
2853.6,76.3,25.6,55.3,81.6,33.0,90.1,0.132,19.37,15.14,13.82,5,0,0,76.3,76.6,2,91.4,0.8398
2654.3,31.1,9.7,45.0,48.8,33.0,86.4,0.743,2.41,2.31,14.01,2,0,0,31.1,31.6,0,1226.9,0.0783
2389.6,30.4,14.3,54.7,53.6,38.1,94.7,0.197,0.35,1.1,14.14,2,0,0,30.4,30.4,0,968.4,0.0158
1810.5,29.4,7.8,48.6,47.2,31.8,87.4,0.836,1.47,1.52,14.16,3,0,0,29.4,29.2,0,706.2,0.0586
5208.4,84.9,50.9,81.1,82.5,33.8,87.7,0.277,2.5,1.08,14.03,3,0,0,84.9,85.2,0,1012.6,0.0619
1846.2,23.6,21.8,44.1,45.6,36.3,84.7,0.694,2.98,-0.68,9.91,2,0,0,23.6,24.0,3,23.3,0.8487
2639.3,45.3,15.4,48.7,74.3,32.1,95.8,0.152,22.21,16.97,13.76,3,0,0,45.3,45.2,2,88.4,0.7082
1048.3,0.0,2.2,34.3,35.5,41.6,118.3,0.697,4.43,3.1,13.79,0,0,0,0.0,0.0,1,41.5,0.9104
3649.5,92.3,31.1,57.4,77.1,33.8,95.6,0.082,21.0,10.01,14.07,5,0,0,92.3,93.3,2,34.5,0.7752
1905.1,13.2,19.3,45.6,70.8,30.6,88.8,0.06,20.19,14.65,14.28,1,0,0,13.2,13.2,2,110.1,0.7345
1032.1,0.0,2.3,35.3,35.4,30.0,87.0,0.845,2.05,2.17,14.08,0,0,0,0.0,0.0,0,1289.7,0.0103
2309.4,28.4,9.0,49.7,70.9,35.6,95.4,0.109,13.71,14.94,13.88,2,0,0,28.4,28.6,2,20.1,0.8804
3574.3,64.0,51.9,86.3,84.5,37.1,97.8,0.718,2.38,2.24,13.96,3,0,0,64.0,63.6,0,1463.9,0.0438
914.5,0.0,2.4,37.0,64.5,29.6,94.0,0.167,22.06,13.26,13.87,0,0,0,0.0,0.0,2,42.6,0.7765
4232.3,64.5,53.3,78.4,98.0,31.0,89.6,0.094,23.09,16.34,13.74,3,0,0,64.5,64.1,2,54.9,0.7074
1062.6,0.0,2.3,30.2,32.8,29.9,87.7,0.747,0.84,1.04,14.1,0,0,0,0.0,0.0,0,1433.3,0.0309
2535.2,30.7,16.7,48.2,48.6,38.7,82.7,0.761,1.41,1.37,14.16,2,0,0,30.7,30.6,0,1334.3,0.0403
2797.6,33.2,6.9,50.5,50.6,37.6,87.4,0.189,1.85,1.09,14.09,2,0,0,33.2,32.8,0,1022.9,0.0377
2930.2,34.6,10.7,51.9,52.5,33.8,81.3,0.349,2.97,-0.53,14.39,2,0,0,34.6,34.7,0,1209.9,0.0717
850.0,0.0,2.1,34.4,60.9,36.7,94.4,0.068,19.29,14.09,14.14,0,0,0,0.0,0.0,2,23.5,0.7962
850.0,0.0,2.0,34.2,63.7,28.9,95.2,0.061,22.5,11.47,14.26,0,0,1,0.0,0.0,2,75.8,0.7249
2491.0,39.8,13.2,51.3,53.2,30.6,88.9,0.326,2.85,1.81,14.03,3,0,0,39.8,39.1,0,1278.4,0.0394
1036.9,0.0,2.0,31.9,35.6,30.0,86.9,0.346,1.31,2.3,13.97,0,0,0,0.0,0.0,0,1311.2,0.0794
3201.1,82.5,22.3,55.9,59.5,31.5,86.6,0.272,2.96,0.8,14.34,5,0,0,82.5,82.6,0,1400.8,0.0405
1047.5,0.0,2.1,36.6,34.3,37.5,91.2,0.303,3.27,1.24,14.11,0,0,0,0.0,0.0,0,896.7,0.061
1070.6,0.0,2.2,32.7,34.1,32.6,90.5,0.318,4.12,1.98,14.02,0,0,0,0.0,0.0,0,811.8,0.0373
1064.9,0.0,2.3,32.7,32.5,35.3,84.7,0.808,-0.72,0.82,14.06,0,0,0,0.0,0.0,0,1269.5,0.0141
5017.1,104.3,71.4,82.2,83.6,27.8,90.3,0.434,-1.95,0.66,10.27,4,0,0,104.3,106.1,3,13.6,0.9118
2261.8,17.3,20.3,57.3,58.7,36.9,89.9,0.707,1.36,1.44,14.25,1,0,0,17.3,17.4,0,1236.8,0.0569
2987.7,48.0,10.8,32.1,34.3,33.8,89.2,0.844,1.24,2.92,14.31,3,0,0,48.0,48.8,0,1035.5,0.0225
3892.0,83.3,19.3,56.8,61.0,45.2,112.6,0.889,8.72,3.34,13.96,4,0,0,83.3,83.9,1,63.2,0.8355
2663.2,20.5,17.1,40.8,44.8,32.1,82.4,0.18,2.88,0.19,14.24,1,0,0,20.5,20.3,0,842.9,0.0788
1016.3,0.0,2.0,31.0,31.8,31.2,84.4,0.478,1.43,0.05,11.45,0,0,0,0.0,0.0,3,12.7,0.9307
3604.4,94.9,30.5,62.6,62.7,30.9,83.4,0.601,-0.35,4.33,10.24,5,0,0,94.9,95.2,3,18.2,0.8644
1073.6,0.0,2.5,34.1,35.0,30.9,86.9,0.826,1.35,2.36,14.15,0,0,1,0.0,0.0,0,1405.6,0.036
2489.6,31.0,16.7,40.7,39.5,39.5,85.8,0.871,6.17,0.48,14.02,2,0,0,31.0,31.2,0,1149.3,0.0388
3021.7,78.3,21.0,52.6,53.2,31.1,89.7,0.294,1.99,1.64,14.21,5,0,0,78.3,79.4,0,1496.9,0.0182
2407.6,28.4,6.9,51.7,54.6,33.1,87.6,0.287,2.81,0.83,13.91,2,0,0,28.4,28.7,0,1152.0,0.0717
2771.3,33.4,7.0,47.5,45.7,33.4,90.3,0.321,0.25,2.01,14.19,2,0,0,33.4,33.8,0,768.3,0.0411
2606.3,33.7,17.3,44.1,45.1,42.7,109.3,0.659,9.08,3.62,13.88,2,0,0,33.7,33.3,1,19.3,0.8947
3998.6,48.1,60.9,79.9,80.4,33.8,85.0,0.242,2.04,1.79,14.38,2,0,0,48.1,47.5,0,1331.7,0.0668
3253.3,84.6,27.0,64.4,64.6,31.0,91.9,0.842,0.67,1.81,13.96,5,0,0,84.6,82.9,0,1240.3,0.0484
2048.1,24.3,11.8,45.1,44.9,26.9,87.1,0.807,-1.73,2.76,14.2,2,0,0,24.3,24.7,0,993.6,0.0245
3649.9,77.0,27.8,50.7,52.6,29.1,84.4,0.409,4.03,1.66,9.91,4,0,0,77.0,77.7,3,10.8,0.8293
1031.9,0.0,2.1,29.7,29.6,39.4,85.3,0.213,1.05,0.64,14.12,0,0,0,0.0,0.0,0,1087.2,0.0591
3032.5,78.8,18.0,61.4,61.7,27.2,86.6,0.74,-0.34,1.35,14.28,5,0,0,78.8,79.8,0,1368.5,0.0113
1046.8,0.0,1.9,34.0,33.1,36.4,90.1,0.817,2.64,0.62,13.97,0,0,0,0.0,0.0,0,717.9,0.022
1024.6,0.0,2.2,33.8,35.3,35.6,86.3,0.672,1.66,0.63,11.28,0,0,0,0.0,0.0,3,35.2,0.8499
2341.3,21.8,7.0,48.9,47.0,27.8,84.8,0.212,1.95,1.23,14.13,1,0,0,21.8,21.9,0,1170.7,0.0493
2616.6,31.5,16.0,51.0,52.1,46.9,110.5,0.755,6.2,3.76,13.88,2,0,0,31.5,31.3,1,36.9,0.7934
3896.1,80.4,20.6,58.5,80.4,31.7,87.7,0.148,19.52,11.02,14.04,4,0,0,80.4,80.3,2,83.2,0.6713
1023.9,0.0,1.9,37.0,36.0,29.1,81.8,0.283,0.56,0.63,14.09,0,0,1,0.0,0.0,0,889.5,0.0586
1076.4,0.0,2.3,37.0,36.4,47.1,110.0,0.735,6.43,6.01,13.66,0,0,0,0.0,0.0,1,25.8,0.7428
1029.5,0.0,2.3,37.9,36.9,26.8,86.2,0.282,1.05,0.74,13.97,0,0,0,0.0,0.0,0,1421.2,0.0222
2566.0,43.3,18.8,57.3,57.5,37.2,118.3,0.745,10.22,4.81,13.9,3,0,0,43.3,43.4,1,64.2,0.7952
1058.7,0.0,2.0,32.9,31.8,41.3,121.7,0.758,9.56,3.65,13.81,0,0,0,0.0,0.0,1,16.4,0.825
3631.3,44.7,54.8,76.9,74.8,36.1,89.6,0.81,4.72,1.15,14.33,2,0,0,44.7,44.5,0,1385.1,0.0317
4045.2,89.1,20.5,60.7,65.4,30.8,86.9,0.328,-0.22,2.25,14.15,4,0,0,89.1,89.7,0,781.9,0.0192
1509.9,0.0,2.1,36.0,67.0,30.2,99.1,0.168,22.36,15.99,14.15,0,0,0,0.0,0.0,2,43.3,0.8676
4515.2,48.5,63.8,78.1,78.3,36.9,91.5,0.274,3.75,0.87,14.31,2,0,0,48.5,48.6,0,744.0,0.0224
2356.1,28.5,16.4,33.1,34.7,32.3,87.7,0.818,2.64,1.13,14.09,2,0,0,28.5,28.5,0,864.0,0.058
3770.5,40.5,58.9,79.0,79.2,29.8,86.1,0.181,3.86,0.82,14.23,2,0,0,40.5,40.7,0,1410.6,0.0371
2879.3,47.1,8.8,46.9,44.3,37.5,85.5,0.786,3.2,2.95,14.18,3,0,0,47.1,46.9,0,1072.5,0.08
2523.7,18.3,20.0,40.5,40.1,36.4,112.5,0.761,5.24,4.82,13.85,1,0,0,18.3,18.5,1,52.3,0.8853
3412.8,86.5,28.8,59.9,59.7,28.8,87.1,0.866,4.72,2.01,14.13,5,0,0,86.5,87.3,0,1456.6,0.0623
2031.9,22.2,20.8,41.7,42.8,30.1,91.9,0.79,2.07,1.08,14.25,2,0,0,22.2,22.6,0,1037.9,0.0192
2710.1,33.0,10.2,45.1,46.4,39.1,89.4,0.304,0.61,1.25,14.1,2,0,0,33.0,32.5,0,851.1,0.0631
1079.4,0.0,2.2,26.9,29.8,42.6,114.1,0.784,7.62,4.9,13.71,0,0,0,0.0,0.0,1,40.3,0.9525
1066.0,0.0,2.0,31.4,32.2,29.9,82.3,0.791,-1.64,0.61,14.06,0,0,0,0.0,0.0,0,1156.1,0.0179
3022.6,78.8,26.2,59.3,57.9,34.7,109.2,0.847,5.77,5.2,13.9,5,0,0,78.8,77.4,1,53.1,0.8662
999.0,0.0,2.5,36.1,34.2,39.0,83.4,0.701,3.15,2.05,13.96,0,0,0,0.0,0.0,0,1146.0,0.0551
3536.5,93.2,19.1,70.6,73.0,35.9,82.1,0.504,-0.48,2.01,10.47,5,0,0,93.2,92.4,3,39.9,0.8843
3226.0,68.8,14.5,61.6,60.7,39.7,91.0,0.868,1.38,-0.02,14.09,4,0,0,68.8,68.2,0,1127.4,0.0311
2006.3,27.9,21.9,50.5,47.7,32.8,87.9,0.192,0.13,0.22,14.15,2,0,0,27.9,28.0,0,1079.8,0.0177
4150.2,68.0,58.6,84.0,84.5,31.7,89.0,0.259,-0.34,0.96,14.27,3,0,0,68.0,67.1,0,1389.6,0.0379
3437.2,91.9,16.1,58.4,59.9,31.7,85.0,0.268,0.56,0.13,10.1,5,0,0,91.9,92.1,3,30.9,0.9492
4243.3,70.3,56.4,87.1,98.0,34.9,98.5,0.193,22.13,12.3,14.19,3,0,0,70.3,69.3,2,97.5,0.9032
1467.6,23.8,13.8,52.9,51.9,31.5,85.2,0.819,0.48,0.9,14.11,3,0,0,23.8,23.6,0,1496.4,0.011
3024.7,66.1,29.6,59.8,58.4,39.9,109.2,0.877,7.71,4.57,14.14,4,0,0,66.1,65.5,1,16.5,0.815
1013.4,0.0,2.2,32.5,59.8,30.4,87.2,0.087,19.27,13.85,14.01,0,0,0,0.0,0.0,2,79.9,0.7152
2558.3,20.1,17.0,44.6,44.8,27.9,92.4,0.227,0.91,1.8,14.18,1,0,0,20.1,19.9,0,1437.5,0.0654
1670.4,15.1,9.4,48.6,48.5,31.7,89.0,0.265,2.07,1.09,14.23,1,0,0,15.1,15.0,0,905.7,0.0533
2646.2,70.0,15.4,55.8,55.1,37.4,88.5,0.811,-2.66,0.49,14.06,5,0,0,70.0,68.7,0,1064.9,0.0127
2555.6,30.5,17.6,48.6,49.5,32.7,85.4,0.82,-0.41,2.94,14.17,2,0,0,30.5,30.9,0,1437.5,0.0125
2199.7,41.7,18.9,46.6,67.8,30.7,93.2,0.134,17.42,13.15,14.15,3,0,0,41.7,42.5,2,109.4,0.669
3236.7,83.7,32.1,57.0,57.1,35.0,86.8,0.239,1.41,1.07,11.1,5,0,0,83.7,84.5,3,40.8,0.9896
3138.4,79.9,28.9,63.7,61.1,47.7,118.8,0.786,3.44,2.27,13.87,5,0,0,79.9,80.8,1,59.3,0.935
1074.8,0.0,1.9,29.8,31.8,27.7,84.4,0.327,1.26,0.49,14.08,0,0,1,0.0,0.0,0,721.8,0.0487
2447.7,29.7,9.2,51.2,53.3,30.5,92.4,0.342,2.06,0.77,14.19,2,0,0,29.7,29.4,0,920.7,0.0345
2269.2,26.8,6.3,56.5,55.6,40.7,123.4,0.684,8.52,4.79,13.35,2,0,0,26.8,26.9,1,9.7,0.7567
1017.6,0.0,1.9,34.2,57.3,27.3,96.2,0.111,18.0,16.65,13.95,0,0,0,0.0,0.0,2,67.4,0.854
2335.3,41.7,9.4,39.8,60.2,39.1,98.9,0.134,25.59,13.29,14.04,3,0,0,41.7,41.1,2,117.2,0.708
3428.4,70.1,14.4,61.2,96.5,31.9,98.4,0.153,22.9,14.83,14.01,4,0,0,70.1,69.6,2,93.5,0.7284
2865.1,34.7,10.0,47.5,50.2,44.5,111.2,0.743,4.55,4.07,13.82,2,0,0,34.7,34.9,1,51.3,0.8055
2867.0,57.2,14.6,67.4,63.7,35.1,87.0,0.297,0.14,0.59,14.19,4,0,0,57.2,57.2,0,1148.7,0.0257
2374.5,18.9,21.6,52.0,52.7,33.8,91.2,0.299,1.08,1.89,14.27,1,0,0,18.9,18.5,0,774.1,0.0599
3688.9,81.0,21.4,62.3,79.7,31.0,87.1,0.097,18.07,13.51,14.1,4,0,0,81.0,80.9,2,76.2,0.767
2713.1,22.5,13.8,36.8,39.3,50.8,128.5,0.853,9.19,4.69,13.73,1,0,0,22.5,22.1,1,65.9,0.9422
4265.3,51.0,79.3,73.1,76.5,29.7,91.0,0.784,-2.35,3.67,14.33,2,0,0,51.0,51.1,0,1263.8,0.0325
2891.8,75.7,17.1,54.6,55.3,33.0,87.2,0.267,4.63,0.99,14.31,5,0,0,75.7,75.1,0,1353.7,0.0741
1046.7,0.0,2.4,33.1,32.0,44.8,119.8,0.775,6.74,4.74,13.61,0,0,0,0.0,0.0,1,32.0,0.7663
2723.6,46.6,15.1,52.2,49.7,29.0,94.5,0.834,1.05,0.93,14.24,3,0,0,46.6,45.8,0,999.3,0.0228
3335.6,69.0,23.0,63.5,63.6,31.6,78.0,0.807,1.93,1.59,14.09,4,0,0,69.0,69.8,0,1223.0,0.0407
1051.3,0.0,2.2,33.1,33.5,34.3,88.3,0.71,-0.37,0.77,14.02,0,0,1,0.0,0.0,0,1410.6,0.0667
1073.8,0.0,1.9,35.2,34.0,43.9,120.5,0.755,11.52,4.76,13.94,0,0,1,0.0,0.0,1,59.7,0.9102
3384.0,73.1,26.2,64.9,60.1,38.9,120.3,0.885,5.47,4.67,13.83,4,0,0,73.1,74.1,1,8.8,0.7614
2652.9,34.8,9.0,45.8,47.0,31.1,84.1,0.864,2.88,1.63,14.16,2,0,0,34.8,34.2,0,1121.4,0.0749
1048.0,0.0,1.8,31.8,32.7,43.9,116.2,0.759,10.57,4.54,14.13,0,0,0,0.0,0.0,1,48.9,0.7739
3555.6,93.0,34.4,70.3,72.0,34.8,90.7,0.349,3.28,1.55,14.08,5,0,0,93.0,93.5,0,1064.1,0.0343
2275.5,28.0,18.9,40.3,40.6,27.3,92.3,0.781,1.44,1.32,14.14,2,0,0,28.0,27.6,0,997.3,0.0237
3301.9,84.1,30.2,65.8,65.0,47.6,118.6,0.753,1.53,3.67,13.86,5,0,0,84.1,82.5,1,12.9,0.8173
3464.7,90.4,18.6,59.3,56.6,44.5,113.2,0.837,5.89,1.57,13.75,5,0,0,90.4,89.9,1,39.4,0.9325
2203.8,35.6,18.1,45.9,71.5,38.2,96.4,0.191,19.37,16.85,13.9,3,0,0,35.6,35.5,2,69.6,0.7439
3376.2,89.5,25.0,67.6,69.7,39.0,118.6,0.696,6.57,5.15,13.52,5,0,0,89.5,88.9,1,27.1,0.82
3606.0,77.7,16.7,70.8,71.9,34.6,82.7,0.812,6.73,1.39,14.2,4,0,0,77.7,76.7,0,1181.1,0.0343
3196.6,68.8,23.0,70.2,68.8,31.8,85.2,0.202,-1.06,1.32,14.12,4,0,0,68.8,68.7,0,1085.6,0.013
4518.3,53.2,66.6,87.7,89.2,31.4,97.9,0.311,1.27,1.33,13.99,2,0,0,53.2,53.2,0,1471.4,0.0505
2659.0,46.5,9.5,47.9,46.2,27.2,87.4,0.847,0.13,1.17,14.13,3,0,0,46.5,47.0,0,795.9,0.0715
1090.1,0.0,2.0,36.6,38.1,30.1,89.9,0.837,2.08,2.0,14.16,0,0,0,0.0,0.0,0,1094.0,0.0548
2551.2,59.4,14.5,57.0,60.6,31.3,85.4,0.285,-4.12,0.93,10.45,4,0,0,59.4,59.7,3,39.9,0.8397
3494.6,73.4,25.7,59.9,60.1,28.4,84.0,0.188,3.44,2.08,14.16,4,0,0,73.4,74.4,0,1463.4,0.036
1233.2,0.0,2.0,31.3,60.2,29.8,103.3,0.132,24.04,14.03,13.64,0,0,0,0.0,0.0,2,25.6,0.7603
1968.9,22.4,8.1,45.2,44.7,44.8,109.6,0.78,5.63,4.3,14.07,2,0,0,22.4,22.8,1,70.4,0.9438
2550.9,20.8,7.0,45.1,66.5,29.0,95.6,0.119,18.92,12.06,13.97,1,0,0,20.8,20.5,2,119.1,0.7159
3742.0,98.8,26.8,69.3,69.4,30.9,87.1,0.772,1.49,1.99,13.97,5,0,0,98.8,98.4,0,1129.8,0.0761
4441.6,91.1,69.7,86.0,82.9,35.1,86.9,0.257,0.33,3.6,14.35,4,0,0,91.1,90.0,0,1203.7,0.0572
1696.3,28.7,21.4,45.5,44.5,36.2,91.4,0.728,2.29,-1.51,14.12,3,0,0,28.7,28.7,0,1302.6,0.0253
2882.8,77.8,31.3,61.5,61.5,37.4,89.4,0.25,1.52,3.07,14.08,5,0,0,77.8,78.6,0,1047.7,0.0392
2641.5,21.5,15.3,40.6,43.9,38.8,123.7,0.699,9.79,5.01,14.08,1,0,0,21.5,21.6,1,41.8,0.884
2762.6,33.3,8.0,54.1,54.6,37.0,84.5,0.763,1.46,0.45,14.11,2,0,0,33.3,33.7,0,1407.0,0.024
2053.6,16.0,21.1,53.5,54.3,30.3,90.3,0.193,0.82,0.79,14.16,1,0,0,16.0,16.0,0,828.1,0.0105
1071.8,0.0,2.1,36.1,35.5,38.1,107.7,0.68,3.57,5.83,13.73,0,0,0,0.0,0.0,1,57.3,0.8431
4351.6,69.1,63.0,82.8,83.1,39.1,84.4,0.192,1.52,3.82,14.16,3,0,0,69.1,69.7,0,1430.1,0.0683
5557.4,118.9,72.6,74.3,77.7,30.5,81.9,0.537,0.85,0.68,11.06,4,0,0,118.9,120.4,3,17.6,0.8252
991.4,0.0,2.5,36.2,36.2,34.9,83.3,0.621,1.8,2.05,10.81,0,0,0,0.0,0.0,3,35.0,0.9385
2043.3,36.4,11.8,40.7,45.5,37.3,96.0,0.358,2.4,0.89,10.75,3,0,0,36.4,36.5,3,40.4,0.9065
1963.4,31.9,15.1,48.7,49.3,31.4,89.3,0.829,1.63,2.14,14.17,3,0,0,31.9,31.5,0,862.5,0.0147
2441.8,41.2,19.6,57.3,59.3,41.7,90.7,0.7,1.01,1.56,14.14,3,0,0,41.2,40.7,0,917.1,0.0552
3333.4,87.4,33.0,58.7,57.5,39.7,84.1,0.531,0.89,0.46,10.48,5,0,0,87.4,85.9,3,29.8,0.9025
1048.7,0.0,2.4,35.0,32.8,37.5,81.4,0.831,2.61,1.06,14.02,0,0,0,0.0,0.0,0,1445.4,0.0466
1090.4,0.0,2.1,30.8,31.5,31.2,85.5,0.371,1.54,0.17,10.88,0,0,0,0.0,0.0,3,22.7,0.876
2217.6,28.2,16.7,48.2,47.8,31.7,92.2,0.572,-2.38,1.62,10.35,2,0,0,28.2,27.9,3,41.0,0.8016
1449.6,0.0,2.2,32.9,59.3,37.6,91.6,0.179,16.59,13.02,13.72,0,0,0,0.0,0.0,2,118.5,0.896
1069.8,0.0,2.3,31.3,32.6,35.4,90.1,0.199,3.28,2.13,14.19,0,0,1,0.0,0.0,0,998.8,0.062
2854.6,33.0,21.5,43.5,41.1,33.3,87.8,0.854,0.2,0.97,14.31,2,0,0,33.0,33.3,0,835.4,0.0176
2677.3,19.4,14.4,47.6,75.7,30.7,94.0,0.082,20.85,8.58,13.96,1,0,0,19.4,19.2,2,27.3,0.7267
4578.3,60.5,64.4,76.7,79.3,31.1,87.0,0.839,-1.99,1.26,14.03,2,0,0,60.5,61.4,0,1447.4,0.0304
3119.5,67.3,20.1,61.0,58.9,30.5,89.4,0.334,1.68,1.89,14.15,4,0,0,67.3,66.5,0,1363.9,0.0725
1071.0,0.0,2.1,33.2,36.9,34.4,82.1,0.732,5.68,1.91,14.01,0,0,0,0.0,0.0,0,821.5,0.0329
3034.4,80.2,33.7,66.8,62.5,31.2,87.0,0.237,-0.76,0.73,10.97,5,0,0,80.2,81.6,3,20.8,0.8752
1064.0,0.0,1.9,36.1,37.2,48.0,111.6,0.785,4.08,2.07,13.89,0,0,0,0.0,0.0,1,34.9,0.8353
2644.4,31.1,20.3,45.6,45.3,30.8,87.7,0.807,2.26,1.09,14.26,2,0,0,31.1,31.2,0,1223.1,0.0153
1041.6,0.0,2.0,38.2,35.2,38.5,85.4,0.714,2.32,3.13,14.11,0,0,0,0.0,0.0,0,968.6,0.0547
2923.4,59.8,23.1,59.7,60.1,42.0,115.7,0.763,7.67,4.31,13.9,4,0,0,59.8,61.0,1,17.2,0.8811
1056.0,0.0,2.2,41.4,39.8,32.8,92.5,0.307,2.81,0.26,10.38,0,0,0,0.0,0.0,3,23.4,0.9502
2811.1,34.1,12.8,55.4,54.6,37.4,91.0,0.687,2.07,1.93,14.25,2,0,0,34.1,33.8,0,819.7,0.0678
2800.0,48.5,14.5,53.1,52.7,36.6,87.3,0.737,3.06,0.78,14.05,3,0,0,48.5,47.5,0,739.9,0.0489
2093.9,16.8,12.4,48.3,70.1,27.9,94.9,0.119,16.8,15.29,13.66,1,0,0,16.8,17.0,2,74.3,0.9084
3367.0,94.1,28.6,62.7,63.2,37.9,112.6,0.842,6.05,4.28,13.95,5,0,0,94.1,95.2,1,33.3,0.9382
2089.2,34.6,18.7,50.4,49.7,42.2,126.7,0.747,6.67,4.97,13.82,3,0,0,34.6,34.1,1,14.0,0.813
1036.6,0.0,2.2,35.1,31.5,38.9,117.8,0.765,9.15,5.65,13.73,0,0,1,0.0,0.0,1,49.6,0.8223
1073.5,0.0,2.1,35.2,34.5,28.9,82.2,0.701,2.43,1.76,14.03,0,0,0,0.0,0.0,0,769.2,0.014
2242.9,15.9,21.8,54.2,54.0,34.3,90.3,0.697,3.18,2.75,14.5,1,0,0,15.9,15.7,0,1065.1,0.0244
4189.5,57.4,71.4,80.3,98.0,29.6,99.9,0.086,23.05,15.64,13.74,2,0,0,57.4,57.2,2,96.7,0.9035
3735.1,85.1,18.3,58.7,81.2,34.4,94.9,0.184,18.53,14.31,13.83,5,0,0,85.1,85.0,2,116.0,0.677
3190.0,34.9,68.5,80.7,98.0,25.9,94.6,0.094,15.91,13.59,14.1,2,0,0,34.9,34.3,2,66.2,0.8671
3509.5,74.7,27.4,60.9,59.0,28.1,90.8,0.428,1.06,1.58,9.53,4,0,0,74.7,76.0,3,25.8,0.852
2875.6,71.0,29.1,67.7,67.7,31.6,83.1,0.807,1.71,1.17,14.22,5,0,0,71.0,70.8,0,1302.0,0.0422
4208.3,88.8,76.9,75.5,77.0,36.8,90.7,0.759,0.42,2.18,14.12,4,0,0,88.8,89.6,0,933.6,0.0518
4008.5,109.6,17.0,59.8,82.2,30.1,95.5,0.18,26.99,11.85,13.74,5,0,0,109.6,110.1,2,118.6,0.7753
2746.6,31.0,14.8,45.7,43.8,35.1,124.8,0.775,11.13,3.67,13.86,2,0,0,31.0,31.5,1,54.7,0.7375
1048.4,0.0,1.8,37.7,35.1,39.4,116.4,0.827,6.83,4.24,13.94,0,0,0,0.0,0.0,1,23.6,0.9314
2175.9,15.5,12.5,42.1,69.5,38.2,84.6,0.163,17.68,14.16,14.03,1,0,0,15.5,15.6,2,38.0,0.7958
3157.2,86.3,18.7,66.7,95.1,34.1,98.4,0.183,17.39,18.08,14.19,5,0,0,86.3,87.0,2,108.4,0.83
3566.4,94.3,15.8,57.2,58.7,39.8,87.0,0.267,2.33,0.29,14.02,5,0,0,94.3,94.1,0,1013.6,0.0552
2963.6,36.4,21.3,45.8,46.8,30.8,86.5,0.706,1.05,2.2,14.11,2,0,0,36.4,35.9,0,1195.3,0.0675
3500.9,75.6,27.9,51.7,53.4,36.2,93.2,0.242,1.43,1.86,14.19,4,0,0,75.6,75.0,0,766.9,0.0291
1668.0,13.4,17.7,44.8,45.4,35.1,91.1,0.858,2.02,2.06,14.15,1,0,0,13.4,13.3,0,1070.1,0.0523
2164.1,23.8,12.6,38.3,37.3,30.8,87.4,0.196,0.05,-0.15,14.0,2,0,0,23.8,23.8,0,728.1,0.0556
4137.6,47.3,40.4,80.9,82.0,31.3,85.3,0.782,2.78,0.64,14.31,2,0,0,47.3,47.2,0,1149.7,0.0515
1090.0,0.0,2.2,30.9,31.5,35.4,89.5,0.691,-0.37,0.57,14.05,0,0,1,0.0,0.0,0,863.5,0.0272
3837.7,101.5,19.5,63.5,62.8,35.8,88.8,0.206,1.41,1.47,14.15,5,0,0,101.5,100.0,0,1095.0,0.02
4835.4,55.3,65.5,90.7,88.2,30.0,86.8,0.685,0.91,1.16,14.11,2,0,0,55.3,54.4,0,1317.6,0.0764
3155.3,83.1,24.2,62.6,59.7,30.1,88.9,0.814,-0.61,1.9,14.04,5,0,0,83.1,83.4,0,1180.0,0.0266
1068.8,0.0,2.0,33.9,33.6,30.5,84.4,0.728,1.19,2.28,13.89,0,0,0,0.0,0.0,0,1484.0,0.0324
2439.6,29.4,21.4,51.8,80.1,33.7,95.6,0.196,20.35,13.03,13.92,2,0,0,29.4,29.2,2,26.1,0.791
1826.6,24.8,21.8,49.1,49.3,26.0,87.5,0.821,0.35,1.52,14.32,2,0,0,24.8,25.3,0,904.6,0.0273
2856.1,73.3,34.4,58.6,61.0,28.8,88.8,0.304,3.11,0.64,14.17,5,0,0,73.3,74.3,0,1199.8,0.063
2322.8,38.1,13.0,47.5,47.7,37.8,86.3,0.344,2.12,1.42,14.13,3,0,0,38.1,38.2,0,1405.7,0.0346
2004.6,15.7,8.3,50.6,73.5,35.6,93.4,0.099,19.93,16.17,14.27,1,0,0,15.7,15.7,2,48.8,0.6911
2857.2,21.9,16.6,50.5,49.1,33.1,91.2,0.291,2.61,2.93,14.13,1,0,0,21.9,22.2,0,937.7,0.0264
1053.2,0.0,2.2,29.6,28.1,43.7,114.9,0.877,7.9,4.11,13.32,0,0,1,0.0,0.0,1,50.9,0.9467
1026.0,0.0,2.3,35.5,33.9,31.5,85.2,0.231,1.87,1.83,14.02,0,0,0,0.0,0.0,0,745.0,0.0403
2655.0,33.8,8.6,39.7,40.4,32.6,81.5,0.845,2.34,0.81,14.06,2,0,0,33.8,33.9,0,1160.3,0.0416
1040.0,0.0,2.3,34.9,35.5,27.1,88.0,0.691,4.79,2.95,14.08,0,0,0,0.0,0.0,0,1167.0,0.0709
3017.4,21.0,9.7,46.2,49.4,27.2,89.0,0.705,1.96,1.12,14.19,1,0,0,21.0,21.0,0,987.7,0.0327
4887.7,59.8,80.6,79.6,76.1,36.4,124.4,0.7,6.64,2.09,14.02,2,0,0,59.8,59.5,1,44.4,0.8257
2210.3,29.1,7.6,46.1,48.6,45.3,118.0,0.82,7.74,4.66,13.63,2,0,0,29.1,29.2,1,57.2,0.9427
1054.1,0.0,1.9,32.2,30.3,34.9,85.0,0.29,0.68,2.57,10.42,0,0,0,0.0,0.0,3,4.7,0.8609
3336.3,75.4,20.8,63.5,63.4,36.9,94.3,0.28,0.04,0.24,14.02,4,0,0,75.4,75.2,0,790.3,0.0578
3287.3,70.0,14.9,50.9,52.1,36.6,84.9,0.256,1.77,1.56,14.19,4,0,0,70.0,70.7,0,849.5,0.0546
1601.0,27.3,11.5,53.2,80.0,38.3,95.2,0.062,12.03,11.95,13.95,3,0,0,27.3,27.4,2,118.3,0.6657
3747.9,98.5,19.5,59.9,60.3,31.8,83.6,0.309,2.98,0.98,14.14,5,0,0,98.5,98.0,0,1456.1,0.0244
1053.5,0.0,2.1,31.6,33.7,27.5,90.3,0.289,2.06,0.23,14.08,0,0,0,0.0,0.0,0,901.1,0.0317
2442.2,41.2,6.7,31.9,32.5,28.6,92.8,0.221,3.34,1.4,14.22,3,0,0,41.2,40.8,0,821.3,0.0272
2173.2,26.1,16.4,58.2,56.9,32.7,85.4,0.693,1.56,1.27,14.2,2,0,0,26.1,26.3,0,1177.6,0.0304
3071.7,84.0,28.8,53.8,56.7,35.8,85.1,0.247,1.96,0.35,11.1,5,0,0,84.0,84.9,3,10.5,0.8041
3687.7,64.4,73.9,85.0,98.0,27.6,93.9,0.086,16.82,15.06,14.1,3,0,0,64.4,65.2,2,48.5,0.7521
1030.0,0.0,2.2,25.5,29.5,36.8,110.3,0.897,7.53,4.63,13.78,0,0,0,0.0,0.0,1,29.2,0.7433
1066.2,0.0,2.0,30.6,33.1,29.9,90.8,0.24,0.81,0.45,14.06,0,0,0,0.0,0.0,0,1160.6,0.025
1774.9,12.1,15.3,44.2,46.1,31.8,89.7,0.337,1.66,3.67,14.29,1,0,0,12.1,12.0,0,1300.1,0.0542
3029.4,35.9,15.8,46.3,42.1,30.7,90.2,0.691,2.18,1.51,14.03,2,0,0,35.9,36.5,0,804.0,0.0586
1015.1,0.0,2.4,35.1,34.1,35.8,84.3,0.711,1.09,1.05,14.2,0,0,0,0.0,0.0,0,1134.4,0.0567
3252.3,71.7,19.7,60.4,61.4,31.5,85.2,0.716,4.71,1.14,14.17,4,0,0,71.7,70.4,0,932.8,0.014
1013.7,0.0,2.2,31.4,32.5,36.9,115.6,0.738,9.98,2.13,13.95,0,0,0,0.0,0.0,1,22.3,0.8572
1978.6,15.9,11.6,45.5,43.7,43.0,117.9,0.74,3.71,3.67,14.12,1,0,0,15.9,16.1,1,17.6,0.915
5247.3,62.1,61.4,91.1,90.1,35.2,86.1,0.801,0.72,1.54,14.49,2,0,0,62.1,61.4,0,1152.2,0.0104
3537.0,90.9,18.8,64.7,64.2,26.7,88.6,0.355,3.05,-0.58,10.03,5,0,0,90.9,89.2,3,29.3,0.8649
4681.1,75.2,43.8,77.9,80.0,42.1,122.6,0.846,13.18,2.84,14.08,3,0,0,75.2,75.7,1,19.7,0.9078
1044.3,0.0,2.4,39.0,37.9,37.3,84.9,0.779,5.46,0.83,14.14,0,0,0,0.0,0.0,0,1441.4,0.0419
2356.6,20.5,16.0,50.9,50.8,40.4,123.2,0.73,9.01,4.36,13.54,1,0,0,20.5,20.2,1,20.3,0.9067
2886.4,47.9,9.2,47.2,46.6,36.3,85.6,0.221,-0.23,1.44,14.35,3,0,0,47.9,48.0,0,1419.5,0.0463
1053.3,0.0,2.2,34.4,36.0,29.1,89.3,0.334,3.1,-0.23,14.12,0,0,0,0.0,0.0,0,1470.9,0.038
2852.7,34.5,8.6,45.4,41.4,35.0,88.5,0.699,1.66,0.87,14.12,2,0,0,34.5,34.5,0,736.5,0.0732
3575.1,94.3,32.5,60.7,89.3,35.2,93.0,0.1,22.19,13.61,13.96,5,0,0,94.3,94.4,2,101.7,0.7057
1029.3,0.0,2.2,34.3,34.1,28.7,83.6,0.323,1.2,1.56,14.09,0,0,0,0.0,0.0,0,774.9,0.0242
1032.4,0.0,2.3,33.6,33.5,34.5,88.5,0.771,1.67,1.64,14.01,0,0,0,0.0,0.0,0,1056.8,0.0318
2124.7,27.3,19.0,44.6,42.2,33.0,88.2,0.767,3.56,0.89,14.18,2,0,0,27.3,27.6,0,1450.7,0.0791
2376.7,28.8,19.9,54.4,53.5,33.1,89.3,0.279,-0.46,2.47,14.22,2,0,0,28.8,28.4,0,1390.1,0.03
2310.2,28.2,21.5,45.4,75.8,32.2,82.2,0.173,17.04,14.59,13.77,2,0,0,28.2,28.1,2,93.4,0.8463
1045.5,0.0,2.4,32.0,33.8,43.8,113.5,0.712,7.06,2.5,13.96,0,0,0,0.0,0.0,1,42.5,0.895
2149.0,17.1,7.9,46.8,46.7,31.0,87.9,0.335,2.42,1.16,14.09,1,0,0,17.1,17.1,0,1258.5,0.0509
1023.5,0.0,2.2,35.2,35.0,30.8,86.0,0.264,0.32,1.04,14.05,0,0,0,0.0,0.0,0,779.6,0.0559
4289.7,109.8,15.5,56.6,57.1,30.2,85.3,0.812,2.38,-0.06,14.32,5,0,0,109.8,107.6,0,1172.8,0.0343
3197.7,82.3,31.2,66.2,66.6,29.8,88.0,0.752,2.44,2.67,14.28,5,0,0,82.3,81.7,0,1287.2,0.03
2412.9,65.1,20.8,61.7,59.8,33.5,86.5,0.701,3.71,1.45,14.19,5,0,0,65.1,65.8,0,1004.3,0.0229
3057.3,63.1,15.9,58.6,57.8,30.3,88.3,0.184,2.92,-0.76,14.1,4,0,0,63.1,62.4,0,1275.8,0.0154
2238.2,38.4,18.0,60.1,55.9,35.3,91.5,0.727,2.88,0.04,13.92,3,0,0,38.4,39.1,0,1049.8,0.0146
3271.6,85.9,28.0,63.2,62.1,45.4,117.4,0.775,2.93,6.61,13.77,5,0,0,85.9,84.3,1,50.3,0.7531
1496.9,17.8,6.6,46.3,42.9,34.4,118.2,0.65,6.28,3.09,13.92,2,0,0,17.8,17.6,1,22.9,0.9586
3471.8,72.7,20.9,67.4,67.7,36.0,83.7,0.69,1.01,1.63,14.19,4,0,0,72.7,74.1,0,1276.8,0.059
3048.1,79.4,18.9,57.8,64.0,35.2,89.4,0.846,0.83,2.39,14.09,5,0,0,79.4,78.3,0,1472.0,0.0539
3011.5,36.0,18.4,35.5,34.7,39.7,124.4,0.743,4.99,5.76,14.04,2,0,0,36.0,36.2,1,40.1,0.7673
1986.5,22.3,13.6,43.8,44.3,28.7,84.7,0.287,1.03,1.14,14.36,2,0,0,22.3,22.6,0,1074.5,0.0618
1278.4,0.0,2.3,31.4,52.9,38.9,98.9,0.139,22.31,14.14,14.01,0,0,0,0.0,0.0,2,72.6,0.6746
3884.6,101.2,18.5,62.1,66.0,41.8,117.8,0.652,13.71,4.16,13.97,5,0,0,101.2,101.6,1,72.7,0.7634
2695.4,31.5,18.5,54.4,51.6,32.6,85.8,0.252,3.91,1.85,13.94,2,0,0,31.5,31.6,0,1169.4,0.069
1033.3,0.0,2.5,38.1,36.4,31.2,85.2,0.772,1.0,1.42,13.91,0,0,0,0.0,0.0,0,1275.0,0.0483
2555.1,32.5,20.0,45.3,46.1,46.0,123.8,0.65,8.65,3.38,13.98,2,0,0,32.5,32.5,1,47.9,0.9065
3703.1,96.7,26.8,61.1,60.9,31.5,92.9,0.226,1.83,0.14,14.19,5,0,0,96.7,97.5,0,852.3,0.0344
1028.9,0.0,2.0,39.6,37.8,30.5,88.1,0.264,4.28,0.76,13.89,0,0,0,0.0,0.0,0,1324.8,0.0604
2772.7,24.6,18.9,39.1,39.1,28.2,87.0,0.683,2.1,0.63,10.07,1,0,0,24.6,24.1,3,12.4,0.8617
2390.9,40.7,11.7,49.3,51.2,35.8,85.3,0.286,2.87,-0.26,14.15,3,0,0,40.7,40.4,0,851.9,0.0605
1035.8,0.0,2.1,31.3,33.5,34.0,87.2,0.272,-0.26,1.47,14.08,0,0,0,0.0,0.0,0,1237.4,0.0304
1449.0,12.4,9.7,51.4,46.9,38.2,119.0,0.894,6.1,2.94,13.81,1,0,0,12.4,12.6,1,17.9,0.7263
4152.3,85.5,67.0,71.0,66.9,30.3,88.2,0.219,2.91,2.01,14.19,4,0,0,85.5,85.3,0,1324.7,0.058
3738.4,95.6,33.7,61.9,66.4,29.5,88.1,0.235,0.53,2.67,14.3,5,0,0,95.6,95.2,0,960.5,0.0433
1070.5,0.0,2.3,35.1,33.3,30.5,87.6,0.634,-0.6,1.66,10.41,0,0,0,0.0,0.0,3,25.6,0.9616
1052.8,0.0,2.1,31.2,29.7,36.3,85.9,0.864,0.6,0.76,14.17,0,0,0,0.0,0.0,0,1122.4,0.0437
3648.0,56.9,51.8,82.3,86.5,30.0,91.7,0.548,-0.68,1.07,10.44,3,0,0,56.9,57.4,3,36.5,0.8361
3004.6,67.5,27.3,66.2,62.3,38.5,86.8,0.323,0.86,1.36,10.15,4,0,0,67.5,67.4,3,27.9,0.8169
1034.6,0.0,2.1,26.6,31.3,34.7,87.4,0.187,1.37,1.48,14.06,0,0,0,0.0,0.0,0,1212.8,0.0532
3482.8,91.7,27.9,63.2,62.8,28.1,87.6,0.754,0.34,1.51,14.36,5,0,0,91.7,93.0,0,1286.2,0.0531
3792.4,98.8,26.5,65.5,64.8,28.6,89.2,0.709,2.59,0.82,14.07,5,0,0,98.8,98.5,0,1080.1,0.0395
2966.7,51.4,11.9,38.9,42.8,27.4,88.3,0.274,1.2,-0.83,13.98,3,0,0,51.4,51.3,0,1055.9,0.0218
998.1,0.0,2.1,34.0,33.1,34.4,84.9,0.689,0.79,0.73,14.02,0,0,0,0.0,0.0,0,978.1,0.0796
1056.1,0.0,2.3,25.6,26.6,39.8,116.1,0.655,4.79,7.28,13.96,0,0,1,0.0,0.0,1,55.7,0.891
1067.0,0.0,2.2,30.5,34.1,35.7,84.3,0.711,2.34,1.83,14.06,0,0,0,0.0,0.0,0,846.2,0.0186
2209.4,39.6,21.2,49.5,49.4,27.4,83.8,0.869,1.3,0.61,14.2,3,0,0,39.6,39.3,0,1392.0,0.0475
2452.7,28.5,9.9,51.8,82.7,30.6,94.8,0.131,19.88,13.55,13.88,2,0,0,28.5,28.4,2,79.9,0.6987
1978.6,23.2,13.2,40.4,40.5,37.3,91.2,0.225,2.48,1.17,14.13,2,0,0,23.2,23.7,0,916.1,0.048
2630.7,33.9,11.9,42.2,67.5,36.2,95.3,0.193,19.36,17.04,13.9,2,0,0,33.9,33.5,2,63.9,0.816
1921.8,25.1,14.5,52.7,52.6,33.1,88.4,0.851,2.63,2.14,14.21,2,0,0,25.1,25.3,0,1073.7,0.0374
1103.8,0.0,2.0,29.7,31.5,37.6,84.1,0.722,1.72,1.96,14.13,0,0,0,0.0,0.0,0,1426.5,0.067
2606.8,20.5,13.2,51.0,54.5,39.4,119.2,0.876,12.45,3.37,13.95,1,0,0,20.5,20.4,1,71.8,0.8077
3668.1,61.2,49.2,82.2,81.7,43.2,108.9,0.807,7.83,3.35,13.91,3,0,0,61.2,62.0,1,23.3,0.8324
850.0,0.0,2.1,34.7,64.3,39.0,96.1,0.136,21.87,14.68,14.26,0,0,0,0.0,0.0,2,87.5,0.7568
1015.8,0.0,1.9,37.2,35.7,39.4,113.6,0.672,5.1,3.16,14.07,0,0,0,0.0,0.0,1,49.3,0.7816
2924.7,39.3,20.3,50.0,68.0,39.1,95.4,0.186,15.87,10.69,13.81,2,0,0,39.3,39.6,2,23.6,0.7244
1050.9,0.0,1.8,36.1,35.0,33.0,83.0,0.203,0.14,1.08,14.06,0,0,0,0.0,0.0,0,1113.7,0.05
1882.0,33.2,20.1,57.3,54.9,37.7,94.7,0.761,-0.58,0.8,14.3,3,0,0,33.2,33.5,0,1220.1,0.0499
4236.9,47.3,54.3,62.2,94.1,31.2,92.7,0.118,17.17,12.09,14.03,2,0,0,47.3,46.5,2,95.2,0.6989
3487.0,69.8,24.4,59.0,86.9,27.1,99.7,0.191,16.28,15.74,13.83,4,0,0,69.8,69.8,2,81.0,0.8106
2513.8,41.0,11.4,45.4,47.5,26.5,94.0,0.212,0.81,4.4,10.79,3,0,0,41.0,41.8,3,14.4,0.859
1065.7,0.0,2.0,35.6,35.2,30.2,90.5,0.733,3.0,2.7,14.14,0,0,1,0.0,0.0,0,1347.7,0.0765
2756.6,46.1,13.2,56.3,55.4,36.3,89.6,0.813,0.74,1.82,14.37,3,0,0,46.1,45.6,0,810.1,0.0271
5106.4,80.5,73.2,82.0,98.0,30.2,95.4,0.106,18.82,13.95,13.95,3,0,0,80.5,80.2,2,113.5,0.6904
2260.0,36.4,12.2,48.9,54.5,36.1,84.2,0.822,0.09,0.36,14.15,3,0,0,36.4,35.8,0,1003.7,0.0536
1741.5,13.8,6.7,46.0,46.3,29.6,84.4,0.608,1.46,1.62,10.86,1,0,0,13.8,13.9,3,19.0,0.8345
1616.8,26.4,13.9,36.5,64.8,40.3,95.3,0.159,18.71,11.42,13.9,3,0,0,26.4,26.2,2,57.4,0.8448
3314.0,85.8,32.8,52.3,55.9,34.4,91.7,0.313,0.76,2.46,14.26,5,0,0,85.8,87.4,0,1212.7,0.0775
1052.4,0.0,2.1,39.2,65.1,30.5,96.7,0.14,22.45,14.24,13.71,0,0,0,0.0,0.0,2,76.5,0.7685
897.7,0.0,2.1,32.5,59.9,32.6,90.0,0.173,15.57,12.94,13.86,0,0,0,0.0,0.0,2,56.5,0.7079
1067.0,0.0,1.8,30.9,31.7,34.4,84.0,0.816,1.46,0.44,14.01,0,0,0,0.0,0.0,0,1327.7,0.026
1078.5,0.0,2.3,30.8,31.9,33.2,89.5,0.248,-2.36,1.16,10.6,0,0,0,0.0,0.0,3,15.9,0.9253
1041.4,0.0,1.8,36.9,32.9,33.5,88.6,0.74,0.66,0.87,13.92,0,0,1,0.0,0.0,0,1077.5,0.0265
2395.2,39.0,9.5,43.9,74.4,28.2,97.2,0.081,17.07,14.03,13.8,3,0,0,39.0,38.6,2,102.1,0.8058
2496.2,29.1,20.5,51.6,48.9,26.4,88.8,0.194,-1.41,1.87,14.36,2,0,0,29.1,28.9,0,1083.4,0.0301
2216.8,18.3,21.0,46.5,66.5,37.3,90.6,0.066,15.71,11.64,14.14,1,0,0,18.3,18.3,2,70.1,0.7482
3295.9,52.8,49.4,91.7,87.0,32.4,90.0,0.312,2.81,2.44,14.15,3,0,0,52.8,52.2,0,1238.4,0.0405
3298.4,85.3,33.9,56.0,51.8,27.2,87.2,0.802,3.11,1.49,14.13,5,0,0,85.3,85.8,0,967.2,0.0688
2783.2,45.2,9.3,58.8,58.5,35.9,80.2,0.207,2.28,1.35,11.32,3,0,0,45.2,44.6,3,34.2,0.9391
1012.3,0.0,2.2,27.7,30.3,38.2,86.7,0.33,1.86,1.01,14.06,0,0,1,0.0,0.0,0,997.6,0.0158
1041.9,0.0,1.8,31.7,32.8,35.6,88.1,0.861,4.06,1.25,14.09,0,0,0,0.0,0.0,0,999.3,0.0362
1071.5,0.0,2.1,36.0,31.6,39.1,83.6,0.365,0.51,0.48,10.8,0,0,0,0.0,0.0,3,22.1,0.8365
1067.4,0.0,2.4,31.3,32.6,30.8,86.8,0.509,-5.66,1.45,10.46,0,0,0,0.0,0.0,3,9.6,0.8711
1029.0,0.0,2.2,35.8,33.5,33.5,86.4,0.802,3.09,0.21,14.09,0,0,0,0.0,0.0,0,1262.2,0.0796
1040.4,0.0,2.3,30.6,32.0,45.5,115.2,0.7,5.86,3.91,13.94,0,0,0,0.0,0.0,1,62.8,0.8986
1048.7,0.0,2.3,30.8,34.0,29.8,89.5,0.76,1.72,0.58,14.03,0,0,1,0.0,0.0,0,965.4,0.0423
1057.2,0.0,2.2,33.5,33.2,30.6,81.0,0.332,1.02,1.58,14.2,0,0,0,0.0,0.0,0,925.3,0.0321
2160.7,34.6,16.7,49.6,50.5,31.6,88.8,0.791,2.83,1.3,14.2,3,0,0,34.6,34.0,0,1324.2,0.0551
1058.3,0.0,2.3,32.9,35.3,39.0,116.1,0.69,8.55,3.19,14.06,0,0,0,0.0,0.0,1,38.8,0.7525
3369.3,78.6,31.4,61.0,87.0,31.9,92.3,0.169,18.19,12.68,14.0,4,0,0,78.6,79.2,2,25.9,0.6531
3148.5,35.8,7.6,40.6,60.1,30.5,94.2,0.166,22.17,10.96,13.93,2,0,0,35.8,35.4,2,111.3,0.7518
2436.6,27.0,13.8,47.8,75.1,36.8,90.0,0.122,23.15,18.23,14.02,2,0,0,27.0,27.0,2,105.1,0.8669
3408.3,87.5,19.2,58.7,56.2,31.9,90.4,0.282,2.79,2.36,14.2,5,0,0,87.5,87.6,0,1133.5,0.069
2595.5,31.7,8.6,45.1,45.8,27.5,90.3,0.833,-0.09,2.23,14.17,2,0,0,31.7,32.0,0,1338.3,0.0223
1032.6,0.0,2.1,38.7,35.1,34.8,87.1,0.773,2.05,3.09,14.11,0,0,0,0.0,0.0,0,1057.1,0.0575
2192.4,35.5,10.2,46.3,47.0,32.6,83.3,0.836,-0.02,1.23,14.34,3,0,0,35.5,34.9,0,708.2,0.0301
3400.0,91.0,26.9,54.2,54.4,28.1,91.4,0.758,2.43,1.32,14.17,5,0,0,91.0,92.5,0,947.5,0.0493
3324.2,91.8,16.5,60.1,86.6,32.6,100.1,0.056,21.54,15.17,13.85,5,0,0,91.8,93.4,2,99.5,0.8633
1045.3,0.0,2.4,36.4,37.1,36.9,86.9,0.705,1.72,1.48,14.05,0,0,0,0.0,0.0,0,1175.9,0.0644
1093.1,0.0,2.4,35.8,35.8,38.8,87.1,0.223,1.4,2.48,14.16,0,0,1,0.0,0.0,0,996.3,0.0249
1703.4,27.4,20.1,36.0,37.4,33.6,88.0,0.812,2.56,0.47,14.13,3,0,0,27.4,27.5,0,1363.1,0.0714
3335.9,87.5,33.0,63.7,90.5,35.9,98.0,0.145,20.69,14.91,13.75,5,0,0,87.5,86.3,2,58.5,0.8613
2581.2,30.0,6.9,36.1,37.2,48.6,112.6,0.656,7.16,2.95,14.11,2,0,0,30.0,30.5,1,14.0,0.9332
4966.5,60.9,43.8,74.8,73.2,27.2,92.5,0.78,0.56,1.21,13.92,2,0,0,60.9,60.7,0,997.0,0.0569
2170.2,36.9,13.9,57.7,54.0,36.7,85.0,0.818,2.54,0.93,14.28,3,0,0,36.9,36.8,0,1095.9,0.0796
3122.7,65.5,19.3,68.5,68.5,38.8,109.3,0.705,11.91,6.24,13.85,4,0,0,65.5,66.6,1,59.0,0.893
1036.0,0.0,2.1,35.1,33.8,29.3,86.2,0.874,1.5,1.51,14.27,0,0,1,0.0,0.0,0,1168.0,0.0439
3590.2,81.5,32.0,60.0,85.8,28.0,91.1,0.149,18.86,14.23,13.8,4,0,0,81.5,81.5,2,45.7,0.8973
3095.2,35.7,10.0,37.1,37.2,40.8,110.7,0.866,8.98,5.14,13.96,2,0,0,35.7,35.7,1,64.8,0.8138
1047.1,0.0,2.4,33.2,34.3,37.4,85.5,0.348,3.97,2.54,13.97,0,0,0,0.0,0.0,0,783.4,0.0728
2522.1,31.4,9.3,42.5,42.3,38.0,83.7,0.793,0.01,2.77,14.06,2,0,0,31.4,32.0,0,1458.6,0.0641
3960.0,86.7,83.8,88.9,88.8,30.4,85.4,0.313,-0.79,2.05,10.63,4,0,0,86.7,87.2,3,5.2,0.9842
2862.7,30.7,11.8,53.7,54.3,35.3,87.7,0.348,2.66,2.22,14.3,2,0,0,30.7,30.8,0,1363.1,0.0747
3271.1,68.7,30.8,59.8,63.0,28.4,89.8,0.292,3.42,2.79,14.11,4,0,0,68.7,68.3,0,1440.8,0.0452
2356.0,14.8,8.8,56.2,83.6,40.1,94.0,0.152,25.4,15.13,14.04,1,0,0,14.8,14.7,2,109.7,0.6906
2349.6,42.9,20.6,55.9,51.8,33.3,82.4,0.671,2.31,2.17,9.64,3,0,0,42.9,42.0,3,30.4,0.8633
2870.1,32.9,17.4,52.0,47.9,39.5,87.9,0.507,0.22,1.62,10.37,2,0,0,32.9,32.6,3,28.4,0.8418
963.8,0.0,2.5,38.1,58.4,28.8,97.9,0.119,22.76,15.97,14.28,0,0,0,0.0,0.0,2,53.6,0.776
3226.2,88.6,14.4,59.9,54.6,33.3,91.6,0.276,2.93,1.92,14.09,5,0,0,88.6,86.9,0,1133.5,0.0219
3489.4,75.8,23.0,64.4,61.8,30.1,88.2,0.215,-0.69,2.54,13.97,4,0,0,75.8,76.6,0,991.5,0.0695
4760.7,79.1,73.9,82.0,98.0,28.3,92.5,0.147,17.28,15.33,14.02,3,0,0,79.1,78.6,2,71.3,0.8459
1061.0,0.0,2.3,36.1,36.4,33.8,86.3,0.817,1.25,1.94,14.2,0,0,0,0.0,0.0,0,1432.0,0.0717
2182.4,33.9,6.7,53.8,52.2,37.2,87.7,0.251,0.93,1.56,14.11,3,0,0,33.9,33.8,0,1157.4,0.0341
4441.0,73.3,50.6,79.3,81.9,36.3,85.8,0.331,1.44,2.17,10.76,3,0,0,73.3,73.0,3,32.4,0.876
3984.1,103.9,33.6,67.8,68.6,28.9,88.2,0.325,1.18,1.83,14.14,5,0,0,103.9,105.7,0,721.0,0.0257
2477.6,22.7,10.6,53.5,53.1,27.6,86.1,0.84,5.81,1.83,14.27,1,0,0,22.7,22.7,0,1026.8,0.0214
4024.9,87.6,48.2,74.7,73.8,30.9,87.2,0.329,1.56,1.23,14.01,4,0,0,87.6,88.5,0,1466.5,0.0145
1029.3,0.0,2.3,40.0,37.0,29.2,86.5,0.28,-0.68,2.0,14.06,0,0,0,0.0,0.0,0,956.1,0.0324
3423.0,90.5,31.2,58.5,59.9,38.0,92.7,0.729,-1.17,2.04,14.0,5,0,0,90.5,89.8,0,917.2,0.0203
1002.6,0.0,2.2,31.0,35.4,33.9,87.3,0.865,1.38,1.95,13.97,0,0,0,0.0,0.0,0,809.6,0.0641
2449.6,30.2,21.9,51.8,52.7,35.9,85.8,0.714,3.15,1.24,14.47,2,0,0,30.2,29.9,0,830.3,0.0254
3677.8,58.2,48.6,81.8,77.7,39.3,122.1,0.734,2.46,3.57,13.81,3,0,0,58.2,58.5,1,59.8,0.8919
2243.5,25.6,12.5,44.9,45.9,43.9,114.9,0.681,6.55,5.04,13.7,2,0,0,25.6,25.6,1,73.1,0.7629
3571.4,77.1,76.7,76.3,76.8,28.9,87.4,0.767,3.01,0.7,14.21,4,0,0,77.1,77.1,0,1445.3,0.071
1078.5,0.0,2.0,29.2,30.0,30.2,83.4,0.213,1.88,1.07,10.88,0,0,0,0.0,0.0,3,13.0,0.9315
3215.7,85.1,34.2,71.9,73.8,28.0,87.4,0.199,4.84,0.08,14.2,5,0,0,85.1,86.0,0,1036.1,0.072
1046.3,0.0,2.5,35.7,36.5,32.9,86.5,0.2,0.59,2.47,14.04,0,0,0,0.0,0.0,0,909.0,0.0196
4855.7,107.4,49.2,78.6,98.0,37.0,92.6,0.1,18.65,14.86,14.06,4,0,0,107.4,108.4,2,51.9,0.74
3220.2,82.4,25.3,66.1,65.7,29.1,87.5,0.73,-0.36,1.56,14.4,5,0,0,82.4,82.7,0,1005.5,0.0583
1032.2,0.0,2.2,35.0,36.3,29.0,87.4,0.293,4.07,2.07,10.33,0,0,0,0.0,0.0,3,15.9,0.835
1094.9,0.0,2.4,28.0,27.5,34.2,85.2,0.729,1.4,0.38,14.01,0,0,0,0.0,0.0,0,1401.6,0.036
1772.6,31.2,12.9,43.9,45.7,39.1,91.3,0.387,0.06,2.3,10.57,3,0,0,31.2,30.9,3,40.3,0.9121
1024.6,0.0,2.3,30.4,32.4,35.3,82.9,0.703,0.23,0.93,14.11,0,0,0,0.0,0.0,0,776.8,0.0452
3517.9,84.4,15.3,67.7,97.6,32.1,96.4,0.101,14.34,13.3,13.99,5,0,0,84.4,84.3,2,62.7,0.7558
2396.4,27.4,7.9,46.8,47.2,28.0,81.8,0.734,2.27,-0.79,14.12,2,0,0,27.4,27.4,0,838.0,0.0269
1063.7,0.0,2.2,29.0,32.4,35.8,82.5,0.241,2.12,0.86,10.09,0,0,0,0.0,0.0,3,25.6,0.9595
1021.3,0.0,2.2,38.8,33.5,27.0,82.4,0.23,0.21,0.01,13.98,0,0,0,0.0,0.0,0,961.4,0.036
2558.9,68.2,14.5,64.4,68.5,27.5,88.8,0.227,0.64,1.69,14.04,5,0,0,68.2,69.3,0,1145.8,0.0553
3621.7,79.8,17.3,75.8,74.3,33.0,89.6,0.234,-1.95,0.64,10.32,4,0,0,79.8,79.0,3,34.6,0.8963
2485.1,18.7,21.8,42.2,45.4,34.7,86.6,0.223,0.62,1.8,14.15,1,0,0,18.7,18.7,0,1017.3,0.0757
3567.8,74.9,20.8,64.5,63.0,41.2,118.3,0.747,7.61,4.05,13.6,4,0,0,74.9,76.4,1,18.7,0.9333
3093.9,62.7,17.3,60.4,63.9,44.9,117.2,0.702,8.04,4.14,13.68,4,0,0,62.7,63.0,1,44.6,0.8769
1027.7,0.0,2.0,28.4,29.1,36.8,83.6,0.31,0.7,1.49,14.11,0,0,0,0.0,0.0,0,897.8,0.0678
4306.2,47.2,69.7,80.7,80.7,36.3,117.6,0.891,13.65,4.96,13.98,2,0,0,47.2,46.7,1,34.5,0.8011
1039.9,0.0,2.0,32.2,34.0,28.9,85.0,0.691,1.19,0.39,14.17,0,0,0,0.0,0.0,0,1174.7,0.0767
3702.3,98.6,19.2,63.8,65.9,37.1,85.7,0.689,1.31,0.35,10.49,5,0,0,98.6,97.2,3,26.0,0.8531
3018.1,36.9,21.2,58.1,57.4,34.1,88.2,0.818,-2.18,0.38,14.16,2,0,0,36.9,36.5,0,1476.7,0.0487
2285.7,35.9,15.7,51.7,52.0,28.4,87.0,0.23,1.98,0.54,14.24,3,0,0,35.9,35.5,0,1040.7,0.0653
2393.1,38.7,7.4,50.0,53.6,38.1,88.6,0.532,-0.54,0.68,10.12,3,0,0,38.7,39.4,3,23.8,0.9403
1739.9,13.3,8.2,53.1,84.2,27.4,95.8,0.099,14.47,15.1,13.73,1,0,0,13.3,13.2,2,87.3,0.7933
1043.0,0.0,2.3,31.9,32.3,29.0,82.3,0.822,2.47,2.01,13.99,0,0,1,0.0,0.0,0,1379.5,0.031
3598.8,96.8,34.9,56.6,55.4,44.2,111.5,0.887,5.68,3.59,14.1,5,0,0,96.8,97.1,1,46.3,0.7458
3172.0,65.1,20.2,60.8,58.9,34.0,89.5,0.774,1.94,1.0,14.28,4,0,0,65.1,65.1,0,753.7,0.0452
3133.2,35.4,15.2,51.4,53.6,36.3,84.5,0.856,0.38,1.76,14.07,2,0,0,35.4,34.8,0,1285.2,0.0785
984.6,0.0,2.4,33.4,33.9,31.8,88.2,0.803,3.64,3.56,14.03,0,0,0,0.0,0.0,0,1365.5,0.0317
2161.6,16.8,18.4,51.5,54.1,27.8,91.8,0.264,3.79,2.07,14.17,1,0,0,16.8,16.7,0,1211.7,0.027
3279.5,87.5,33.1,60.3,62.7,38.6,93.7,0.759,5.75,2.48,14.11,5,0,0,87.5,85.8,0,804.8,0.0709
1055.0,0.0,2.4,32.1,35.3,29.7,86.0,0.822,0.92,0.98,14.01,0,0,1,0.0,0.0,0,1085.0,0.0258
3722.0,81.1,34.7,62.5,62.3,37.3,88.8,0.639,5.35,0.38,10.95,4,0,0,81.1,79.8,3,25.8,0.9147
4038.6,88.6,17.8,53.7,54.1,28.9,89.6,0.612,-1.15,1.72,10.41,4,0,0,88.6,89.9,3,13.8,0.9591
2476.1,39.3,20.1,51.2,51.9,38.1,118.7,0.783,5.0,3.42,13.69,3,0,0,39.3,39.9,1,16.1,0.7208
3411.5,92.0,19.3,59.8,57.0,31.4,82.4,0.287,2.95,2.81,14.18,5,0,0,92.0,91.4,0,983.3,0.0425
3707.7,95.8,34.9,56.1,58.5,30.9,89.0,0.724,1.53,0.51,14.23,5,0,0,95.8,97.2,0,815.1,0.0169
2394.0,19.6,16.7,55.5,76.0,38.0,90.3,0.172,20.56,14.03,14.1,1,0,0,19.6,19.5,2,68.1,0.9174
2725.1,32.3,8.2,53.3,54.9,44.8,120.7,0.776,4.24,6.18,13.79,2,0,0,32.3,32.1,1,20.8,0.8449
2882.8,34.5,20.2,53.2,53.2,32.4,91.7,0.336,0.99,2.42,13.91,2,0,0,34.5,35.0,0,1053.1,0.0144
3750.5,59.8,52.7,81.8,80.4,32.9,87.5,0.613,0.75,2.34,9.9,3,0,0,59.8,59.3,3,44.3,0.8577
968.1,0.0,2.1,36.7,58.2,38.4,92.4,0.137,25.4,9.96,14.1,0,0,0,0.0,0.0,2,102.2,0.8028
1012.7,0.0,2.4,36.2,36.0,31.9,89.0,0.259,0.16,1.13,10.37,0,0,0,0.0,0.0,3,21.1,0.9594
3450.4,92.3,23.0,59.8,61.2,42.9,124.4,0.775,9.32,5.81,13.6,5,0,0,92.3,93.8,1,61.2,0.9476
2434.9,42.0,15.5,58.6,52.7,42.3,111.8,0.724,1.44,5.84,14.16,3,0,0,42.0,41.3,1,63.9,0.7598
3688.2,78.6,28.2,59.8,57.1,28.4,92.0,0.272,3.95,2.67,14.19,4,0,0,78.6,79.8,0,936.4,0.0424
3710.5,98.5,14.8,71.9,70.0,38.7,90.5,0.357,1.54,2.12,10.3,5,0,0,98.5,97.0,3,36.3,0.8857
1404.4,0.0,2.3,35.1,63.7,31.2,92.3,0.185,20.65,12.83,13.99,0,0,0,0.0,0.0,2,30.5,0.661
3170.3,39.1,20.1,31.6,32.3,28.1,90.1,0.284,2.43,1.9,14.05,2,0,0,39.1,39.6,0,1316.1,0.0193
3131.5,36.3,9.3,47.4,47.8,35.2,86.1,0.873,0.97,1.64,14.3,2,0,0,36.3,36.6,0,729.2,0.0102
2074.2,25.8,21.3,41.4,43.1,35.5,85.0,0.739,3.91,1.73,14.02,2,0,0,25.8,25.6,0,1244.5,0.0338
1173.0,0.0,2.2,35.5,61.8,30.0,101.3,0.1,19.43,12.96,13.9,0,0,0,0.0,0.0,2,108.5,0.7432
2358.1,28.1,19.8,54.9,60.1,35.8,85.7,0.208,2.7,2.76,10.23,2,0,0,28.1,28.3,3,10.0,0.9576
1937.8,19.4,7.9,50.1,48.0,32.3,88.0,0.185,4.2,2.19,14.24,2,0,0,19.4,19.1,0,975.7,0.0599
1971.7,34.1,10.6,42.9,42.6,32.1,93.1,0.784,1.1,2.46,14.04,3,0,0,34.1,34.4,0,999.5,0.0246
1021.6,0.0,1.9,38.1,34.7,36.7,91.5,0.281,0.73,0.95,14.03,0,0,0,0.0,0.0,0,1204.6,0.0517
1034.9,0.0,2.2,38.4,39.1,28.8,89.8,0.283,4.6,1.59,11.06,0,0,1,0.0,0.0,3,16.9,0.9393
1044.2,0.0,2.2,34.3,56.4,39.6,89.9,0.079,20.48,14.98,13.94,0,0,0,0.0,0.0,2,77.8,0.7303
2707.0,30.2,13.7,44.6,65.5,38.0,89.6,0.077,27.02,18.93,14.01,2,0,0,30.2,29.6,2,47.0,0.9031
2805.1,34.9,10.7,54.3,53.6,37.2,88.4,0.684,3.16,1.77,14.19,2,0,0,34.9,34.4,0,1294.1,0.0454
1081.6,0.0,2.1,34.8,32.2,32.1,83.7,0.849,2.34,0.78,14.07,0,0,0,0.0,0.0,0,706.8,0.0185
1070.8,0.0,2.2,37.9,37.9,30.4,85.3,0.296,2.48,1.76,13.95,0,0,0,0.0,0.0,0,1447.1,0.0357
1051.6,0.0,2.0,31.0,30.7,35.2,85.2,0.18,5.06,1.33,14.16,0,0,1,0.0,0.0,0,932.9,0.0707
2708.8,20.1,7.8,56.6,84.0,28.9,93.7,0.068,22.22,13.04,13.87,1,0,0,20.1,20.3,2,54.2,0.7389
2630.0,31.0,9.2,42.4,71.6,36.0,95.0,0.153,16.25,17.49,13.93,2,0,0,31.0,30.8,2,63.1,0.9006
3295.9,71.1,24.0,65.5,64.2,36.3,90.2,0.414,-0.46,0.27,10.26,4,0,0,71.1,70.9,3,16.3,0.931
2356.6,37.1,7.1,49.3,50.3,31.1,86.0,0.644,0.75,2.13,10.85,3,0,0,37.1,36.4,3,26.5,0.9798
3043.4,81.1,22.0,59.7,58.6,29.6,77.2,0.254,2.14,2.81,14.03,5,0,0,81.1,82.4,0,957.9,0.0745
1176.2,0.0,2.2,36.5,57.6,32.6,92.4,0.163,23.39,14.99,14.13,0,0,0,0.0,0.0,2,93.5,0.7234
4578.0,103.2,75.8,76.1,76.4,28.5,88.1,0.275,2.79,0.78,10.61,4,0,0,103.2,104.1,3,42.0,0.864
2638.6,32.4,21.5,42.6,64.7,33.5,90.0,0.187,16.42,14.79,14.3,2,0,0,32.4,31.8,2,69.3,0.8384
1020.6,0.0,2.4,29.1,33.6,36.7,82.4,0.838,1.64,2.74,14.01,0,0,0,0.0,0.0,0,1184.2,0.0734
3336.2,70.5,24.1,50.8,52.4,35.2,91.1,0.812,0.08,0.97,14.29,4,0,0,70.5,71.1,0,1310.6,0.0269
2413.4,39.2,21.3,51.7,51.1,34.3,82.9,0.343,5.48,0.63,14.11,3,0,0,39.2,38.4,0,1480.3,0.0594
2976.4,49.7,10.4,51.5,53.2,35.2,88.8,0.599,3.54,1.84,10.01,3,0,0,49.7,49.2,3,42.5,0.9148
1071.2,0.0,2.2,33.9,34.7,47.4,109.5,0.874,8.67,4.36,13.33,0,0,0,0.0,0.0,1,38.7,0.8703
1086.6,0.0,2.3,33.2,31.8,34.5,84.6,0.687,0.53,0.71,14.08,0,0,0,0.0,0.0,0,1111.4,0.0658
1034.7,0.0,2.3,37.4,39.0,43.4,110.5,0.801,8.45,4.27,13.63,0,0,0,0.0,0.0,1,54.0,0.8144
4496.5,70.4,70.6,79.3,75.7,51.6,118.8,0.684,7.9,3.66,13.55,3,0,0,70.4,71.4,1,38.6,0.7718
5227.7,84.1,45.6,76.8,77.7,35.1,84.5,0.682,0.15,1.52,14.0,3,0,0,84.1,85.7,0,1317.6,0.0292
1054.5,0.0,1.9,32.5,32.4,36.6,84.8,0.714,1.32,0.78,13.86,0,0,0,0.0,0.0,0,1277.4,0.0221
3767.9,97.4,16.3,66.2,65.4,40.3,120.4,0.682,7.34,4.72,13.91,5,0,0,97.4,98.4,1,37.3,0.7427
3279.3,69.8,28.5,63.3,67.7,35.8,86.4,0.202,1.09,1.86,14.09,4,0,0,69.8,71.2,0,1112.0,0.021
1104.3,0.0,2.5,39.3,64.9,29.8,95.7,0.155,17.41,12.05,14.03,0,0,0,0.0,0.0,2,29.1,0.7452
4741.2,55.4,52.0,88.4,85.9,34.6,84.2,0.268,-0.1,1.12,14.03,2,0,0,55.4,55.2,0,964.2,0.039
3391.2,87.2,16.1,62.5,92.3,33.3,99.2,0.085,24.4,15.24,13.83,5,0,0,87.2,86.6,2,54.5,0.6865
3695.8,59.7,80.8,83.6,82.2,31.8,83.9,0.184,5.01,1.51,14.03,3,0,0,59.7,59.4,0,1333.9,0.0333
4135.3,67.4,42.8,83.9,82.5,31.7,90.9,0.21,0.54,2.52,14.39,3,0,0,67.4,67.6,0,750.2,0.0712
2821.0,33.9,14.8,42.8,72.0,29.7,86.6,0.082,26.62,15.64,14.18,2,0,0,33.9,34.2,2,112.3,0.6956
1799.0,29.8,6.1,61.2,60.6,29.7,89.1,0.182,1.38,1.72,14.27,3,0,0,29.8,30.4,0,1484.0,0.0273
4002.6,69.4,83.2,76.2,75.5,35.1,90.8,0.722,3.18,0.71,14.11,3,0,0,69.4,69.4,0,1332.4,0.0241
2704.4,20.9,14.9,44.6,44.7,34.7,91.7,0.273,-0.29,0.6,14.25,1,0,0,20.9,20.9,0,1359.3,0.0217
2475.0,67.2,18.9,59.9,88.1,37.6,91.6,0.104,16.8,14.76,13.96,5,0,0,67.2,66.6,2,26.8,0.8993
2281.8,38.7,10.0,48.3,49.9,47.5,122.2,0.865,5.56,4.09,13.85,3,0,0,38.7,38.2,1,11.0,0.8576
3553.5,90.4,31.8,58.7,56.5,46.4,120.0,0.757,5.25,4.93,13.54,5,0,0,90.4,91.1,1,21.3,0.9213
2874.5,33.4,8.3,46.0,44.8,27.8,85.8,0.345,1.37,1.64,14.21,2,0,0,33.4,33.5,0,858.8,0.0177
1057.9,0.0,2.4,30.5,31.2,29.0,86.3,0.843,3.44,1.47,14.01,0,0,0,0.0,0.0,0,1170.4,0.0674
2836.2,46.2,10.2,50.6,52.6,36.3,90.5,0.294,2.21,1.4,14.32,3,0,0,46.2,46.8,0,870.7,0.0432
1038.6,0.0,2.5,29.3,34.4,30.7,83.3,0.866,0.53,1.62,14.14,0,0,0,0.0,0.0,0,876.7,0.0654
2766.3,22.6,20.3,58.2,59.0,36.7,80.1,0.819,3.75,2.98,14.19,1,0,0,22.6,22.6,0,739.2,0.0686
3518.2,93.4,15.8,51.8,53.9,35.9,83.2,0.324,0.43,1.46,14.07,5,0,0,93.4,91.5,0,1365.0,0.0572
3845.6,101.7,22.9,71.3,71.1,34.2,89.5,0.814,0.09,1.06,14.08,5,0,0,101.7,103.7,0,1097.7,0.0253
3304.2,87.2,18.6,62.5,63.1,36.7,87.0,0.28,0.1,0.23,10.12,5,0,0,87.2,87.6,3,18.8,0.8907
2067.0,26.1,20.3,48.7,47.6,35.7,86.2,0.306,0.24,0.44,14.27,2,0,0,26.1,25.9,0,975.1,0.0398
1034.0,0.0,1.9,31.4,31.9,37.6,84.1,0.825,2.84,-0.79,13.97,0,0,0,0.0,0.0,0,1376.6,0.0133
2000.3,23.3,14.7,35.9,62.0,29.4,99.6,0.156,21.97,14.5,14.0,2,0,0,23.3,23.2,2,117.0,0.7978
1067.3,0.0,1.8,28.9,32.0,29.8,84.8,0.69,-0.84,1.27,14.01,0,0,0,0.0,0.0,0,980.9,0.0539
2416.4,31.9,20.4,52.4,48.5,35.7,114.8,0.704,10.63,1.99,13.8,2,0,0,31.9,32.3,1,30.9,0.8994
2026.6,24.5,12.7,52.1,77.9,30.1,92.4,0.165,21.95,13.64,13.84,2,0,0,24.5,24.7,2,36.7,0.655
2660.0,22.5,9.8,48.3,51.1,31.7,90.9,0.523,-0.8,2.53,9.87,1,0,0,22.5,22.7,3,20.6,0.8974
3209.7,65.3,23.9,65.7,64.2,33.7,89.3,0.285,1.63,1.3,14.05,4,0,0,65.3,65.0,0,1011.8,0.0442
2841.2,21.5,18.4,46.9,46.5,38.6,85.2,0.352,1.08,1.28,10.44,1,0,0,21.5,21.2,3,34.4,0.9703
3413.7,91.4,24.8,62.2,62.2,34.7,89.0,0.716,1.68,0.69,14.23,5,0,0,91.4,91.9,0,973.0,0.0635
2276.2,37.5,17.8,67.9,68.2,39.0,87.7,0.687,2.64,1.55,13.99,3,0,0,37.5,37.8,0,1386.2,0.0562
1028.6,0.0,2.4,37.6,38.6,28.0,83.2,0.797,0.62,2.39,14.0,0,0,0,0.0,0.0,0,1052.4,0.0373
4317.5,92.2,44.5,81.9,83.0,34.3,85.6,0.438,2.41,0.97,10.5,4,0,0,92.2,92.7,3,13.3,0.8941
2984.9,24.3,10.4,41.0,41.4,32.3,85.9,0.227,1.56,2.92,14.05,1,0,0,24.3,24.5,0,1430.9,0.0577
1031.0,0.0,2.2,37.2,37.6,38.7,83.2,0.289,2.98,1.8,14.06,0,0,1,0.0,0.0,0,1200.3,0.0395
1630.8,19.5,18.0,46.1,44.9,46.3,116.6,0.71,5.59,5.1,13.78,2,0,0,19.5,19.4,1,48.6,0.8253
2325.6,49.4,30.4,63.1,62.0,32.8,80.7,0.297,1.87,1.45,14.09,4,0,0,49.4,50.3,0,1337.8,0.0407
2418.6,38.5,10.7,60.1,57.3,29.7,88.5,0.34,4.34,2.19,14.11,3,0,0,38.5,39.3,0,757.0,0.0503
1066.9,0.0,2.1,32.4,35.5,39.7,85.8,0.212,0.61,2.2,14.0,0,0,0,0.0,0.0,0,1436.4,0.0399
2780.4,22.4,17.0,42.9,42.1,31.6,90.7,0.763,1.16,1.2,14.25,1,0,0,22.4,22.0,0,1197.3,0.0769
1030.9,0.0,2.0,33.8,33.0,31.8,84.6,0.316,-0.52,1.72,14.08,0,0,0,0.0,0.0,0,727.1,0.0667
1032.3,0.0,2.2,32.4,31.4,35.4,85.8,0.322,2.92,1.61,14.05,0,0,0,0.0,0.0,0,1070.0,0.0243
2256.1,25.7,10.4,47.0,45.5,41.2,114.0,0.754,9.91,5.2,13.79,2,0,0,25.7,25.3,1,47.5,0.8889
2725.8,30.1,16.4,47.5,46.9,32.8,86.9,0.2,1.58,1.58,14.2,2,0,0,30.1,29.8,0,861.5,0.0755
1846.5,24.0,9.6,36.6,40.8,32.0,87.0,0.249,2.64,1.79,14.0,2,0,0,24.0,23.9,0,763.5,0.0373
1309.2,0.0,2.1,29.2,55.0,29.5,94.2,0.193,14.63,9.59,13.92,0,0,1,0.0,0.0,2,50.3,0.8604
1049.0,0.0,1.9,39.0,35.6,33.0,83.8,0.333,-0.32,2.55,14.03,0,0,0,0.0,0.0,0,1120.5,0.0182
3553.1,92.6,30.7,57.8,57.0,41.7,115.0,0.865,10.6,4.38,13.87,5,0,0,92.6,90.9,1,54.5,0.7458
2844.9,22.9,18.2,53.3,49.7,35.9,91.8,0.273,2.58,0.68,14.13,1,0,0,22.9,23.1,0,1272.7,0.0355
3457.4,72.4,72.8,72.4,72.0,30.9,91.9,0.328,1.72,2.59,14.02,4,0,0,72.4,73.2,0,792.3,0.0211
1038.1,0.0,2.4,34.4,35.9,35.5,89.6,0.687,3.28,1.15,14.15,0,0,0,0.0,0.0,0,884.9,0.0776
1907.8,22.6,18.9,40.9,41.6,27.8,91.0,0.847,3.89,2.61,14.07,2,0,0,22.6,22.9,0,839.3,0.0389
2325.7,26.2,16.5,55.3,53.5,38.5,85.3,0.768,1.06,1.74,14.22,2,0,0,26.2,25.9,0,1069.2,0.0772
3342.5,70.9,24.1,52.9,52.2,31.3,84.6,0.816,0.64,1.2,14.03,4,0,0,70.9,70.7,0,1400.4,0.0729
2160.7,48.9,33.7,59.2,59.2,31.7,83.6,0.346,3.18,1.33,14.07,4,0,0,48.9,48.7,0,1352.0,0.0741
1071.8,0.0,2.5,37.0,36.9,27.6,90.2,0.769,2.05,2.2,14.12,0,0,0,0.0,0.0,0,1112.2,0.0117
1088.7,0.0,2.1,40.7,37.7,36.7,93.2,0.801,2.86,1.21,14.13,0,0,0,0.0,0.0,0,788.1,0.0498
1031.9,0.0,2.4,33.2,35.8,33.8,82.1,0.203,0.99,1.71,14.15,0,0,1,0.0,0.0,0,1350.5,0.0336
4087.7,108.6,21.1,66.9,66.1,27.6,92.3,0.766,2.39,0.65,14.06,5,0,0,108.6,107.0,0,749.2,0.0429
2698.4,34.2,20.7,52.8,51.1,36.8,84.3,0.247,1.38,1.82,14.05,2,0,0,34.2,34.7,0,787.6,0.0273
2030.2,21.2,18.5,43.0,44.6,37.0,121.2,0.843,7.36,3.2,13.99,2,0,0,21.2,21.0,1,38.6,0.7458
3163.9,84.3,27.7,63.8,62.5,31.6,88.4,0.827,4.09,2.71,14.15,5,0,0,84.3,85.0,0,1208.0,0.0437
2332.5,33.8,16.5,52.9,85.2,38.3,99.2,0.132,11.37,14.14,13.9,3,0,0,33.8,33.1,2,114.7,0.8463
4815.6,103.7,61.9,75.6,73.0,34.6,111.3,0.709,11.19,4.23,13.95,4,0,0,103.7,103.5,1,58.9,0.7981
1031.0,0.0,1.9,38.0,36.6,32.1,85.3,0.345,-0.12,2.13,14.14,0,0,0,0.0,0.0,0,1187.9,0.0506
3515.5,80.5,84.9,94.2,98.0,30.7,94.1,0.085,19.5,13.88,14.11,4,0,0,80.5,79.7,2,55.7,0.904
2327.3,28.8,17.0,46.3,43.4,28.1,85.2,0.259,0.19,0.41,11.56,2,0,0,28.8,29.0,3,12.7,0.8051
4350.0,56.5,69.9,72.3,78.0,25.4,89.6,0.771,2.82,0.93,14.11,2,0,0,56.5,56.6,0,1211.7,0.0153
4846.3,82.2,40.2,83.4,84.6,36.3,88.0,0.734,4.0,1.85,14.2,3,0,0,82.2,81.4,0,824.3,0.0676
3946.4,63.3,48.9,82.0,98.0,32.4,93.3,0.2,21.88,15.98,13.84,3,0,0,63.3,62.6,2,75.7,0.749
1072.2,0.0,2.4,34.0,34.3,38.1,114.9,0.797,6.95,3.04,14.1,0,0,0,0.0,0.0,1,30.7,0.8895
1031.3,0.0,2.1,29.9,32.9,33.4,85.5,0.68,-0.07,1.67,13.91,0,0,0,0.0,0.0,0,754.8,0.0391
2996.5,77.7,33.9,66.4,62.1,29.1,87.5,0.85,2.34,0.86,14.16,5,0,0,77.7,76.2,0,1456.6,0.0476
2784.0,32.8,20.7,57.3,57.3,24.9,91.3,0.236,4.13,1.25,13.85,2,0,0,32.8,33.1,0,982.7,0.0396
2012.3,32.6,9.2,52.9,51.8,31.5,90.0,0.196,0.25,0.76,14.4,3,0,0,32.6,32.9,0,1344.0,0.0462
1909.4,22.6,18.7,66.8,66.9,46.5,111.5,0.686,6.5,6.54,14.03,2,0,0,22.6,22.7,1,18.7,0.8855
1053.9,0.0,2.4,37.1,35.4,36.0,87.8,0.812,-0.63,0.35,14.04,0,0,0,0.0,0.0,0,856.2,0.0214
1019.8,0.0,2.1,30.7,34.4,32.0,88.3,0.715,3.44,1.06,14.01,0,0,0,0.0,0.0,0,1203.2,0.0415
2996.1,23.1,14.8,50.8,50.6,40.2,126.1,0.813,4.53,5.3,14.04,1,0,0,23.1,23.4,1,14.3,0.8869
2613.2,45.1,21.9,55.2,54.8,40.0,86.7,0.705,3.25,2.09,14.2,3,0,0,45.1,44.4,0,1484.4,0.0102
4224.0,91.2,65.5,82.7,79.8,33.7,82.1,0.218,5.38,2.05,14.2,4,0,0,91.2,91.6,0,1028.2,0.0579
3334.0,86.9,32.9,64.1,65.4,44.8,106.8,0.774,12.79,3.94,13.75,5,0,0,86.9,87.3,1,66.7,0.9454
926.3,0.0,2.1,31.2,61.5,37.8,96.9,0.145,22.87,13.29,13.75,0,0,0,0.0,0.0,2,104.7,0.7543
2333.6,17.6,10.5,42.5,42.2,33.5,87.8,0.198,3.84,1.84,14.24,1,0,0,17.6,17.4,0,882.3,0.0576
2266.5,35.1,10.6,54.0,54.7,33.5,92.3,0.342,2.05,0.65,14.13,3,0,0,35.1,35.0,0,901.9,0.0141
1029.9,0.0,1.9,31.9,32.4,37.2,87.0,0.228,2.64,1.62,13.92,0,0,1,0.0,0.0,0,1461.2,0.0394
3240.5,27.1,10.6,46.0,44.7,35.3,85.6,0.242,2.43,0.47,14.24,1,0,0,27.1,26.7,0,1230.0,0.0104
2317.7,18.6,12.6,51.5,48.7,30.6,90.9,0.776,2.53,-0.07,14.2,1,0,0,18.6,18.3,0,1358.8,0.0725
2357.0,40.4,21.2,43.0,45.5,28.5,90.2,0.686,3.29,1.29,14.07,3,0,0,40.4,40.6,0,1404.7,0.02
3113.3,53.5,14.0,49.3,48.2,31.8,93.5,0.241,3.99,2.44,13.92,3,0,0,53.5,54.2,0,1438.4,0.0103
1028.3,0.0,2.2,28.5,28.6,34.0,82.0,0.189,2.18,2.88,14.03,0,0,0,0.0,0.0,0,1385.9,0.0766
2199.2,35.5,11.8,53.1,53.6,34.8,85.8,0.223,3.03,1.71,14.2,3,0,0,35.5,35.8,0,969.5,0.028
4022.8,49.1,71.7,80.1,81.8,35.7,86.1,0.187,1.98,0.75,13.96,2,0,0,49.1,49.5,0,1125.6,0.04
2803.5,20.9,21.0,57.5,55.7,33.9,90.4,0.209,2.05,1.98,13.99,1,0,0,20.9,21.1,0,943.7,0.0798
1580.6,26.6,13.4,49.3,49.4,37.6,92.8,0.775,1.77,1.3,14.4,3,0,0,26.6,26.3,0,826.2,0.029
3270.2,90.5,15.7,55.6,55.9,31.1,89.2,0.724,3.22,2.24,14.08,5,0,0,90.5,89.5,0,882.6,0.0184
1125.7,0.0,1.8,34.3,51.2,37.0,91.8,0.163,23.5,17.46,13.92,0,0,1,0.0,0.0,2,116.1,0.8844
1042.0,0.0,1.9,32.6,35.2,32.9,87.7,0.711,1.27,1.27,14.1,0,0,0,0.0,0.0,0,789.2,0.0423
1038.4,0.0,2.2,36.2,34.1,41.5,122.9,0.785,8.23,4.67,14.15,0,0,0,0.0,0.0,1,24.7,0.7997
1221.2,0.0,2.1,34.9,55.3,30.1,98.7,0.146,20.34,13.94,13.86,0,0,1,0.0,0.0,2,48.0,0.7367
2258.5,37.4,8.5,60.7,61.0,34.8,91.9,0.804,3.76,0.08,14.21,3,0,0,37.4,36.9,0,924.0,0.048
1056.6,0.0,2.2,33.8,33.3,36.2,87.3,0.247,2.62,0.72,14.04,0,0,0,0.0,0.0,0,744.0,0.0502
1657.6,14.6,11.1,46.9,50.6,35.8,94.5,0.182,1.01,1.28,14.1,1,0,0,14.6,14.8,0,1224.9,0.0491
2877.8,74.0,19.6,58.2,58.4,28.8,79.7,0.878,1.3,2.31,14.15,5,0,0,74.0,74.2,0,768.9,0.0694
1057.8,0.0,2.3,34.4,36.3,45.9,112.5,0.692,9.71,3.68,13.32,0,0,1,0.0,0.0,1,38.3,0.8426
3063.8,81.4,20.7,63.9,62.5,35.3,87.1,0.82,2.03,2.17,14.35,5,0,0,81.4,80.3,0,739.0,0.0424
3710.6,78.6,20.7,69.3,67.2,36.9,91.3,0.183,-0.72,1.42,14.31,4,0,0,78.6,79.7,0,1361.6,0.0782
2041.4,35.5,8.9,65.7,63.8,37.9,90.0,0.841,2.99,0.9,14.16,3,0,0,35.5,34.9,0,1243.7,0.014
2277.7,31.8,21.1,54.5,52.1,36.3,86.6,0.713,2.94,1.94,14.18,2,0,0,31.8,32.3,0,1307.1,0.0674
3449.9,91.3,30.5,72.2,71.0,40.0,125.1,0.775,7.18,3.47,13.74,5,0,0,91.3,90.3,1,42.1,0.8606
3941.5,61.1,78.6,85.4,81.7,33.6,92.0,0.702,-0.29,1.62,14.14,3,0,0,61.1,61.9,0,1121.5,0.048
5365.3,63.0,67.1,83.2,84.0,29.3,83.7,0.873,2.03,0.96,14.22,2,0,0,63.0,62.8,0,1108.6,0.0262
4725.7,101.1,57.5,80.6,80.5,30.3,91.8,0.487,-0.94,0.16,10.19,4,0,0,101.1,102.9,3,44.1,0.8861
3213.0,36.9,7.5,39.1,39.1,48.9,111.6,0.783,6.76,4.87,13.64,2,0,0,36.9,37.1,1,12.3,0.8413
1035.1,0.0,2.2,32.4,31.1,28.3,85.0,0.871,1.78,0.56,14.03,0,0,0,0.0,0.0,0,1288.7,0.0328
3369.1,69.3,32.5,64.9,65.6,27.8,95.7,0.287,3.65,0.57,14.36,4,0,0,69.3,70.6,0,1069.0,0.0481
1059.5,0.0,1.9,31.4,33.6,31.4,86.7,0.704,1.76,2.42,14.11,0,0,0,0.0,0.0,0,956.6,0.0672
1090.6,0.0,2.4,36.4,38.3,37.4,85.6,0.704,3.23,1.68,14.09,0,0,0,0.0,0.0,0,885.3,0.011
4300.8,66.4,59.2,84.7,88.1,33.6,91.4,0.69,0.7,0.77,14.33,3,0,0,66.4,66.7,0,1098.3,0.0337
1121.1,0.0,1.9,33.1,35.4,36.4,85.8,0.873,3.25,2.5,14.06,0,0,1,0.0,0.0,0,1090.9,0.0485
3139.3,65.7,20.4,61.8,63.3,38.6,86.8,0.695,2.9,-0.09,14.31,4,0,0,65.7,65.9,0,764.4,0.0706
1071.4,0.0,2.3,35.2,31.7,30.4,88.6,0.745,2.55,2.07,14.03,0,0,0,0.0,0.0,0,1169.4,0.0688
1126.5,0.0,2.0,33.4,55.1,37.1,90.9,0.108,16.78,15.63,13.89,0,0,0,0.0,0.0,2,39.7,0.739
2679.9,60.8,28.7,60.2,59.0,32.2,90.2,0.875,1.06,0.76,14.24,4,0,0,60.8,60.7,0,1330.1,0.0614
2851.5,30.5,21.3,44.5,44.1,27.9,87.1,0.694,1.28,0.67,14.32,2,0,0,30.5,31.1,0,1303.6,0.0232
2126.9,26.0,18.9,57.2,56.3,34.5,90.4,0.188,3.49,0.93,14.14,2,0,0,26.0,25.7,0,889.4,0.0285
3116.8,83.2,17.4,56.9,53.4,34.2,91.8,0.4,0.23,1.02,10.38,5,0,0,83.2,81.8,3,25.4,0.9279
1075.5,0.0,2.4,38.2,35.4,33.5,86.8,0.243,2.02,1.0,14.13,0,0,0,0.0,0.0,0,1334.0,0.041
2994.2,47.9,16.9,59.9,56.8,33.5,86.9,0.755,3.0,1.71,14.03,3,0,0,47.9,48.9,0,1373.1,0.0245
2902.8,76.1,28.5,60.9,60.4,38.4,85.7,0.683,-1.5,1.21,10.34,5,0,0,76.1,74.7,3,5.3,0.8627
2842.8,25.3,9.8,46.0,75.2,32.4,96.6,0.062,21.29,16.04,14.26,1,0,0,25.3,25.1,2,68.1,0.7189
2434.9,20.6,17.6,53.8,69.8,28.5,86.2,0.144,16.01,9.81,14.1,1,0,0,20.6,21.0,2,85.0,0.7682
1283.6,16.6,19.1,51.6,52.6,36.2,97.5,0.335,3.53,-0.08,14.06,2,0,0,16.6,16.7,0,978.6,0.0616
2233.8,24.8,10.9,39.3,43.2,28.0,84.0,0.259,2.76,0.48,14.16,2,0,0,24.8,24.6,0,1425.5,0.0701
2864.8,48.3,15.4,40.1,41.3,40.3,115.3,0.83,6.98,1.88,13.69,3,0,0,48.3,48.1,1,54.9,0.7981
1090.9,0.0,1.9,35.2,36.9,28.5,84.9,0.629,-0.0,0.49,10.31,0,0,0,0.0,0.0,3,11.8,0.9894
4893.3,105.6,59.3,87.9,91.4,28.9,88.4,0.85,0.79,0.73,14.15,4,0,0,105.6,106.6,0,1300.0,0.0556
3644.1,76.2,21.1,61.9,62.0,28.0,85.6,0.83,2.11,1.06,14.06,4,0,0,76.2,77.3,0,1216.0,0.0789
2660.4,22.5,20.3,38.8,39.4,31.8,84.7,0.801,2.08,2.05,14.33,1,0,0,22.5,22.4,0,737.2,0.0525
3396.9,95.6,14.0,65.3,98.0,37.4,90.0,0.192,16.96,14.58,13.67,5,0,0,95.6,96.0,2,83.9,0.8187
2408.8,29.3,6.3,49.4,49.6,29.8,88.9,0.794,1.11,1.23,14.08,2,0,0,29.3,29.8,0,1275.2,0.0163
3004.9,37.1,19.7,45.8,46.9,33.6,86.4,0.84,1.74,0.24,14.05,2,0,0,37.1,37.8,0,1416.1,0.0653
2196.1,26.6,12.2,62.6,61.2,34.4,80.5,0.696,2.2,0.86,14.4,2,0,0,26.6,26.1,0,1369.7,0.0783
3868.9,103.7,17.4,55.1,57.4,37.8,88.0,0.854,2.43,2.29,14.05,5,0,0,103.7,103.9,0,1148.3,0.0152
3733.5,95.9,19.2,63.6,62.9,33.9,90.7,0.296,1.16,0.49,14.15,5,0,0,95.9,94.2,0,975.1,0.0454
3842.5,87.3,19.8,57.4,59.3,29.5,91.1,0.237,1.59,2.04,14.31,4,0,0,87.3,86.9,0,1162.5,0.0773
3070.1,79.2,27.7,59.1,62.8,45.1,119.9,0.69,8.03,4.04,13.88,5,0,0,79.2,77.8,1,20.7,0.8919
3149.9,80.2,17.4,56.6,56.3,32.5,85.5,0.25,0.86,1.62,14.06,5,0,0,80.2,81.0,0,1151.3,0.0361
1014.3,0.0,2.2,35.3,36.6,36.0,85.3,0.347,0.34,1.62,14.06,0,0,0,0.0,0.0,0,1297.5,0.0389
1865.4,15.4,12.1,59.8,55.8,32.0,84.0,0.299,1.45,2.58,14.1,1,0,0,15.4,15.3,0,801.0,0.0131
2636.1,45.7,6.6,50.9,49.5,34.2,87.3,0.226,1.49,2.33,14.22,3,0,0,45.7,46.1,0,1127.3,0.0691
1040.5,0.0,1.8,34.4,34.3,35.5,85.1,0.301,1.23,2.36,14.14,0,0,0,0.0,0.0,0,1279.0,0.0745
2003.1,32.4,13.2,52.9,54.8,27.9,88.6,0.779,3.3,3.13,13.98,3,0,0,32.4,32.1,0,1344.6,0.015
3903.7,83.5,30.9,59.4,59.3,35.3,81.7,0.339,2.79,1.58,14.09,4,0,0,83.5,82.5,0,1063.6,0.023
2325.2,17.3,20.6,56.8,55.3,28.6,95.6,0.3,1.19,1.3,14.06,1,0,0,17.3,17.2,0,938.4,0.0659
996.8,0.0,2.2,39.0,37.0,30.1,87.0,0.797,-1.34,2.73,13.98,0,0,0,0.0,0.0,0,920.5,0.0497
2632.4,23.7,6.3,48.9,46.0,36.8,87.6,0.451,1.62,1.88,11.12,1,0,0,23.7,23.4,3,43.0,0.9065
1078.8,0.0,2.0,33.1,35.3,35.0,89.2,0.307,3.03,0.63,14.07,0,0,0,0.0,0.0,0,992.8,0.0557
2113.1,15.5,13.7,56.0,73.2,30.9,98.6,0.054,19.07,18.12,13.88,1,0,0,15.5,15.7,2,83.1,0.6963
3170.5,70.9,28.3,64.7,66.7,29.8,83.3,0.718,3.23,1.03,14.15,4,0,0,70.9,69.9,0,1177.1,0.0436
3535.9,73.6,25.2,54.8,53.6,45.5,121.9,0.746,4.44,4.51,13.82,4,0,0,73.6,73.8,1,32.5,0.8329
2883.0,68.0,29.0,54.3,78.7,38.3,95.3,0.119,16.62,11.76,13.91,4,0,0,68.0,67.8,2,35.7,0.6811
2196.0,28.1,9.8,52.3,52.0,29.5,91.1,0.781,1.85,2.04,13.98,2,0,0,28.1,28.0,0,823.5,0.014
1856.0,14.5,10.8,49.6,47.1,30.0,87.6,0.799,1.05,0.89,14.21,1,0,0,14.5,14.6,0,849.0,0.0795
2070.5,26.1,20.2,50.5,51.7,29.0,88.9,0.757,4.77,2.18,14.19,2,0,0,26.1,26.3,0,1048.7,0.045
3189.5,24.6,12.8,32.4,30.9,31.9,91.0,0.719,1.11,2.04,14.35,1,0,0,24.6,24.2,0,1186.0,0.0566
1662.7,26.7,16.1,60.6,58.7,35.9,86.9,0.493,2.19,1.01,11.3,3,0,0,26.7,26.9,3,38.4,0.9034
850.0,0.0,2.0,33.0,65.5,39.5,94.3,0.164,20.68,14.55,13.89,0,0,0,0.0,0.0,2,93.7,0.7568
4025.7,107.3,14.8,48.2,50.8,31.6,85.5,0.697,-0.59,0.99,11.27,5,0,0,107.3,106.4,3,19.8,0.888
2336.5,38.1,21.5,50.2,49.5,30.0,87.0,0.789,0.97,0.76,14.35,3,0,0,38.1,38.4,0,1396.5,0.0228
4426.8,53.3,40.3,74.5,74.8,40.3,114.6,0.799,11.78,6.63,13.98,2,0,0,53.3,52.8,1,52.6,0.7679
2679.9,19.6,10.0,49.9,46.2,33.8,86.2,0.692,2.86,1.0,10.98,1,0,0,19.6,19.9,3,24.8,0.9776
1880.4,28.4,14.7,45.8,43.3,39.3,91.2,0.261,1.4,1.74,14.28,3,0,0,28.4,28.8,0,1237.4,0.0422
2196.1,27.9,11.6,42.6,44.9,38.0,85.7,0.225,1.02,1.68,14.11,2,0,0,27.9,28.1,0,893.7,0.0709
2792.7,44.3,6.4,63.2,64.7,33.3,127.4,0.836,6.96,7.15,13.98,3,0,0,44.3,44.4,1,23.7,0.7904
1063.7,0.0,2.0,32.5,33.6,39.6,86.4,0.311,0.4,1.24,14.03,0,0,1,0.0,0.0,0,875.8,0.0675
1342.8,15.1,20.5,39.8,71.3,34.7,89.9,0.08,18.64,14.11,13.75,1,0,0,15.1,15.3,2,71.7,0.843
2209.1,28.3,8.1,46.8,48.7,32.1,90.2,0.736,1.72,1.4,14.16,2,0,0,28.3,28.3,0,947.3,0.0452
2087.3,35.6,10.3,40.9,69.5,29.5,95.9,0.056,19.62,14.77,13.93,3,0,0,35.6,36.3,2,58.1,0.8302
3358.2,74.7,27.2,65.0,67.0,32.4,85.4,0.731,0.53,0.31,14.04,4,0,0,74.7,74.4,0,1148.1,0.0368
2805.3,73.5,25.8,65.1,60.3,32.4,85.5,0.239,0.57,1.92,13.97,5,0,0,73.5,72.2,0,1432.6,0.0233
3182.3,83.7,27.4,63.8,62.7,31.1,85.3,0.693,0.0,3.15,14.17,5,0,0,83.7,83.6,0,1426.8,0.0515
1933.9,26.8,20.9,45.7,69.8,38.4,97.8,0.177,18.3,14.51,13.89,2,0,0,26.8,26.6,2,72.1,0.8342
2699.9,20.3,21.0,46.4,46.1,43.8,115.0,0.86,3.31,3.36,13.98,1,0,0,20.3,20.4,1,37.9,0.9596
2235.3,15.2,10.6,53.9,53.6,27.4,85.7,0.854,0.07,1.52,14.13,1,0,0,15.2,15.4,0,1129.9,0.0494
1014.1,0.0,2.1,36.2,34.6,31.1,85.0,0.696,1.93,1.88,14.06,0,0,1,0.0,0.0,0,787.8,0.0426
1124.4,0.0,1.9,35.5,62.1,33.7,93.9,0.062,14.84,14.65,13.87,0,0,0,0.0,0.0,2,86.6,0.6895
2743.0,34.3,9.9,49.1,46.4,28.1,86.2,0.183,0.41,2.46,14.16,2,0,0,34.3,34.3,0,729.6,0.0474
4343.9,75.7,51.9,89.3,98.0,37.2,90.7,0.174,20.7,12.8,14.09,3,0,0,75.7,75.2,2,115.7,0.6568
2344.0,40.7,21.8,46.2,44.7,30.0,89.7,0.246,4.02,1.36,14.14,3,0,0,40.7,40.1,0,798.4,0.0454
2140.3,27.5,21.2,44.1,43.8,33.1,91.0,0.874,3.21,1.14,14.03,2,0,0,27.5,27.0,0,1210.7,0.0367
1054.9,0.0,2.3,34.3,32.0,29.4,88.4,0.312,0.91,1.78,14.06,0,0,0,0.0,0.0,0,963.5,0.0328
3614.6,96.4,19.9,63.1,64.4,33.0,89.0,0.195,1.54,1.57,14.29,5,0,0,96.4,97.0,0,906.5,0.075
1067.0,0.0,2.0,43.4,40.1,40.8,119.3,0.685,4.42,4.3,13.55,0,0,0,0.0,0.0,1,37.5,0.8064
3550.8,37.8,73.3,83.6,82.4,33.6,81.8,0.249,1.46,2.31,14.24,2,0,0,37.8,38.3,0,707.2,0.0785
3482.6,89.1,29.9,63.2,63.9,31.9,86.2,0.23,0.47,1.04,14.12,5,0,0,89.1,89.4,0,1264.7,0.0744
942.0,0.0,2.2,32.6,57.9,29.5,88.1,0.057,25.62,15.11,13.93,0,0,0,0.0,0.0,2,94.6,0.7102
3856.4,100.8,33.6,62.8,60.6,34.3,86.7,0.816,0.48,0.7,14.31,5,0,0,100.8,100.8,0,1450.1,0.0153
2726.1,20.6,16.4,46.7,43.2,26.8,88.7,0.316,-0.92,0.44,14.08,1,0,0,20.6,20.7,0,1215.8,0.0699
1009.5,0.0,2.5,35.4,34.9,38.2,86.1,0.41,3.02,1.63,9.86,0,0,0,0.0,0.0,3,30.7,0.8919
3015.1,48.0,11.8,42.9,41.7,47.9,115.5,0.665,13.03,4.25,14.07,3,0,0,48.0,48.8,1,32.1,0.7727
3815.1,78.6,22.7,60.8,59.9,33.2,90.5,0.341,1.59,2.21,14.17,4,0,0,78.6,79.2,0,928.9,0.0577
4435.6,93.5,73.6,89.1,87.5,33.3,88.3,0.2,2.76,0.99,10.23,4,0,0,93.5,92.6,3,40.2,0.9763
4402.1,72.3,62.4,94.5,93.6,36.2,113.9,0.828,6.38,4.91,13.87,3,0,0,72.3,72.3,1,74.5,0.9383
1676.8,21.1,16.3,46.5,49.7,32.0,92.5,0.331,2.68,0.68,14.1,2,0,0,21.1,20.7,0,701.2,0.0264
3817.5,84.9,33.6,46.3,47.5,28.9,84.3,0.695,1.59,1.35,14.27,4,0,0,84.9,83.7,0,1155.9,0.0251
3652.2,81.9,29.7,58.4,80.5,30.1,95.6,0.117,21.75,14.44,13.93,4,0,0,81.9,81.4,2,58.3,0.7272
3166.9,64.5,32.6,62.7,60.9,38.4,120.3,0.661,4.03,5.45,13.5,4,0,0,64.5,63.2,1,32.4,0.7834
2134.8,15.1,20.0,36.2,38.6,30.6,80.2,0.814,1.95,0.74,14.38,1,0,0,15.1,14.9,0,1324.0,0.0152
2647.6,34.2,11.9,33.2,58.1,30.9,96.4,0.14,18.82,13.79,13.96,2,0,0,34.2,34.7,2,87.0,0.8237
2555.0,44.0,18.5,46.1,66.5,27.8,98.0,0.058,17.72,15.55,13.78,3,0,0,44.0,44.4,2,80.7,0.7202
3322.6,83.5,19.4,63.9,65.8,36.4,87.8,0.322,1.64,0.65,14.14,5,0,0,83.5,81.9,0,1350.6,0.0369
3098.0,82.3,22.4,62.6,62.9,32.7,76.2,0.232,2.3,0.64,14.0,5,0,0,82.3,82.7,0,910.6,0.0409
2719.7,33.2,18.6,46.7,46.7,33.2,88.7,0.23,0.77,1.26,14.17,2,0,0,33.2,33.1,0,909.5,0.0453
3165.5,65.8,31.2,62.7,64.7,48.8,114.7,0.833,10.28,3.85,13.61,4,0,0,65.8,64.5,1,8.4,0.7564
1083.2,0.0,1.9,35.1,35.1,38.3,86.0,0.183,-1.63,1.5,14.06,0,0,0,0.0,0.0,0,734.7,0.0662
1069.0,0.0,2.1,28.3,31.0,34.0,85.3,0.251,1.37,2.16,14.03,0,0,0,0.0,0.0,0,1295.9,0.0293
1006.8,0.0,1.9,33.3,60.2,27.1,93.0,0.051,24.89,14.63,14.11,0,0,0,0.0,0.0,2,98.3,0.8704
3474.1,76.2,16.4,56.1,88.7,33.9,93.2,0.139,14.04,11.81,14.14,4,0,0,76.2,76.7,2,61.0,0.8444
2670.3,36.2,17.4,51.1,51.3,29.1,93.0,0.852,0.52,2.15,14.36,2,0,0,36.2,36.7,0,835.3,0.0375
2927.8,33.7,11.5,52.7,84.0,29.5,91.5,0.129,19.46,16.81,14.3,2,0,0,33.7,33.2,2,61.7,0.9186
3287.6,72.2,19.7,64.0,65.5,34.5,89.6,0.734,2.26,2.77,14.28,4,0,0,72.2,73.3,0,1455.8,0.0783
1175.9,0.0,1.8,38.4,65.3,28.7,89.0,0.195,19.87,16.34,14.02,0,0,0,0.0,0.0,2,103.1,0.7185
2355.6,58.3,16.9,59.2,58.1,37.2,87.1,0.847,1.56,0.97,14.19,5,0,0,58.3,58.3,0,1464.9,0.0262
3821.9,105.2,18.0,59.9,58.6,40.1,93.2,0.771,2.88,1.07,14.17,5,0,0,105.2,104.1,0,1156.2,0.0305
2363.1,30.9,6.5,55.1,87.5,30.6,91.7,0.114,13.84,15.44,14.1,2,0,0,30.9,30.5,2,103.8,0.7792
3407.5,89.2,15.8,57.2,57.7,38.1,82.0,0.705,1.8,0.87,14.12,5,0,0,89.2,90.9,0,1038.9,0.0483
3106.0,25.2,15.7,44.4,47.2,28.9,83.5,0.324,2.03,0.4,13.91,1,0,0,25.2,25.6,0,1269.3,0.0143
2692.8,30.3,15.2,41.2,41.6,41.8,120.0,0.831,6.09,4.13,13.63,2,0,0,30.3,29.7,1,35.6,0.9403
4280.1,92.5,66.3,75.2,77.1,41.9,113.3,0.845,7.76,3.45,13.87,4,0,0,92.5,93.3,1,69.6,0.9507
3191.3,73.3,16.3,69.9,73.2,44.5,129.4,0.67,7.42,4.8,13.74,4,0,0,73.3,73.9,1,55.6,0.8591
1087.5,0.0,2.0,32.2,31.6,40.4,117.6,0.82,7.54,5.03,13.55,0,0,0,0.0,0.0,1,26.7,0.802
4203.1,91.0,49.8,91.5,89.0,37.0,86.4,0.876,1.38,1.55,13.95,4,0,0,91.0,91.1,0,1008.7,0.0543
1008.8,0.0,2.1,31.4,30.8,33.7,84.6,0.326,-1.37,2.53,14.16,0,0,0,0.0,0.0,0,993.8,0.0203
2344.9,19.4,20.8,33.7,36.9,28.3,84.9,0.325,2.12,2.39,14.19,1,0,0,19.4,19.6,0,785.3,0.0138
1075.0,0.0,2.2,36.3,32.2,37.3,85.5,0.219,2.84,1.51,13.93,0,0,1,0.0,0.0,0,1242.5,0.032
3453.5,90.0,16.9,66.6,66.8,36.0,87.3,0.607,1.11,1.63,10.14,5,0,0,90.0,88.7,3,41.1,0.8525
2279.0,37.7,18.3,48.0,48.9,30.8,87.4,0.25,1.14,1.36,14.12,3,0,0,37.7,38.1,0,1042.6,0.0267
2125.3,17.3,10.1,46.2,46.2,37.6,83.3,0.31,1.07,1.21,14.11,1,0,0,17.3,17.5,0,1318.8,0.0259
4479.4,55.8,46.8,81.6,81.1,27.0,87.8,0.296,3.49,1.71,14.18,2,0,0,55.8,56.0,0,1294.3,0.0543
1027.0,0.0,2.2,36.2,36.3,34.5,90.7,0.648,3.34,1.77,10.29,0,0,0,0.0,0.0,3,39.0,0.9175
1052.0,0.0,2.3,28.5,30.0,38.5,91.3,0.298,3.56,1.82,13.97,0,0,0,0.0,0.0,0,961.9,0.0369
1060.7,0.0,2.2,35.5,34.9,36.8,82.9,0.703,3.54,2.51,14.01,0,0,0,0.0,0.0,0,1354.3,0.0496
4767.5,100.4,40.5,79.5,79.2,38.9,86.7,0.181,2.2,2.49,14.11,4,0,0,100.4,98.9,0,902.3,0.0147
3030.0,82.7,21.8,60.8,59.8,39.3,129.2,0.89,8.83,5.03,13.76,5,0,0,82.7,83.2,1,57.5,0.8798
1019.2,0.0,2.4,37.1,33.9,33.1,83.3,0.238,2.95,2.2,13.99,0,0,0,0.0,0.0,0,1245.2,0.0593
1734.1,14.1,16.7,32.1,51.3,35.2,97.5,0.198,15.19,14.5,14.09,1,0,0,14.1,13.9,2,119.8,0.8089
3060.8,64.7,23.5,58.3,56.2,34.6,90.2,0.46,-2.3,0.51,10.28,4,0,0,64.7,63.6,3,20.8,0.856
1057.9,0.0,2.2,35.5,33.3,33.6,85.8,0.719,1.97,0.9,14.0,0,0,1,0.0,0.0,0,1201.2,0.0661
1073.3,0.0,2.2,38.4,35.0,43.5,117.5,0.746,6.18,2.97,14.15,0,0,1,0.0,0.0,1,47.3,0.8153
2097.3,35.2,8.6,50.3,50.1,27.4,94.1,0.568,-0.29,0.86,10.26,3,0,0,35.2,35.6,3,35.7,0.8442
1054.1,0.0,1.8,32.9,32.2,40.8,125.2,0.791,13.34,5.2,13.96,0,0,0,0.0,0.0,1,34.0,0.7923
1076.7,0.0,1.8,30.9,30.0,28.9,85.8,0.852,4.02,1.8,14.05,0,0,0,0.0,0.0,0,1040.7,0.0661
2058.5,20.8,19.0,34.3,35.0,30.0,87.0,0.282,1.09,2.47,14.2,2,0,0,20.8,21.2,0,1236.1,0.0545
3454.9,70.3,31.4,56.7,60.1,42.9,122.0,0.828,7.29,4.26,14.27,4,0,0,70.3,70.0,1,15.4,0.8445
3905.7,44.7,74.0,72.1,74.7,32.5,83.3,0.228,0.55,1.22,14.17,2,0,0,44.7,45.6,0,1097.2,0.0614
1987.0,12.1,21.3,46.1,45.6,42.7,125.4,0.867,7.92,3.12,13.66,1,0,0,12.1,12.3,1,16.6,0.9159
3455.1,93.3,24.5,51.9,54.6,33.2,87.2,0.271,0.25,2.15,10.05,5,0,0,93.3,95.1,3,34.2,0.9227
1091.4,0.0,1.9,36.4,36.0,39.0,86.0,0.577,-1.11,1.16,10.33,0,0,1,0.0,0.0,3,36.4,0.8948
2362.2,64.8,22.2,57.5,57.9,32.7,88.5,0.19,1.32,2.62,14.41,5,0,0,64.8,65.8,0,1403.6,0.0632
3718.3,78.5,23.0,61.5,59.7,33.7,83.1,0.687,0.28,0.64,14.17,4,0,0,78.5,79.8,0,1484.9,0.0226
3766.2,78.0,19.7,71.1,69.8,30.6,84.6,0.41,0.91,-0.32,10.5,4,0,0,78.0,79.5,3,42.4,0.8873
2980.6,69.5,26.3,61.4,78.4,36.5,104.1,0.157,23.67,14.0,14.17,4,0,0,69.5,68.4,2,41.8,0.875
1059.4,0.0,1.8,34.2,35.7,32.1,84.9,0.342,3.99,2.43,14.1,0,0,0,0.0,0.0,0,1275.0,0.0135
2574.9,43.5,19.0,45.4,45.4,33.8,84.3,0.413,1.37,1.74,10.76,3,0,0,43.5,44.1,3,21.0,0.8578
1899.3,27.6,17.9,51.1,85.3,35.4,100.3,0.072,20.01,13.77,13.83,2,0,0,27.6,27.7,2,86.6,0.6647
1004.5,0.0,2.2,33.0,34.5,29.4,87.8,0.719,4.06,2.18,14.12,0,0,0,0.0,0.0,0,880.9,0.0113
2428.7,67.5,33.7,53.9,52.6,30.2,85.3,0.764,1.76,0.58,14.19,5,0,0,67.5,67.8,0,1019.0,0.0231
2363.0,27.9,15.0,46.4,46.9,30.2,85.3,0.255,3.87,1.66,14.16,2,0,0,27.9,27.9,0,1099.2,0.0646
2707.2,30.8,11.6,49.3,46.4,38.3,83.2,0.277,2.86,2.11,14.19,2,0,0,30.8,31.2,0,1195.6,0.0292
1046.9,0.0,2.5,35.2,35.3,27.3,89.2,0.716,2.12,1.03,14.19,0,0,0,0.0,0.0,0,732.3,0.0494
3762.9,82.6,20.5,65.2,87.0,31.0,92.9,0.174,13.77,14.94,13.95,4,0,0,82.6,81.5,2,107.4,0.9085
1081.0,0.0,1.9,38.7,38.6,32.8,85.8,0.824,1.57,1.3,13.92,0,0,0,0.0,0.0,0,883.6,0.0199
1042.2,0.0,2.2,37.2,36.7,38.8,87.8,0.302,3.84,0.63,14.15,0,0,0,0.0,0.0,0,1215.0,0.0328
2591.4,19.5,6.0,51.5,51.1,35.6,92.3,0.32,2.29,0.5,14.1,1,0,0,19.5,19.5,0,1360.1,0.0166
1024.9,0.0,2.1,35.8,33.6,31.6,86.9,0.77,2.0,2.27,14.03,0,0,0,0.0,0.0,0,980.2,0.0259
2805.2,33.2,11.4,39.1,38.7,28.6,90.2,0.593,2.57,3.2,10.16,2,0,0,33.2,33.6,3,37.2,0.9445
2007.1,14.8,14.1,44.6,46.2,29.4,90.7,0.687,2.47,1.54,14.1,1,0,0,14.8,14.8,0,840.0,0.0627
3568.2,95.6,16.3,69.4,69.9,29.5,93.2,0.86,0.92,0.67,14.07,5,0,0,95.6,96.4,0,1348.8,0.0451
1051.6,0.0,1.9,32.9,35.1,43.2,112.7,0.738,6.97,4.32,13.7,0,0,0,0.0,0.0,1,47.6,0.888
3384.1,87.5,21.3,62.1,61.5,36.1,89.5,0.326,3.28,1.81,14.26,5,0,0,87.5,87.9,0,888.8,0.0324
1609.2,20.0,18.6,54.0,51.6,34.2,85.4,0.711,1.59,1.28,14.13,2,0,0,20.0,19.9,0,1185.8,0.0749
4127.7,47.0,78.8,89.1,91.6,33.5,93.6,0.769,0.24,1.48,14.03,2,0,0,47.0,47.9,0,824.0,0.0273
4375.6,72.1,54.7,81.7,83.5,37.2,83.3,0.841,1.11,2.02,13.87,3,0,0,72.1,71.8,0,1070.7,0.0599
2369.4,30.5,15.8,59.3,58.8,32.6,86.4,0.757,-2.56,0.61,14.23,2,0,0,30.5,30.9,0,903.2,0.0116
3462.5,88.9,25.8,62.4,60.8,26.8,91.3,0.695,0.48,2.27,13.81,5,0,0,88.9,88.7,0,948.9,0.0684
3191.7,28.2,20.2,53.1,52.9,28.6,89.2,0.852,4.17,1.38,14.23,1,0,0,28.2,28.4,0,1491.4,0.0386
986.9,0.0,2.4,33.5,31.5,29.1,89.5,0.251,-1.92,1.21,11.19,0,0,0,0.0,0.0,3,14.2,0.8656
2818.3,35.7,19.5,40.6,42.2,29.2,88.1,0.715,1.46,1.45,14.3,2,0,0,35.7,36.4,0,1134.5,0.0718
2163.2,22.0,10.9,55.0,52.8,28.3,80.9,0.861,5.06,0.34,14.15,2,0,0,22.0,21.6,0,1094.5,0.0362
2123.5,27.1,8.0,47.2,46.9,41.0,110.5,0.878,10.37,3.03,13.58,2,0,0,27.1,27.0,1,22.7,0.8649
3280.2,68.0,20.8,61.2,62.8,29.6,90.5,0.835,1.23,0.52,14.16,4,0,0,68.0,67.1,0,1071.4,0.0654
3343.3,55.2,9.5,54.4,55.2,41.7,115.7,0.885,5.08,2.07,13.83,3,0,0,55.2,56.0,1,24.5,0.72
4207.1,50.2,67.2,90.2,90.5,25.5,81.8,0.83,3.31,0.74,14.12,2,0,0,50.2,49.4,0,896.0,0.0194
3145.7,48.2,14.9,51.6,49.3,38.1,83.1,0.431,1.37,1.46,11.11,3,0,0,48.2,47.3,3,4.2,0.8127
1041.3,0.0,1.8,27.6,29.3,36.3,83.7,0.866,-1.16,1.18,14.07,0,0,0,0.0,0.0,0,949.7,0.0655
2747.0,57.7,28.7,62.7,62.0,29.3,91.0,0.262,1.9,1.85,14.07,4,0,0,57.7,57.4,0,876.9,0.0258
3066.4,78.9,15.4,52.1,54.1,31.6,81.4,0.767,2.58,1.4,14.0,5,0,0,78.9,77.8,0,816.9,0.0131
3668.0,97.8,33.8,66.0,69.3,40.0,86.1,0.622,-1.13,1.02,10.29,5,0,0,97.8,98.4,3,19.5,0.958
1048.1,0.0,2.3,35.6,31.5,33.2,88.6,0.684,1.51,0.77,13.93,0,0,0,0.0,0.0,0,1299.5,0.0706
1059.1,0.0,2.0,35.9,36.7,36.5,86.2,0.3,2.67,0.82,14.13,0,0,0,0.0,0.0,0,1324.7,0.0465
2503.5,29.1,14.8,43.2,40.7,38.7,90.2,0.81,1.4,1.07,14.08,2,0,0,29.1,29.2,0,1498.3,0.0631
2624.9,19.6,17.8,49.4,48.9,50.6,112.4,0.848,9.09,3.96,13.69,1,0,0,19.6,19.8,1,59.6,0.8872
1090.9,0.0,2.1,35.9,35.5,30.2,81.4,0.25,2.16,1.06,14.1,0,0,0,0.0,0.0,0,1334.7,0.0482
2197.2,35.1,9.8,51.0,74.5,38.9,98.9,0.052,18.39,15.45,13.51,3,0,0,35.1,35.5,2,30.8,0.7952
4651.7,55.1,60.0,74.3,74.6,30.2,85.0,0.29,3.18,1.32,13.71,2,0,0,55.1,54.3,0,1050.2,0.0119
3879.1,103.4,15.3,70.3,67.2,28.8,86.1,0.864,2.7,0.68,14.5,5,0,0,103.4,104.3,0,1146.6,0.0597
3594.1,91.9,23.2,62.8,63.5,29.3,91.7,0.251,2.0,0.14,14.1,5,0,0,91.9,93.3,0,1195.8,0.0751
1832.4,22.6,7.1,44.0,44.0,33.1,91.5,0.813,3.98,3.01,14.18,2,0,0,22.6,22.6,0,1209.0,0.0613
1038.1,0.0,2.0,35.9,35.3,26.5,90.6,0.322,2.55,1.92,13.92,0,0,0,0.0,0.0,0,1417.9,0.0654
2960.1,35.1,16.3,44.9,44.2,32.4,85.9,0.195,3.32,0.99,14.14,2,0,0,35.1,34.4,0,1121.7,0.0614
3143.5,82.1,21.8,68.0,90.3,30.3,91.8,0.127,19.02,17.4,13.93,5,0,0,82.1,80.6,2,90.9,0.6657
1053.2,0.0,2.0,33.8,35.7,30.7,85.2,0.69,2.83,0.49,14.09,0,0,0,0.0,0.0,0,1259.4,0.0318
3007.0,34.2,10.5,38.1,40.0,29.6,92.0,0.24,0.87,2.14,14.02,2,0,0,34.2,34.5,0,896.1,0.0327
2307.4,18.1,20.9,51.8,53.1,35.1,94.9,0.777,2.61,0.86,14.11,1,0,0,18.1,18.1,0,1499.4,0.0571
3062.7,83.1,31.6,70.5,69.8,38.7,93.1,0.836,1.02,2.61,13.94,5,0,0,83.1,82.3,0,982.7,0.0236
3029.9,64.2,25.5,59.5,59.2,37.3,91.0,0.696,1.86,1.54,14.06,4,0,0,64.2,63.4,0,1279.3,0.0447
995.5,0.0,1.9,33.1,30.6,33.4,87.0,0.239,4.5,1.48,14.07,0,0,1,0.0,0.0,0,1047.8,0.0679
1057.5,0.0,1.9,39.7,37.1,34.0,85.2,0.19,2.07,2.1,14.12,0,0,0,0.0,0.0,0,747.5,0.0427
1355.7,0.0,2.4,37.7,56.8,31.9,91.5,0.192,20.21,9.16,13.97,0,0,0,0.0,0.0,2,46.8,0.6914
3247.4,87.2,26.8,62.0,62.6,29.9,86.1,0.638,0.21,-0.49,10.68,5,0,0,87.2,87.3,3,40.9,0.9463
2424.7,18.9,9.1,43.0,41.9,34.5,84.3,0.344,1.24,0.14,14.06,1,0,0,18.9,19.1,0,717.2,0.0206
3466.9,91.7,34.3,74.4,73.0,35.2,94.1,0.255,2.53,1.91,14.13,5,0,0,91.7,90.2,0,854.7,0.0557
1046.0,0.0,2.1,31.9,31.6,44.1,117.5,0.695,8.63,4.33,13.77,0,0,1,0.0,0.0,1,19.3,0.8065
2226.1,15.6,18.5,58.0,55.0,35.5,88.3,0.248,1.55,1.64,14.03,1,0,0,15.6,15.8,0,1155.4,0.0568
3257.3,82.9,34.6,58.3,57.0,29.2,87.4,0.717,1.43,0.05,14.3,5,0,0,82.9,81.9,0,1344.9,0.0142
3308.2,87.2,28.9,62.9,62.3,35.5,88.4,0.824,2.97,-0.16,14.13,5,0,0,87.2,86.2,0,917.2,0.0398
1048.9,0.0,2.1,32.3,34.8,43.0,118.0,0.88,7.84,4.82,14.01,0,0,0,0.0,0.0,1,22.3,0.9186
2038.0,23.6,18.7,51.8,47.3,42.8,123.5,0.728,10.84,3.78,13.57,2,0,0,23.6,23.4,1,33.8,0.9258
2754.1,23.4,7.8,44.9,42.9,37.1,86.8,0.211,-1.39,1.97,14.13,1,0,0,23.4,23.8,0,1295.1,0.0194
1060.8,0.0,2.4,34.6,34.6,30.7,88.2,0.285,0.84,1.38,14.18,0,0,0,0.0,0.0,0,1087.5,0.0107
2124.6,37.5,6.4,59.7,57.7,33.0,92.2,0.221,1.13,1.17,14.13,3,0,0,37.5,37.9,0,881.0,0.0236
1050.7,0.0,1.8,30.2,29.8,41.9,126.1,0.852,5.0,3.34,13.85,0,0,0,0.0,0.0,1,28.4,0.8427
4060.4,91.6,29.0,69.3,66.4,36.2,88.6,0.703,0.35,0.85,14.13,4,0,0,91.6,90.8,0,824.7,0.0481
1078.2,0.0,2.2,36.2,37.6,27.8,83.3,0.324,4.83,0.36,14.01,0,0,0,0.0,0.0,0,815.1,0.074
3017.0,82.9,15.8,61.2,90.6,28.9,92.7,0.058,21.49,12.04,13.86,5,0,0,82.9,81.5,2,93.0,0.8886
3266.5,39.0,15.8,51.2,52.9,34.6,91.0,0.81,0.96,1.77,14.19,2,0,0,39.0,39.0,0,889.7,0.0196
1985.2,15.2,19.3,49.2,50.1,42.7,120.7,0.876,8.66,5.05,13.81,1,0,0,15.2,15.2,1,16.6,0.769
1648.5,13.1,13.6,67.2,62.5,36.7,92.4,0.758,3.47,1.7,14.03,1,0,0,13.1,13.3,0,916.4,0.042
1876.8,29.0,18.8,60.4,58.8,35.6,86.6,0.208,3.09,1.45,14.25,3,0,0,29.0,28.6,0,827.1,0.03
3499.7,73.7,34.5,61.6,59.7,31.5,86.8,0.747,1.51,0.97,14.19,4,0,0,73.7,73.5,0,906.2,0.077
1742.3,28.6,20.4,49.4,51.4,37.4,106.1,0.858,8.12,4.0,14.02,3,0,0,28.6,28.1,1,29.3,0.9531
978.7,0.0,2.1,32.3,53.6,34.6,90.9,0.106,18.46,19.66,13.92,0,0,0,0.0,0.0,2,42.9,0.8762
2866.3,33.8,21.2,62.7,87.9,36.6,98.8,0.162,22.68,13.21,13.82,2,0,0,33.8,33.6,2,100.4,0.822
5182.2,64.4,40.2,90.0,88.2,28.1,85.5,0.788,2.91,3.22,14.08,2,0,0,64.4,65.3,0,973.6,0.0194
1050.1,0.0,2.2,39.0,38.9,45.5,114.5,0.81,7.35,4.94,13.82,0,0,0,0.0,0.0,1,34.7,0.7833
3242.5,86.3,18.3,59.7,61.2,27.6,85.9,0.219,4.29,2.48,14.32,5,0,0,86.3,85.8,0,1001.0,0.0403
2170.7,16.3,13.1,49.6,50.8,31.2,90.4,0.185,1.7,2.26,14.29,1,0,0,16.3,16.2,0,971.5,0.0259
872.2,0.0,1.9,34.5,53.8,26.7,101.5,0.114,13.07,11.92,14.05,0,0,0,0.0,0.0,2,24.2,0.7133
1041.7,0.0,2.0,31.0,29.7,36.8,81.8,0.75,1.12,2.37,13.91,0,0,0,0.0,0.0,0,1252.3,0.0558
3402.1,90.9,19.7,53.9,55.9,31.2,84.3,0.796,-0.18,2.78,14.35,5,0,0,90.9,90.8,0,1169.2,0.0238
2251.2,24.9,7.4,54.2,54.1,35.9,84.6,0.832,3.18,2.36,14.11,2,0,0,24.9,25.2,0,1167.4,0.02
1062.5,0.0,1.9,35.3,33.3,29.0,84.5,0.274,4.6,0.45,14.03,0,0,0,0.0,0.0,0,1292.8,0.0257
1100.6,0.0,1.9,33.8,34.7,27.9,85.3,0.698,1.03,1.13,14.09,0,0,1,0.0,0.0,0,1126.5,0.0647
1017.3,0.0,1.8,29.5,28.9,29.3,87.5,0.25,1.35,1.27,14.05,0,0,1,0.0,0.0,0,1150.1,0.0587
2327.5,18.5,21.1,45.0,45.4,32.1,92.9,0.21,2.45,1.89,14.21,1,0,0,18.5,18.7,0,876.3,0.0667
2390.0,30.2,11.9,48.5,67.2,27.3,96.0,0.12,17.52,15.27,14.06,2,0,0,30.2,30.0,2,51.2,0.7686
1839.8,16.5,16.4,57.2,84.8,32.2,92.9,0.071,22.73,14.1,14.09,1,0,0,16.5,16.8,2,84.6,0.6736
3082.3,64.9,16.0,52.3,56.1,37.0,93.8,0.315,5.12,-0.05,14.12,4,0,0,64.9,65.8,0,761.2,0.0212
3859.6,104.3,24.1,62.3,60.4,32.4,87.3,0.757,2.23,0.48,14.39,5,0,0,104.3,103.3,0,1223.5,0.056
3453.4,72.1,18.0,65.9,64.2,38.0,83.0,0.732,1.56,1.05,14.34,4,0,0,72.1,71.2,0,1434.5,0.065
1072.3,0.0,1.9,34.7,34.7,37.8,89.6,0.214,0.57,0.18,14.01,0,0,1,0.0,0.0,0,717.9,0.0347
3089.8,83.7,30.9,60.8,62.9,31.1,87.9,0.815,1.9,0.14,14.17,5,0,0,83.7,83.2,0,869.9,0.0188
4507.5,92.5,77.3,78.6,77.8,44.1,114.1,0.705,9.27,4.69,13.68,4,0,0,92.5,93.2,1,52.7,0.7493
1007.1,0.0,2.4,36.2,32.6,40.0,85.7,0.831,-0.28,0.46,14.08,0,0,0,0.0,0.0,0,1271.7,0.0156
2516.9,29.7,16.3,35.6,37.9,27.2,87.9,0.83,2.2,2.48,13.93,2,0,0,29.7,29.9,0,1024.7,0.0249
2427.0,40.2,9.5,39.0,41.0,26.5,86.1,0.791,0.41,0.52,14.4,3,0,0,40.2,40.5,0,1192.5,0.0617
1015.5,0.0,2.5,31.4,30.2,35.6,82.9,0.823,-0.53,1.14,14.16,0,0,0,0.0,0.0,0,1218.9,0.0569
988.2,0.0,2.1,32.1,31.3,28.7,87.7,0.646,3.48,-0.82,10.27,0,0,0,0.0,0.0,3,5.0,0.9568
2059.3,24.2,11.1,35.5,61.2,36.4,99.6,0.065,15.32,15.55,14.08,2,0,0,24.2,24.2,2,56.9,0.6948
1072.4,0.0,2.2,34.2,32.5,34.1,82.6,0.26,2.56,1.13,13.92,0,0,0,0.0,0.0,0,763.3,0.0765
2597.0,42.6,7.0,45.2,78.1,34.8,93.6,0.197,17.23,10.69,14.13,3,0,0,42.6,42.7,2,61.6,0.7456
3543.9,78.9,23.4,65.0,63.3,32.6,86.2,0.713,-0.86,1.04,14.28,4,0,0,78.9,78.0,0,919.9,0.0722
3142.4,31.0,14.8,57.1,73.9,33.0,90.1,0.095,11.78,16.17,13.99,2,0,0,31.0,31.2,2,116.5,0.8749
1822.7,27.7,12.1,47.0,74.0,32.4,93.6,0.132,27.05,11.88,14.09,3,0,0,27.7,27.6,2,97.1,0.7848
1017.4,0.0,2.3,37.8,32.2,40.0,82.9,0.822,1.91,1.24,14.0,0,0,0,0.0,0.0,0,1168.3,0.0483
2893.6,46.9,18.7,54.6,52.4,33.5,87.4,0.284,2.67,2.53,14.18,3,0,0,46.9,46.3,0,949.9,0.0769
3007.2,49.5,6.5,59.9,58.1,36.2,87.0,0.872,1.72,1.88,13.98,3,0,0,49.5,48.6,0,1141.7,0.0525
1048.2,0.0,2.5,33.1,32.8,37.6,87.9,0.832,-1.12,2.13,14.08,0,0,1,0.0,0.0,0,852.5,0.0505
2039.1,17.3,17.8,45.4,44.6,37.3,119.8,0.703,11.6,3.37,14.27,1,0,0,17.3,17.4,1,44.1,0.866
3148.9,36.9,18.5,40.4,42.6,29.0,90.1,0.316,-0.15,2.32,14.01,2,0,0,36.9,36.5,0,838.4,0.0307
2245.5,25.5,11.2,60.1,57.7,32.7,91.0,0.326,5.04,1.13,14.05,2,0,0,25.5,26.0,0,1055.7,0.0615
2120.4,34.2,11.3,41.4,75.2,31.2,93.5,0.123,21.88,11.28,14.05,3,0,0,34.2,34.7,2,106.4,0.8038
2160.2,33.9,12.8,47.7,46.7,33.6,85.6,0.55,-0.55,0.63,10.44,3,0,0,33.9,33.5,3,38.6,0.8038
2460.5,19.4,9.4,49.1,47.0,38.9,89.7,0.808,1.06,0.48,14.05,1,0,0,19.4,19.6,0,987.1,0.0288
1811.3,13.5,11.1,38.8,39.1,32.4,92.4,0.774,1.6,1.24,14.12,1,0,0,13.5,13.6,0,993.6,0.0163
2214.6,24.6,18.8,53.8,56.3,29.7,89.4,0.691,0.14,1.58,14.32,2,0,0,24.6,24.9,0,1241.0,0.0456
2682.3,58.9,21.6,63.1,63.8,29.8,87.0,0.309,2.81,0.03,14.12,4,0,0,58.9,58.7,0,1412.7,0.0796
1020.2,0.0,2.0,32.5,33.9,28.6,86.5,0.575,-0.65,1.73,9.65,0,0,0,0.0,0.0,3,8.6,0.9503
2206.5,13.5,14.3,48.6,48.6,32.8,83.0,0.799,2.48,0.98,14.06,1,0,0,13.5,13.7,0,1295.2,0.0216
4352.8,72.5,41.4,90.8,90.7,32.4,88.3,0.826,3.63,2.17,13.99,3,0,0,72.5,72.3,0,1330.3,0.0446
3832.9,84.7,28.2,61.1,62.9,26.1,84.8,0.241,2.42,0.55,14.31,4,0,0,84.7,86.0,0,850.8,0.0671
1030.9,0.0,1.9,32.9,32.7,35.0,88.9,0.789,-0.01,0.71,14.1,0,0,0,0.0,0.0,0,1383.0,0.0257
2286.9,26.8,16.3,47.6,47.5,43.8,126.8,0.712,7.77,2.05,14.1,2,0,0,26.8,26.9,1,46.4,0.9316
2398.5,34.6,11.7,39.4,61.2,33.7,96.6,0.147,23.15,17.33,14.09,3,0,0,34.6,34.7,2,40.7,0.818
2047.9,24.3,7.0,53.7,52.8,39.6,88.9,0.246,2.91,0.4,14.19,2,0,0,24.3,24.7,0,1473.0,0.0158
3912.8,86.7,29.6,72.5,73.0,37.7,92.0,0.313,3.77,0.66,14.3,4,0,0,86.7,86.7,0,758.5,0.0388
4220.4,65.3,63.2,82.3,82.1,28.4,87.3,0.737,4.76,2.83,14.09,3,0,0,65.3,65.8,0,1332.9,0.022
1029.6,0.0,2.1,37.1,35.1,32.8,89.1,0.204,1.84,0.75,11.32,0,0,0,0.0,0.0,3,29.6,0.8455
934.3,0.0,2.2,28.3,58.0,35.3,93.9,0.171,20.29,12.66,13.64,0,0,0,0.0,0.0,2,21.4,0.867
2026.7,17.6,14.3,42.9,42.7,31.3,82.1,0.258,0.15,2.42,14.2,1,0,0,17.6,17.7,0,1280.0,0.0273
1098.2,0.0,1.8,36.2,35.3,39.6,117.8,0.832,10.39,3.71,13.5,0,0,0,0.0,0.0,1,21.3,0.8205
1932.5,14.9,18.9,51.0,47.6,42.8,114.0,0.778,1.97,5.84,13.94,1,0,0,14.9,15.0,1,27.2,0.9245
3414.5,73.5,23.8,61.6,64.0,34.9,92.6,0.316,3.31,0.4,14.21,4,0,0,73.5,72.7,0,1230.2,0.0728
3418.3,55.3,13.9,50.9,49.2,37.5,86.9,0.392,0.55,-0.7,10.63,3,0,0,55.3,54.8,3,9.5,0.8527
2243.2,36.0,14.2,37.1,37.3,31.1,90.5,0.341,2.25,1.51,14.16,3,0,0,36.0,36.7,0,752.0,0.0445
2685.5,19.6,8.3,42.6,45.7,32.2,86.2,0.309,3.37,0.8,14.11,1,0,0,19.6,19.4,0,1094.4,0.0276
3591.1,94.0,31.9,73.9,70.1,36.0,95.9,0.234,0.02,2.52,13.9,5,0,0,94.0,95.3,0,1132.3,0.0384
2259.4,28.1,12.1,55.2,56.0,28.6,89.0,0.785,2.94,1.94,14.31,2,0,0,28.1,27.9,0,785.2,0.0679
1046.0,0.0,2.1,33.4,32.9,35.3,92.5,0.84,0.3,1.35,14.03,0,0,1,0.0,0.0,0,1358.2,0.0675
4312.2,52.5,75.1,81.1,82.1,38.1,119.8,0.861,7.58,2.29,13.64,2,0,0,52.5,52.7,1,24.9,0.8551
1058.2,0.0,2.2,35.0,34.5,34.0,87.7,0.732,3.58,2.25,14.17,0,0,0,0.0,0.0,0,767.6,0.0653
2757.9,32.6,21.8,38.9,37.6,40.6,115.8,0.832,3.05,5.21,14.09,2,0,0,32.6,32.2,1,52.2,0.9024
3646.1,94.7,14.4,61.7,60.1,30.1,84.8,0.806,2.41,0.53,14.2,5,0,0,94.7,94.5,0,1217.3,0.0171
3016.2,34.5,19.1,53.0,53.8,34.2,86.1,0.835,2.68,1.63,14.24,2,0,0,34.5,34.9,0,1116.5,0.0528
3102.7,48.5,48.0,91.9,89.1,36.7,88.3,0.827,0.2,1.92,14.29,3,0,0,48.5,48.7,0,1125.1,0.0254
1033.5,0.0,2.0,35.0,34.0,37.9,87.8,0.308,3.12,1.44,14.04,0,0,0,0.0,0.0,0,1144.0,0.0661
3460.3,91.7,21.8,69.2,68.1,45.4,113.9,0.69,6.99,3.9,13.89,5,0,0,91.7,91.0,1,56.1,0.9188
1014.8,0.0,2.3,37.3,35.3,29.8,84.3,0.866,-0.63,2.96,13.98,0,0,0,0.0,0.0,0,874.0,0.0312
2378.2,15.4,7.2,58.1,59.6,35.7,83.2,0.725,0.41,1.29,14.25,1,0,0,15.4,15.2,0,1026.3,0.0412
2169.0,17.3,13.0,53.6,54.4,30.7,84.6,0.752,3.01,1.01,14.1,1,0,0,17.3,17.0,0,1319.4,0.0349
2439.4,41.6,11.5,47.7,44.8,40.7,115.1,0.72,5.67,4.94,14.02,3,0,0,41.6,42.0,1,46.8,0.8757
3141.3,81.1,17.7,53.9,55.7,30.3,88.6,0.372,-1.03,3.04,11.05,5,0,0,81.1,81.3,3,35.6,0.8246
3206.1,82.7,29.6,63.3,63.6,39.9,120.0,0.881,8.82,3.85,14.01,5,0,0,82.7,82.4,1,67.3,0.765
2695.6,44.2,19.2,46.8,47.7,36.8,91.9,0.684,1.0,2.21,14.28,3,0,0,44.2,44.2,0,847.1,0.0457
2969.2,35.1,10.0,49.9,51.4,37.1,87.5,0.232,0.69,2.79,14.23,2,0,0,35.1,35.6,0,878.5,0.0372
1090.1,0.0,1.9,36.9,37.4,34.5,81.8,0.226,0.97,1.86,14.14,0,0,0,0.0,0.0,0,1262.6,0.0713
2620.3,32.4,8.8,38.8,36.0,26.3,91.4,0.295,3.51,1.02,13.97,2,0,0,32.4,32.3,0,933.0,0.0766
2018.0,14.9,18.4,50.9,52.4,33.3,88.8,0.238,1.92,1.72,14.11,1,0,0,14.9,15.2,0,1408.7,0.0558
3287.2,88.0,31.2,70.3,68.0,36.3,91.9,0.266,-0.39,-1.02,14.22,5,0,0,88.0,88.3,0,1353.3,0.0137
3687.5,75.8,31.2,61.8,62.5,35.9,84.6,0.744,1.62,2.5,13.99,4,0,0,75.8,76.4,0,1060.8,0.0114
5491.0,121.4,41.4,82.4,81.6,38.7,88.3,0.711,2.52,0.56,14.18,4,0,0,121.4,120.1,0,740.2,0.0628
947.6,0.0,1.8,33.4,61.2,26.9,92.6,0.076,18.1,12.31,13.71,0,0,0,0.0,0.0,2,94.9,0.6702
3341.3,72.2,31.3,60.5,61.0,35.6,89.6,0.235,1.42,2.39,14.15,4,0,0,72.2,73.2,0,738.5,0.0681
4207.7,71.7,66.2,85.5,85.8,36.9,82.1,0.189,2.8,1.08,14.18,3,0,0,71.7,72.7,0,1469.4,0.0702
2374.3,36.5,21.1,32.8,34.7,44.6,118.6,0.849,4.31,2.91,13.83,3,0,0,36.5,36.7,1,19.7,0.7475
3574.1,91.7,21.6,60.0,59.4,31.6,90.8,0.824,1.94,2.59,14.12,5,0,0,91.7,89.9,0,1377.5,0.0278
1965.7,13.4,13.8,50.1,50.6,45.5,108.8,0.654,6.31,5.05,13.74,1,0,0,13.4,13.2,1,35.0,0.8681
1069.0,0.0,2.2,29.8,29.9,31.7,83.4,0.784,6.54,1.49,14.03,0,0,0,0.0,0.0,0,1454.6,0.0717
2835.5,22.4,16.8,44.6,42.0,30.9,94.7,0.204,-0.44,-0.4,14.37,1,0,0,22.4,22.2,0,887.4,0.0754
2516.2,26.0,6.3,49.5,66.9,29.3,98.9,0.134,15.96,12.25,13.9,2,0,0,26.0,25.9,2,97.2,0.722
926.4,0.0,2.2,32.5,56.1,35.5,94.7,0.2,18.76,12.69,13.86,0,0,0,0.0,0.0,2,74.9,0.7902
1024.1,0.0,2.3,35.3,36.6,47.8,113.5,0.767,3.64,5.36,13.98,0,0,1,0.0,0.0,1,69.4,0.9096
3458.0,93.8,31.2,62.9,64.5,38.3,91.8,0.215,1.38,-0.37,14.23,5,0,0,93.8,93.7,0,1322.9,0.0574
2028.8,15.2,19.1,50.0,52.1,37.7,87.6,0.323,1.59,2.1,14.24,1,0,0,15.2,15.2,0,1135.8,0.037
1076.0,0.0,2.1,33.3,33.3,35.0,84.7,0.869,1.4,2.0,14.07,0,0,0,0.0,0.0,0,1365.0,0.0685
2857.0,23.1,9.3,41.0,39.6,35.1,91.1,0.701,1.44,1.76,14.16,1,0,0,23.1,22.9,0,1369.2,0.044
2283.6,36.5,21.6,51.9,52.6,35.3,84.6,0.664,5.36,1.18,10.97,3,0,0,36.5,36.9,3,7.2,0.9578
2640.1,43.3,14.8,47.1,44.3,36.8,88.5,0.754,2.61,1.57,14.26,3,0,0,43.3,43.1,0,880.7,0.017
1960.0,21.6,11.2,47.5,47.5,38.9,90.3,0.48,2.58,1.09,11.18,2,0,0,21.6,21.2,3,33.2,0.9286
2889.1,33.5,18.4,40.0,44.1,29.0,84.6,0.834,2.11,1.44,13.99,2,0,0,33.5,32.9,0,899.3,0.0627
3164.4,70.9,15.3,59.1,57.4,34.7,83.1,0.704,3.79,3.31,14.15,4,0,0,70.9,70.5,0,1164.6,0.0446
1011.1,0.0,2.3,31.0,30.0,32.1,85.4,0.289,-0.28,0.53,14.1,0,0,0,0.0,0.0,0,1230.8,0.0372
2302.1,40.6,9.0,58.7,75.6,37.4,92.5,0.151,17.63,13.92,14.16,3,0,0,40.6,40.7,2,40.1,0.81
1059.4,0.0,2.2,32.9,33.5,38.3,120.9,0.742,7.26,3.31,13.62,0,0,1,0.0,0.0,1,57.9,0.8639
2832.8,44.4,13.9,49.9,81.7,34.7,92.0,0.078,23.44,13.98,14.0,3,0,0,44.4,43.6,2,63.2,0.7814
4851.0,82.7,77.2,81.4,81.3,36.9,123.9,0.661,8.14,3.7,13.88,3,0,0,82.7,82.2,1,73.1,0.9086
4662.1,78.7,60.8,74.1,70.8,44.0,111.2,0.813,5.48,4.51,14.11,3,0,0,78.7,77.9,1,31.4,0.7295
987.6,0.0,1.8,31.5,55.1,34.6,95.7,0.155,14.93,11.88,13.86,0,0,0,0.0,0.0,2,38.6,0.6703
2382.9,29.0,8.6,47.9,46.7,37.7,90.7,0.288,1.28,1.38,14.19,2,0,0,29.0,29.5,0,1328.0,0.015
1064.0,0.0,2.3,28.1,31.3,32.2,90.2,0.719,2.04,1.66,14.04,0,0,0,0.0,0.0,0,769.0,0.0479
1031.5,0.0,2.3,36.7,36.9,28.3,88.7,0.285,2.78,1.93,14.01,0,0,0,0.0,0.0,0,1309.2,0.0501
1063.4,0.0,2.3,30.8,30.2,32.7,87.0,0.565,4.53,1.8,11.09,0,0,0,0.0,0.0,3,16.6,0.85
1083.8,0.0,2.2,28.6,32.8,29.5,89.6,0.678,1.03,0.35,10.58,0,0,0,0.0,0.0,3,4.2,0.9475
1065.4,0.0,2.0,30.7,30.8,36.0,82.4,0.708,0.18,3.24,13.89,0,0,0,0.0,0.0,0,1254.8,0.0314
3573.8,94.8,34.0,57.6,57.5,35.4,119.1,0.667,5.92,4.59,13.61,5,0,0,94.8,94.3,1,41.3,0.8144
1074.0,0.0,2.3,31.4,33.2,34.3,87.1,0.629,-2.95,1.82,10.45,0,0,0,0.0,0.0,3,13.2,0.9136
1018.5,0.0,2.5,30.3,32.2,38.5,88.1,0.717,0.92,2.27,14.18,0,0,0,0.0,0.0,0,779.2,0.0629
1784.7,21.2,7.9,47.2,44.2,37.3,82.9,0.713,1.98,2.14,14.43,2,0,0,21.2,21.3,0,764.8,0.0415
3175.3,65.3,20.2,63.7,63.1,26.1,83.7,0.342,2.29,0.69,10.63,4,0,0,65.3,66.6,3,8.7,0.8421
3040.2,36.7,12.7,46.4,44.0,38.4,87.7,0.2,1.59,0.74,14.14,2,0,0,36.7,36.1,0,780.9,0.0726
1782.8,12.4,17.3,51.2,51.2,46.3,116.1,0.838,11.39,4.18,14.22,1,0,0,12.4,12.4,1,61.5,0.8102
1045.6,0.0,1.8,26.8,28.8,38.3,83.8,0.32,0.95,2.16,14.09,0,0,1,0.0,0.0,0,872.1,0.0758
2646.1,46.4,16.4,51.0,49.1,37.4,87.7,0.217,1.31,0.37,10.31,3,0,0,46.4,45.6,3,19.2,0.9608
2473.2,18.9,21.4,51.5,51.0,34.3,88.2,0.429,3.8,-0.16,10.67,1,0,0,18.9,18.9,3,35.3,0.9676
1826.7,21.2,12.6,51.3,51.6,34.8,88.2,0.449,3.03,-0.15,10.09,2,0,0,21.2,21.0,3,25.6,0.8754
2459.4,18.1,8.9,48.6,46.2,33.1,96.6,0.824,1.83,1.76,14.18,1,0,0,18.1,18.0,0,949.3,0.0738
2033.1,28.2,14.7,57.1,76.3,34.8,94.2,0.076,20.08,15.25,13.96,2,0,0,28.2,28.0,2,75.4,0.701
1953.6,15.5,21.9,51.3,77.8,37.6,93.7,0.198,21.33,15.24,14.2,1,0,0,15.5,15.3,2,57.5,0.7583
2384.4,17.0,14.7,53.6,53.1,32.2,83.4,0.764,2.09,0.76,13.91,1,0,0,17.0,17.0,0,1107.3,0.034
3056.2,65.1,20.6,53.4,86.7,32.1,96.6,0.13,15.26,12.66,13.88,4,0,0,65.1,64.8,2,88.0,0.858
1049.6,0.0,2.3,35.5,34.8,36.1,83.6,0.768,2.67,1.93,14.14,0,0,0,0.0,0.0,0,1039.1,0.0772
2147.7,35.9,14.7,54.1,52.3,40.0,89.1,0.337,2.64,0.89,14.18,3,0,0,35.9,35.7,0,1263.9,0.0427
1048.2,0.0,2.5,36.2,35.6,32.0,89.0,0.801,1.35,0.96,14.06,0,0,1,0.0,0.0,0,1285.4,0.0301
1002.0,9.0,8.9,40.8,39.0,32.9,89.4,0.833,-0.15,1.45,14.03,1,0,0,9.0,9.1,0,1365.2,0.0251
1018.5,0.0,2.2,33.5,35.3,34.6,83.7,0.87,1.73,0.24,14.16,0,0,0,0.0,0.0,0,1159.6,0.069
1852.9,11.8,16.8,37.6,39.9,39.4,111.8,0.876,6.68,2.62,13.99,1,0,0,11.8,11.7,1,17.5,0.8049
2349.0,26.6,15.6,43.2,45.7,37.2,88.8,0.681,0.64,2.49,13.97,2,0,0,26.6,27.1,0,884.6,0.0125
3825.7,98.1,34.0,65.7,64.0,44.6,120.4,0.702,6.64,4.73,13.59,5,0,0,98.1,97.0,1,42.0,0.8177
2610.5,33.5,12.1,45.7,43.6,31.0,89.5,0.309,2.37,1.42,14.14,2,0,0,33.5,34.0,0,1292.9,0.0245
2856.4,72.9,29.7,57.1,54.6,32.3,89.7,0.255,-0.05,0.09,14.09,5,0,0,72.9,73.4,0,1358.5,0.0166
1029.8,0.0,2.3,34.1,34.9,27.3,88.6,0.186,1.67,-0.04,13.97,0,0,0,0.0,0.0,0,1294.6,0.0662
3202.4,73.1,18.7,65.5,84.8,29.0,95.0,0.07,17.71,12.83,13.73,4,0,0,73.1,74.4,2,93.6,0.8395
3025.9,77.9,32.5,58.3,56.8,34.8,88.3,0.344,3.1,2.3,14.06,5,0,0,77.9,77.9,0,1002.2,0.0545
2070.2,15.8,15.3,54.0,52.8,44.7,114.5,0.895,7.03,5.02,14.11,1,0,0,15.8,16.0,1,28.5,0.7454
3690.5,80.6,28.8,62.7,93.8,35.5,95.0,0.174,27.92,15.79,14.24,4,0,0,80.6,82.2,2,64.7,0.8497
2742.1,30.1,14.8,50.0,45.9,37.4,120.8,0.681,5.05,3.04,13.88,2,0,0,30.1,29.8,1,8.8,0.8816
2924.2,36.7,19.1,39.3,39.5,37.6,89.4,0.315,1.94,0.38,14.14,2,0,0,36.7,37.4,0,856.5,0.0165
1876.8,13.5,20.3,52.0,48.9,36.9,88.2,0.335,3.2,1.69,14.31,1,0,0,13.5,13.6,0,1401.6,0.0503
3105.7,72.1,19.0,58.6,80.5,31.2,97.1,0.1,19.48,11.58,13.82,4,0,0,72.1,72.4,2,26.3,0.8636
4796.6,59.4,57.4,82.5,82.0,37.4,90.4,0.325,-1.66,1.12,14.28,2,0,0,59.4,59.5,0,985.9,0.0497
2270.2,32.7,6.3,45.3,75.4,31.6,100.2,0.174,17.45,14.73,13.98,2,0,0,32.7,32.5,2,51.3,0.6941
1051.6,0.0,2.4,27.8,32.8,34.4,87.6,0.242,2.5,0.52,13.84,0,0,0,0.0,0.0,0,1436.0,0.0151
3615.8,61.5,69.3,87.6,87.7,27.3,84.7,0.541,3.81,-0.09,10.76,3,0,0,61.5,60.5,3,7.8,0.9649
3667.4,96.6,21.6,60.4,88.5,31.8,91.4,0.167,15.85,12.22,14.13,5,0,0,96.6,96.8,2,98.0,0.7005
3574.2,95.7,27.3,63.8,61.9,33.6,87.5,0.273,1.66,0.6,10.56,5,0,0,95.7,94.5,3,6.0,0.9109
3462.6,74.8,33.8,55.4,58.0,27.7,89.4,0.82,-1.3,1.97,14.22,4,0,0,74.8,76.1,0,760.9,0.073
3013.5,61.5,32.8,62.9,91.3,38.5,88.7,0.182,24.22,16.35,13.76,4,0,0,61.5,61.4,2,92.5,0.8218
2285.0,19.3,18.5,47.3,46.0,26.4,88.1,0.708,2.06,1.51,14.0,1,0,0,19.3,19.2,0,947.6,0.046
3574.6,92.4,25.7,58.9,57.3,36.9,81.6,0.83,1.44,1.18,14.25,5,0,0,92.4,90.8,0,967.6,0.0719
1496.5,23.5,6.5,44.9,47.4,48.1,110.0,0.755,5.84,2.31,13.73,3,0,0,23.5,23.8,1,15.7,0.7916
3547.5,74.1,32.6,59.4,79.1,28.3,90.4,0.079,19.16,12.79,14.09,4,0,0,74.1,73.8,2,37.1,0.8791
2853.4,76.5,20.1,55.7,57.6,28.6,81.9,0.277,-0.89,1.42,10.77,5,0,0,76.5,77.1,3,29.0,0.805
2171.1,17.1,21.1,52.0,75.6,35.3,89.8,0.149,16.35,15.94,13.72,1,0,0,17.1,16.8,2,115.8,0.8196
2513.9,19.2,8.8,43.2,43.4,39.4,91.7,0.761,-2.43,1.02,13.97,1,0,0,19.2,19.4,0,993.5,0.0445
4670.9,77.8,81.0,73.8,77.2,35.0,89.0,0.694,1.22,0.97,14.27,3,0,0,77.8,76.8,0,1112.9,0.0581
2538.9,42.7,13.7,53.8,55.7,41.3,108.0,0.72,4.9,4.05,13.75,3,0,0,42.7,43.5,1,52.4,0.9362
3344.6,86.1,15.9,66.0,65.9,29.8,81.2,0.777,0.96,1.77,13.94,5,0,0,86.1,84.6,0,1412.5,0.0373
1031.4,0.0,2.1,34.9,35.1,30.8,83.0,0.258,2.58,3.16,14.2,0,0,0,0.0,0.0,0,751.0,0.0327
3180.9,53.8,21.0,40.0,40.7,33.1,86.3,0.277,2.24,1.98,14.24,3,0,0,53.8,54.2,0,1194.6,0.037
2468.4,28.9,9.4,54.1,49.2,26.7,93.3,0.281,1.17,1.48,14.21,2,0,0,28.9,29.4,0,1137.4,0.0641
2961.1,49.9,19.1,53.5,52.2,34.5,82.4,0.794,0.91,1.23,14.13,3,0,0,49.9,50.8,0,1054.1,0.0711
1051.0,0.0,2.2,38.0,39.5,28.8,87.8,0.869,0.07,0.94,14.04,0,0,0,0.0,0.0,0,1387.5,0.0171
3113.3,67.2,23.9,64.3,63.0,34.6,91.6,0.753,2.61,1.56,14.31,4,0,0,67.2,68.4,0,855.3,0.041
2049.7,22.7,14.6,41.3,40.0,32.5,93.8,0.289,3.39,2.32,14.33,2,0,0,22.7,22.6,0,946.6,0.0698
1041.8,0.0,1.8,33.2,32.4,39.8,86.8,0.601,-1.41,3.02,10.13,0,0,0,0.0,0.0,3,30.9,0.8742
3711.4,98.6,22.6,61.5,61.0,26.9,88.1,0.809,3.66,0.84,14.36,5,0,0,98.6,99.0,0,1320.9,0.0669
2051.2,15.4,19.4,51.9,49.4,34.4,94.6,0.182,3.51,1.43,14.22,1,0,0,15.4,15.4,0,929.9,0.0441
1079.0,0.0,2.5,31.9,34.6,45.3,107.1,0.855,11.2,4.77,14.18,0,0,0,0.0,0.0,1,69.4,0.941
2379.2,21.4,8.0,42.5,40.6,34.0,86.1,0.288,1.85,0.46,14.03,1,0,0,21.4,21.0,0,1022.3,0.0447
2577.7,21.3,13.8,48.5,47.5,27.8,90.3,0.34,-2.03,1.24,10.53,1,0,0,21.3,20.9,3,41.4,0.9711
1898.1,25.8,15.6,54.8,73.8,33.6,101.0,0.079,17.42,13.54,13.93,2,0,0,25.8,25.8,2,109.8,0.7825
2823.1,22.4,9.4,50.5,51.9,35.4,82.7,0.275,3.97,4.21,14.16,1,0,0,22.4,22.6,0,1113.1,0.0307
1078.8,0.0,2.3,27.4,32.0,35.0,89.2,0.771,-0.57,0.9,14.03,0,0,1,0.0,0.0,0,707.8,0.06
893.8,0.0,2.3,34.4,53.7,32.6,87.0,0.063,17.11,17.15,13.96,0,0,1,0.0,0.0,2,96.6,0.6606
1081.3,0.0,2.0,29.4,30.6,31.0,86.6,0.683,3.79,2.7,10.29,0,0,0,0.0,0.0,3,20.5,0.9748
2862.8,21.9,7.8,50.2,54.2,30.6,91.7,0.291,0.42,1.93,14.04,1,0,0,21.9,22.0,0,812.7,0.0343
1060.9,0.0,2.4,40.9,37.7,44.2,125.8,0.664,10.82,3.18,13.72,0,0,0,0.0,0.0,1,52.1,0.8518
4271.3,75.0,40.3,78.8,76.0,30.8,88.3,0.786,0.28,2.15,14.33,3,0,0,75.0,76.0,0,1195.2,0.0532
1077.0,0.0,2.2,26.8,30.7,37.1,82.5,0.288,1.58,0.31,10.66,0,0,0,0.0,0.0,3,14.5,0.827
1131.7,0.0,2.0,31.1,31.3,31.6,86.3,0.275,1.71,1.55,14.06,0,0,0,0.0,0.0,0,1428.6,0.0694
3560.5,91.8,18.5,60.7,63.2,38.3,86.3,0.454,4.93,0.38,11.13,5,0,0,91.8,90.6,3,35.4,0.9427
1064.3,0.0,2.1,31.8,32.0,38.2,112.2,0.872,5.57,2.81,13.89,0,0,0,0.0,0.0,1,49.5,0.8633
1059.2,0.0,2.2,30.2,30.1,42.7,125.5,0.856,6.42,3.43,14.23,0,0,0,0.0,0.0,1,60.9,0.9121
3967.0,86.2,16.4,57.4,54.5,36.8,89.1,0.763,1.86,1.84,14.12,4,0,0,86.2,85.2,0,1005.2,0.0611
4598.8,56.8,73.5,81.2,77.6,30.9,84.5,0.296,0.12,1.1,14.22,2,0,0,56.8,57.1,0,921.8,0.0301
4080.5,46.0,52.0,81.0,79.9,39.8,91.9,0.219,2.4,2.61,13.93,2,0,0,46.0,45.4,0,1336.0,0.0612
1093.3,0.0,2.1,32.2,32.8,34.9,87.9,0.828,-0.25,3.65,14.07,0,0,0,0.0,0.0,0,1104.6,0.0151
3257.4,85.4,21.4,62.7,62.8,37.9,87.4,0.233,4.93,1.2,14.17,5,0,0,85.4,86.8,0,869.4,0.019
862.0,0.0,2.1,31.4,62.9,32.3,101.1,0.057,16.76,12.43,14.15,0,0,0,0.0,0.0,2,57.9,0.8953
2474.8,42.0,6.5,51.4,49.7,27.5,89.6,0.838,3.21,0.96,14.14,3,0,0,42.0,42.4,0,1136.2,0.0112
1881.7,17.5,21.8,55.0,54.4,28.8,86.0,0.694,0.36,0.82,13.99,1,0,0,17.5,17.5,0,815.2,0.0457
3745.4,98.0,32.9,65.7,64.2,34.2,81.6,0.265,1.43,1.19,10.45,5,0,0,98.0,99.5,3,11.5,0.8913
2710.4,35.2,17.2,50.3,82.4,37.1,88.7,0.07,20.67,12.51,14.26,3,0,0,35.2,35.6,2,24.3,0.9076
3217.5,68.5,21.3,58.9,57.6,30.3,82.4,0.668,2.61,0.82,11.21,4,0,0,68.5,67.3,3,29.9,0.9263
3540.9,76.5,26.3,57.3,56.6,25.2,89.0,0.315,0.26,2.28,11.42,4,0,0,76.5,76.4,3,18.8,0.973
2841.9,44.3,20.6,52.4,52.4,34.1,86.0,0.825,2.78,0.17,14.11,3,0,0,44.3,44.4,0,1209.4,0.0171
1079.0,0.0,1.9,33.1,33.0,34.5,87.9,0.217,2.99,1.94,14.1,0,0,0,0.0,0.0,0,1147.8,0.0205
1798.7,31.2,14.9,46.1,74.8,31.8,93.8,0.063,27.66,10.42,14.1,3,0,0,31.2,31.4,2,98.4,0.9125
2370.4,18.8,15.9,57.6,57.7,44.2,107.7,0.657,4.97,5.18,13.79,1,0,0,18.8,18.6,1,54.4,0.7372
3803.5,98.1,18.9,59.4,58.6,34.5,82.1,0.216,1.22,0.83,14.13,5,0,0,98.1,97.1,0,870.0,0.0584
2460.3,32.2,11.5,51.6,78.5,39.1,95.9,0.111,15.07,14.54,14.07,2,0,0,32.2,32.7,2,85.5,0.6786
3380.9,93.2,25.6,63.3,64.4,38.6,93.1,0.231,-0.23,2.15,14.32,5,0,0,93.2,92.4,0,1366.9,0.036
1032.2,0.0,1.9,27.3,30.6,35.6,92.6,0.747,0.68,1.85,13.95,0,0,0,0.0,0.0,0,968.4,0.0657
2115.9,34.3,19.1,43.1,43.7,31.3,88.4,0.317,1.73,0.6,14.23,3,0,0,34.3,33.9,0,1371.2,0.0548
3647.9,78.1,30.9,62.7,63.9,37.5,88.6,0.333,-1.48,1.65,13.99,4,0,0,78.1,79.5,0,890.4,0.0335
1952.4,32.2,13.5,42.1,45.9,35.2,83.4,0.692,3.01,1.25,14.12,3,0,0,32.2,32.8,0,1233.7,0.0623
2220.3,27.9,10.3,52.7,53.4,31.5,84.3,0.864,-0.12,0.76,14.17,2,0,0,27.9,28.4,0,974.7,0.0323
2230.4,30.3,21.6,40.3,62.3,35.8,103.9,0.148,15.08,16.45,13.79,3,0,0,30.3,30.5,2,86.8,0.7874
1047.8,0.0,1.8,34.6,31.8,32.5,87.4,0.258,3.23,0.22,14.03,0,0,0,0.0,0.0,0,978.8,0.0279
3880.4,101.3,31.8,56.1,56.4,30.9,92.1,0.345,3.55,0.66,14.23,5,0,0,101.3,101.1,0,1271.0,0.0129
5042.6,56.8,66.1,85.8,98.0,37.8,97.0,0.199,22.71,13.22,14.03,2,0,0,56.8,57.5,2,113.4,0.8952
2570.7,31.1,10.0,63.9,64.1,35.2,90.6,0.641,6.22,0.53,10.56,2,0,0,31.1,31.3,3,17.0,0.9221
1499.7,21.7,18.6,49.2,72.6,32.7,91.4,0.081,20.79,12.42,13.97,2,0,0,21.7,21.7,2,113.2,0.7116
2558.2,19.7,16.0,42.5,63.6,39.6,100.3,0.107,14.49,15.37,13.92,1,0,0,19.7,19.5,2,54.8,0.8215
2566.1,29.8,20.6,54.4,52.2,42.8,121.6,0.738,5.17,5.28,13.77,2,0,0,29.8,30.0,1,69.2,0.7377
3102.0,83.0,29.2,66.7,67.3,35.7,86.3,0.216,0.45,2.73,14.15,5,0,0,83.0,81.8,0,1096.6,0.0569
4830.3,80.5,78.5,85.5,81.5,33.8,83.7,0.878,1.97,2.08,14.31,3,0,0,80.5,79.3,0,1452.9,0.0161
2802.3,33.5,12.5,51.5,51.8,28.6,89.7,0.234,-0.95,0.61,14.05,2,0,0,33.5,33.7,0,1186.0,0.0729
1822.9,29.1,7.8,44.2,45.5,33.0,87.2,0.227,1.99,1.9,14.17,3,0,0,29.1,29.6,0,1352.0,0.0476
2176.7,25.9,6.1,40.9,39.6,35.7,92.5,0.297,3.07,2.1,14.25,2,0,0,25.9,25.5,0,987.8,0.0687
1038.4,0.0,2.3,36.9,36.4,41.9,122.9,0.862,8.15,5.64,13.85,0,0,0,0.0,0.0,1,63.9,0.8651
2442.5,17.6,13.4,39.7,39.2,30.1,85.3,0.248,2.04,0.55,14.34,1,0,0,17.6,17.3,0,876.7,0.0386
2567.9,42.5,11.9,47.1,48.8,38.1,89.4,0.878,1.16,1.75,14.22,3,0,0,42.5,43.3,0,842.8,0.0356
2522.2,18.0,6.1,52.1,49.1,29.7,85.4,0.319,3.39,1.98,14.16,1,0,0,18.0,17.7,0,978.7,0.0344
2285.3,36.8,9.2,41.2,44.7,45.5,116.5,0.714,8.22,2.96,13.76,3,0,0,36.8,36.6,1,25.2,0.8599
1082.2,0.0,2.4,34.0,35.6,38.3,84.2,0.297,-1.41,1.4,14.0,0,0,0,0.0,0.0,0,789.3,0.0602
1323.8,0.0,1.8,35.6,55.4,30.5,100.4,0.055,14.68,15.13,13.89,0,0,0,0.0,0.0,2,90.6,0.8078
2293.6,39.3,12.7,34.3,32.6,35.6,84.6,0.847,3.34,0.36,14.29,3,0,0,39.3,38.8,0,1279.9,0.0562
2175.9,36.0,15.0,46.4,46.3,31.1,84.0,0.791,2.62,-0.12,14.13,3,0,0,36.0,36.2,0,875.9,0.0202
1026.4,0.0,2.2,29.4,31.2,31.5,88.7,0.293,5.03,1.37,13.94,0,0,0,0.0,0.0,0,1187.8,0.0572
3720.2,73.0,26.7,61.0,87.0,37.3,94.8,0.069,21.18,14.84,14.17,4,0,0,73.0,72.3,2,95.3,0.7165
3238.5,69.5,31.3,62.1,59.9,39.1,90.3,0.823,1.11,2.57,14.25,4,0,0,69.5,69.3,0,1485.4,0.0111
3345.6,56.5,65.3,76.5,76.2,41.3,122.4,0.725,9.11,2.61,13.88,3,0,0,56.5,56.1,1,17.5,0.7848
3496.1,94.2,15.1,61.8,60.2,38.8,85.1,0.839,1.84,0.94,13.98,5,0,0,94.2,92.8,0,1241.9,0.0465
1057.5,0.0,2.2,34.7,35.7,37.9,85.5,0.33,1.58,1.18,14.0,0,0,0,0.0,0.0,0,1327.2,0.0757
3362.7,69.2,27.3,61.8,86.2,33.2,92.0,0.129,11.04,11.15,14.12,4,0,0,69.2,68.8,2,21.7,0.6967
1020.4,0.0,2.1,34.7,63.0,38.6,94.2,0.169,16.89,14.72,14.25,0,0,0,0.0,0.0,2,91.6,0.7942
3652.1,99.5,18.1,64.3,64.8,48.8,116.2,0.714,8.56,4.02,13.77,5,0,0,99.5,97.6,1,16.8,0.8901
2471.1,19.8,9.9,50.5,77.9,40.0,95.6,0.09,20.98,18.35,14.03,1,0,0,19.8,19.8,2,71.1,0.7027
1267.4,0.0,1.9,27.5,56.0,30.5,97.1,0.085,12.4,16.48,14.08,0,0,1,0.0,0.0,2,31.7,0.8993
1017.4,0.0,2.0,32.2,31.3,47.1,117.2,0.787,4.51,5.18,13.77,0,0,0,0.0,0.0,1,16.1,0.8649
4562.2,55.1,59.2,79.3,98.0,38.4,99.0,0.084,17.28,15.26,13.81,2,0,0,55.1,54.9,2,49.1,0.8569
4425.9,95.6,63.5,73.2,73.0,46.7,116.8,0.847,6.88,2.52,13.72,4,0,0,95.6,94.9,1,17.4,0.7843
4027.2,49.2,75.1,71.5,69.8,42.9,120.9,0.84,8.86,2.02,14.08,2,0,0,49.2,48.5,1,54.1,0.7859
3295.6,70.2,17.7,68.4,62.1,45.5,112.5,0.817,3.02,3.39,13.74,4,0,0,70.2,71.4,1,66.1,0.8017
3434.4,88.1,25.6,57.1,82.2,27.6,87.5,0.142,20.39,17.23,13.95,5,0,0,88.1,88.6,2,99.2,0.854
1034.2,0.0,1.8,32.9,32.0,34.5,87.3,0.775,3.88,2.34,13.94,0,0,1,0.0,0.0,0,769.2,0.0462
911.1,0.0,2.0,40.4,61.7,38.1,93.8,0.136,15.7,14.97,13.93,0,0,0,0.0,0.0,2,116.5,0.65
897.2,0.0,2.2,35.4,65.8,35.2,90.3,0.103,24.21,12.42,13.84,0,0,0,0.0,0.0,2,102.1,0.7195
4136.6,51.9,56.5,70.3,71.2,38.2,82.8,0.239,1.67,1.53,14.31,2,0,0,51.9,50.9,0,1288.5,0.0349
2635.6,28.1,14.9,50.4,73.7,26.0,95.1,0.051,18.24,12.46,14.07,2,0,0,28.1,28.1,2,30.7,0.73
962.9,16.2,6.2,52.0,55.7,33.3,92.2,0.707,3.6,1.8,13.84,3,0,0,16.2,16.1,0,754.8,0.0496
3572.9,91.6,16.3,71.6,68.7,34.8,86.2,0.265,1.47,1.29,14.07,5,0,0,91.6,92.2,0,1230.6,0.0593
3544.6,91.0,31.5,54.4,56.8,44.7,117.4,0.786,6.02,3.27,14.36,5,0,0,91.0,91.7,1,8.5,0.7431
2140.6,18.2,12.6,40.2,43.7,29.8,90.0,0.216,2.03,1.73,14.32,1,0,0,18.2,18.5,0,919.1,0.0586
1879.9,24.0,15.4,49.5,71.3,29.7,98.0,0.167,17.63,14.43,14.04,2,0,0,24.0,24.2,2,50.0,0.8722
1024.4,0.0,2.5,34.0,55.9,36.4,99.0,0.151,23.63,15.98,14.04,0,0,0,0.0,0.0,2,24.0,0.8953
3471.0,72.8,30.7,65.6,65.8,35.0,95.1,0.343,2.56,1.68,14.36,4,0,0,72.8,72.3,0,1283.1,0.0496
1038.9,0.0,2.4,32.6,32.9,35.1,85.4,0.819,1.3,1.97,14.17,0,0,0,0.0,0.0,0,1489.6,0.0364
1939.0,32.7,9.5,47.6,45.3,28.2,89.9,0.705,-1.88,0.61,14.16,3,0,0,32.7,32.8,0,797.1,0.0756
1027.6,0.0,2.3,32.9,34.6,40.2,116.6,0.722,0.6,2.62,13.83,0,0,0,0.0,0.0,1,53.0,0.7469
1056.0,0.0,2.2,38.9,36.4,38.0,87.8,0.474,0.54,0.21,10.05,0,0,0,0.0,0.0,3,19.6,0.8547
3072.6,67.3,22.8,66.4,64.2,34.4,109.8,0.744,9.4,4.75,13.79,4,0,0,67.3,67.2,1,74.0,0.8941
1057.4,0.0,1.9,35.1,34.3,29.8,84.8,0.865,3.94,0.8,14.1,0,0,0,0.0,0.0,0,1165.6,0.0177
2397.5,40.6,6.5,35.7,35.3,43.5,114.2,0.886,4.49,7.79,13.8,3,0,0,40.6,41.2,1,35.6,0.8561
1871.0,13.4,14.0,52.6,52.6,32.0,89.6,0.315,1.31,1.81,14.16,1,0,0,13.4,13.2,0,1437.7,0.0243
3000.4,85.0,14.3,50.5,82.7,35.7,89.6,0.166,22.1,15.19,13.87,5,0,0,85.0,84.3,2,96.1,0.7923
4761.8,80.5,60.3,68.4,69.9,32.1,79.9,0.807,2.94,1.76,14.32,3,0,0,80.5,79.5,0,988.0,0.0565
2276.9,26.6,15.0,45.4,62.0,36.3,101.6,0.123,17.26,12.45,14.26,2,0,0,26.6,26.2,2,32.6,0.7686
3175.7,67.8,15.6,58.6,55.7,35.9,89.8,0.866,1.59,-0.15,14.15,4,0,0,67.8,66.7,0,856.0,0.0718
2791.0,45.7,7.9,46.6,47.3,33.4,85.6,0.494,1.78,0.08,9.97,3,0,0,45.7,45.2,3,36.4,0.8439
993.3,0.0,2.3,33.0,34.1,30.3,87.9,0.318,1.36,1.13,14.05,0,0,1,0.0,0.0,0,1159.9,0.0383
2248.1,25.2,14.0,36.9,39.9,45.0,112.0,0.694,8.02,3.26,14.09,2,0,0,25.2,25.0,1,24.7,0.7536
2728.4,32.7,12.6,41.3,42.0,30.7,84.9,0.317,0.84,1.23,10.1,2,0,0,32.7,32.1,3,40.0,0.8329
2858.6,34.7,10.2,49.2,47.6,30.9,83.6,0.32,1.26,0.97,14.04,2,0,0,34.7,35.2,0,991.4,0.055
3417.6,89.9,24.9,60.6,60.8,31.7,84.7,0.471,1.09,2.83,10.58,5,0,0,89.9,88.7,3,25.2,0.9364
2522.6,17.9,7.2,39.7,40.9,42.5,111.8,0.882,6.03,2.26,13.74,1,0,0,17.9,18.2,1,48.0,0.8798
3130.0,50.8,6.9,39.3,40.9,34.3,86.2,0.795,1.37,3.23,13.81,3,0,0,50.8,50.8,0,1117.1,0.0264
3142.8,82.1,23.2,68.2,69.2,34.3,87.3,0.224,2.62,1.93,13.99,5,0,0,82.1,81.0,0,1176.5,0.0142
2955.6,33.5,17.6,51.0,54.0,37.6,118.4,0.845,9.44,3.94,13.96,2,0,0,33.5,33.0,1,34.1,0.9034
2886.7,49.4,13.9,44.2,42.7,29.9,90.6,0.759,2.03,2.16,14.28,3,0,0,49.4,48.9,0,977.8,0.0405
4347.8,92.0,15.3,47.8,47.2,35.0,86.8,0.848,5.0,2.53,14.4,4,0,0,92.0,93.3,0,1163.6,0.0342
2191.2,17.4,9.0,43.7,44.6,28.4,89.0,0.286,0.98,0.9,14.19,1,0,0,17.4,17.3,0,1333.5,0.0298
2676.6,20.4,14.4,42.0,41.7,44.1,121.3,0.819,4.49,4.48,13.79,1,0,0,20.4,20.2,1,41.4,0.7706
2378.8,29.1,7.7,41.9,40.7,33.8,92.0,0.281,1.27,0.97,14.33,2,0,0,29.1,29.2,0,779.5,0.065
3061.2,37.9,6.9,46.6,76.3,34.0,96.5,0.149,17.36,11.37,13.74,2,0,0,37.9,38.4,2,107.2,0.8807
3561.7,92.4,34.9,59.6,61.4,32.1,91.2,0.39,0.95,2.09,10.91,5,0,0,92.4,92.9,3,14.1,0.8046
4099.4,47.8,63.1,87.1,88.0,36.5,85.9,0.427,2.2,2.97,10.33,2,0,0,47.8,48.7,3,18.6,0.9492
2335.0,17.8,6.7,50.0,49.4,34.4,108.8,0.757,4.97,5.17,14.26,1,0,0,17.8,17.6,1,65.3,0.8687
2471.3,42.6,19.7,43.8,41.4,31.8,90.3,0.267,1.39,1.06,14.14,3,0,0,42.6,42.3,0,1402.2,0.0634
3366.4,72.8,20.2,73.6,98.0,28.8,98.5,0.109,15.55,16.24,13.5,4,0,0,72.8,72.3,2,101.1,0.9075
3109.1,77.4,24.4,63.3,60.6,31.5,88.8,0.804,2.62,1.11,14.23,5,0,0,77.4,78.5,0,701.6,0.0656
1680.6,20.8,15.7,42.6,42.8,39.3,81.9,0.342,-1.05,1.3,14.2,2,0,0,20.8,20.4,0,1163.3,0.0553
2064.8,17.3,12.2,56.3,55.9,31.8,88.1,0.755,4.03,-0.31,14.13,1,0,0,17.3,17.5,0,1374.7,0.0621
3864.9,102.6,16.6,65.6,65.2,31.2,90.2,0.333,2.04,2.52,14.24,5,0,0,102.6,101.8,0,749.8,0.0576
2610.8,19.9,17.8,48.8,79.9,28.4,96.8,0.143,11.58,11.48,14.19,1,0,0,19.9,19.9,2,89.1,0.6801
1034.1,0.0,2.2,32.0,35.7,40.2,124.6,0.773,8.06,2.74,13.98,0,0,1,0.0,0.0,1,30.3,0.8489
1378.8,15.7,20.5,57.3,56.9,33.1,88.2,0.855,4.07,2.44,14.23,2,0,0,15.7,15.9,0,1201.7,0.0132
3684.1,98.5,15.6,65.6,64.8,33.1,87.2,0.728,0.65,2.34,14.04,5,0,0,98.5,100.0,0,1402.3,0.0371
1119.1,0.0,1.9,45.0,38.7,31.8,83.8,0.493,0.89,1.22,11.0,0,0,0,0.0,0.0,3,9.2,0.8322
1513.6,21.7,21.8,46.7,48.4,31.5,85.6,0.225,4.0,1.47,14.31,3,0,0,21.7,21.7,0,1100.1,0.0465
1088.8,0.0,2.2,36.2,33.5,32.5,86.6,0.85,2.35,1.25,13.95,0,0,0,0.0,0.0,0,1275.0,0.0237
1506.5,27.1,9.2,48.2,50.4,37.8,88.6,0.273,3.91,0.57,14.15,3,0,0,27.1,26.9,0,1459.5,0.0178
1287.5,0.0,2.1,39.4,64.0,38.4,91.2,0.195,17.56,12.63,13.38,0,0,1,0.0,0.0,2,90.7,0.8348
3901.2,99.0,27.1,57.6,61.2,37.7,115.4,0.65,8.31,5.08,13.61,5,0,0,99.0,98.9,1,55.3,0.8881
2835.6,76.5,21.3,52.2,52.5,37.1,90.6,0.785,0.86,0.18,14.16,5,0,0,76.5,75.4,0,1122.4,0.0578
2660.8,32.5,16.7,55.4,52.3,30.6,85.2,0.874,0.43,2.35,14.02,2,0,0,32.5,32.6,0,1031.4,0.0539
2793.4,32.9,14.1,45.2,46.4,33.3,123.1,0.684,4.74,3.58,13.98,2,0,0,32.9,32.9,1,19.3,0.9443
3176.1,83.1,28.5,58.1,60.8,38.9,120.4,0.842,7.0,4.52,14.08,5,0,0,83.1,83.1,1,20.1,0.7283
1100.1,0.0,2.1,37.2,35.1,40.6,87.3,0.777,2.85,1.27,14.01,0,0,0,0.0,0.0,0,1189.8,0.0163
3042.2,77.6,22.8,73.2,73.7,31.8,84.8,0.536,2.4,1.4,10.1,5,0,0,77.6,76.4,3,27.4,0.9247
1048.5,0.0,2.0,31.4,28.9,32.9,82.9,0.255,1.74,2.24,14.09,0,0,1,0.0,0.0,0,1394.1,0.0644
2586.0,20.7,21.9,45.4,45.0,29.6,90.0,0.683,2.61,0.96,14.23,1,0,0,20.7,21.1,0,1092.8,0.0168
1013.8,0.0,2.2,41.7,38.2,35.7,86.7,0.233,-0.44,1.39,10.32,0,0,0,0.0,0.0,3,15.3,0.9238
3677.5,77.2,27.7,63.3,63.0,33.7,87.5,0.785,4.29,2.18,14.22,4,0,0,77.2,77.4,0,813.6,0.0218
2487.7,29.8,9.4,40.4,37.6,41.4,109.7,0.653,9.23,5.12,14.0,2,0,0,29.8,29.6,1,44.1,0.745
3341.0,87.6,26.8,57.7,59.2,30.0,91.1,0.845,0.49,1.43,14.06,5,0,0,87.6,88.4,0,948.0,0.0111
1087.7,0.0,2.4,34.5,32.0,25.9,87.8,0.726,2.56,2.21,14.16,0,0,0,0.0,0.0,0,850.2,0.0748
3818.4,78.6,24.5,61.2,65.6,33.9,82.8,0.64,0.54,-0.82,10.91,4,0,0,78.6,79.6,3,44.8,0.8171
4902.5,77.6,54.7,69.4,73.6,39.6,84.4,0.271,-0.13,0.47,14.14,3,0,0,77.6,78.6,0,1168.9,0.0549
1242.1,0.0,1.9,37.8,57.5,38.4,94.2,0.176,10.13,15.28,14.04,0,0,0,0.0,0.0,2,99.7,0.7584
3474.6,92.6,29.9,52.3,56.0,38.1,87.8,0.322,1.3,0.98,14.21,5,0,0,92.6,92.8,0,843.1,0.045
1044.0,0.0,1.9,34.9,35.4,32.1,82.7,0.304,-0.74,3.48,13.97,0,0,0,0.0,0.0,0,1168.3,0.0326
2097.7,16.5,9.6,58.9,58.7,29.4,85.3,0.326,3.49,1.71,13.91,1,0,0,16.5,16.4,0,893.2,0.0377
2731.1,34.3,6.4,34.9,39.3,39.9,122.8,0.789,8.9,3.03,13.86,2,0,0,34.3,33.6,1,40.0,0.7717
3158.7,81.7,34.0,55.2,53.5,30.7,88.8,0.294,3.6,2.45,14.09,5,0,0,81.7,82.3,0,855.9,0.0728
973.7,0.0,2.3,32.4,62.0,36.3,94.8,0.089,22.82,13.0,13.95,0,0,0,0.0,0.0,2,27.9,0.8142
1060.0,0.0,2.1,32.0,34.0,35.8,89.0,0.71,1.48,0.72,14.05,0,0,1,0.0,0.0,0,1280.0,0.0235
2104.9,26.2,15.4,53.8,54.3,30.9,87.0,0.644,5.91,0.12,10.27,2,0,0,26.2,26.5,3,34.5,0.9044
1075.1,0.0,2.5,38.5,39.2,32.9,91.3,0.842,3.66,1.09,14.11,0,0,0,0.0,0.0,0,1225.9,0.0303
2883.4,32.9,10.3,48.1,67.0,32.0,95.6,0.186,23.51,13.93,13.78,2,0,0,32.9,32.4,2,43.9,0.6692
2208.8,39.3,8.7,49.5,82.0,40.4,95.6,0.197,22.76,15.44,13.64,3,0,0,39.3,38.9,2,77.3,0.8365
2193.1,21.1,10.9,52.1,72.4,35.8,93.4,0.129,11.9,14.04,14.07,2,0,0,21.1,21.0,2,62.2,0.8505
1150.9,0.0,2.0,34.3,55.9,27.4,95.3,0.163,21.75,10.89,13.88,0,0,1,0.0,0.0,2,30.9,0.7061
926.4,0.0,2.1,36.0,60.2,29.0,95.2,0.173,16.6,14.86,14.13,0,0,0,0.0,0.0,2,86.3,0.7865
3400.7,60.3,75.6,74.6,73.6,43.5,118.7,0.742,11.22,4.48,13.8,3,0,0,60.3,59.6,1,61.5,0.7276
1078.7,0.0,1.9,31.0,32.1,29.9,84.8,0.338,3.95,1.85,14.04,0,0,0,0.0,0.0,0,1157.0,0.0367
1055.0,0.0,2.2,33.8,31.9,29.3,89.2,0.762,1.74,2.18,13.97,0,0,0,0.0,0.0,0,1453.2,0.0554
1438.2,23.4,10.7,46.1,48.5,35.3,88.5,0.606,2.27,0.77,10.9,3,0,0,23.4,23.3,3,22.8,0.9385
1758.9,15.8,12.3,50.8,52.7,34.5,120.2,0.888,7.56,5.33,14.09,1,0,0,15.8,15.6,1,32.9,0.7933
2481.5,18.6,10.4,48.8,66.1,31.4,93.1,0.126,22.18,14.37,13.86,1,0,0,18.6,18.4,2,103.8,0.779
3359.1,67.3,14.1,59.6,57.7,33.3,90.5,0.226,3.53,2.69,14.16,4,0,0,67.3,67.0,0,744.9,0.0455
1055.3,0.0,2.0,31.7,33.1,32.2,87.6,0.717,1.26,2.58,13.98,0,0,1,0.0,0.0,0,1333.1,0.0563
2937.0,78.1,17.9,56.0,57.0,32.4,80.9,0.259,2.68,2.67,14.23,5,0,0,78.1,78.5,0,739.2,0.0227
2046.3,33.0,13.4,50.2,48.6,38.6,116.2,0.757,6.91,3.73,13.73,3,0,0,33.0,33.2,1,67.8,0.8922
1059.5,0.0,2.0,34.2,33.9,29.7,82.9,0.685,3.0,1.58,14.02,0,0,0,0.0,0.0,0,724.7,0.0679
2188.5,34.7,19.0,54.3,54.5,28.8,88.6,0.792,3.58,2.01,14.17,3,0,0,34.7,34.1,0,812.2,0.0133
1075.0,0.0,2.1,31.7,33.8,29.9,83.2,0.695,1.14,2.75,14.03,0,0,0,0.0,0.0,0,1259.3,0.0188
4299.0,52.5,43.7,87.0,87.5,37.4,88.4,0.27,1.04,1.78,14.15,2,0,0,52.5,52.4,0,1435.8,0.0525
2073.0,16.3,19.6,49.5,49.6,35.2,89.7,0.195,1.62,2.83,14.04,1,0,0,16.3,16.1,0,874.6,0.0528
3302.5,88.6,19.6,62.5,62.7,29.5,92.1,0.193,0.43,0.79,14.3,5,0,0,88.6,89.1,0,1109.3,0.0437
3087.1,32.8,19.4,42.3,64.2,29.3,90.2,0.055,19.67,10.1,13.64,2,0,0,32.8,32.5,2,26.7,0.7292
1769.5,22.6,7.5,51.4,54.6,30.8,88.3,0.346,-0.48,0.49,14.19,2,0,0,22.6,23.0,0,1357.5,0.0656
2349.5,28.5,16.0,52.3,52.1,28.5,79.2,0.259,1.55,2.92,14.11,2,0,0,28.5,28.4,0,1213.0,0.0406
2348.4,29.4,12.1,44.5,46.9,28.6,87.4,0.849,0.79,1.94,14.15,2,0,0,29.4,29.1,0,1384.7,0.0276
2034.2,16.1,8.4,53.3,54.6,34.0,85.5,0.338,0.92,1.44,14.08,1,0,0,16.1,16.2,0,941.9,0.0677
2312.6,28.1,14.2,40.7,37.0,35.8,82.9,0.874,0.35,1.54,14.0,2,0,0,28.1,28.5,0,1484.8,0.0645
4335.0,71.2,56.8,78.8,76.0,27.2,84.9,0.212,1.73,1.64,14.23,3,0,0,71.2,72.2,0,894.9,0.0185
1066.3,0.0,2.0,41.7,38.0,45.4,114.6,0.741,6.04,4.94,13.59,0,0,1,0.0,0.0,1,66.6,0.7472
2398.8,30.1,18.5,37.1,40.5,36.3,90.1,0.218,4.82,2.01,13.96,2,0,0,30.1,30.5,0,993.7,0.0642
2988.6,61.5,19.3,64.3,63.9,38.4,115.2,0.685,7.72,4.58,13.89,4,0,0,61.5,62.6,1,45.9,0.7204
3233.9,87.8,20.8,65.5,85.4,29.8,86.3,0.162,20.28,13.89,13.99,5,0,0,87.8,87.8,2,92.3,0.7483
3461.6,97.9,25.4,64.2,82.6,36.7,96.3,0.14,19.6,11.22,14.0,5,0,0,97.9,98.3,2,35.6,0.8065
2395.7,19.7,11.3,40.0,38.1,30.5,86.3,0.818,1.39,1.78,14.14,1,0,0,19.7,19.9,0,1437.1,0.0522
2930.6,20.8,9.4,44.2,44.0,30.4,88.8,0.23,0.74,2.32,14.25,1,0,0,20.8,20.4,0,1215.3,0.0495
3527.9,91.7,19.6,64.3,61.3,35.6,88.9,0.858,0.92,1.11,14.25,5,0,0,91.7,89.9,0,771.4,0.0722
2564.2,29.0,6.4,38.3,36.9,32.4,91.4,0.755,1.13,1.89,14.04,2,0,0,29.0,28.4,0,1154.5,0.0675
1769.8,14.7,12.1,50.1,53.0,33.4,87.4,0.462,2.87,0.86,11.36,1,0,0,14.7,14.8,3,32.5,0.9544
2913.5,66.8,23.1,65.7,65.1,39.3,87.1,0.342,3.69,0.9,14.07,4,0,0,66.8,67.6,0,1351.8,0.0498
1038.5,0.0,2.1,36.4,33.6,39.0,86.9,0.711,-1.33,1.36,14.02,0,0,0,0.0,0.0,0,1085.0,0.0719
3051.5,63.7,34.3,65.2,62.5,44.9,116.2,0.871,4.68,5.57,13.58,4,0,0,63.7,64.1,1,45.4,0.885
2728.4,45.3,19.2,40.5,39.0,41.9,111.4,0.824,5.23,5.08,14.08,3,0,0,45.3,44.7,1,61.3,0.7707
2629.2,33.4,18.0,45.9,45.5,35.3,86.6,0.259,2.82,1.31,14.11,2,0,0,33.4,33.9,0,835.0,0.0492
3326.7,69.6,28.5,61.6,58.6,31.7,87.5,0.806,0.94,-0.1,14.1,4,0,0,69.6,70.1,0,1444.1,0.0229
1015.8,0.0,2.0,35.3,32.7,38.0,87.9,0.234,2.6,1.68,14.16,0,0,0,0.0,0.0,0,1112.1,0.0624
3581.2,93.2,32.4,57.7,58.0,31.1,85.4,0.232,4.91,1.78,14.16,5,0,0,93.2,92.3,0,1110.0,0.0364
1007.5,0.0,2.2,32.6,33.3,33.4,83.8,0.286,1.06,0.38,14.08,0,0,0,0.0,0.0,0,963.0,0.0408
3626.4,96.5,21.0,58.8,60.5,29.6,90.1,0.715,-0.12,1.26,14.18,5,0,0,96.5,97.0,0,995.0,0.0221
2219.8,34.2,8.1,46.7,46.0,30.4,81.3,0.876,1.85,0.06,14.16,3,0,0,34.2,34.5,0,834.5,0.0445
1057.8,0.0,2.0,32.1,32.1,31.1,84.4,0.251,1.95,-0.22,13.92,0,0,1,0.0,0.0,0,805.5,0.0739
3849.0,50.7,70.7,80.0,79.6,31.3,91.7,0.216,2.59,2.7,14.28,2,0,0,50.7,50.1,0,794.0,0.0687
4758.6,80.5,69.7,67.5,68.1,37.1,92.4,0.698,2.24,-0.05,14.17,3,0,0,80.5,79.2,0,788.7,0.0228
1029.5,0.0,2.3,34.6,32.6,29.0,86.9,0.28,3.38,2.33,13.97,0,0,0,0.0,0.0,0,892.4,0.0673
3988.3,83.8,19.0,57.3,58.2,40.3,106.9,0.765,8.1,3.51,13.97,4,0,0,83.8,85.4,1,11.9,0.84
2987.6,32.8,9.2,52.4,84.9,31.6,93.2,0.19,15.88,12.88,14.06,2,0,0,32.8,33.4,2,62.4,0.8842
2428.8,29.4,11.9,58.0,55.8,34.9,87.6,0.245,0.83,1.64,14.2,2,0,0,29.4,29.8,0,724.8,0.058
3027.9,63.1,25.1,53.1,55.3,36.4,87.4,0.714,0.41,2.19,14.37,4,0,0,63.1,64.3,0,1183.7,0.0792
2957.9,77.0,20.5,60.3,60.0,35.0,79.0,0.31,2.4,2.41,14.16,5,0,0,77.0,75.7,0,1080.8,0.0705
2039.6,25.0,10.0,40.7,40.4,50.1,122.5,0.737,4.19,3.6,14.02,2,0,0,25.0,25.1,1,60.1,0.7376
1056.8,0.0,2.0,33.3,32.7,50.7,116.1,0.715,4.61,5.04,13.89,0,0,0,0.0,0.0,1,60.9,0.828
1067.6,0.0,1.9,37.2,36.5,32.0,87.8,0.857,-1.16,1.59,14.02,0,0,0,0.0,0.0,0,1349.9,0.0335
1109.7,0.0,2.4,39.3,36.1,28.3,83.3,0.525,0.16,1.11,10.5,0,0,0,0.0,0.0,3,11.0,0.8413
2792.3,49.4,18.9,55.5,51.9,29.2,86.4,0.869,4.99,1.34,14.16,3,0,0,49.4,48.9,0,1039.3,0.055
1098.3,0.0,1.9,39.2,38.0,28.2,84.0,0.812,2.67,2.48,13.99,0,0,0,0.0,0.0,0,1033.5,0.0518
1032.1,0.0,2.2,33.6,33.8,44.0,113.9,0.824,8.13,3.45,13.8,0,0,0,0.0,0.0,1,42.1,0.7578
850.0,0.0,2.4,35.6,60.4,33.4,94.9,0.077,22.7,14.76,14.02,0,0,1,0.0,0.0,2,114.7,0.8089
3324.8,83.3,14.9,60.1,62.8,34.6,119.6,0.722,9.13,5.3,14.08,5,0,0,83.3,82.6,1,67.4,0.7307
1764.4,14.7,20.0,55.9,80.6,30.2,90.5,0.153,23.51,16.03,13.76,1,0,0,14.7,15.0,2,62.8,0.8681
2732.9,44.5,21.4,52.2,54.5,32.6,91.2,0.818,0.41,0.2,14.2,3,0,0,44.5,44.8,0,1135.7,0.0162
2313.2,27.3,9.2,49.0,73.4,34.9,92.5,0.15,19.92,15.37,13.99,2,0,0,27.3,27.2,2,113.1,0.6701
3458.5,74.8,17.4,66.0,65.4,35.2,89.3,0.689,1.19,-0.1,14.17,4,0,0,74.8,75.6,0,800.6,0.078
850.0,0.0,2.5,32.6,65.0,36.6,96.0,0.09,17.73,16.92,14.01,0,0,0,0.0,0.0,2,55.4,0.808
2558.9,30.4,14.9,59.4,57.7,29.4,91.4,0.833,1.94,-0.41,13.96,2,0,0,30.4,30.7,0,1209.7,0.028
2329.3,33.0,17.0,49.8,78.2,28.6,92.8,0.196,20.68,13.3,14.11,2,0,0,33.0,33.2,2,80.7,0.7425
1066.4,0.0,2.3,29.5,31.3,33.7,89.8,0.793,2.07,2.19,13.98,0,0,0,0.0,0.0,0,843.7,0.031
3056.9,81.9,15.1,63.2,65.1,34.6,116.7,0.687,5.04,5.29,13.85,5,0,0,81.9,81.0,1,72.9,0.8362
2216.1,36.2,13.2,46.1,45.4,32.4,84.7,0.249,3.18,1.18,14.17,3,0,0,36.2,36.2,0,1161.1,0.0571
2218.1,36.7,21.8,55.4,54.2,36.8,115.2,0.714,9.05,7.28,13.88,3,0,0,36.7,37.1,1,23.4,0.8122
3355.1,73.0,19.6,58.7,61.5,31.1,91.0,0.316,3.04,1.75,14.42,4,0,0,73.0,73.8,0,752.7,0.0502
1027.5,0.0,2.5,28.1,29.9,32.7,85.6,0.327,1.46,2.65,14.05,0,0,0,0.0,0.0,0,768.7,0.0218
3514.3,92.9,31.7,57.4,58.7,38.6,84.4,0.826,0.77,1.24,14.25,5,0,0,92.9,93.0,0,1344.9,0.0342
2307.9,17.9,21.9,42.6,42.1,36.6,86.6,0.862,2.42,1.8,14.04,1,0,0,17.9,17.6,0,1089.2,0.0489
3037.3,22.9,19.0,53.1,73.1,35.5,91.9,0.104,19.95,12.16,13.73,1,0,0,22.9,22.6,2,85.9,0.825
1063.8,0.0,2.4,34.8,35.3,36.5,84.8,0.301,1.25,1.27,14.0,0,0,0,0.0,0.0,0,1012.6,0.0144
1040.1,0.0,2.2,37.7,37.7,29.8,91.4,0.466,-0.99,3.21,10.71,0,0,0,0.0,0.0,3,21.8,0.9144
2765.9,43.4,12.9,50.0,50.3,31.1,89.8,0.309,0.63,2.37,14.1,3,0,0,43.4,42.6,0,1342.9,0.0346
5295.8,64.9,83.3,82.8,82.1,31.3,90.9,0.766,0.12,2.31,14.19,2,0,0,64.9,65.3,0,1061.3,0.0394
850.0,0.0,2.4,30.9,55.0,31.7,94.0,0.173,18.01,14.85,14.35,0,0,1,0.0,0.0,2,86.6,0.8715
3080.3,24.4,12.3,50.5,49.5,50.2,119.9,0.664,8.31,4.81,13.81,1,0,0,24.4,24.4,1,59.1,0.8008
1103.4,0.0,2.5,31.7,32.2,36.4,90.0,0.875,-0.7,1.02,13.94,0,0,0,0.0,0.0,0,1323.6,0.0793
2436.6,29.5,15.5,57.1,55.5,37.2,88.3,0.336,3.45,1.73,14.14,2,0,0,29.5,29.2,0,1019.2,0.0237
1034.5,0.0,2.5,32.6,33.2,38.8,120.1,0.818,7.32,4.91,14.02,0,0,0,0.0,0.0,1,73.3,0.8004
3791.9,81.2,15.0,64.6,62.2,28.4,85.3,0.253,1.22,1.16,14.14,4,0,0,81.2,79.9,0,1206.2,0.0565
1943.4,23.6,12.8,41.0,44.3,37.0,83.0,0.654,2.8,2.23,9.95,2,0,0,23.6,23.3,3,36.1,0.8944
1063.7,0.0,2.3,33.7,32.3,37.0,85.8,0.554,2.56,1.72,10.18,0,0,0,0.0,0.0,3,33.1,0.9312
2258.6,26.0,11.9,48.2,46.4,47.5,119.1,0.894,4.64,5.55,13.94,2,0,0,26.0,25.8,1,65.6,0.8539
3126.2,84.1,24.0,64.7,62.9,33.0,86.4,0.332,0.4,1.41,14.22,5,0,0,84.1,82.5,0,737.6,0.0127
2408.2,28.2,16.8,48.9,46.9,40.7,122.7,0.855,6.3,1.37,13.87,2,0,0,28.2,27.8,1,9.8,0.7685
1031.8,0.0,2.2,30.4,31.5,36.9,89.9,0.832,-1.03,2.3,13.96,0,0,1,0.0,0.0,0,1028.5,0.0204
2400.2,40.9,9.0,46.0,49.1,34.2,89.3,0.698,-0.31,2.18,14.04,3,0,0,40.9,41.2,0,826.3,0.0711
3542.1,92.9,15.0,57.4,55.0,29.4,88.7,0.869,3.62,1.08,14.3,5,0,0,92.9,92.4,0,1431.7,0.0484
2156.3,18.2,12.1,50.3,45.3,36.5,91.9,0.761,1.76,2.51,14.04,1,0,0,18.2,18.1,0,1047.4,0.0156
1995.4,27.2,18.3,40.1,67.2,30.7,93.9,0.125,17.55,10.52,13.86,2,0,0,27.2,27.7,2,91.2,0.6873
2850.8,33.6,13.6,49.4,49.1,41.8,113.5,0.881,8.38,3.96,14.14,2,0,0,33.6,33.8,1,19.3,0.958
2196.3,24.4,10.0,49.3,49.9,40.9,112.1,0.879,8.74,4.51,13.88,2,0,0,24.4,24.0,1,47.0,0.8548
1055.1,0.0,2.5,37.9,37.1,35.9,90.3,0.692,1.61,1.69,14.13,0,0,0,0.0,0.0,0,1333.0,0.0776
3400.7,90.0,29.1,53.9,53.1,35.6,87.4,0.332,2.04,0.92,13.94,5,0,0,90.0,91.7,0,1364.9,0.0284
3354.5,90.8,15.9,58.2,58.7,27.3,87.5,0.311,1.2,1.6,14.16,5,0,0,90.8,91.8,0,720.5,0.0682
2319.6,38.2,14.3,51.2,53.0,28.6,90.5,0.554,4.23,1.64,9.86,3,0,0,38.2,37.8,3,28.0,0.93
1049.3,0.0,2.1,32.0,34.6,37.3,87.4,0.855,2.32,1.09,14.01,0,0,0,0.0,0.0,0,788.1,0.0503
2633.9,21.8,10.2,41.1,62.3,30.8,93.9,0.14,22.77,12.15,14.27,1,0,0,21.8,21.5,2,95.5,0.7798
3265.3,53.1,8.2,54.5,54.5,28.4,86.4,0.822,1.58,1.31,14.23,3,0,0,53.1,54.1,0,1443.5,0.0254
1037.7,0.0,2.2,31.4,30.3,35.9,84.9,0.864,2.4,2.31,14.05,0,0,0,0.0,0.0,0,968.1,0.0574
1036.8,0.0,1.8,38.0,35.7,37.1,111.0,0.873,6.76,1.35,13.71,0,0,0,0.0,0.0,1,37.4,0.8503
2542.0,44.0,12.0,48.3,51.9,34.3,90.0,0.316,1.29,3.43,13.92,3,0,0,44.0,43.7,0,765.8,0.032
2151.1,40.3,10.6,47.7,76.7,40.0,97.1,0.112,18.05,13.83,13.98,3,0,0,40.3,40.0,2,38.4,0.7755
1046.9,0.0,2.4,33.3,35.2,31.2,86.9,0.381,3.57,-0.48,10.22,0,0,0,0.0,0.0,3,41.6,0.8686
1097.1,0.0,2.0,32.8,33.7,36.0,89.2,0.816,-0.98,2.04,14.17,0,0,0,0.0,0.0,0,1077.8,0.0368
1073.3,0.0,2.4,28.8,29.3,35.9,86.2,0.718,1.73,1.41,14.14,0,0,0,0.0,0.0,0,1274.8,0.0244
1024.5,0.0,2.1,40.7,39.8,27.0,87.0,0.313,0.03,1.47,14.05,0,0,0,0.0,0.0,0,1355.3,0.0271
2292.3,28.3,10.1,44.3,44.6,31.4,90.5,0.472,-0.18,1.53,10.64,2,0,0,28.3,28.6,3,37.6,0.8496
2520.5,19.1,13.8,63.6,62.1,31.5,83.1,0.708,1.06,1.22,14.23,1,0,0,19.1,19.2,0,1019.0,0.0559
2847.6,74.4,19.9,50.0,48.6,37.4,112.7,0.666,6.05,4.19,14.01,5,0,0,74.4,75.7,1,12.6,0.7738
2332.1,17.6,8.1,49.7,52.4,44.5,116.5,0.75,6.13,4.61,14.25,1,0,0,17.6,17.6,1,57.4,0.726
1042.3,0.0,2.5,35.4,33.5,36.0,117.7,0.761,8.13,5.71,13.82,0,0,0,0.0,0.0,1,45.8,0.7968
2244.2,28.5,9.9,47.9,50.8,35.6,89.5,0.797,1.74,1.01,14.08,2,0,0,28.5,28.0,0,1372.6,0.0449
1803.5,22.1,21.2,44.2,47.2,37.6,116.7,0.876,9.63,3.25,13.94,2,0,0,22.1,22.4,1,46.7,0.8847
1070.6,0.0,2.1,31.1,30.8,36.0,89.7,0.588,3.7,1.86,10.54,0,0,0,0.0,0.0,3,15.0,0.8884
1061.1,0.0,2.4,33.8,32.8,25.8,85.8,0.285,0.04,1.71,14.19,0,0,1,0.0,0.0,0,1253.1,0.0648
2413.5,27.0,12.2,50.8,46.4,29.2,85.5,0.843,0.6,0.95,13.83,2,0,0,27.0,26.7,0,1427.4,0.0448
1034.0,0.0,1.9,34.1,35.0,33.0,91.3,0.684,2.23,0.73,11.81,0,0,1,0.0,0.0,3,14.0,0.912
2282.4,28.8,9.3,42.2,41.0,37.4,90.0,0.331,1.27,0.66,14.24,2,0,0,28.8,28.8,0,1087.8,0.06
2638.4,42.7,15.7,50.9,74.3,37.9,94.6,0.072,15.37,18.26,13.96,3,0,0,42.7,43.0,2,98.7,0.8518
1035.1,0.0,2.3,34.1,32.5,30.7,82.9,0.748,0.32,0.16,14.02,0,0,0,0.0,0.0,0,955.1,0.0475
1051.9,0.0,1.8,35.1,31.7,28.5,82.9,0.197,0.62,0.59,14.01,0,0,0,0.0,0.0,0,1199.2,0.0658
3463.0,86.5,17.2,70.2,94.4,32.0,95.6,0.089,19.42,15.79,13.89,5,0,0,86.5,87.5,2,112.7,0.6814
1060.7,0.0,2.2,31.9,32.4,35.3,86.8,0.798,0.31,1.63,13.98,0,0,0,0.0,0.0,0,1204.9,0.0623
2259.9,28.5,18.2,52.1,52.1,34.4,83.9,0.865,-0.76,1.21,14.32,2,0,0,28.5,28.1,0,1229.0,0.0778
2515.9,39.3,6.2,50.6,47.9,32.9,88.7,0.193,3.51,2.48,14.31,3,0,0,39.3,39.3,0,1146.2,0.0407
1871.0,21.6,7.0,54.2,51.4,35.5,84.5,0.244,1.35,2.07,14.17,2,0,0,21.6,21.4,0,980.1,0.0162
3376.0,89.2,30.3,50.2,48.7,31.9,89.9,0.741,-0.83,1.58,14.12,5,0,0,89.2,89.6,0,963.1,0.0407
1030.7,0.0,2.2,31.7,32.5,33.0,85.3,0.774,0.99,1.18,14.11,0,0,0,0.0,0.0,0,1213.0,0.0346
4146.2,92.4,29.0,63.7,63.9,36.0,90.4,0.287,0.2,2.21,10.55,4,0,0,92.4,92.6,3,23.6,0.9536
1414.1,11.0,8.1,53.5,54.3,34.6,92.8,0.775,1.01,1.91,14.26,1,0,0,11.0,11.1,0,1375.5,0.0593
2408.2,43.1,17.4,44.1,43.1,45.0,122.7,0.786,4.6,4.51,13.96,3,0,0,43.1,43.6,1,16.4,0.7757
3392.7,88.0,21.2,65.5,68.8,30.2,86.0,0.755,0.09,1.69,14.19,5,0,0,88.0,87.3,0,1048.7,0.075
2417.2,18.3,20.4,44.5,74.1,36.2,94.6,0.174,25.69,13.51,13.59,1,0,0,18.3,17.9,2,46.1,0.7044
1049.2,0.0,2.0,36.2,35.6,38.3,87.5,0.809,2.58,0.19,14.08,0,0,0,0.0,0.0,0,765.5,0.0779
4247.7,69.6,72.7,77.8,83.1,31.0,92.4,0.451,0.36,2.28,10.56,3,0,0,69.6,69.0,3,13.5,0.8701
1033.9,0.0,2.4,28.2,31.0,34.9,86.0,0.208,2.93,1.58,14.15,0,0,0,0.0,0.0,0,1037.6,0.0668
2118.9,35.8,16.5,39.1,38.8,32.5,89.0,0.872,1.26,2.74,14.46,3,0,0,35.8,35.5,0,1423.1,0.0416
2068.3,25.1,17.3,47.9,50.7,30.3,81.7,0.728,1.66,0.89,14.2,2,0,0,25.1,25.0,0,1359.6,0.0609
3267.3,87.1,28.2,62.6,62.7,35.8,93.4,0.239,4.1,2.21,14.0,5,0,0,87.1,88.1,0,1284.2,0.069
3379.0,71.9,34.4,59.7,61.8,37.6,88.2,0.831,1.76,3.12,14.02,4,0,0,71.9,70.6,0,1239.7,0.023
2837.2,22.1,19.3,54.4,52.6,37.1,85.9,0.21,1.41,1.24,14.15,1,0,0,22.1,22.5,0,814.3,0.0687
2813.0,26.8,18.0,46.7,67.0,29.2,94.2,0.193,8.28,13.64,14.12,2,0,0,26.8,27.4,2,118.4,0.6801
4220.1,66.0,41.0,81.2,79.9,26.9,94.6,0.798,2.22,1.74,14.2,3,0,0,66.0,66.5,0,1456.0,0.0265
2791.9,33.6,7.6,61.9,60.2,35.6,87.8,0.686,3.33,-0.14,14.13,2,0,0,33.6,33.9,0,1131.1,0.026
2455.5,29.5,21.3,60.1,56.4,40.2,120.4,0.82,7.27,5.59,13.57,2,0,0,29.5,29.1,1,63.0,0.7662
2673.3,33.9,16.2,44.3,43.7,43.1,123.6,0.764,2.77,4.55,13.95,2,0,0,33.9,34.0,1,16.0,0.8785
1010.7,0.0,2.5,33.6,35.7,37.6,87.8,0.724,1.94,-0.02,14.07,0,0,0,0.0,0.0,0,1080.1,0.0243
2242.4,26.1,20.5,55.3,52.8,33.3,92.9,0.851,0.86,-0.34,14.1,2,0,0,26.1,26.0,0,1286.8,0.0552
5160.6,85.2,48.3,87.1,86.5,29.4,86.3,0.196,4.4,2.6,14.03,3,0,0,85.2,85.4,0,733.8,0.055
2236.4,24.8,19.2,49.4,48.3,40.7,132.7,0.879,6.84,3.85,13.74,2,0,0,24.8,24.8,1,43.6,0.9542
2206.4,37.1,19.1,52.4,50.7,40.6,112.3,0.714,12.39,3.31,13.92,3,0,0,37.1,37.4,1,21.0,0.9219
3928.4,48.8,62.9,85.3,86.9,33.0,81.8,0.253,1.75,2.66,14.07,2,0,0,48.8,48.0,0,996.3,0.0595
1559.5,20.1,11.0,47.6,69.4,31.9,93.7,0.091,24.7,16.55,13.74,2,0,0,20.1,20.0,2,116.5,0.6584
2544.8,32.8,17.5,47.4,74.6,26.9,88.7,0.129,20.3,13.9,13.94,2,0,0,32.8,33.0,2,101.0,0.8293
996.5,0.0,2.5,30.8,31.9,29.5,89.3,0.844,1.77,2.53,14.02,0,0,0,0.0,0.0,0,982.1,0.0134
2816.5,24.8,16.1,51.3,68.7,28.8,92.9,0.19,17.95,11.98,14.22,1,0,0,24.8,24.5,2,25.1,0.6705
1050.7,0.0,2.5,31.1,33.0,38.1,82.1,0.748,3.99,0.94,14.06,0,0,1,0.0,0.0,0,1381.5,0.0435
1080.4,0.0,1.9,38.1,38.6,39.2,87.1,0.752,3.17,1.83,13.86,0,0,1,0.0,0.0,0,972.4,0.0221
2870.5,33.5,13.3,49.6,51.3,31.5,89.8,0.227,1.93,1.46,14.35,2,0,0,33.5,33.9,0,1134.7,0.0595
1881.5,26.0,20.2,46.4,46.9,38.6,86.5,0.748,2.47,1.35,13.93,2,0,0,26.0,26.4,0,1010.2,0.0497
1014.4,0.0,2.4,30.0,31.4,34.2,87.4,0.861,3.9,1.03,13.96,0,0,1,0.0,0.0,0,817.2,0.0463
3189.9,81.3,26.4,69.1,65.6,29.8,88.0,0.521,1.24,1.91,10.61,5,0,0,81.3,81.6,3,23.8,0.9224
3184.6,73.7,14.3,65.0,64.7,33.8,86.2,0.318,1.59,2.0,14.26,4,0,0,73.7,75.0,0,946.4,0.0722
1091.2,0.0,2.0,35.1,37.0,39.1,84.2,0.865,-1.24,1.35,13.97,0,0,1,0.0,0.0,0,1406.2,0.0677
2497.3,20.8,11.0,51.8,52.1,33.2,88.8,0.296,3.0,2.84,14.11,1,0,0,20.8,21.0,0,1133.0,0.0186
2070.1,24.7,19.3,48.8,48.1,27.7,83.4,0.421,-0.04,1.31,9.82,2,0,0,24.7,24.4,3,39.8,0.8306
1040.9,0.0,2.3,36.8,35.6,29.1,86.5,0.75,1.55,2.45,14.08,0,0,0,0.0,0.0,0,1443.3,0.0463
2391.8,16.2,7.8,54.2,51.4,39.0,92.3,0.348,0.52,1.83,14.09,1,0,0,16.2,15.9,0,949.9,0.0299
2362.7,41.1,9.7,42.9,44.5,32.9,88.7,0.196,2.75,0.95,14.02,3,0,0,41.1,40.8,0,710.5,0.0752
2013.3,14.7,16.6,43.5,43.4,37.2,87.2,0.212,1.1,1.97,14.19,1,0,0,14.7,14.7,0,751.3,0.0149
1041.9,0.0,2.3,36.3,36.3,31.2,94.8,0.313,0.07,0.37,11.11,0,0,1,0.0,0.0,3,43.6,0.8822
1058.7,0.0,2.0,35.2,36.2,35.9,83.1,0.231,3.43,-0.67,10.67,0,0,0,0.0,0.0,3,9.7,0.8552
2418.3,28.1,12.2,49.7,51.8,38.1,92.7,0.733,-0.05,2.04,14.26,2,0,0,28.1,28.1,0,1169.5,0.0192
2526.2,30.7,16.9,50.7,53.9,30.7,84.6,0.576,0.21,0.83,10.64,2,0,0,30.7,30.6,3,10.6,0.9792
3253.5,86.0,31.8,56.1,53.0,41.8,123.4,0.762,6.38,3.78,13.93,5,0,0,86.0,86.9,1,53.2,0.8304
2118.3,16.5,18.5,51.8,84.9,36.2,96.2,0.122,20.57,12.51,13.98,1,0,0,16.5,16.7,2,26.7,0.6794
2017.9,34.0,9.1,42.8,44.5,27.3,85.8,0.863,0.79,1.87,14.16,3,0,0,34.0,33.5,0,1220.2,0.0248
1006.7,0.0,2.5,33.1,35.0,30.4,81.8,0.279,0.58,1.47,13.86,0,0,0,0.0,0.0,0,1357.8,0.0198
3469.4,78.3,25.4,61.3,61.6,32.5,94.9,0.758,2.85,1.54,14.3,4,0,0,78.3,79.2,0,967.8,0.0153
2849.8,48.8,19.1,48.4,48.6,37.4,125.9,0.741,11.46,3.58,13.39,3,0,0,48.8,48.5,1,31.0,0.9585
4277.5,66.7,77.9,68.4,71.5,31.2,82.9,0.245,0.16,2.85,14.23,3,0,0,66.7,67.5,0,1437.7,0.0446
2840.0,23.5,19.1,51.8,46.1,38.9,87.6,0.253,2.7,1.87,14.25,1,0,0,23.5,23.9,0,1183.1,0.0352
1783.7,15.2,19.9,41.8,42.5,32.4,81.3,0.184,1.71,1.34,14.11,1,0,0,15.2,15.2,0,870.3,0.0564
1046.5,0.0,2.5,29.2,30.3,40.4,112.8,0.856,7.41,6.0,14.05,0,0,0,0.0,0.0,1,68.4,0.8566
3751.4,101.8,28.7,53.7,56.2,32.0,89.5,0.844,0.79,0.68,14.04,5,0,0,101.8,103.0,0,1346.7,0.0109
2558.5,20.2,13.3,60.6,61.0,33.4,123.6,0.861,7.33,4.39,14.01,1,0,0,20.2,20.1,1,71.5,0.7753
3053.0,22.6,9.3,60.9,55.8,38.9,88.3,0.225,2.85,0.85,10.72,1,0,0,22.6,22.7,3,5.2,0.828
2624.9,43.7,21.0,49.7,51.6,32.2,88.5,0.781,2.53,1.18,14.37,3,0,0,43.7,44.4,0,1285.3,0.0498
1036.3,0.0,1.8,34.5,33.3,37.8,112.9,0.791,4.06,2.92,13.72,0,0,0,0.0,0.0,1,52.6,0.8399
2870.6,49.7,12.8,45.9,46.4,30.4,87.7,0.759,2.55,2.32,14.32,3,0,0,49.7,48.8,0,1096.5,0.0761
919.5,0.0,1.8,38.9,67.9,35.8,92.2,0.197,21.54,18.32,14.07,0,0,0,0.0,0.0,2,104.6,0.8072
1771.6,30.2,8.2,53.0,53.3,31.8,88.0,0.212,2.68,2.9,14.19,3,0,0,30.2,29.7,0,1258.9,0.0674
3345.1,54.7,13.8,50.5,49.0,47.1,121.8,0.676,11.07,2.31,13.6,3,0,0,54.7,54.7,1,44.0,0.7829
2658.2,19.8,9.6,47.2,74.5,36.0,93.8,0.122,19.04,12.56,13.87,1,0,0,19.8,19.6,2,103.3,0.6612
4513.5,76.9,50.2,81.1,81.8,36.4,87.3,0.645,-0.45,0.11,10.65,3,0,0,76.9,76.3,3,28.1,0.8446
1094.5,0.0,2.3,34.0,34.4,42.8,109.5,0.818,10.7,4.4,13.98,0,0,0,0.0,0.0,1,58.7,0.8401
2508.2,30.6,9.3,53.9,54.4,35.4,87.6,0.71,1.64,1.31,14.05,2,0,0,30.6,30.4,0,1092.5,0.0765
3439.4,89.0,21.6,68.1,69.2,39.6,115.0,0.867,8.2,5.42,13.5,5,0,0,89.0,89.3,1,72.7,0.9003
2166.6,38.3,11.2,39.3,66.5,28.9,92.1,0.148,22.22,18.83,13.99,3,0,0,38.3,38.5,2,45.7,0.8771
2587.9,43.9,10.6,47.8,47.1,32.0,84.9,0.709,2.43,0.74,14.27,3,0,0,43.9,43.9,0,1283.9,0.0471
2585.1,32.0,13.5,46.2,44.6,28.7,87.1,0.798,2.99,1.93,14.07,2,0,0,32.0,32.1,0,1024.6,0.024
3089.5,79.4,34.7,66.6,66.7,35.9,83.8,0.441,0.46,0.73,10.31,5,0,0,79.4,80.7,3,39.5,0.9663
1046.9,0.0,2.1,32.8,33.3,41.3,118.6,0.816,7.18,5.25,13.85,0,0,0,0.0,0.0,1,25.3,0.9483
3471.6,89.8,26.6,56.2,59.1,38.8,110.5,0.72,9.39,5.37,13.82,5,0,0,89.8,89.2,1,21.7,0.9196
2543.8,19.2,18.2,52.6,55.2,32.5,86.9,0.221,-0.26,1.12,14.19,1,0,0,19.2,19.3,0,1388.2,0.0168
2767.3,20.6,7.0,51.6,49.0,43.4,118.9,0.844,4.42,2.96,13.8,1,0,0,20.6,20.2,1,16.0,0.7454
2028.8,13.5,8.5,51.6,54.7,37.8,92.3,0.868,1.61,1.8,14.29,1,0,0,13.5,13.5,0,1200.9,0.0534
1758.5,12.3,16.6,45.3,46.1,32.6,123.7,0.868,7.34,3.9,14.04,1,0,0,12.3,12.2,1,52.7,0.7644
3997.6,82.0,21.1,64.1,65.0,30.7,90.3,0.267,4.26,1.35,14.0,4,0,0,82.0,83.4,0,1450.3,0.0786
1087.7,0.0,2.3,36.6,34.7,46.0,117.0,0.721,9.62,6.92,13.88,0,0,0,0.0,0.0,1,23.6,0.9349
1486.8,16.7,14.4,44.5,45.2,29.9,90.2,0.221,-1.44,1.06,10.36,2,0,0,16.7,16.6,3,18.6,0.8166
2096.1,34.4,14.7,53.2,53.8,38.6,83.7,0.805,0.65,1.79,13.94,3,0,0,34.4,34.2,0,901.9,0.0681
4025.9,81.1,26.5,49.8,53.5,32.5,92.4,0.232,1.03,0.07,10.91,4,0,0,81.1,81.6,3,42.9,0.8496
1014.7,0.0,2.5,32.4,33.8,37.9,85.1,0.312,2.19,0.07,14.01,0,0,0,0.0,0.0,0,1207.9,0.0395
850.0,0.0,2.3,35.3,59.5,33.4,94.2,0.187,19.91,13.48,13.77,0,0,0,0.0,0.0,2,92.5,0.7455
3720.4,78.9,22.2,64.0,84.5,32.4,86.8,0.189,20.36,13.93,13.91,4,0,0,78.9,77.6,2,64.9,0.7155
3480.3,91.2,33.6,63.7,61.7,36.0,87.3,0.868,1.75,1.62,14.1,5,0,0,91.2,90.9,0,1292.2,0.0159
4708.4,99.6,50.3,75.1,75.5,45.6,117.4,0.89,8.77,4.14,14.06,4,0,0,99.6,100.1,1,62.6,0.9514
850.0,0.0,2.4,30.7,53.6,30.0,97.8,0.187,9.36,14.89,13.9,0,0,0,0.0,0.0,2,104.3,0.9197
2844.7,74.0,17.6,55.7,57.4,30.0,84.3,0.762,1.41,1.54,13.83,5,0,0,74.0,73.8,0,1346.1,0.0499
1048.2,0.0,2.2,34.1,35.1,33.6,86.7,0.879,-0.24,0.95,14.15,0,0,1,0.0,0.0,0,1202.1,0.0771
2383.0,28.9,10.3,61.5,62.1,41.2,119.3,0.684,8.41,3.92,13.71,2,0,0,28.9,28.7,1,51.4,0.7313
850.0,0.0,2.4,32.2,62.6,28.0,93.3,0.171,23.09,16.3,14.08,0,0,0,0.0,0.0,2,43.2,0.7209
1107.2,0.0,2.1,34.2,60.8,38.1,96.2,0.069,20.66,10.47,13.99,0,0,0,0.0,0.0,2,50.0,0.6934
4114.5,96.3,32.4,62.3,77.4,34.2,87.6,0.183,13.25,15.25,14.11,5,0,0,96.3,96.0,2,114.6,0.8563
1064.0,0.0,2.0,33.9,32.2,31.6,87.7,0.333,0.19,2.74,14.13,0,0,0,0.0,0.0,0,1450.7,0.0792
1044.6,0.0,2.4,28.5,55.5,38.1,97.0,0.186,25.73,13.48,13.97,0,0,0,0.0,0.0,2,75.7,0.735
1027.5,0.0,2.2,36.5,34.5,28.1,84.4,0.334,2.32,2.03,13.99,0,0,0,0.0,0.0,0,754.0,0.0588
3538.5,91.8,24.1,62.2,62.8,30.5,93.3,0.78,1.97,1.44,14.15,5,0,0,91.8,92.3,0,1311.0,0.0317
4130.2,71.8,66.9,83.7,81.4,35.0,85.5,0.807,2.11,-0.83,14.17,3,0,0,71.8,71.0,0,916.1,0.0563
3630.0,79.4,34.7,66.1,64.6,34.6,92.2,0.276,-0.56,1.61,14.14,4,0,0,79.4,80.8,0,919.3,0.0574
3749.5,98.0,30.9,65.4,66.1,30.2,83.7,0.728,2.48,0.68,14.12,5,0,0,98.0,99.3,0,1203.8,0.0692
2654.5,33.0,7.2,46.9,47.4,32.6,84.6,0.219,4.12,0.42,14.08,2,0,0,33.0,33.5,0,1005.3,0.0397
3865.6,77.4,22.3,55.3,55.3,45.5,127.7,0.893,4.86,3.46,13.89,4,0,0,77.4,76.7,1,72.3,0.81
2927.1,76.3,26.9,67.4,68.8,37.7,90.3,0.842,1.36,0.69,14.33,5,0,0,76.3,77.6,0,1058.6,0.067
1047.8,0.0,2.3,27.0,28.6,32.2,89.8,0.304,1.09,1.49,14.11,0,0,0,0.0,0.0,0,1284.5,0.0666
3072.4,83.8,24.8,60.3,60.7,32.6,88.9,0.26,2.27,2.17,14.05,5,0,0,83.8,83.3,0,1131.4,0.0419
2193.0,11.8,10.7,42.1,43.8,36.4,90.8,0.339,-1.88,1.17,14.12,1,0,0,11.8,11.8,0,1453.3,0.0763
1661.5,20.7,7.0,44.1,44.0,37.7,87.6,0.868,3.51,1.98,14.35,2,0,0,20.7,20.7,0,1060.3,0.0534
1028.9,0.0,2.4,37.4,36.0,27.0,82.0,0.717,0.79,0.41,14.1,0,0,0,0.0,0.0,0,1498.8,0.0404
1638.8,17.9,6.5,43.3,45.4,37.1,117.8,0.797,6.31,2.77,13.97,1,0,0,17.9,18.2,1,69.1,0.8041
3324.1,73.8,20.8,63.3,63.8,39.5,120.7,0.897,7.68,5.02,13.73,4,0,0,73.8,75.2,1,42.5,0.9306
1721.6,13.3,13.6,46.6,44.0,45.7,112.4,0.803,8.11,1.31,13.79,1,0,0,13.3,13.4,1,14.8,0.8194
2952.4,35.9,17.9,55.1,52.6,30.3,84.4,0.25,1.67,1.64,14.09,2,0,0,35.9,36.6,0,931.4,0.0521
3516.2,73.9,14.4,64.4,66.5,26.7,86.6,0.337,-0.73,1.6,14.26,4,0,0,73.9,74.0,0,806.1,0.0175
1038.8,0.0,1.9,33.5,55.6,27.7,92.2,0.079,18.19,14.03,13.96,0,0,0,0.0,0.0,2,86.8,0.915
3338.5,92.6,27.1,65.9,63.7,37.3,82.4,0.262,3.38,1.56,14.35,5,0,0,92.6,92.6,0,849.6,0.0249
2438.7,41.7,19.2,50.4,48.6,26.3,88.7,0.263,1.9,1.6,14.07,3,0,0,41.7,42.2,0,826.9,0.067
2034.8,33.2,8.0,45.1,49.2,35.0,86.6,0.26,3.65,-0.02,14.05,3,0,0,33.2,33.3,0,819.7,0.0459
4601.5,59.1,46.7,86.9,90.0,28.1,83.7,0.265,1.16,0.75,14.13,2,0,0,59.1,59.9,0,930.9,0.0638
1022.0,0.0,1.8,29.1,32.4,34.6,84.7,0.204,0.64,1.17,14.17,0,0,0,0.0,0.0,0,750.3,0.0357
1023.4,0.0,2.5,32.4,31.3,32.2,84.8,0.79,-0.43,-0.17,14.04,0,0,0,0.0,0.0,0,1446.8,0.0569
1068.7,0.0,2.1,38.0,38.2,29.2,86.3,0.337,1.53,1.43,14.1,0,0,0,0.0,0.0,0,703.0,0.0366
2600.4,44.4,13.8,45.5,45.5,30.9,84.0,0.689,1.38,2.32,14.23,3,0,0,44.4,44.4,0,836.4,0.0166
2738.1,33.3,14.1,47.2,46.4,38.2,116.0,0.652,9.04,3.61,13.4,2,0,0,33.3,33.2,1,68.5,0.8334
1738.7,21.7,21.3,48.7,74.4,33.6,92.6,0.141,22.97,12.53,14.08,2,0,0,21.7,21.5,2,51.7,0.7439
1300.1,0.0,2.0,30.3,63.5,30.7,93.9,0.078,27.27,10.62,13.77,0,0,1,0.0,0.0,2,32.4,0.804
2264.2,14.6,16.7,59.7,58.2,37.9,111.7,0.742,7.95,2.81,13.96,1,0,0,14.6,14.6,1,11.7,0.8322
1009.0,0.0,2.4,33.2,34.8,33.4,90.6,0.317,-0.2,0.74,10.13,0,0,1,0.0,0.0,3,24.0,0.8351
1069.4,0.0,2.1,32.2,31.2,31.5,88.6,0.229,2.71,1.46,13.95,0,0,0,0.0,0.0,0,1496.9,0.0336
1027.2,0.0,2.2,32.4,34.2,38.9,87.7,0.192,1.67,-0.8,14.12,0,0,1,0.0,0.0,0,999.8,0.0587
1011.0,0.0,2.4,35.9,32.6,39.4,86.8,0.689,-2.13,1.44,14.11,0,0,0,0.0,0.0,0,1385.2,0.0179
1013.1,0.0,2.3,31.1,30.9,45.8,106.0,0.691,2.84,5.41,13.79,0,0,0,0.0,0.0,1,13.1,0.8696
1383.4,24.4,6.7,34.6,55.9,28.4,99.6,0.129,18.38,18.56,13.79,2,0,0,24.4,24.8,2,57.9,0.7279
1039.7,0.0,2.2,27.1,29.9,29.7,86.0,0.85,-1.0,2.7,14.06,0,0,0,0.0,0.0,0,784.0,0.0365
1065.7,0.0,2.4,40.2,41.2,30.6,87.8,0.218,-2.84,-0.13,10.25,0,0,0,0.0,0.0,3,41.1,0.9121
2265.6,16.8,17.7,47.9,49.3,33.8,87.8,0.28,3.06,0.64,14.13,1,0,0,16.8,16.5,0,1435.9,0.0497
2338.1,18.1,7.9,40.3,38.2,36.9,86.2,0.278,4.94,1.78,10.64,1,0,0,18.1,18.1,3,40.1,0.8081
2324.2,28.0,17.9,46.9,47.0,25.8,84.7,0.223,-1.05,0.86,14.13,2,0,0,28.0,27.5,0,1214.6,0.0193
2505.0,22.4,16.7,39.0,40.7,32.3,86.0,0.877,0.04,1.95,14.23,1,0,0,22.4,22.4,0,1018.8,0.0682
2343.2,26.5,9.7,49.6,45.0,33.7,85.4,0.324,2.78,0.47,14.12,2,0,0,26.5,26.7,0,1275.8,0.0568
1082.7,0.0,2.3,31.1,31.0,33.0,86.1,0.775,0.34,1.76,13.97,0,0,1,0.0,0.0,0,937.2,0.0341
1059.2,0.0,1.9,31.0,29.8,27.2,86.6,0.191,3.47,1.78,14.09,0,0,0,0.0,0.0,0,1188.8,0.0783
1068.4,0.0,2.4,34.9,34.2,36.3,79.4,0.221,1.39,2.53,14.01,0,0,0,0.0,0.0,0,1222.8,0.0496
3635.8,91.6,34.3,59.5,75.0,26.2,94.0,0.136,16.35,14.37,14.03,5,0,0,91.6,93.2,2,24.8,0.7759
1043.9,0.0,2.4,35.1,31.9,39.2,87.9,0.847,0.15,1.71,14.08,0,0,0,0.0,0.0,0,839.1,0.0482
1021.4,0.0,2.1,35.4,36.4,34.2,87.0,0.274,2.92,0.75,14.0,0,0,0,0.0,0.0,0,940.5,0.0645
2314.6,25.8,21.8,37.0,37.0,42.5,113.1,0.669,5.99,4.55,14.19,2,0,0,25.8,25.5,1,24.2,0.7448
3295.8,72.1,29.0,66.8,67.0,44.6,117.6,0.653,8.36,1.98,14.13,4,0,0,72.1,72.3,1,9.7,0.733
3509.9,80.2,18.5,63.6,58.1,30.7,91.7,0.755,0.64,2.1,14.29,4,0,0,80.2,81.7,0,1419.9,0.0647
2584.4,18.5,13.2,51.8,52.6,38.7,88.6,0.224,0.95,2.23,14.06,1,0,0,18.5,18.6,0,1223.1,0.0426
2305.8,39.5,11.0,37.3,38.4,29.8,88.9,0.345,2.74,0.92,14.09,3,0,0,39.5,39.6,0,1047.2,0.0384
1954.1,22.0,20.5,52.6,52.5,30.0,94.1,0.187,2.62,0.8,14.18,2,0,0,22.0,21.8,0,1228.4,0.0264
3452.1,94.1,15.7,62.7,62.1,44.1,109.0,0.725,7.94,4.36,13.79,5,0,0,94.1,95.0,1,12.2,0.8908
2690.8,57.3,19.5,66.0,63.2,29.5,90.3,0.72,1.27,0.94,14.25,4,0,0,57.3,57.0,0,912.9,0.0718
1014.5,0.0,1.8,32.1,33.6,29.6,84.2,0.733,3.02,1.73,14.1,0,0,0,0.0,0.0,0,1436.7,0.0668
1747.4,19.6,16.6,42.4,41.0,44.8,115.3,0.805,5.02,3.36,13.81,2,0,0,19.6,19.4,1,22.3,0.7269
3727.4,97.5,22.7,68.3,66.9,34.6,93.2,0.272,1.73,1.18,14.3,5,0,0,97.5,98.6,0,1054.7,0.0402
3996.5,102.7,32.0,61.8,66.2,38.4,86.0,0.841,1.24,0.23,14.21,5,0,0,102.7,101.3,0,1077.8,0.0207
3181.8,84.0,20.4,74.8,72.8,36.1,89.7,0.232,0.22,1.45,14.0,5,0,0,84.0,84.5,0,957.1,0.0743
2251.2,18.0,8.3,50.2,53.2,34.6,81.9,0.619,-1.48,2.12,10.88,1,0,0,18.0,18.2,3,38.8,0.8367
3562.0,93.7,18.9,60.8,61.3,34.9,93.4,0.275,2.71,1.53,14.02,5,0,0,93.7,94.7,0,1079.2,0.0306
4784.0,80.1,46.0,76.7,98.0,28.4,88.4,0.117,15.2,14.11,13.87,3,0,0,80.1,79.8,2,45.5,0.7626
2438.2,16.1,18.7,45.0,43.6,37.5,85.0,0.856,1.27,1.41,14.16,1,0,0,16.1,15.9,0,1146.4,0.0423
4951.0,61.9,56.4,72.7,72.0,29.5,86.5,0.783,1.48,1.27,13.98,2,0,0,61.9,60.7,0,1458.1,0.0397
2266.6,27.6,18.4,33.6,36.0,46.9,115.8,0.806,6.86,1.96,13.82,2,0,0,27.6,28.1,1,14.5,0.947
2103.4,34.5,6.9,48.4,45.9,35.9,82.3,0.365,1.04,2.0,10.74,3,0,0,34.5,35.0,3,29.4,0.8631
1004.7,0.0,2.4,35.1,33.9,38.6,113.1,0.76,12.47,4.62,13.94,0,0,0,0.0,0.0,1,58.5,0.8595
3852.5,93.2,24.4,65.6,95.0,37.8,96.5,0.153,19.98,13.86,14.01,5,0,0,93.2,94.7,2,101.3,0.8909
3854.8,42.8,40.4,82.0,98.0,27.7,93.3,0.149,17.09,16.57,13.88,2,0,0,42.8,42.9,2,62.5,0.8814
2607.1,33.1,12.6,51.4,47.9,26.8,90.3,0.801,3.2,0.47,14.08,2,0,0,33.1,33.3,0,970.2,0.0151
1112.2,0.0,1.9,36.3,33.9,33.1,85.6,0.308,2.17,2.07,14.02,0,0,0,0.0,0.0,0,860.1,0.0287
1026.3,0.0,1.8,39.8,35.1,43.9,112.1,0.855,7.75,3.78,13.83,0,0,0,0.0,0.0,1,45.3,0.8652
5223.0,66.5,65.0,83.8,86.6,34.9,91.6,0.857,4.49,1.52,13.98,2,0,0,66.5,66.9,0,1102.2,0.0744
2586.6,32.6,8.9,40.5,66.1,31.3,102.6,0.141,19.99,16.96,13.78,2,0,0,32.6,32.9,2,33.0,0.6645
2718.9,21.3,8.1,50.6,50.5,30.4,84.9,0.541,2.2,0.56,10.7,1,0,0,21.3,21.1,3,44.3,0.9003
4479.5,72.5,56.9,79.3,78.7,28.0,83.8,0.208,4.58,0.95,14.26,3,0,0,72.5,71.4,0,770.2,0.0367
2206.3,24.2,8.1,56.5,53.4,34.3,86.0,0.79,0.49,1.14,14.06,2,0,0,24.2,23.8,0,1450.1,0.038
926.9,0.0,2.5,37.6,57.7,32.6,86.4,0.136,13.72,15.85,13.95,0,0,0,0.0,0.0,2,78.2,0.8415
2584.9,39.3,10.6,45.2,40.7,28.9,81.5,0.187,0.45,1.09,14.18,3,0,0,39.3,39.9,0,1052.4,0.0676
4799.4,98.4,83.8,85.4,98.0,32.0,96.8,0.177,16.51,15.4,14.16,4,0,0,98.4,99.0,2,21.1,0.6894
1031.5,0.0,2.3,32.7,30.9,31.5,83.0,0.788,2.07,1.25,14.12,0,0,0,0.0,0.0,0,1101.0,0.0782
3137.3,81.7,33.6,61.2,60.1,46.8,123.4,0.832,3.94,5.64,14.03,5,0,0,81.7,81.2,1,57.4,0.958
1043.8,0.0,2.3,35.7,35.9,28.2,85.5,0.204,2.01,0.6,13.99,0,0,1,0.0,0.0,0,1489.5,0.0147
2966.0,79.5,14.4,67.2,67.7,45.0,114.1,0.822,3.09,4.61,13.94,5,0,0,79.5,80.6,1,21.6,0.7465
1025.2,0.0,2.5,37.3,35.0,31.0,86.9,0.185,4.0,1.38,14.17,0,0,1,0.0,0.0,0,1359.1,0.0151
3476.4,91.4,14.2,63.1,64.8,32.1,83.8,0.861,2.54,1.15,14.17,5,0,0,91.4,89.8,0,1133.8,0.0766
2465.6,19.2,10.6,41.6,43.6,31.2,86.6,0.259,-1.15,1.48,14.24,1,0,0,19.2,19.3,0,1173.3,0.0327
2972.8,47.9,16.4,50.6,51.4,41.4,111.0,0.852,2.34,2.53,14.07,3,0,0,47.9,47.6,1,51.4,0.7945
3341.4,88.8,34.9,63.4,94.5,38.2,96.4,0.091,18.67,7.37,13.91,5,0,0,88.8,87.6,2,113.2,0.7531
2798.3,70.1,27.3,58.3,55.9,30.5,96.3,0.692,1.88,3.3,14.18,5,0,0,70.1,69.0,0,1172.1,0.053
2840.7,32.0,15.0,40.3,43.4,36.6,86.6,0.814,4.07,0.71,14.15,2,0,0,32.0,32.7,0,1445.6,0.016
2183.6,35.5,8.2,42.3,46.2,32.7,83.6,0.757,-0.18,2.17,14.6,3,0,0,35.5,36.1,0,1369.6,0.0739
3728.1,76.4,24.2,60.7,61.5,41.8,107.9,0.802,4.9,5.14,14.15,4,0,0,76.4,77.7,1,34.6,0.9176
1035.9,0.0,2.4,34.0,31.1,38.5,112.0,0.66,8.57,4.62,13.71,0,0,0,0.0,0.0,1,36.9,0.8713
2328.2,37.3,8.0,38.4,36.4,32.3,88.5,0.231,0.86,2.19,14.22,3,0,0,37.3,37.4,0,720.7,0.077
3888.2,81.8,32.9,61.8,60.3,39.7,85.4,0.711,2.3,1.83,14.23,4,0,0,81.8,82.1,0,1007.4,0.0728
2528.0,30.3,18.2,37.3,39.1,29.2,84.3,0.189,0.95,0.74,13.99,2,0,0,30.3,30.2,0,972.1,0.0173
2358.7,41.0,8.2,42.1,45.2,36.8,85.6,0.834,1.96,1.37,14.1,3,0,0,41.0,41.1,0,1305.8,0.0609
3459.6,91.3,32.3,58.6,59.4,35.2,86.1,0.735,0.82,0.46,13.97,5,0,0,91.3,89.9,0,734.7,0.0477
1062.3,0.0,2.0,32.1,32.6,38.0,85.4,0.678,3.89,0.67,10.95,0,0,0,0.0,0.0,3,44.6,0.9454
2785.0,31.2,8.6,44.0,41.9,33.5,80.6,0.857,1.92,2.75,14.08,2,0,0,31.2,30.9,0,712.2,0.0611
2154.7,15.5,10.6,55.9,55.7,46.9,120.4,0.884,5.55,4.78,13.67,1,0,0,15.5,15.5,1,34.6,0.8644
3429.2,86.6,27.5,52.8,53.6,35.4,89.2,0.192,1.27,2.91,14.12,5,0,0,86.6,87.1,0,1068.1,0.0398
2834.2,34.5,14.4,48.5,49.7,31.8,87.5,0.307,2.44,1.97,14.21,2,0,0,34.5,34.2,0,789.1,0.0681
2616.0,34.5,11.0,51.0,50.5,43.3,115.8,0.738,7.98,4.88,13.86,2,0,0,34.5,34.0,1,74.1,0.7931
2516.5,30.6,15.0,40.5,42.4,40.0,109.9,0.815,7.78,2.11,13.91,2,0,0,30.6,30.0,1,73.5,0.7994
2840.9,58.7,33.6,69.8,67.3,34.0,85.7,0.479,-3.29,2.65,11.08,4,0,0,58.7,59.0,3,42.4,0.9144
2955.9,64.0,27.5,65.2,64.1,33.5,86.8,0.727,2.72,1.23,14.08,4,0,0,64.0,63.9,0,1274.6,0.0259
1750.2,14.4,15.5,47.8,47.9,29.9,87.4,0.342,2.01,1.92,14.05,1,0,0,14.4,14.2,0,859.6,0.025
3400.0,70.9,17.6,63.0,58.8,39.4,118.9,0.818,7.09,3.37,13.74,4,0,0,70.9,71.0,1,59.2,0.8332
1106.2,0.0,2.3,32.1,32.6,33.5,87.7,0.695,1.69,0.81,13.95,0,0,0,0.0,0.0,0,1362.1,0.0595
1074.5,0.0,2.4,37.0,35.9,33.0,84.6,0.21,2.19,2.13,14.06,0,0,0,0.0,0.0,0,851.9,0.0782
1066.2,0.0,1.8,30.3,32.5,33.6,87.2,0.262,3.37,2.33,14.1,0,0,0,0.0,0.0,0,1213.0,0.0573
1023.9,0.0,1.8,35.8,35.2,36.0,82.4,0.85,1.1,0.91,14.04,0,0,0,0.0,0.0,0,1124.8,0.0754
2636.4,56.0,74.7,86.7,98.0,28.8,93.8,0.127,17.66,18.16,13.89,4,0,0,56.0,55.4,2,61.0,0.8043
3524.1,95.9,33.0,56.5,56.7,32.7,90.9,0.28,2.26,1.75,14.05,5,0,0,95.9,97.3,0,934.0,0.0749
1050.2,0.0,2.4,35.2,33.0,36.5,86.9,0.772,3.33,1.15,14.1,0,0,0,0.0,0.0,0,1128.0,0.0557
2575.1,55.8,30.3,57.1,56.8,28.4,81.3,0.286,0.75,0.05,14.21,4,0,0,55.8,54.8,0,867.3,0.0207
1081.0,0.0,2.1,30.0,29.7,36.3,86.5,0.83,0.38,1.15,13.97,0,0,0,0.0,0.0,0,756.7,0.0328
2942.3,76.7,32.6,61.4,61.0,37.7,91.8,0.243,-1.1,1.23,13.88,5,0,0,76.7,76.5,0,1489.8,0.0531
2716.8,19.1,9.0,58.2,56.0,29.2,81.7,0.69,1.69,0.94,14.26,1,0,0,19.1,19.1,0,1019.3,0.0391
1851.2,12.0,9.3,50.6,48.2,35.5,85.2,0.744,4.11,2.02,14.06,1,0,0,12.0,11.9,0,1447.6,0.0371
2136.4,28.6,15.1,46.2,76.0,29.2,94.8,0.135,13.94,14.31,14.11,2,0,0,28.6,29.0,2,47.4,0.8938
1044.2,0.0,1.8,35.7,36.0,37.2,87.7,0.281,-0.01,1.77,14.18,0,0,0,0.0,0.0,0,906.7,0.0714
2191.5,26.0,12.6,56.6,55.7,30.6,87.0,0.248,2.5,1.59,14.2,2,0,0,26.0,26.0,0,1359.1,0.0408
2780.4,19.1,20.5,53.5,78.9,30.3,98.1,0.173,20.68,12.08,13.76,1,0,0,19.1,18.8,2,116.1,0.6545
1060.8,0.0,2.4,30.9,31.3,40.8,118.0,0.894,12.69,3.78,13.85,0,0,0,0.0,0.0,1,14.2,0.8003
4286.5,48.3,64.2,82.9,84.7,33.7,93.5,0.204,1.14,2.72,14.03,2,0,0,48.3,48.6,0,913.6,0.0299
4225.9,72.7,82.0,78.7,78.1,34.2,84.9,0.765,0.38,-0.0,14.02,3,0,0,72.7,71.7,0,1421.1,0.0594
1559.1,27.2,20.2,43.5,45.3,29.8,86.4,0.807,0.35,2.26,14.18,3,0,0,27.2,27.2,0,715.8,0.0766
1061.1,0.0,2.0,29.7,32.9,49.7,112.7,0.668,7.27,5.35,13.8,0,0,0,0.0,0.0,1,62.3,0.7616
1065.3,0.0,2.4,29.7,31.1,34.7,85.7,0.425,-0.56,-0.28,10.26,0,0,0,0.0,0.0,3,19.8,0.9472
2918.2,62.2,28.8,60.6,59.5,39.2,111.8,0.695,7.88,8.0,14.06,4,0,0,62.2,63.5,1,65.3,0.8786
1024.9,0.0,2.1,36.4,33.3,37.5,87.1,0.855,3.43,1.81,13.82,0,0,0,0.0,0.0,0,1095.3,0.0221
3365.3,72.7,29.0,70.0,69.7,42.0,120.4,0.672,-1.38,3.68,13.99,4,0,0,72.7,73.8,1,18.4,0.8432
4539.6,56.1,84.7,74.7,76.2,33.8,98.4,0.836,-0.82,1.57,14.25,2,0,0,56.1,55.5,0,1404.9,0.0386
3136.9,81.4,15.5,52.4,54.6,30.4,88.8,0.722,1.68,2.13,14.1,5,0,0,81.4,81.0,0,927.7,0.0214
3697.8,78.0,33.3,63.1,62.9,31.5,80.3,0.804,-0.26,0.26,14.0,4,0,0,78.0,77.6,0,1081.7,0.0282
3041.1,81.2,26.2,73.2,71.6,35.9,85.4,0.479,1.57,1.6,10.38,5,0,0,81.2,79.7,3,37.7,0.8351
3427.4,88.4,34.8,50.3,48.5,30.3,84.0,0.322,-1.51,0.93,14.12,5,0,0,88.4,89.5,0,745.7,0.0361
3523.9,94.0,24.9,66.8,64.8,42.4,111.8,0.779,8.75,3.3,13.62,5,0,0,94.0,92.8,1,16.5,0.8625
1851.4,13.5,19.2,52.8,53.9,38.2,93.1,0.193,1.79,0.65,14.12,1,0,0,13.5,13.6,0,1028.4,0.0468
4472.9,67.1,77.8,93.8,91.3,30.9,89.1,0.705,1.04,1.29,14.11,3,0,0,67.1,66.9,0,1254.0,0.0332
3956.3,79.4,64.5,77.7,79.0,35.7,81.3,0.839,0.75,2.42,14.11,4,0,0,79.4,80.1,0,1312.0,0.0319
2601.8,18.7,21.4,48.6,50.6,34.3,92.0,0.801,2.16,1.41,14.18,1,0,0,18.7,18.3,0,990.8,0.0646
2969.5,66.0,24.5,61.9,87.9,32.5,89.8,0.056,19.31,11.21,14.03,4,0,0,66.0,65.6,2,97.3,0.7053
1062.6,0.0,1.9,32.2,32.6,32.5,88.1,0.286,5.37,1.68,14.14,0,0,0,0.0,0.0,0,1220.2,0.0756
1824.7,20.9,12.5,46.9,43.5,38.5,117.7,0.846,10.42,4.06,13.76,2,0,0,20.9,20.8,1,53.0,0.954
3293.0,68.6,28.6,71.0,91.9,29.1,86.3,0.06,20.68,15.49,13.96,4,0,0,68.6,67.7,2,61.6,0.7787
4918.2,54.0,64.8,78.7,80.8,38.9,92.2,0.597,-3.86,2.01,10.28,2,0,0,54.0,53.1,3,26.7,0.9719
1058.2,0.0,2.0,35.9,34.9,34.9,88.2,0.81,-0.57,1.23,14.07,0,0,0,0.0,0.0,0,799.8,0.0541
1084.3,0.0,2.4,32.6,33.1,36.7,82.4,0.745,1.67,1.64,13.88,0,0,0,0.0,0.0,0,828.8,0.0682
1070.2,0.0,2.1,33.1,30.2,27.2,84.5,0.239,2.73,1.91,14.04,0,0,0,0.0,0.0,0,1345.1,0.0731
2426.7,40.2,17.0,49.0,48.5,40.3,80.8,0.241,1.85,0.49,10.03,3,0,0,40.2,39.5,3,35.2,0.8005
2174.7,17.3,9.7,38.7,40.5,27.4,87.4,0.491,2.06,1.06,10.06,1,0,0,17.3,17.3,3,17.2,0.9165
1055.3,0.0,2.0,31.9,35.1,36.9,87.4,0.799,1.23,2.51,14.23,0,0,0,0.0,0.0,0,927.8,0.0221
1546.6,14.3,19.6,56.6,83.3,32.5,90.1,0.177,20.84,12.39,14.06,1,0,0,14.3,14.5,2,32.1,0.6542
1048.6,0.0,2.4,35.3,35.4,33.6,84.4,0.877,2.99,0.89,13.98,0,0,1,0.0,0.0,0,1408.0,0.0186
3357.4,86.5,31.5,65.9,65.6,40.8,112.0,0.65,9.83,5.08,13.76,5,0,0,86.5,85.5,1,72.7,0.9373
1897.3,18.0,20.0,49.2,46.1,35.2,90.3,0.331,2.59,2.75,14.09,1,0,0,18.0,18.3,0,905.4,0.0775
3660.5,98.3,17.2,67.3,86.8,27.6,93.1,0.067,15.28,11.92,14.02,5,0,0,98.3,99.9,2,97.0,0.903
1073.9,0.0,2.1,34.7,35.0,36.9,83.6,0.846,1.46,2.1,13.96,0,0,0,0.0,0.0,0,752.7,0.037
4198.0,87.2,83.6,84.5,98.0,27.9,95.8,0.12,26.95,16.7,13.7,4,0,0,87.2,88.6,2,25.4,0.6962
2486.8,43.2,7.5,54.8,78.7,33.4,92.6,0.186,20.59,13.35,13.96,3,0,0,43.2,43.3,2,74.2,0.8651
1018.5,0.0,2.2,35.1,35.3,47.1,115.4,0.825,5.66,6.56,13.7,0,0,0,0.0,0.0,1,52.5,0.8445
2231.9,16.3,20.1,65.2,63.5,35.3,91.6,0.788,3.51,2.18,14.11,1,0,0,16.3,16.3,0,718.2,0.0485
4351.2,67.7,58.6,73.8,75.9,28.4,92.0,0.234,1.63,1.85,14.0,3,0,0,67.7,67.2,0,1305.2,0.07
1049.5,0.0,2.3,29.5,31.7,36.5,87.0,0.851,4.24,1.74,14.06,0,0,0,0.0,0.0,0,1282.8,0.0769
1075.3,0.0,2.5,30.1,29.2,35.0,83.5,0.774,2.88,2.56,14.11,0,0,1,0.0,0.0,0,1017.5,0.0121
1004.4,0.0,2.1,34.7,35.3,32.1,88.6,0.784,0.97,2.8,14.06,0,0,0,0.0,0.0,0,813.6,0.0513
1017.2,0.0,2.1,29.6,29.2,30.4,85.8,0.666,4.43,1.41,10.8,0,0,1,0.0,0.0,3,23.4,0.8861
2600.4,41.9,21.9,49.6,51.9,28.1,96.3,0.813,0.44,2.71,14.16,3,0,0,41.9,41.3,0,870.4,0.0659
3033.5,23.1,6.6,58.0,53.2,37.9,91.3,0.226,2.24,1.39,14.2,1,0,0,23.1,23.2,0,1066.8,0.0434
2980.4,25.9,15.6,53.6,53.0,31.3,89.5,0.811,0.07,0.57,13.99,1,0,0,25.9,25.5,0,1127.6,0.0342
2307.2,27.0,7.2,61.2,60.8,32.2,86.8,0.244,1.28,2.27,14.09,2,0,0,27.0,26.9,0,1143.0,0.016
1967.2,31.1,8.4,40.9,42.8,33.6,109.1,0.679,7.21,4.77,13.58,3,0,0,31.1,30.7,1,22.5,0.7884
3270.8,88.4,28.5,52.2,56.4,35.5,88.4,0.701,1.29,2.0,14.2,5,0,0,88.4,88.5,0,1171.2,0.0668
1041.4,0.0,2.4,32.3,33.5,32.2,87.1,0.52,-0.09,-0.52,10.44,0,0,0,0.0,0.0,3,12.9,0.9671
3027.0,37.2,13.6,67.7,64.6,29.0,89.5,0.812,2.8,1.09,14.05,2,0,0,37.2,37.2,0,977.7,0.0399
2728.7,34.7,20.5,41.6,39.5,35.6,84.1,0.347,-0.73,2.86,10.06,2,0,0,34.7,34.4,3,26.8,0.9709
850.0,0.0,2.0,34.7,66.1,37.6,88.2,0.143,26.48,15.15,14.06,0,0,0,0.0,0.0,2,84.0,0.8761
3293.8,66.8,26.5,55.0,56.6,30.6,80.4,0.273,1.77,2.81,14.15,4,0,0,66.8,67.8,0,1101.4,0.0135
3725.0,76.1,19.4,65.0,67.6,38.9,88.4,0.355,4.63,0.6,10.79,4,0,0,76.1,74.9,3,6.8,0.9681
3750.6,41.3,57.2,76.2,74.9,33.1,86.0,0.188,2.4,0.93,14.14,2,0,0,41.3,41.2,0,801.1,0.0574
4547.1,77.1,81.8,76.2,98.0,36.4,92.9,0.137,21.16,16.43,13.97,3,0,0,77.1,78.1,2,34.1,0.7681
1040.6,0.0,2.0,29.8,32.8,34.7,88.1,0.246,1.77,2.03,14.09,0,0,0,0.0,0.0,0,1125.9,0.065
3151.1,63.0,16.0,51.4,75.9,31.7,90.4,0.143,15.32,11.5,14.36,4,0,0,63.0,62.3,2,105.9,0.8783
1759.3,25.6,14.4,52.1,73.6,34.0,89.8,0.173,19.07,13.75,13.74,2,0,0,25.6,25.4,2,82.2,0.6659
3867.2,48.5,48.4,80.2,98.0,28.3,95.1,0.174,17.35,12.8,13.82,2,0,0,48.5,48.4,2,115.7,0.8998
1888.0,16.1,18.7,57.4,78.8,29.1,93.4,0.165,22.09,17.4,14.22,1,0,0,16.1,16.1,2,55.2,0.8797
4157.5,64.7,57.7,79.4,79.4,29.8,88.0,0.815,3.13,0.55,14.25,3,0,0,64.7,64.3,0,823.0,0.0568
1019.6,0.0,2.2,35.7,35.8,26.8,90.9,0.748,0.57,1.15,14.14,0,0,0,0.0,0.0,0,1095.2,0.0424
4519.5,98.2,84.2,76.3,74.5,37.1,87.5,0.215,3.62,1.75,14.22,4,0,0,98.2,99.9,0,877.7,0.0185
3977.0,104.7,29.4,62.0,63.2,36.6,87.7,0.737,2.16,0.78,14.09,5,0,0,104.7,104.9,0,1350.6,0.0537
2424.6,43.7,15.3,37.7,41.3,41.7,112.1,0.815,12.94,4.56,13.7,3,0,0,43.7,43.4,1,25.4,0.827
1028.5,0.0,2.2,37.6,38.4,28.0,85.9,0.876,-1.43,2.17,14.06,0,0,0,0.0,0.0,0,1408.3,0.0632
2447.6,15.9,15.9,56.0,57.1,32.2,87.8,0.63,1.77,0.76,10.23,1,0,0,15.9,15.6,3,10.4,0.8332
1085.2,0.0,1.9,39.0,37.6,49.4,114.7,0.792,6.17,3.59,14.06,0,0,1,0.0,0.0,1,57.9,0.7864
2258.0,22.8,16.5,45.2,66.9,29.4,97.8,0.15,18.69,11.48,13.59,1,0,0,22.8,22.9,2,82.8,0.8
1958.2,13.3,11.9,53.7,52.7,34.3,87.6,0.788,3.32,1.26,14.1,1,0,0,13.3,13.3,0,982.8,0.034
3369.4,86.5,18.9,55.1,79.8,37.3,94.8,0.141,12.16,12.24,14.14,5,0,0,86.5,87.6,2,67.4,0.7397
2998.7,36.3,7.6,52.9,52.9,38.9,82.0,0.389,2.99,-0.62,11.27,2,0,0,36.3,36.7,3,17.4,0.8987
1000.9,0.0,2.3,35.5,36.7,35.8,85.4,0.284,1.93,1.72,14.14,0,0,0,0.0,0.0,0,783.3,0.0243
5081.7,59.1,69.8,93.9,88.2,34.4,120.0,0.733,7.12,3.99,13.72,2,0,0,59.1,59.8,1,35.4,0.9595
2561.6,75.1,25.5,59.3,80.8,36.2,94.0,0.082,24.82,15.84,14.1,5,0,0,75.1,76.1,2,105.4,0.843
1039.6,0.0,2.2,32.3,34.5,28.2,88.3,0.329,1.92,1.48,13.95,0,0,0,0.0,0.0,0,1199.4,0.041
1032.3,0.0,2.4,34.7,34.5,35.9,85.7,0.198,-0.54,1.57,14.02,0,0,0,0.0,0.0,0,1325.5,0.0792
3793.5,62.1,74.3,87.3,88.4,38.4,92.0,0.195,0.93,0.9,14.3,3,0,0,62.1,61.2,0,720.2,0.0419
4799.7,56.3,70.1,89.2,86.0,34.1,85.1,0.805,3.84,1.78,14.08,2,0,0,56.3,56.5,0,832.4,0.0725
2328.7,26.8,10.7,50.8,51.3,30.1,93.7,0.772,-0.79,0.53,14.06,2,0,0,26.8,26.6,0,903.3,0.0248
2486.9,22.3,6.2,44.4,43.5,29.6,89.3,0.86,1.4,-0.08,14.13,1,0,0,22.3,22.2,0,1157.7,0.0491
2500.7,32.4,7.5,55.8,55.6,37.6,89.5,0.692,1.68,0.54,14.07,2,0,0,32.4,32.8,0,1071.1,0.0223
3562.7,95.3,31.6,63.5,64.7,39.3,89.1,0.302,-1.7,0.99,14.27,5,0,0,95.3,96.0,0,1195.5,0.0357
4355.0,50.1,59.0,94.3,89.5,36.8,87.4,0.579,-1.58,0.87,10.05,2,0,0,50.1,50.5,3,5.9,0.8347
2384.5,37.0,19.9,51.7,51.2,40.1,84.9,0.232,4.39,2.9,14.01,3,0,0,37.0,37.4,0,1324.2,0.0343
2184.5,26.2,13.2,41.7,41.4,36.8,85.6,0.393,-0.72,1.08,11.61,2,0,0,26.2,26.2,3,8.9,0.989
4431.2,50.6,67.1,79.3,77.9,34.8,84.7,0.349,3.9,1.46,14.29,2,0,0,50.6,50.3,0,828.5,0.0378
2206.4,37.1,11.9,44.0,43.1,31.1,84.9,0.866,1.31,1.1,14.21,3,0,0,37.1,36.7,0,1419.2,0.0291
2363.7,28.1,19.0,42.1,39.4,28.8,88.2,0.185,2.7,1.38,14.27,2,0,0,28.1,27.9,0,1463.5,0.0309
3359.2,88.0,20.0,56.7,57.8,33.9,85.7,0.744,1.62,0.23,14.34,5,0,0,88.0,87.5,0,834.1,0.0175
2688.9,33.0,19.0,59.6,58.4,25.8,90.6,0.765,-0.9,1.91,13.96,2,0,0,33.0,33.6,0,1116.4,0.0396
2804.8,21.1,19.7,44.6,42.0,46.7,111.3,0.81,6.25,4.5,14.0,1,0,0,21.1,20.9,1,72.6,0.734
1775.6,19.8,8.8,49.1,48.3,33.5,83.6,0.834,1.73,0.38,14.21,2,0,0,19.8,19.9,0,1467.7,0.0258
4809.6,100.7,70.8,83.4,82.3,38.4,124.1,0.682,8.48,2.42,13.67,4,0,0,100.7,99.9,1,69.0,0.9359
2405.7,28.7,8.3,48.9,49.3,33.8,123.2,0.858,7.97,3.21,13.94,2,0,0,28.7,29.0,1,54.4,0.8296
2921.5,22.9,19.1,53.1,53.9,35.0,86.9,0.334,1.25,1.63,14.13,1,0,0,22.9,23.2,0,1317.1,0.0723
3269.4,36.9,79.0,72.5,73.6,33.5,83.9,0.292,1.72,2.37,14.24,2,0,0,36.9,36.4,0,860.7,0.0533
3799.0,99.1,23.9,60.3,93.9,34.3,93.6,0.153,23.65,11.07,13.9,5,0,0,99.1,100.5,2,77.2,0.7385
3520.1,94.4,22.6,62.2,59.2,34.9,87.7,0.184,3.36,1.23,14.21,5,0,0,94.4,93.9,0,1279.4,0.0616
2237.3,28.2,19.0,51.6,51.4,36.4,91.4,0.265,4.09,1.94,14.14,2,0,0,28.2,28.4,0,1156.5,0.0618
1044.8,0.0,2.0,34.1,32.6,28.6,83.5,0.512,1.36,0.19,10.13,0,0,0,0.0,0.0,3,36.3,0.9893
1846.4,14.0,14.9,53.5,53.1,36.3,87.3,0.246,0.48,0.84,14.4,1,0,0,14.0,14.1,0,1326.3,0.0157
3945.5,82.1,31.5,56.3,57.1,42.2,108.1,0.817,7.08,2.67,13.9,4,0,0,82.1,81.9,1,74.4,0.8652
2260.3,37.7,20.0,47.4,46.6,30.4,91.3,0.204,6.0,0.14,10.62,3,0,0,37.7,37.5,3,11.1,0.9037
4583.6,96.9,80.5,83.2,82.7,37.1,89.7,0.785,2.1,0.42,14.17,4,0,0,96.9,96.3,0,1011.5,0.0745
998.4,0.0,1.8,35.8,39.8,35.9,84.7,0.215,2.87,2.16,14.05,0,0,0,0.0,0.0,0,1284.8,0.0247
2611.7,20.5,13.1,52.0,51.1,32.4,90.0,0.831,2.58,1.74,14.18,1,0,0,20.5,20.8,0,1201.9,0.0146
3493.4,90.5,22.3,69.0,69.8,38.3,92.3,0.286,1.0,0.74,14.07,5,0,0,90.5,91.2,0,1173.8,0.0285
2978.1,79.0,17.4,61.7,62.4,28.7,92.4,0.861,0.46,3.28,14.14,5,0,0,79.0,79.2,0,1308.6,0.0625
2738.5,30.6,7.0,52.9,49.9,43.7,117.2,0.839,10.77,5.23,13.88,2,0,0,30.6,30.6,1,54.3,0.9545
1046.1,0.0,2.0,28.4,33.1,26.2,83.2,0.274,0.38,0.84,14.03,0,0,0,0.0,0.0,0,1354.0,0.0687
2041.9,16.6,21.5,56.9,56.9,28.2,81.8,0.219,0.12,-0.59,14.34,1,0,0,16.6,16.9,0,925.8,0.0439
2095.1,25.0,12.5,48.3,46.1,35.2,83.3,0.357,1.66,1.8,10.51,2,0,0,25.0,24.6,3,14.3,0.8106
2340.8,30.9,7.2,53.0,87.2,35.2,94.3,0.16,20.97,14.0,14.17,2,0,0,30.9,30.8,2,33.4,0.8362
3453.7,89.3,34.0,54.7,56.1,44.3,119.1,0.706,6.91,3.34,13.8,5,0,0,89.3,90.0,1,13.7,0.9589
3784.1,100.7,18.0,65.5,63.8,25.9,85.1,0.703,2.53,1.7,13.91,5,0,0,100.7,99.7,0,1408.0,0.0248
1081.8,0.0,2.3,34.2,32.5,42.7,113.0,0.679,7.56,2.93,13.8,0,0,0,0.0,0.0,1,63.4,0.7299
2335.1,28.2,13.6,47.2,46.1,36.5,88.5,0.236,2.62,1.55,14.06,2,0,0,28.2,28.0,0,767.6,0.0539
4430.5,71.7,67.0,87.2,90.1,36.7,89.1,0.288,2.61,2.24,14.09,3,0,0,71.7,70.5,0,1302.1,0.0788
2860.7,48.5,14.6,55.8,56.6,32.9,94.5,0.286,0.38,0.7,14.15,3,0,0,48.5,47.7,0,864.2,0.0333
2148.9,24.6,6.6,47.0,79.2,32.3,88.0,0.14,18.45,16.77,13.77,2,0,0,24.6,24.8,2,44.9,0.9055
1079.3,0.0,2.1,34.5,34.7,27.8,84.8,0.74,2.03,1.47,14.03,0,0,1,0.0,0.0,0,740.1,0.0612
2579.2,42.5,7.9,64.3,64.9,34.5,87.5,0.833,4.04,1.77,14.25,3,0,0,42.5,43.2,0,1174.5,0.0517
4379.9,55.9,47.7,80.6,81.7,34.0,85.0,0.776,3.26,1.3,14.37,2,0,0,55.9,55.3,0,1437.9,0.0463
2529.0,40.4,10.7,50.5,51.3,30.0,83.2,0.337,3.85,3.26,14.22,3,0,0,40.4,41.1,0,1466.6,0.0693
3916.8,84.5,32.1,56.1,73.7,34.8,95.9,0.132,19.68,9.26,14.15,4,0,0,84.5,85.0,2,75.5,0.7365
2837.3,33.5,15.8,41.8,42.0,46.9,111.8,0.78,6.95,3.25,13.79,2,0,0,33.5,33.2,1,62.1,0.8924
903.7,0.0,1.9,36.7,69.9,31.8,94.0,0.173,20.8,14.35,13.94,0,0,0,0.0,0.0,2,44.5,0.8228
2994.5,49.7,19.9,46.9,45.2,34.2,87.7,0.8,-1.95,2.43,13.99,3,0,0,49.7,50.4,0,1059.0,0.0259
2493.9,29.4,15.7,58.2,55.7,30.4,85.2,0.29,2.21,1.47,14.04,2,0,0,29.4,29.5,0,1330.4,0.0599
5067.5,58.8,72.4,88.7,84.1,27.0,89.2,0.294,-0.6,1.86,14.01,2,0,0,58.8,59.2,0,1274.8,0.0764
1083.7,0.0,2.3,32.4,34.1,34.3,84.3,0.338,1.05,1.35,13.98,0,0,0,0.0,0.0,0,1367.7,0.0251
3345.4,71.0,20.2,53.8,53.2,28.5,90.0,0.316,1.46,1.9,14.26,4,0,0,71.0,71.0,0,863.3,0.0193
1000.9,0.0,1.8,33.8,53.1,32.8,106.6,0.163,21.99,12.1,13.79,0,0,0,0.0,0.0,2,58.1,0.6921
1069.8,0.0,2.1,31.1,33.4,35.8,87.4,0.298,4.88,1.73,14.15,0,0,0,0.0,0.0,0,844.8,0.0256
1067.5,0.0,1.9,34.1,36.0,39.3,82.6,0.18,-0.01,2.04,14.02,0,0,0,0.0,0.0,0,750.7,0.0181
1044.5,0.0,1.9,35.5,35.9,40.0,89.9,0.2,1.06,1.98,13.98,0,0,0,0.0,0.0,0,1104.3,0.0741
2586.2,31.7,16.1,36.7,37.8,34.1,88.5,0.785,1.44,0.58,14.08,2,0,0,31.7,31.4,0,832.6,0.0491
4744.0,85.7,63.2,90.2,89.8,30.5,90.0,0.824,1.09,1.7,14.38,3,0,0,85.7,86.7,0,911.5,0.0102
4199.3,87.2,47.2,87.3,87.8,37.4,89.0,0.403,2.59,0.59,11.24,4,0,0,87.2,88.9,3,14.7,0.8686
2568.1,42.3,11.3,43.8,68.6,28.6,86.8,0.105,20.69,14.39,13.79,3,0,0,42.3,41.7,2,48.2,0.8923
4634.7,99.4,76.2,77.8,79.7,39.0,87.8,0.309,1.88,0.53,11.36,4,0,0,99.4,99.7,3,40.7,0.9121
1945.8,14.4,20.0,37.9,37.3,38.4,92.8,0.728,1.65,2.33,14.32,1,0,0,14.4,14.3,0,1222.0,0.0412
2452.3,29.8,13.4,45.4,45.8,33.3,84.1,0.235,0.75,1.39,14.12,2,0,0,29.8,29.4,0,1124.4,0.018
2316.0,28.8,7.4,49.4,45.5,29.7,90.5,0.796,1.57,2.3,14.16,2,0,0,28.8,28.6,0,1499.9,0.0633
2879.9,21.2,20.6,51.2,49.4,26.7,89.6,0.804,1.25,0.43,14.06,1,0,0,21.2,21.3,0,1470.8,0.0773
3923.1,79.3,24.5,63.3,92.3,36.4,93.8,0.109,19.74,12.99,14.11,4,0,0,79.3,80.7,2,45.1,0.8278
4947.2,78.0,84.0,71.6,73.4,30.7,92.2,0.268,-0.23,1.37,14.37,3,0,0,78.0,78.4,0,1272.9,0.0751
1077.2,0.0,2.5,35.2,33.8,35.3,86.8,0.717,2.71,1.81,13.91,0,0,0,0.0,0.0,0,783.4,0.0427
2159.2,19.2,13.5,45.2,43.4,28.8,86.0,0.259,2.19,1.43,14.17,1,0,0,19.2,18.9,0,910.5,0.0298
2983.3,33.7,10.9,50.3,48.6,30.3,89.6,0.756,3.55,1.41,14.16,2,0,0,33.7,33.3,0,1493.2,0.0548
1061.8,0.0,2.3,34.5,35.6,36.2,119.6,0.746,7.36,3.77,14.17,0,0,0,0.0,0.0,1,63.1,0.8312
1978.6,21.7,16.2,56.2,55.8,28.2,88.5,0.204,0.01,0.7,14.32,2,0,0,21.7,22.0,0,1096.2,0.0661
1039.9,0.0,2.4,31.8,33.8,32.0,86.3,0.342,0.99,1.55,14.02,0,0,0,0.0,0.0,0,960.7,0.0294
1010.7,0.0,2.0,37.1,36.5,31.2,85.0,0.792,1.78,1.93,13.93,0,0,0,0.0,0.0,0,1336.3,0.0758
2646.2,53.8,17.6,72.1,74.3,37.9,94.3,0.31,0.83,1.69,14.09,4,0,0,53.8,53.5,0,835.2,0.038
2997.0,70.4,23.5,72.5,98.0,31.0,90.5,0.057,23.79,15.2,14.34,4,0,0,70.4,70.2,2,109.6,0.8491
2809.0,20.5,11.3,35.6,54.9,32.1,96.5,0.109,18.79,12.36,13.88,1,0,0,20.5,20.2,2,70.0,0.6794
2881.0,48.2,12.7,42.3,42.0,32.5,81.2,0.388,0.64,0.19,10.18,3,0,0,48.2,49.0,3,20.3,0.9654
1678.8,14.7,7.8,55.4,84.1,29.7,100.4,0.184,9.79,16.04,14.34,1,0,0,14.7,14.6,2,57.4,0.6723
3442.0,91.2,27.0,65.7,66.2,39.4,85.3,0.274,2.38,0.7,13.91,5,0,0,91.2,91.9,0,1150.9,0.0273
1069.1,0.0,2.2,34.0,33.1,42.7,112.5,0.822,10.52,4.21,13.95,0,0,0,0.0,0.0,1,58.9,0.8018
1078.7,0.0,2.4,39.0,33.6,30.6,81.5,0.795,4.74,0.43,13.99,0,0,0,0.0,0.0,0,969.0,0.0131
3255.3,40.5,11.2,46.4,45.3,35.1,85.3,0.716,3.99,0.98,14.12,2,0,0,40.5,40.9,0,713.6,0.0419
1178.4,0.0,1.9,33.9,58.9,37.5,88.7,0.131,22.02,12.38,13.94,0,0,0,0.0,0.0,2,90.2,0.8341
1989.6,16.3,6.8,51.4,53.8,36.7,82.6,0.257,0.84,1.28,14.28,1,0,0,16.3,16.1,0,1403.8,0.0796
4006.5,105.2,16.8,55.8,55.8,29.8,88.9,0.563,3.14,0.68,10.91,5,0,0,105.2,104.2,3,29.2,0.9612
2815.8,47.5,8.7,53.7,54.9,36.3,93.8,0.876,1.71,1.89,14.31,3,0,0,47.5,47.4,0,1491.6,0.0504
1000.7,0.0,1.9,36.7,33.7,45.9,118.2,0.742,9.21,3.18,14.05,0,0,0,0.0,0.0,1,25.2,0.8642
3947.6,99.4,20.0,64.5,66.1,43.4,117.7,0.84,8.42,5.08,13.85,5,0,0,99.4,97.5,1,8.1,0.8303
3315.9,86.0,24.3,58.4,85.9,31.3,96.8,0.158,23.44,11.01,14.11,5,0,0,86.0,86.8,2,103.2,0.8327
1059.5,0.0,2.1,37.9,34.6,39.5,112.4,0.67,4.61,4.78,14.0,0,0,0,0.0,0.0,1,54.7,0.8449
3590.9,80.1,33.6,71.5,70.3,46.3,121.8,0.71,6.37,4.59,13.82,4,0,0,80.1,81.2,1,29.1,0.9052
1059.0,0.0,2.4,33.8,33.9,27.1,83.3,0.758,-0.99,2.21,13.99,0,0,1,0.0,0.0,0,1434.3,0.0757
3332.7,83.6,27.4,64.7,67.1,36.3,90.1,0.778,2.05,3.13,13.96,5,0,0,83.6,82.9,0,1216.2,0.0137
4534.6,75.8,73.1,87.6,86.3,36.0,82.2,0.207,1.27,1.8,14.22,3,0,0,75.8,74.8,0,1473.2,0.0326
1058.7,0.0,1.9,38.1,37.1,45.9,112.2,0.851,5.54,4.46,13.87,0,0,0,0.0,0.0,1,72.7,0.8137
2974.2,24.0,20.0,47.4,49.9,29.9,96.5,0.273,1.02,1.7,14.07,1,0,0,24.0,23.8,0,716.0,0.0489
1104.9,0.0,2.3,38.0,40.8,42.1,120.4,0.773,14.62,4.43,13.87,0,0,0,0.0,0.0,1,60.7,0.7794
1057.1,0.0,2.1,33.7,34.5,35.6,81.7,0.739,0.09,1.03,14.07,0,0,1,0.0,0.0,0,1248.4,0.071
2133.7,26.4,9.6,52.1,47.5,34.2,80.7,0.783,2.24,2.98,14.19,2,0,0,26.4,26.0,0,1350.7,0.0206
1048.6,0.0,2.3,37.6,34.5,35.9,111.1,0.692,8.52,3.89,14.11,0,0,1,0.0,0.0,1,52.6,0.8716
3669.3,96.3,14.3,50.9,52.1,26.8,90.3,0.704,2.14,2.31,14.19,5,0,0,96.3,95.1,0,1283.6,0.043
2666.3,67.3,22.5,64.4,66.8,33.9,92.3,0.302,2.6,0.82,14.13,5,0,0,67.3,68.3,0,997.2,0.0657
2499.7,30.7,11.1,48.5,46.0,29.7,84.7,0.823,-0.14,1.04,14.06,2,0,0,30.7,31.2,0,804.5,0.018
4010.5,106.8,15.6,65.9,66.1,34.2,86.8,0.625,2.82,0.95,10.51,5,0,0,106.8,108.3,3,22.3,0.929
2013.3,23.2,17.9,59.9,56.3,38.2,118.1,0.653,7.71,6.32,13.81,2,0,0,23.2,23.6,1,33.5,0.8563
1052.1,0.0,2.3,36.5,37.6,39.6,85.2,0.794,-0.28,2.04,14.11,0,0,1,0.0,0.0,0,1314.2,0.0159
5140.6,61.5,41.9,86.1,84.1,31.8,85.0,0.71,2.12,1.62,14.16,2,0,0,61.5,62.0,0,1373.8,0.0698
1045.2,0.0,2.0,38.9,34.9,29.8,86.8,0.233,0.06,2.19,14.11,0,0,0,0.0,0.0,0,913.8,0.0693
2099.9,18.4,13.4,60.6,88.9,32.1,93.6,0.059,24.63,15.0,13.92,2,0,0,18.4,18.1,2,86.2,0.7872
3839.8,82.8,34.6,60.0,60.2,39.5,112.2,0.7,6.86,3.0,14.15,4,0,0,82.8,83.1,1,62.5,0.8373
2666.9,43.3,17.7,45.7,46.6,28.6,90.1,0.185,2.12,0.86,14.13,3,0,0,43.3,43.1,0,827.7,0.0664
2602.7,28.9,14.6,51.2,51.9,36.5,86.5,0.69,0.38,0.99,14.25,2,0,0,28.9,28.4,0,1199.6,0.0693
3465.8,73.1,28.2,65.2,65.9,30.0,81.0,0.748,2.42,0.63,14.3,4,0,0,73.1,72.8,0,1444.8,0.0588
1072.0,0.0,2.2,36.7,34.6,44.5,120.7,0.752,6.21,4.66,13.93,0,0,0,0.0,0.0,1,74.6,0.7366
4226.3,88.5,46.0,81.5,98.0,30.6,99.8,0.117,19.89,16.9,13.9,4,0,0,88.5,87.7,2,73.8,0.7746
4370.9,55.4,71.7,87.7,83.0,27.8,85.2,0.222,1.27,1.45,14.05,2,0,0,55.4,55.9,0,864.6,0.0619
2133.8,26.1,7.8,58.4,58.4,38.0,92.0,0.261,5.5,2.21,14.13,2,0,0,26.1,26.6,0,1298.3,0.0383
2695.9,72.0,25.1,62.8,58.4,31.5,85.6,0.732,3.72,1.51,14.03,5,0,0,72.0,73.0,0,1125.5,0.0295
4536.8,73.2,56.0,87.3,88.5,37.9,88.1,0.363,1.58,1.23,10.86,3,0,0,73.2,74.0,3,8.8,0.9774
1049.0,0.0,2.3,35.3,33.6,31.4,89.0,0.335,2.5,1.56,13.99,0,0,0,0.0,0.0,0,795.6,0.0182
4375.6,56.0,49.0,75.3,95.6,34.7,100.5,0.117,30.4,12.14,13.83,2,0,0,56.0,54.9,2,74.5,0.774
1010.9,0.0,1.9,36.2,34.9,46.5,111.8,0.894,7.51,4.36,13.9,0,0,0,0.0,0.0,1,32.1,0.8076
2312.0,37.5,11.3,38.5,38.8,28.8,88.0,0.834,2.71,1.58,14.36,3,0,0,37.5,37.0,0,760.0,0.0233
4642.2,95.3,46.2,79.2,79.7,34.5,87.2,0.872,2.4,1.38,14.21,4,0,0,95.3,95.5,0,803.8,0.0576
998.1,0.0,2.1,32.5,33.9,26.5,87.2,0.305,3.1,0.39,14.08,0,0,0,0.0,0.0,0,1232.8,0.0122
1058.6,0.0,2.3,33.9,37.2,47.0,112.7,0.79,3.68,2.53,14.01,0,0,0,0.0,0.0,1,62.7,0.766
2397.7,19.9,20.9,36.8,56.2,37.4,88.4,0.11,15.71,14.91,13.76,1,0,0,19.9,19.9,2,77.1,0.9176
2967.7,64.9,30.7,63.1,62.6,52.0,117.8,0.89,6.8,3.62,13.81,4,0,0,64.9,65.1,1,34.3,0.8695
1053.1,0.0,2.5,35.2,33.9,29.2,88.5,0.697,1.49,1.35,14.12,0,0,0,0.0,0.0,0,1118.9,0.0117
3594.7,27.5,18.0,48.5,47.0,26.7,90.4,0.715,1.17,0.95,14.13,1,0,0,27.5,27.6,0,1217.6,0.0298
1044.3,0.0,1.8,32.2,33.2,28.2,86.2,0.25,1.48,1.47,11.38,0,0,0,0.0,0.0,3,29.4,0.9029
2304.6,40.2,12.2,52.0,74.7,38.0,87.8,0.143,18.19,14.81,13.93,3,0,0,40.2,39.9,2,111.5,0.6804
3396.1,73.0,33.4,68.2,70.0,33.3,94.2,0.216,2.13,2.94,14.08,4,0,0,73.0,72.7,0,1236.1,0.0286
2571.4,31.6,8.6,46.5,45.1,29.1,81.3,0.32,2.21,1.19,10.65,2,0,0,31.6,31.9,3,21.0,0.8506
2301.8,18.0,13.9,59.5,58.5,46.3,111.8,0.736,10.74,4.11,13.83,1,0,0,18.0,18.3,1,13.4,0.9577
3126.4,80.8,25.8,62.7,61.1,29.9,88.2,0.792,1.28,1.58,14.1,5,0,0,80.8,80.1,0,1393.5,0.0344
2804.6,34.4,10.1,49.9,48.3,41.6,104.6,0.692,7.48,4.5,13.53,2,0,0,34.4,34.6,1,19.7,0.7225
3158.0,82.6,20.3,63.0,93.8,39.3,95.8,0.194,17.47,12.68,13.77,5,0,0,82.6,83.1,2,26.3,0.6744
3688.1,80.3,19.2,60.0,60.8,41.4,111.2,0.894,4.9,2.79,14.01,4,0,0,80.3,78.9,1,26.6,0.7201
2787.3,22.1,6.8,48.8,49.5,34.3,85.1,0.746,3.29,1.9,14.09,1,0,0,22.1,22.2,0,961.4,0.0337
3558.9,77.6,32.2,50.2,49.5,38.2,88.1,0.855,3.25,2.59,14.17,4,0,0,77.6,79.1,0,1239.7,0.0281
3695.8,41.3,84.3,82.2,80.0,33.8,84.5,0.288,2.61,2.11,10.8,2,0,0,41.3,40.8,3,29.0,0.8713
2026.0,32.9,14.2,56.9,53.7,27.4,95.4,0.317,2.96,0.23,14.22,3,0,0,32.9,32.7,0,827.5,0.024
4046.1,108.6,27.0,58.5,59.7,30.8,86.9,0.287,2.25,1.33,14.27,5,0,0,108.6,109.0,0,903.4,0.0345
4398.6,73.4,77.9,89.8,90.2,38.0,83.1,0.747,2.12,1.68,14.15,3,0,0,73.4,72.6,0,893.2,0.0707
2437.2,30.9,8.9,64.8,64.3,34.7,92.4,0.193,3.01,0.86,13.94,2,0,0,30.9,30.4,0,1032.9,0.0337
2724.9,46.5,17.5,39.2,38.4,44.2,120.0,0.895,8.05,6.63,13.74,3,0,0,46.5,47.4,1,25.7,0.9402
1049.5,0.0,2.5,33.3,32.9,35.8,88.9,0.214,0.16,2.04,10.99,0,0,1,0.0,0.0,3,10.5,0.8372
1092.9,0.0,1.9,28.5,31.6,37.3,84.0,0.333,2.15,1.56,14.14,0,0,0,0.0,0.0,0,1352.0,0.0518
1038.8,0.0,2.1,32.9,37.4,28.2,86.6,0.25,0.06,1.02,14.12,0,0,0,0.0,0.0,0,968.0,0.0456
2688.3,33.4,16.6,46.8,47.4,36.6,84.6,0.751,4.16,1.57,14.13,2,0,0,33.4,33.5,0,835.5,0.03
3364.8,84.8,24.0,62.0,93.5,28.8,89.7,0.18,16.37,16.36,14.11,5,0,0,84.8,86.3,2,93.5,0.8662
2132.6,32.8,15.6,47.0,46.8,39.0,110.8,0.661,8.95,6.0,13.26,3,0,0,32.8,33.0,1,54.9,0.83
2579.7,44.3,19.1,45.9,45.7,32.4,88.9,0.32,3.02,0.61,14.16,3,0,0,44.3,44.7,0,1295.9,0.0266
3700.7,72.8,19.9,67.9,87.1,32.2,90.8,0.112,23.92,11.8,13.68,4,0,0,72.8,72.2,2,94.0,0.7187
2681.3,28.0,16.7,47.9,70.1,35.4,91.1,0.158,17.68,13.73,14.0,2,0,0,28.0,27.6,2,84.8,0.8945
4699.2,99.3,79.2,70.5,90.2,28.9,93.3,0.158,19.94,13.74,14.01,4,0,0,99.3,99.9,2,108.5,0.833
1086.5,0.0,2.2,33.3,32.4,33.5,83.8,0.414,2.84,0.75,10.16,0,0,0,0.0,0.0,3,23.5,0.8686
2688.7,19.5,20.8,41.1,39.9,33.5,89.8,0.317,2.01,0.5,14.03,1,0,0,19.5,19.2,0,892.8,0.0577
3486.6,72.1,71.4,82.7,98.0,31.4,98.1,0.076,20.61,14.73,14.02,4,0,0,72.1,73.2,2,98.3,0.6509
1031.9,0.0,2.3,33.7,33.1,35.6,88.8,0.331,3.08,2.78,14.04,0,0,0,0.0,0.0,0,1335.4,0.0142
1041.1,0.0,1.8,35.8,55.1,31.5,95.6,0.122,16.51,9.99,13.74,0,0,0,0.0,0.0,2,20.9,0.7146
3259.5,86.0,24.1,64.3,64.7,35.8,113.2,0.65,12.07,3.13,13.92,5,0,0,86.0,84.4,1,8.4,0.9579
850.0,0.0,1.9,26.8,55.8,28.2,96.9,0.185,24.0,14.43,14.02,0,0,0,0.0,0.0,2,31.0,0.8303
2240.9,37.0,10.7,51.3,49.8,48.4,127.6,0.664,9.46,5.68,13.83,3,0,0,37.0,37.2,1,62.8,0.8316
3101.1,64.0,29.1,63.2,65.1,32.8,89.7,0.226,2.54,1.89,14.18,4,0,0,64.0,64.2,0,1264.9,0.0517
1039.9,0.0,2.0,38.2,33.9,27.4,82.3,0.342,2.69,0.26,14.06,0,0,1,0.0,0.0,0,1009.7,0.0376
3266.3,70.2,14.1,59.4,56.4,34.1,91.6,0.625,-0.75,1.79,10.45,4,0,0,70.2,69.6,3,32.6,0.9496
1860.2,24.0,10.7,52.6,53.0,32.0,83.9,0.446,-0.12,-0.02,10.32,2,0,0,24.0,24.1,3,16.0,0.8443
2316.0,26.7,15.1,48.4,49.2,25.5,82.6,0.25,4.29,0.47,14.32,2,0,0,26.7,26.3,0,729.6,0.0199
1078.0,0.0,1.8,33.6,31.9,29.7,92.8,0.278,4.43,-0.78,14.12,0,0,0,0.0,0.0,0,890.0,0.0463
1068.3,0.0,2.0,29.6,33.1,38.2,87.7,0.268,3.78,1.39,14.13,0,0,0,0.0,0.0,0,1484.7,0.0489
2133.4,34.7,7.7,30.7,32.3,38.8,126.6,0.756,8.74,6.07,13.82,3,0,0,34.7,34.4,1,71.0,0.7274
3618.5,93.2,18.4,64.1,82.1,27.3,90.8,0.193,22.27,14.84,14.1,5,0,0,93.2,94.3,2,91.7,0.8156
4744.0,99.9,50.9,87.8,91.3,27.9,93.1,0.737,2.09,1.64,14.21,4,0,0,99.9,100.4,0,1056.3,0.0688
3415.1,88.7,19.6,49.9,52.7,38.5,84.9,0.272,0.84,1.34,14.09,5,0,0,88.7,87.9,0,1196.7,0.0464
2740.5,33.8,21.4,47.5,79.8,33.0,94.0,0.075,13.96,13.77,14.09,2,0,0,33.8,33.9,2,91.8,0.673
4822.2,58.9,65.1,83.0,83.8,44.4,116.8,0.707,11.06,1.32,13.79,2,0,0,58.9,59.5,1,52.1,0.9304
3965.3,46.1,49.0,85.8,84.4,29.1,87.6,0.259,-1.19,1.12,14.29,2,0,0,46.1,46.6,0,803.0,0.0294
3165.5,63.4,16.0,62.0,63.0,36.5,99.5,0.865,1.43,0.34,14.14,4,0,0,63.4,64.6,0,1299.1,0.0675
1061.9,0.0,1.8,38.9,41.2,35.7,85.3,0.331,1.17,1.94,13.97,0,0,0,0.0,0.0,0,916.6,0.0789
3068.6,65.5,16.3,64.5,63.9,31.5,81.5,0.873,-0.3,0.74,13.99,4,0,0,65.5,66.4,0,713.8,0.0148
1039.6,0.0,2.0,35.9,38.4,29.6,82.7,0.231,1.49,1.37,14.01,0,0,0,0.0,0.0,0,986.0,0.0175
2799.0,46.1,20.1,45.6,41.5,35.3,112.4,0.693,9.6,3.0,13.8,3,0,0,46.1,45.4,1,14.4,0.9244
3747.1,99.0,33.1,73.1,98.0,36.3,95.4,0.146,18.08,15.74,13.77,5,0,0,99.0,100.1,2,55.2,0.8296
1066.7,0.0,2.1,36.2,34.5,42.8,114.5,0.817,9.15,3.65,14.09,0,0,1,0.0,0.0,1,49.4,0.8465
855.4,0.0,2.4,34.1,53.8,31.7,104.4,0.126,19.4,14.38,14.05,0,0,0,0.0,0.0,2,42.2,0.702
3616.7,92.4,28.8,63.4,63.9,29.6,87.2,0.24,3.87,2.67,13.91,5,0,0,92.4,91.6,0,1292.4,0.018
1021.9,0.0,1.9,43.4,39.4,36.7,82.7,0.69,0.64,0.5,14.18,0,0,1,0.0,0.0,0,1138.4,0.0482
2537.4,27.2,19.0,48.6,45.9,29.7,94.7,0.867,3.17,1.83,14.12,2,0,0,27.2,26.9,0,921.9,0.0672
3619.8,50.1,46.3,84.6,85.3,32.6,84.3,0.8,4.01,0.49,13.98,2,0,0,50.1,49.1,0,978.4,0.0215
3727.0,79.3,22.4,62.3,57.8,37.1,110.8,0.781,12.52,3.68,13.56,4,0,0,79.3,79.1,1,13.7,0.9134
4978.0,60.1,55.6,86.1,86.1,33.1,87.9,0.218,0.38,0.34,10.2,2,0,0,60.1,60.3,3,4.3,0.8487
2762.0,32.3,21.5,51.3,48.9,28.1,81.9,0.739,4.12,2.49,14.04,2,0,0,32.3,32.7,0,745.3,0.0408
1805.2,9.7,19.8,40.7,42.9,27.4,85.7,0.699,2.86,1.31,14.11,1,0,0,9.7,9.6,0,1307.8,0.0263
850.0,0.0,2.5,31.6,63.0,32.4,81.2,0.097,24.09,15.98,13.93,0,0,0,0.0,0.0,2,88.5,0.743
989.4,0.0,1.8,31.3,35.2,28.8,86.0,0.698,-2.34,2.16,14.29,0,0,0,0.0,0.0,0,1018.4,0.0675
3129.7,79.3,15.8,58.6,57.9,32.6,95.9,0.193,1.97,2.1,13.9,5,0,0,79.3,78.2,0,976.8,0.0273
4745.1,74.3,75.0,88.3,91.2,38.1,110.7,0.818,6.62,3.2,13.63,3,0,0,74.3,75.5,1,8.0,0.9039
1091.1,0.0,2.3,40.4,38.0,36.2,120.9,0.839,4.55,5.52,13.66,0,0,1,0.0,0.0,1,41.8,0.7509
2906.7,20.2,6.0,50.5,48.8,28.1,85.4,0.809,0.21,1.52,14.18,1,0,0,20.2,20.3,0,1330.7,0.0436
2122.5,17.7,13.5,47.7,48.7,29.9,90.5,0.739,1.48,2.45,14.14,1,0,0,17.7,17.8,0,783.0,0.0662
3476.1,90.0,23.8,56.5,78.9,30.0,89.4,0.137,22.66,12.95,13.78,5,0,0,90.0,91.2,2,83.4,0.8889
3719.9,98.5,33.4,59.3,59.4,28.2,88.7,0.709,2.3,1.75,14.25,5,0,0,98.5,97.0,0,861.1,0.0187
1078.6,0.0,2.0,35.5,35.6,36.0,82.1,0.82,0.01,2.66,14.1,0,0,0,0.0,0.0,0,1137.5,0.0431
2219.1,20.4,6.2,46.9,68.5,33.3,95.4,0.133,13.98,14.2,13.92,1,0,0,20.4,20.6,2,72.0,0.7642
2463.5,33.5,17.3,53.0,54.4,35.5,93.8,0.235,0.92,0.64,14.11,2,0,0,33.5,34.2,0,1482.6,0.057
3554.3,95.9,19.3,60.9,60.5,44.3,121.1,0.86,11.52,2.13,13.64,5,0,0,95.9,96.5,1,28.5,0.8804
1047.0,0.0,2.1,29.6,29.6,33.4,89.2,0.816,-2.37,1.59,14.08,0,0,0,0.0,0.0,0,1406.7,0.0162
3505.0,90.1,14.3,56.6,56.7,28.9,85.9,0.685,-0.12,2.61,11.34,5,0,0,90.1,89.7,3,8.9,0.9645
2381.0,42.8,20.0,46.7,45.9,30.8,90.0,0.281,2.53,0.78,14.12,3,0,0,42.8,42.1,0,1319.8,0.0395
3077.7,63.5,32.8,70.3,69.3,32.8,85.6,0.854,2.52,3.33,14.0,4,0,0,63.5,63.7,0,1010.0,0.0237
2857.7,19.8,9.5,40.9,43.6,32.1,91.4,0.258,1.13,1.68,13.9,1,0,0,19.8,19.9,0,1180.1,0.0618
3336.0,78.1,23.4,64.5,63.8,25.9,86.3,0.764,-0.4,0.72,14.26,4,0,0,78.1,79.3,0,1318.1,0.0438
2537.7,19.7,10.7,52.8,75.5,32.4,83.2,0.186,11.27,13.68,13.99,1,0,0,19.7,20.0,2,88.7,0.7074
2461.5,30.0,17.6,48.5,46.2,26.5,82.0,0.259,0.35,1.75,10.59,2,0,0,30.0,30.0,3,34.0,0.9249
1878.0,23.4,9.2,42.8,41.5,34.7,86.3,0.253,3.95,1.2,14.12,2,0,0,23.4,23.2,0,878.9,0.0273
3282.2,85.5,15.0,76.9,75.1,32.2,88.8,0.337,2.06,1.45,14.23,5,0,0,85.5,85.5,0,1239.2,0.0254
1052.5,0.0,2.3,33.0,31.1,43.3,123.5,0.683,8.0,3.95,13.75,0,0,0,0.0,0.0,1,67.0,0.8921
4141.1,52.9,48.7,85.2,98.0,39.8,94.9,0.19,14.73,16.09,13.85,2,0,0,52.9,53.5,2,78.1,0.738
3433.6,91.4,21.6,58.0,60.4,32.6,90.1,0.248,-0.74,1.49,14.11,5,0,0,91.4,91.5,0,925.7,0.054
3298.3,73.5,34.1,67.1,66.5,29.0,89.8,0.74,2.41,1.45,13.92,4,0,0,73.5,74.8,0,738.5,0.0595
2529.8,43.2,11.8,62.8,60.0,33.7,89.7,0.249,0.5,0.19,14.19,3,0,0,43.2,43.1,0,726.7,0.0714
1669.5,22.8,11.8,52.7,51.9,44.8,113.4,0.863,7.62,3.95,13.94,2,0,0,22.8,22.4,1,70.1,0.9353
3056.4,51.7,19.9,43.1,46.9,30.6,86.2,0.794,2.55,1.84,14.28,3,0,0,51.7,51.9,0,1372.2,0.0132
2845.8,48.7,7.8,39.8,41.0,46.0,114.6,0.727,7.31,3.9,14.14,3,0,0,48.7,47.7,1,73.1,0.8061
2944.1,80.8,17.9,67.2,67.2,34.5,89.9,0.305,1.14,1.14,14.04,5,0,0,80.8,79.7,0,940.6,0.0638
1196.1,0.0,2.5,35.1,54.8,29.0,95.3,0.09,23.58,15.79,14.15,0,0,1,0.0,0.0,2,79.4,0.8248
1050.2,0.0,2.1,45.1,41.2,27.7,90.3,0.878,-0.35,0.52,14.2,0,0,1,0.0,0.0,0,1445.8,0.0144
3539.4,91.5,14.0,61.5,59.6,34.0,95.3,0.702,3.46,0.97,14.03,5,0,0,91.5,92.9,0,746.6,0.069
2430.2,39.5,14.2,55.0,54.0,38.8,79.6,0.182,1.56,-0.83,14.13,3,0,0,39.5,38.9,0,983.7,0.0731
2443.0,39.4,14.7,45.5,50.3,41.4,122.1,0.803,7.37,3.87,14.23,3,0,0,39.4,40.1,1,32.8,0.7395
1961.5,21.7,18.1,45.9,47.6,37.2,79.5,0.309,1.46,2.02,14.11,2,0,0,21.7,22.0,0,1322.6,0.0392
2788.4,22.0,20.6,46.4,50.7,35.9,85.1,0.832,1.98,1.45,14.37,1,0,0,22.0,22.4,0,897.0,0.0281
1919.2,16.2,16.5,49.6,49.4,33.6,87.2,0.716,2.36,1.63,14.27,1,0,0,16.2,16.1,0,1275.9,0.061
2691.4,19.3,13.6,47.8,47.2,31.4,91.8,0.742,0.86,1.27,14.28,1,0,0,19.3,19.1,0,1203.8,0.0177
1878.5,22.5,12.1,44.2,43.4,35.9,117.8,0.881,8.43,3.24,13.96,2,0,0,22.5,22.5,1,72.6,0.9001
1022.2,0.0,2.0,39.2,36.9,43.5,119.6,0.751,5.73,2.88,13.89,0,0,0,0.0,0.0,1,55.7,0.8032
3057.3,50.9,16.6,46.1,70.7,27.9,96.7,0.191,20.14,13.64,14.06,3,0,0,50.9,50.6,2,20.2,0.657
1025.8,0.0,2.0,31.1,33.2,35.7,84.3,0.704,4.15,0.84,14.03,0,0,0,0.0,0.0,0,1131.8,0.0471
1357.3,0.0,2.4,38.8,67.7,32.4,90.8,0.194,22.21,10.22,13.92,0,0,0,0.0,0.0,2,53.0,0.6817
2286.6,40.6,14.5,58.2,57.7,34.7,82.5,0.814,1.24,2.37,14.2,3,0,0,40.6,40.5,0,741.5,0.0477
3463.8,92.5,20.1,59.3,58.2,34.6,91.8,0.692,2.02,1.64,14.24,5,0,0,92.5,93.7,0,1127.0,0.0621
3642.4,95.0,31.5,67.4,64.8,29.0,90.8,0.762,0.17,0.86,14.22,5,0,0,95.0,95.5,0,800.5,0.0393
3491.6,78.5,34.6,67.9,65.3,34.6,86.0,0.212,1.87,0.63,14.32,4,0,0,78.5,78.2,0,1351.9,0.0355
2109.7,23.1,20.5,50.5,79.3,37.0,90.7,0.076,17.8,16.3,13.59,2,0,0,23.1,22.9,2,86.4,0.7984
4600.3,97.0,76.3,65.3,68.2,48.4,114.9,0.808,8.42,3.04,13.99,4,0,0,97.0,96.4,1,10.2,0.8132
2706.0,86.3,23.3,67.3,89.5,39.5,92.6,0.174,18.31,13.43,14.12,5,0,0,86.3,84.8,2,32.1,0.7234
986.0,0.0,1.9,29.5,32.0,33.0,84.8,0.682,2.55,2.31,14.13,0,0,0,0.0,0.0,0,841.4,0.0126
2736.3,43.6,11.6,40.3,41.9,29.6,82.9,0.184,2.38,2.27,14.29,3,0,0,43.6,42.9,0,1103.2,0.0419
3032.2,19.1,10.0,40.9,42.2,33.8,91.4,0.759,-0.75,0.66,14.02,1,0,0,19.1,19.4,0,785.5,0.0521
2145.8,22.2,13.5,52.1,50.6,34.7,82.6,0.307,2.34,3.05,14.01,2,0,0,22.2,22.2,0,1382.1,0.0712
2472.2,20.3,20.7,50.2,47.2,27.9,82.5,0.191,3.91,2.68,13.96,1,0,0,20.3,20.3,0,985.0,0.0612
1033.4,0.0,2.2,38.9,36.6,36.0,82.6,0.812,2.7,1.21,14.11,0,0,0,0.0,0.0,0,1413.2,0.0302
3110.3,86.5,32.8,77.3,77.6,33.6,90.6,0.344,1.83,2.77,14.17,5,0,0,86.5,86.1,0,883.3,0.04
1031.2,0.0,2.4,34.1,34.0,31.7,86.8,0.199,-0.07,1.56,14.16,0,0,1,0.0,0.0,0,1051.8,0.0236
1008.9,0.0,2.0,30.8,31.2,36.7,111.4,0.696,5.6,6.4,13.74,0,0,0,0.0,0.0,1,18.3,0.7573
3781.0,43.8,63.0,81.6,80.3,36.2,90.6,0.237,0.73,2.79,10.74,2,0,0,43.8,43.1,3,26.4,0.8457
1055.3,0.0,2.0,29.2,32.2,36.7,86.8,0.545,3.96,1.69,9.99,0,0,0,0.0,0.0,3,39.3,0.9195
2453.8,41.8,13.6,41.7,42.2,38.9,117.4,0.756,8.72,5.72,13.32,3,0,0,41.8,41.1,1,57.6,0.8621
1024.1,0.0,2.2,31.9,36.9,29.2,85.6,0.731,2.75,0.95,13.89,0,0,1,0.0,0.0,0,753.9,0.0591
1028.0,0.0,2.4,33.7,36.4,37.7,122.2,0.733,4.86,3.89,13.82,0,0,0,0.0,0.0,1,16.6,0.8895
973.9,0.0,2.0,35.0,54.0,35.8,92.9,0.114,20.55,15.1,13.87,0,0,0,0.0,0.0,2,27.0,0.8424
2730.7,20.9,9.7,46.1,45.6,39.5,91.7,0.862,1.67,1.42,14.12,1,0,0,20.9,21.1,0,977.1,0.0598
3335.2,86.4,31.0,59.7,57.4,35.4,87.1,0.791,-3.96,2.0,13.94,5,0,0,86.4,85.7,0,1153.4,0.0684
2229.2,40.2,21.3,39.9,62.5,27.7,96.7,0.189,25.7,15.2,13.99,3,0,0,40.2,40.5,2,62.8,0.7795
4530.3,96.8,79.3,91.5,87.5,29.2,87.6,0.218,2.9,0.47,14.15,4,0,0,96.8,96.8,0,1282.4,0.0706
4227.5,47.6,40.8,84.0,84.2,29.4,85.9,0.764,0.3,0.91,14.01,2,0,0,47.6,47.4,0,1165.2,0.0129
3867.9,46.3,74.4,77.8,80.8,33.9,89.1,0.715,1.72,1.62,14.24,2,0,0,46.3,45.5,0,1328.5,0.05
2339.4,17.0,6.8,45.0,43.8,26.9,89.9,0.345,3.27,0.5,14.31,1,0,0,17.0,16.8,0,1101.3,0.0545
2082.2,24.9,11.6,52.5,52.4,36.9,89.2,0.193,0.17,1.11,14.21,2,0,0,24.9,24.7,0,1429.6,0.0697
3676.2,97.7,17.2,65.6,65.8,30.8,84.0,0.77,1.34,1.8,14.09,5,0,0,97.7,98.2,0,1299.6,0.0522
1821.5,24.7,13.8,34.3,36.9,28.1,84.3,0.793,0.42,3.58,14.14,2,0,0,24.7,24.2,0,712.6,0.0321
1035.8,0.0,1.8,40.3,37.9,37.2,84.8,0.806,2.62,1.22,13.9,0,0,0,0.0,0.0,0,976.3,0.053
2383.5,18.7,20.2,56.5,83.0,29.8,90.2,0.053,17.98,16.51,14.19,1,0,0,18.7,18.7,2,104.7,0.8595
3514.0,95.1,26.3,64.2,60.2,40.9,85.9,0.854,1.5,0.69,14.0,5,0,0,95.1,94.6,0,828.7,0.0217
3115.9,65.2,14.2,61.6,61.7,36.6,91.0,0.289,-0.19,1.06,14.17,4,0,0,65.2,65.8,0,1186.5,0.0502
3243.0,86.5,20.9,56.5,59.6,35.1,85.8,0.338,2.38,2.0,14.08,5,0,0,86.5,86.8,0,1376.2,0.0307
1061.3,0.0,1.9,33.2,32.5,33.1,86.8,0.574,-2.67,0.97,10.94,0,0,1,0.0,0.0,3,14.2,0.9786
1063.6,0.0,2.4,35.3,35.0,32.7,86.7,0.215,0.95,2.19,14.07,0,0,0,0.0,0.0,0,1246.0,0.0102
2846.0,75.7,16.2,61.8,63.7,38.6,85.0,0.797,1.01,1.48,13.99,5,0,0,75.7,74.4,0,984.1,0.0474
2726.4,33.9,11.9,51.9,77.0,34.6,90.0,0.136,22.12,12.56,13.95,2,0,0,33.9,34.3,2,52.6,0.8759
4476.4,104.2,81.1,85.9,98.0,27.3,88.0,0.192,16.87,10.87,13.8,4,0,0,104.2,104.7,2,30.7,0.7422
3081.3,82.7,23.1,66.0,65.2,30.2,87.8,0.855,0.63,1.58,14.06,5,0,0,82.7,82.7,0,1311.0,0.0226
1969.4,35.9,18.1,49.8,66.8,29.1,96.5,0.145,12.83,15.04,13.99,3,0,0,35.9,35.5,2,101.2,0.7512
1048.2,0.0,2.2,37.0,35.2,34.0,85.3,0.278,6.74,1.94,14.13,0,0,1,0.0,0.0,0,1342.9,0.0516
4984.8,82.2,44.0,76.4,77.3,32.0,87.5,0.22,3.3,1.38,14.1,3,0,0,82.2,82.1,0,1474.1,0.0724
4168.2,93.1,82.2,84.2,81.7,37.3,89.3,0.874,2.25,2.87,14.12,4,0,0,93.1,93.9,0,1448.1,0.062
3518.8,71.8,25.3,65.7,64.8,31.6,89.5,0.688,2.65,1.54,14.22,4,0,0,71.8,72.4,0,990.2,0.0779
2081.2,15.0,14.6,37.0,36.9,44.3,123.3,0.748,6.29,4.98,13.77,1,0,0,15.0,14.8,1,43.1,0.7202
2492.8,20.5,9.1,49.4,48.3,28.2,92.3,0.866,3.32,2.65,14.3,1,0,0,20.5,20.1,0,877.6,0.0477
1054.5,0.0,2.0,30.9,33.3,39.0,81.3,0.249,4.19,2.18,13.91,0,0,1,0.0,0.0,0,700.5,0.0435
4196.4,69.0,69.1,92.4,90.6,38.6,120.9,0.837,10.21,1.16,14.04,3,0,0,69.0,67.6,1,68.6,0.8664
2703.8,22.2,12.8,54.1,82.3,35.7,90.3,0.171,17.49,12.96,13.87,1,0,0,22.2,21.9,2,41.8,0.8425
2284.5,31.5,12.4,59.3,57.8,26.6,94.4,0.233,3.29,1.63,14.08,2,0,0,31.5,31.9,0,936.0,0.0286
2486.6,29.7,17.6,44.6,45.8,42.7,122.3,0.724,5.03,5.31,13.66,2,0,0,29.7,29.6,1,74.6,0.7889
2317.3,18.2,20.8,47.3,50.7,30.0,91.1,0.774,4.12,2.68,14.16,1,0,0,18.2,18.4,0,786.4,0.0425
2577.0,15.5,14.2,53.7,74.0,32.2,89.2,0.09,12.85,11.12,14.01,1,0,0,15.5,15.6,2,61.8,0.7563
2697.0,33.2,17.9,60.8,61.2,48.4,113.6,0.776,12.35,3.92,13.69,2,0,0,33.2,33.0,1,36.9,0.745
3918.6,103.0,14.3,59.2,62.1,34.8,86.3,0.206,3.34,-0.68,10.56,5,0,0,103.0,103.1,3,29.0,0.9097
2464.5,30.0,9.4,53.4,53.3,33.0,88.0,0.255,1.95,0.66,14.07,2,0,0,30.0,30.1,0,941.6,0.0248
2855.2,73.9,17.2,63.2,63.3,31.8,85.6,0.82,0.36,2.26,14.26,5,0,0,73.9,72.6,0,1250.1,0.0299
3474.0,91.6,21.3,55.7,52.6,36.3,90.9,0.857,1.25,0.24,14.23,5,0,0,91.6,93.2,0,1309.4,0.0282
3257.7,69.1,14.7,47.4,47.1,35.8,88.1,0.832,1.15,2.2,14.12,4,0,0,69.1,68.8,0,1232.6,0.0419
1041.0,0.0,2.2,37.3,38.9,29.1,81.3,0.258,1.78,-0.02,14.01,0,0,0,0.0,0.0,0,1448.5,0.0792
1737.7,28.6,11.9,57.2,58.7,34.7,83.1,0.476,0.65,1.91,11.62,3,0,0,28.6,28.2,3,37.6,0.9712
1934.1,31.5,20.7,59.5,57.6,38.6,87.6,0.332,1.18,2.43,14.09,3,0,0,31.5,31.5,0,1267.7,0.0605
3617.9,94.7,29.3,67.6,63.5,34.6,88.1,0.87,0.25,1.86,14.31,5,0,0,94.7,96.1,0,814.2,0.0207
2489.4,38.3,11.5,46.3,72.2,38.2,94.9,0.066,18.22,12.97,14.42,3,0,0,38.3,38.1,2,30.3,0.7323
2033.5,14.4,16.6,46.5,45.9,38.3,85.7,0.838,1.46,0.05,14.36,1,0,0,14.4,14.5,0,942.5,0.0538
897.5,0.0,2.3,35.1,51.5,30.9,88.3,0.15,17.75,11.75,14.08,0,0,0,0.0,0.0,2,90.0,0.6945
2365.3,16.9,6.8,39.7,42.2,29.4,85.5,0.317,3.52,2.75,14.15,1,0,0,16.9,16.9,0,1348.4,0.0231
2575.4,30.8,16.8,46.7,47.2,37.5,86.9,0.181,3.45,1.67,14.27,2,0,0,30.8,30.4,0,1484.9,0.0478
3485.9,92.4,27.7,66.8,63.7,38.6,92.6,0.288,1.63,1.0,14.3,5,0,0,92.4,92.9,0,975.2,0.04
3276.7,83.9,27.3,52.0,54.0,29.5,90.3,0.217,5.65,1.12,14.18,5,0,0,83.9,84.8,0,1000.1,0.0104
2314.4,36.8,13.3,49.2,48.2,31.0,85.5,0.315,0.54,0.84,10.92,3,0,0,36.8,36.4,3,34.0,0.8379
2113.9,16.8,16.2,53.8,53.9,26.4,91.1,0.853,0.88,0.73,14.08,1,0,0,16.8,16.8,0,1142.0,0.0199
2585.8,30.2,19.7,50.9,51.7,31.6,91.7,0.259,2.04,1.28,14.1,2,0,0,30.2,30.9,0,1145.2,0.0347
1478.8,18.4,7.7,49.3,46.9,30.5,88.4,0.293,2.06,2.75,14.26,2,0,0,18.4,18.6,0,921.4,0.0307
2241.7,26.2,16.7,53.3,53.5,30.5,87.4,0.716,5.35,1.82,14.23,2,0,0,26.2,26.5,0,1372.5,0.0702
3997.1,87.1,28.5,57.9,76.1,31.5,100.6,0.162,18.28,15.0,13.77,4,0,0,87.1,88.8,2,109.6,0.6526
4369.8,75.0,45.0,85.5,83.9,26.8,86.1,0.326,2.89,2.62,14.11,3,0,0,75.0,76.0,0,1059.3,0.0352
2480.6,39.3,7.1,55.0,55.5,48.6,115.7,0.787,2.92,3.64,13.89,3,0,0,39.3,38.6,1,66.4,0.8585
2558.7,31.3,21.7,54.4,52.8,36.7,87.3,0.283,3.03,1.66,10.14,2,0,0,31.3,31.5,3,10.9,0.9091
1030.0,0.0,2.0,33.0,32.1,33.8,85.8,0.687,3.3,1.65,14.08,0,0,0,0.0,0.0,0,1320.3,0.0314
1089.3,0.0,2.4,36.7,35.7,36.2,81.0,0.327,3.11,2.12,10.7,0,0,0,0.0,0.0,3,21.8,0.8998
2348.4,28.4,6.7,47.6,50.0,38.4,89.9,0.853,0.89,0.4,14.18,2,0,0,28.4,27.9,0,763.1,0.0536
2967.3,78.6,22.2,71.0,65.4,35.7,84.9,0.745,1.31,1.32,14.3,5,0,0,78.6,80.2,0,1107.1,0.0225
4114.8,87.2,64.4,86.0,83.6,30.2,90.5,0.87,0.87,0.39,14.17,4,0,0,87.2,88.8,0,886.3,0.0726
1034.3,0.0,2.5,28.2,29.8,46.9,117.5,0.842,7.89,5.03,13.71,0,0,0,0.0,0.0,1,45.3,0.7561
1846.2,22.0,12.1,50.9,48.3,30.5,84.4,0.543,0.93,1.69,10.42,2,0,0,22.0,22.2,3,11.4,0.9709
4308.2,119.6,20.5,71.8,68.2,30.5,84.4,0.258,1.51,2.02,14.21,5,0,0,119.6,119.4,0,1451.9,0.0256
3764.1,98.6,27.7,51.7,53.0,39.3,117.3,0.876,8.86,4.91,13.83,5,0,0,98.6,99.3,1,41.2,0.7465
4307.5,71.9,64.1,90.9,88.6,37.8,87.7,0.854,2.64,2.07,14.18,3,0,0,71.9,71.8,0,1352.7,0.0153
3563.0,91.9,16.2,59.6,59.5,31.0,86.5,0.691,1.31,1.49,14.21,5,0,0,91.9,90.5,0,702.4,0.0131
2727.3,23.0,7.8,41.0,43.5,31.6,88.9,0.763,-0.96,1.72,14.41,1,0,0,23.0,23.4,0,1289.7,0.017
3605.3,94.3,24.3,64.1,64.4,40.0,85.7,0.237,2.48,1.52,10.52,5,0,0,94.3,95.1,3,32.1,0.8603
3119.0,79.7,33.9,62.8,64.7,38.0,108.1,0.677,5.7,4.91,14.05,5,0,0,79.7,81.2,1,45.5,0.7994
1959.5,17.2,13.8,44.9,46.3,32.0,83.8,0.7,3.73,1.74,14.26,1,0,0,17.2,17.5,0,1249.3,0.0246
3094.8,68.0,16.8,60.5,60.9,36.6,90.7,0.733,-0.3,0.95,14.25,4,0,0,68.0,68.7,0,1316.8,0.019
3593.7,94.3,27.0,55.7,58.6,36.2,92.3,0.272,2.14,0.76,14.08,5,0,0,94.3,92.9,0,1263.6,0.0306
1043.4,0.0,2.2,32.2,33.1,30.2,85.6,0.262,-0.02,0.28,13.91,0,0,0,0.0,0.0,0,909.7,0.0536
1027.3,0.0,2.1,28.9,28.9,27.0,83.8,0.825,0.15,1.65,13.95,0,0,0,0.0,0.0,0,999.5,0.0476
2048.2,33.2,9.6,44.0,67.3,39.2,94.8,0.07,23.2,16.97,13.94,3,0,0,33.2,33.2,2,33.6,0.8712
3222.8,86.0,32.7,68.6,69.6,35.4,86.3,0.242,-1.3,1.58,14.17,5,0,0,86.0,85.6,0,1202.2,0.0473
4049.9,102.2,21.6,51.2,52.6,31.7,92.9,0.29,1.42,1.34,13.81,5,0,0,102.2,101.6,0,1136.6,0.0579
1827.3,15.8,19.3,54.0,57.1,29.2,83.0,0.302,2.1,0.82,14.18,1,0,0,15.8,16.0,0,743.1,0.0202
1444.5,11.6,10.4,53.5,75.5,29.0,91.5,0.071,20.3,14.47,14.26,1,0,0,11.6,11.4,2,106.9,0.724
1049.3,0.0,2.4,35.6,36.2,42.7,122.8,0.702,6.22,5.81,13.68,0,0,1,0.0,0.0,1,29.4,0.8553
4369.3,68.4,63.9,77.1,80.4,30.4,86.7,0.334,-0.3,1.3,14.13,3,0,0,68.4,69.6,0,877.1,0.0157
1956.0,30.6,15.8,52.3,50.8,44.2,111.0,0.737,3.64,4.45,13.74,3,0,0,30.6,31.1,1,54.3,0.9439
2819.6,44.5,19.9,41.3,43.1,36.5,83.5,0.8,-2.23,2.17,13.98,3,0,0,44.5,44.9,0,1408.2,0.0129
2394.1,19.0,16.9,45.9,46.7,30.4,93.8,0.325,0.35,0.22,14.0,1,0,0,19.0,19.2,0,1071.2,0.034
4035.5,69.3,47.2,78.4,79.7,37.3,88.1,0.817,-1.79,1.5,13.96,3,0,0,69.3,69.9,0,1347.4,0.0244
3394.3,67.7,24.5,65.0,62.3,36.1,90.2,0.19,1.11,2.26,14.09,4,0,0,67.7,67.7,0,1113.7,0.07
1015.1,0.0,2.1,32.3,34.1,28.2,87.6,0.28,1.19,2.06,14.01,0,0,0,0.0,0.0,0,1133.5,0.0239
1041.1,0.0,2.2,31.1,32.9,35.4,87.5,0.455,-0.57,0.25,10.49,0,0,1,0.0,0.0,3,25.2,0.8718
1303.4,0.0,2.1,36.1,58.5,27.9,92.6,0.173,26.26,16.82,14.04,0,0,0,0.0,0.0,2,49.2,0.7616
1064.0,0.0,2.3,33.9,36.7,42.0,118.6,0.695,6.39,3.16,14.02,0,0,0,0.0,0.0,1,27.6,0.8123
3673.2,77.8,30.8,60.2,62.6,28.3,85.9,0.227,3.92,1.85,14.29,4,0,0,77.8,78.4,0,948.7,0.0314
1055.8,0.0,2.2,34.6,35.0,34.8,86.4,0.298,5.51,2.89,14.05,0,0,0,0.0,0.0,0,1276.4,0.0251
2080.0,26.4,11.6,55.3,56.7,47.9,122.3,0.685,9.45,5.03,13.7,2,0,0,26.4,26.3,1,70.9,0.9561
3956.0,45.5,54.9,82.0,82.2,26.3,82.0,0.818,1.58,1.64,14.14,2,0,0,45.5,46.0,0,1271.3,0.0726
1039.6,0.0,2.0,28.7,31.5,33.6,84.4,0.198,2.57,1.57,14.06,0,0,0,0.0,0.0,0,936.3,0.0497
2463.4,28.9,17.9,46.4,46.1,36.3,91.4,0.236,1.58,0.88,14.48,2,0,0,28.9,29.3,0,1316.5,0.0267
3674.2,99.3,20.3,58.9,85.6,26.5,98.2,0.115,19.32,16.05,14.02,5,0,0,99.3,98.2,2,104.6,0.8853
1048.7,0.0,2.5,32.3,30.7,32.6,82.3,0.344,3.32,-0.16,13.94,0,0,0,0.0,0.0,0,1272.0,0.0278
2179.6,18.9,12.8,36.1,37.4,28.0,94.8,0.747,0.54,1.56,14.19,1,0,0,18.9,19.0,0,1349.7,0.0167
2583.5,44.9,8.6,45.0,63.1,31.4,90.4,0.061,20.36,12.08,14.12,3,0,0,44.9,44.4,2,51.0,0.7412
2800.2,45.4,15.7,46.1,45.8,38.0,84.0,0.29,-0.15,1.79,14.34,3,0,0,45.4,44.8,0,733.6,0.0717
2849.6,35.3,17.7,36.1,36.8,34.6,86.4,0.191,2.97,0.23,14.26,2,0,0,35.3,35.8,0,1018.9,0.0154
3887.2,82.0,78.2,90.2,92.9,34.2,95.2,0.767,1.4,1.35,14.12,4,0,0,82.0,80.5,0,710.9,0.0118
2668.2,43.6,12.7,56.3,53.5,29.1,81.2,0.287,2.65,0.74,14.33,3,0,0,43.6,43.8,0,978.4,0.0376
987.6,0.0,2.4,33.5,60.0,37.4,89.0,0.193,28.32,11.37,14.06,0,0,0,0.0,0.0,2,83.1,0.8769
3842.0,100.9,34.3,55.5,57.8,30.1,84.6,0.711,2.6,2.34,14.21,5,0,0,100.9,100.7,0,1100.3,0.0144
3884.1,103.7,17.3,58.5,60.3,34.1,88.8,0.25,3.74,1.77,14.0,5,0,0,103.7,104.8,0,1404.8,0.0329
4428.5,75.4,84.2,78.8,97.0,38.0,96.1,0.16,23.85,11.72,13.82,3,0,0,75.4,75.6,2,38.2,0.6909
899.5,0.0,2.0,32.2,64.6,28.2,98.4,0.105,21.37,11.0,14.19,0,0,1,0.0,0.0,2,44.9,0.8141
3512.7,91.1,18.1,72.0,89.0,32.8,95.6,0.059,18.68,14.85,13.69,5,0,0,91.1,91.6,2,24.8,0.6502
1826.9,12.5,14.6,54.4,52.1,32.0,87.5,0.216,1.89,0.73,14.13,1,0,0,12.5,12.5,0,972.9,0.0424
2524.8,29.4,17.9,49.5,50.4,33.3,84.7,0.244,-0.94,2.32,14.25,2,0,0,29.4,28.8,0,1437.1,0.0471
2947.4,36.0,10.3,52.6,50.9,27.1,84.4,0.363,1.6,3.23,10.48,2,0,0,36.0,36.6,3,19.4,0.9219
3466.2,85.9,18.6,63.0,86.5,34.1,99.1,0.101,14.61,10.76,14.09,5,0,0,85.9,86.8,2,91.9,0.9042
3568.8,93.1,30.3,57.4,60.4,32.7,88.5,0.773,1.32,0.89,14.3,5,0,0,93.1,93.4,0,1242.3,0.0749
1033.6,0.0,2.1,28.8,30.2,29.2,88.3,0.264,1.56,1.38,13.99,0,0,0,0.0,0.0,0,1084.1,0.0731
1556.0,18.9,17.2,45.9,45.3,37.1,83.7,0.313,4.3,1.21,14.41,2,0,0,18.9,18.8,0,930.6,0.0321
2208.9,17.3,9.2,51.2,47.5,30.4,79.5,0.304,4.06,-0.24,10.8,1,0,0,17.3,17.5,3,42.6,0.8856
3573.5,95.0,34.4,66.2,66.3,36.5,88.0,0.727,2.61,1.14,14.2,5,0,0,95.0,93.5,0,1388.5,0.0169
3812.8,99.1,23.0,69.8,72.8,38.2,83.6,0.221,2.56,3.08,14.38,5,0,0,99.1,100.4,0,1409.4,0.013
4139.0,89.3,22.0,65.1,67.0,27.3,90.9,0.313,0.25,0.87,13.96,4,0,0,89.3,90.3,0,805.5,0.0553
2088.2,22.3,9.3,40.5,43.2,39.6,111.6,0.843,7.79,6.38,13.85,2,0,0,22.3,22.2,1,10.4,0.849
2468.3,42.1,21.8,42.9,74.4,36.3,91.6,0.15,15.94,16.19,13.85,3,0,0,42.1,41.6,2,43.7,0.6633
2136.4,34.3,21.3,51.8,48.3,35.3,84.3,0.272,1.18,2.64,14.07,3,0,0,34.3,34.0,0,968.2,0.0434
1335.0,15.4,12.9,46.1,73.7,32.2,87.0,0.137,16.55,14.39,13.73,2,0,0,15.4,15.6,2,45.2,0.786
3326.8,88.2,18.9,76.7,71.6,36.8,91.6,0.669,0.12,1.69,10.94,5,0,0,88.2,88.7,3,36.0,0.8856
2254.8,17.1,17.1,47.5,48.7,34.0,86.1,0.806,-0.73,0.19,14.38,1,0,0,17.1,16.7,0,1330.6,0.0148
2480.9,42.4,9.0,42.0,42.5,37.2,93.5,0.683,3.15,0.83,14.18,3,0,0,42.4,43.0,0,1018.4,0.069
2659.8,45.5,13.4,46.6,48.7,30.7,81.6,0.702,2.23,-0.12,14.0,3,0,0,45.5,45.4,0,1123.0,0.0679
1994.3,38.2,17.1,51.5,78.1,31.9,91.3,0.147,19.35,16.7,13.84,3,0,0,38.2,38.7,2,68.7,0.8467
4496.9,101.1,40.4,99.8,97.8,27.3,81.4,0.828,1.85,1.45,14.14,4,0,0,101.1,101.3,0,816.9,0.0726
4076.5,73.8,41.6,81.0,84.3,42.6,120.0,0.834,4.79,1.41,13.59,3,0,0,73.8,75.2,1,34.7,0.7367
1047.9,0.0,1.9,33.7,60.3,27.4,94.1,0.05,19.52,14.92,13.68,0,0,0,0.0,0.0,2,75.1,0.8302
3213.5,53.8,10.0,49.1,49.7,36.0,90.9,0.742,-0.24,1.47,14.18,3,0,0,53.8,54.1,0,774.7,0.0238
3002.4,79.2,15.1,64.9,64.6,31.9,92.0,0.417,0.53,2.5,10.73,5,0,0,79.2,79.2,3,27.3,0.8802
3298.3,87.8,29.3,67.0,61.9,37.4,88.3,0.305,3.24,1.16,14.11,5,0,0,87.8,88.5,0,1428.5,0.052
3571.1,91.9,15.5,68.8,68.7,36.3,90.9,0.278,-0.39,0.72,13.98,5,0,0,91.9,91.2,0,1158.8,0.0635
1068.6,0.0,2.4,35.4,36.0,40.5,110.5,0.841,6.65,4.16,13.86,0,0,0,0.0,0.0,1,14.8,0.8948
2946.2,33.6,13.2,49.4,68.1,37.7,94.0,0.092,22.69,11.44,13.9,2,0,0,33.6,34.0,2,73.9,0.7404
1053.6,0.0,1.8,30.3,30.1,26.9,78.5,0.74,1.23,1.77,14.07,0,0,0,0.0,0.0,0,972.8,0.0451
850.0,0.0,2.1,40.6,51.5,33.1,95.7,0.05,20.48,11.74,14.3,0,0,0,0.0,0.0,2,32.3,0.8274
3627.1,60.1,14.8,43.8,41.4,33.9,88.2,0.491,-1.12,0.43,10.61,3,0,0,60.1,60.5,3,7.3,0.9377
1456.7,11.2,21.8,56.3,53.8,32.1,88.4,0.314,2.43,0.68,14.16,1,0,0,11.2,11.4,0,727.7,0.0218
1068.5,0.0,2.0,36.2,37.5,39.1,87.9,0.462,1.32,2.08,10.51,0,0,0,0.0,0.0,3,16.1,0.9717
1022.9,0.0,2.1,36.9,34.0,36.4,86.7,0.829,1.6,1.72,14.0,0,0,0,0.0,0.0,0,1040.2,0.05
2066.3,24.8,8.5,52.1,51.7,28.4,94.0,0.309,4.17,1.98,13.9,2,0,0,24.8,24.3,0,1011.7,0.0117
2963.7,35.1,18.5,47.3,47.9,36.0,88.3,0.248,3.06,1.01,14.05,2,0,0,35.1,34.8,0,1359.1,0.0712
2742.4,29.5,6.3,45.6,73.0,31.7,99.0,0.185,18.43,14.16,13.94,2,0,0,29.5,29.3,2,70.3,0.7623
2724.5,22.3,21.2,43.5,46.2,44.9,116.0,0.83,6.0,4.46,13.83,1,0,0,22.3,21.9,1,70.6,0.9379
2540.6,32.4,14.8,52.0,48.8,34.4,87.2,0.283,3.27,1.64,14.14,2,0,0,32.4,32.0,0,747.1,0.0334
4934.8,81.5,54.6,91.0,90.4,29.9,85.7,0.764,3.88,1.29,14.0,3,0,0,81.5,82.1,0,1019.1,0.0603
4406.2,74.8,59.9,80.0,80.7,43.3,114.2,0.865,7.68,3.1,14.19,3,0,0,74.8,74.3,1,73.8,0.7665
1066.3,0.0,2.3,38.2,36.9,26.2,89.8,0.343,0.47,0.11,14.07,0,0,0,0.0,0.0,0,1136.4,0.0769
3455.1,78.7,21.0,65.6,85.6,28.1,102.9,0.098,21.34,15.97,14.1,4,0,0,78.7,77.8,2,61.6,0.6742
1016.2,0.0,2.3,32.5,61.5,33.3,98.2,0.11,18.25,14.12,14.16,0,0,1,0.0,0.0,2,44.8,0.6696
1048.5,0.0,2.1,31.5,32.3,34.6,84.1,0.205,4.31,2.38,14.01,0,0,1,0.0,0.0,0,1023.8,0.0389
3493.9,94.7,16.4,60.7,60.6,35.6,90.3,0.272,1.33,2.3,10.0,5,0,0,94.7,95.8,3,38.9,0.9649
2074.8,34.8,20.5,61.2,61.2,38.7,81.5,0.852,0.86,0.37,14.25,3,0,0,34.8,35.4,0,992.8,0.0245
1050.3,0.0,2.4,32.5,32.7,34.6,84.3,0.354,-2.07,2.19,10.5,0,0,1,0.0,0.0,3,44.3,0.9229
2399.4,30.7,15.9,48.1,45.5,42.1,113.8,0.678,5.85,4.38,13.72,2,0,0,30.7,30.6,1,18.4,0.8698
3712.6,61.3,66.6,90.5,91.0,41.7,125.5,0.84,9.28,3.92,13.31,3,0,0,61.3,60.1,1,9.2,0.8273
2560.0,44.3,17.0,52.6,48.2,30.0,84.0,0.68,1.23,2.09,14.38,3,0,0,44.3,45.2,0,1419.6,0.0657
3025.0,29.7,13.6,51.1,74.6,28.2,93.9,0.077,24.45,13.14,14.24,2,0,0,29.7,29.5,2,105.2,0.8583
2261.8,35.9,13.0,49.7,52.9,33.3,87.7,0.871,1.88,2.34,14.06,3,0,0,35.9,36.0,0,1344.8,0.0794
3177.9,22.0,7.3,63.6,59.7,38.9,88.3,0.763,1.0,0.6,14.08,1,0,0,22.0,22.4,0,1031.9,0.0404
3936.8,65.3,71.4,78.3,79.2,26.1,90.2,0.19,-1.18,1.77,14.34,3,0,0,65.3,65.8,0,835.0,0.0535
3753.7,98.8,33.8,60.6,57.5,33.1,87.6,0.749,-0.37,1.92,14.34,5,0,0,98.8,98.3,0,726.2,0.052
1076.8,0.0,2.2,34.7,32.4,30.2,85.3,0.775,2.27,1.23,13.98,0,0,0,0.0,0.0,0,991.1,0.0455
1042.1,0.0,2.2,36.5,39.3,46.0,114.8,0.791,6.87,3.92,13.83,0,0,0,0.0,0.0,1,73.7,0.7224
1246.1,0.0,2.0,34.0,55.4,34.3,89.1,0.099,16.03,11.93,14.09,0,0,1,0.0,0.0,2,71.1,0.8148
2346.5,40.2,15.2,46.9,47.6,39.7,94.6,0.204,1.56,0.2,14.17,3,0,0,40.2,40.1,0,802.8,0.0433
1035.0,0.0,1.9,36.4,32.7,44.4,117.3,0.781,11.05,3.69,13.95,0,0,0,0.0,0.0,1,60.9,0.764
1224.8,13.7,19.6,53.5,50.6,40.1,86.1,0.232,1.72,1.4,14.02,2,0,0,13.7,14.0,0,1235.7,0.0602
2389.7,27.4,21.5,35.8,61.9,31.6,95.9,0.056,18.72,13.14,13.78,2,0,0,27.4,27.2,2,96.4,0.8849
3307.9,77.7,34.3,63.2,81.9,30.2,94.5,0.126,16.73,12.44,13.88,5,0,0,77.7,78.0,2,93.3,0.8046
1049.4,0.0,1.8,27.5,29.9,37.0,86.8,0.213,4.17,2.08,13.99,0,0,0,0.0,0.0,0,1192.9,0.0413
1011.0,0.0,2.2,33.2,34.9,46.2,108.5,0.735,7.76,3.22,13.92,0,0,0,0.0,0.0,1,53.8,0.8545
2405.3,29.1,13.3,49.8,47.6,36.4,83.0,0.191,0.58,1.78,14.31,2,0,0,29.1,28.6,0,1437.9,0.0508
3878.9,77.8,45.2,90.6,89.2,29.0,86.6,0.259,0.27,1.94,13.91,4,0,0,77.8,77.9,0,1344.0,0.0507
2362.0,27.7,21.6,44.4,76.8,35.3,88.0,0.175,20.04,13.75,13.83,2,0,0,27.7,27.7,2,88.2,0.8873
3829.9,82.0,14.9,65.9,66.6,31.0,84.8,0.689,0.94,1.38,14.28,4,0,0,82.0,81.5,0,1013.3,0.0768
4310.2,71.8,55.4,80.6,84.1,30.1,89.3,0.873,4.03,1.75,14.17,3,0,0,71.8,70.9,0,853.4,0.0639
3959.6,50.4,61.8,78.8,77.5,29.5,86.7,0.328,5.33,1.37,14.25,2,0,0,50.4,50.9,0,1049.8,0.0414
2727.9,48.2,15.9,56.3,74.9,32.5,98.6,0.061,12.46,15.98,14.07,3,0,0,48.2,48.8,2,41.4,0.7306
3453.8,77.7,34.4,59.9,60.4,37.2,87.1,0.77,2.03,1.35,14.24,4,0,0,77.7,78.3,0,1422.6,0.0387
3272.2,84.1,16.5,67.3,65.4,35.5,85.7,0.199,1.75,3.29,14.05,5,0,0,84.1,83.6,0,897.2,0.0103
2273.8,25.2,7.6,47.7,48.0,42.8,112.8,0.716,9.9,2.82,13.67,2,0,0,25.2,25.6,1,8.8,0.9443
2562.5,38.2,13.8,32.6,55.7,33.2,96.6,0.129,17.47,12.09,14.14,3,0,0,38.2,38.6,2,64.7,0.751
1071.0,0.0,1.9,36.5,37.8,38.2,88.6,0.847,2.38,1.23,14.04,0,0,0,0.0,0.0,0,799.3,0.0752
2917.3,74.1,21.7,69.0,71.0,31.6,87.8,0.27,-0.07,2.52,14.37,5,0,0,74.1,74.6,0,1016.4,0.0679
3781.3,84.3,15.3,65.7,64.1,30.2,90.9,0.314,4.69,1.34,14.29,4,0,0,84.3,83.0,0,1334.7,0.0703
3099.7,24.4,17.9,39.3,40.9,29.5,86.3,0.346,0.57,1.4,14.2,1,0,0,24.4,24.1,0,774.6,0.0111
1029.1,0.0,2.3,29.6,30.9,30.5,87.2,0.695,0.46,2.13,13.98,0,0,0,0.0,0.0,0,827.4,0.0431
3059.2,78.5,31.5,59.8,61.5,41.7,120.1,0.686,8.82,4.39,13.67,5,0,0,78.5,78.6,1,59.5,0.9189
3814.3,100.5,32.0,62.5,62.4,46.3,120.0,0.844,13.86,7.86,13.83,5,0,0,100.5,100.7,1,43.1,0.7715
2985.1,79.9,33.9,68.9,71.0,39.2,105.3,0.712,7.97,2.78,13.45,5,0,0,79.9,79.3,1,26.6,0.95
3202.5,69.0,29.0,61.9,59.3,35.6,89.2,0.342,1.82,0.98,13.96,4,0,0,69.0,68.5,0,1406.4,0.0256
3139.4,38.2,19.8,50.0,74.2,40.1,90.6,0.051,13.05,12.02,13.92,2,0,0,38.2,38.4,2,68.9,0.8847
4397.8,74.8,52.8,89.5,89.1,35.0,87.1,0.259,3.03,3.03,14.08,3,0,0,74.8,74.2,0,734.7,0.0434
2446.1,40.3,20.5,49.6,51.0,33.2,86.1,0.393,1.39,-0.77,10.82,3,0,0,40.3,40.9,3,21.8,0.9895
2273.8,35.0,11.4,54.5,52.4,46.4,115.0,0.685,10.44,1.68,13.92,3,0,0,35.0,35.5,1,20.2,0.774
2646.2,41.7,18.3,57.5,59.3,32.4,93.9,0.297,1.52,1.0,14.44,3,0,0,41.7,41.9,0,1358.8,0.0205
3443.9,72.2,29.1,57.6,59.2,37.5,115.7,0.855,10.03,3.55,13.77,4,0,0,72.2,73.2,1,31.8,0.8624
1031.9,0.0,2.1,37.2,35.3,35.1,87.1,0.21,0.96,0.77,14.13,0,0,1,0.0,0.0,0,715.4,0.0192
3842.9,80.9,31.3,72.5,72.6,34.4,114.8,0.69,9.1,3.9,13.7,4,0,0,80.9,80.7,1,21.2,0.8749
4909.0,79.3,67.6,84.2,86.3,28.0,92.5,0.236,2.54,2.54,14.21,3,0,0,79.3,78.2,0,788.7,0.0495
1046.8,0.0,2.3,34.5,31.1,39.0,82.6,0.722,1.36,1.46,14.08,0,0,1,0.0,0.0,0,990.3,0.0452
4923.8,79.3,41.9,91.1,98.0,28.9,93.8,0.119,23.86,14.41,14.17,3,0,0,79.3,79.0,2,92.1,0.8981
2658.5,43.3,9.3,60.1,58.4,35.8,80.6,0.344,-0.24,1.1,13.97,3,0,0,43.3,43.9,0,1491.9,0.0668
2656.3,32.2,16.1,55.3,78.2,29.2,97.5,0.116,20.54,11.55,14.07,2,0,0,32.2,32.2,2,45.6,0.7441
1063.8,0.0,2.2,34.0,35.1,31.4,85.1,0.341,0.3,1.46,14.08,0,0,0,0.0,0.0,0,983.5,0.0262
3045.1,50.1,15.4,47.8,51.0,40.0,112.4,0.706,9.33,3.24,13.76,3,0,0,50.1,50.3,1,50.1,0.859
3952.5,104.9,27.1,59.2,58.9,36.8,118.1,0.886,10.68,4.55,13.61,5,0,0,104.9,106.7,1,59.6,0.8762
4569.4,72.7,83.4,83.3,84.6,30.7,82.9,0.265,3.95,1.5,14.19,3,0,0,72.7,71.6,0,1011.7,0.0429
2446.0,27.5,20.6,45.8,45.0,35.4,87.7,0.721,2.79,2.1,14.2,2,0,0,27.5,27.7,0,1029.9,0.013
2726.8,21.7,14.1,46.4,49.3,36.1,88.8,0.721,2.58,1.17,13.79,1,0,0,21.7,21.6,0,1339.5,0.0668
1041.0,0.0,1.9,34.6,32.9,39.3,88.4,0.325,4.38,1.58,14.04,0,0,0,0.0,0.0,0,1194.2,0.0198
1058.1,0.0,2.2,31.9,34.1,29.8,85.2,0.702,-1.4,1.74,13.99,0,0,1,0.0,0.0,0,725.1,0.0412
1811.5,21.6,8.2,32.8,32.4,45.8,113.5,0.773,5.41,5.02,13.86,2,0,0,21.6,21.2,1,14.7,0.9107
3092.7,82.6,15.8,66.9,66.8,26.5,87.1,0.656,0.3,1.97,10.9,5,0,0,82.6,83.7,3,13.4,0.9403
2631.7,35.8,10.5,40.0,64.4,38.8,88.5,0.121,22.29,16.38,14.1,2,0,0,35.8,35.2,2,43.2,0.7148
850.0,0.0,1.8,38.5,59.0,35.5,92.6,0.121,20.72,13.59,13.77,0,0,0,0.0,0.0,2,93.3,0.7244
3976.3,74.8,27.7,52.7,79.8,36.3,95.1,0.194,20.28,13.73,13.79,4,0,0,74.8,73.8,2,105.7,0.6998
3177.8,67.2,30.0,72.5,70.6,50.9,119.3,0.673,7.36,3.84,13.43,4,0,0,67.2,67.9,1,17.4,0.9532
3221.2,67.7,25.6,63.9,63.6,37.4,84.9,0.779,4.77,1.52,14.05,4,0,0,67.7,66.9,0,712.1,0.0687
3046.8,65.9,29.6,57.9,59.1,28.1,83.2,0.451,0.88,2.18,11.13,4,0,0,65.9,66.8,3,21.8,0.9512
2233.9,27.3,19.4,52.3,51.3,38.3,116.3,0.827,13.53,4.68,14.03,2,0,0,27.3,27.7,1,70.3,0.7942
3341.2,90.3,33.6,58.9,57.6,34.7,91.9,0.334,3.21,1.04,13.96,5,0,0,90.3,90.6,0,1112.3,0.0193
2291.3,28.8,7.6,49.1,52.9,37.7,87.8,0.233,1.65,1.13,14.08,2,0,0,28.8,28.5,0,835.1,0.0589
2606.1,43.6,8.5,48.4,48.3,34.9,86.7,0.813,2.19,2.5,14.11,3,0,0,43.6,44.0,0,868.6,0.0678
3456.1,92.4,22.5,54.9,55.5,33.4,89.5,0.313,2.75,1.9,14.26,5,0,0,92.4,91.3,0,1232.6,0.0646
2314.6,30.4,13.7,63.2,93.1,33.0,91.6,0.128,22.64,10.91,13.89,2,0,0,30.4,30.3,2,33.7,0.652
2738.6,35.1,15.4,46.5,47.5,36.4,84.9,0.715,2.43,0.69,14.01,2,0,0,35.1,34.9,0,739.8,0.0484
3669.1,98.6,34.5,43.2,45.0,32.5,87.1,0.291,1.75,0.94,14.31,5,0,0,98.6,97.5,0,775.8,0.065
1768.2,29.5,20.3,48.7,49.4,31.4,89.2,0.657,1.01,1.61,11.82,3,0,0,29.5,29.9,3,19.6,0.9135
1878.3,33.9,6.8,37.4,37.3,34.7,91.1,0.769,2.57,2.28,14.3,3,0,0,33.9,33.9,0,1456.9,0.0607
1038.7,0.0,1.8,36.1,34.7,29.8,82.7,0.202,0.77,1.86,13.94,0,0,0,0.0,0.0,0,1198.6,0.04
2974.1,77.0,22.8,58.4,58.3,38.3,87.7,0.683,-1.56,2.66,14.23,5,0,0,77.0,78.5,0,1063.5,0.0227
1066.5,0.0,2.5,39.1,37.1,45.2,123.6,0.722,1.73,1.53,13.51,0,0,0,0.0,0.0,1,60.7,0.8183
1762.2,19.3,17.2,47.4,47.1,30.5,84.6,0.342,2.32,2.88,10.28,2,0,0,19.3,19.1,3,5.9,0.8811
4596.5,55.0,80.2,87.5,87.4,34.8,88.3,0.69,1.71,0.96,14.01,2,0,0,55.0,55.1,0,1473.8,0.0185
2011.9,13.5,18.7,39.2,66.1,31.8,87.7,0.113,20.54,11.77,14.26,1,0,0,13.5,13.3,2,98.0,0.7839
1056.5,0.0,2.0,37.8,34.3,34.3,87.1,0.28,3.33,1.63,14.06,0,0,0,0.0,0.0,0,1276.8,0.068
2272.9,17.2,13.6,50.5,46.8,35.5,91.8,0.311,1.17,2.41,11.28,1,0,0,17.2,17.0,3,39.8,0.8519
2946.4,20.5,20.3,49.1,76.2,30.5,95.5,0.09,20.52,16.78,14.07,1,0,0,20.5,20.5,2,42.3,0.9066
2437.0,38.9,8.3,43.7,70.0,38.0,93.5,0.163,24.12,15.56,14.17,3,0,0,38.9,38.8,2,44.4,0.7559
3419.6,90.5,26.7,76.2,72.1,33.2,87.8,0.212,4.39,-0.19,14.01,5,0,0,90.5,91.8,0,798.5,0.0786
3956.0,61.6,47.5,94.2,91.9,36.6,90.8,0.342,0.61,0.74,9.66,3,0,0,61.6,60.9,3,37.6,0.9677
3205.8,88.6,20.8,60.2,62.7,34.1,118.4,0.866,4.92,6.15,14.08,5,0,0,88.6,88.6,1,12.2,0.9487
1046.1,0.0,2.4,32.6,29.8,29.4,85.3,0.261,3.29,1.37,14.03,0,0,0,0.0,0.0,0,985.7,0.0784
2379.7,19.3,9.0,54.8,80.8,32.7,87.9,0.052,24.01,11.42,14.07,1,0,0,19.3,19.5,2,107.2,0.7727
1964.4,21.9,13.5,38.7,39.7,37.9,88.2,0.191,2.09,1.94,14.22,2,0,0,21.9,21.7,0,913.6,0.05
1107.2,0.0,2.2,35.6,60.7,37.2,88.9,0.065,15.65,14.16,13.83,0,0,0,0.0,0.0,2,45.1,0.8749
3890.3,85.3,34.3,62.8,63.5,33.3,90.5,0.683,2.17,1.47,14.16,4,0,0,85.3,86.2,0,1310.0,0.0599
2474.9,40.6,18.7,45.0,48.5,45.4,115.7,0.832,7.63,4.51,13.75,3,0,0,40.6,40.4,1,70.0,0.7726
1018.4,0.0,2.1,32.5,31.8,31.3,88.1,0.199,2.44,1.49,13.95,0,0,0,0.0,0.0,0,1230.7,0.017
1051.1,0.0,2.3,35.1,35.9,38.9,83.9,0.846,2.46,-0.32,13.89,0,0,1,0.0,0.0,0,1321.0,0.0401
3140.3,82.1,20.3,63.4,63.3,26.8,87.9,0.806,-2.65,0.23,14.31,5,0,0,82.1,83.1,0,852.4,0.0124
4777.8,81.2,63.8,80.1,82.5,39.9,93.2,0.837,1.62,1.55,14.01,3,0,0,81.2,80.4,0,1123.0,0.0666
2775.1,73.0,26.9,64.2,65.3,35.2,87.1,0.692,0.58,0.75,14.18,5,0,0,73.0,74.3,0,970.9,0.0179
3361.2,89.5,16.9,60.6,61.6,38.7,80.1,0.276,-0.98,1.75,14.12,5,0,0,89.5,87.8,0,1053.3,0.0711
1026.5,0.0,2.3,31.6,32.2,33.2,84.5,0.837,0.06,1.99,13.96,0,0,1,0.0,0.0,0,879.6,0.0398
3210.6,70.0,18.6,59.6,56.8,25.5,90.6,0.783,0.71,0.85,14.05,4,0,0,70.0,70.5,0,1494.2,0.0502
1012.4,0.0,2.2,30.8,33.8,36.5,82.5,0.251,1.13,1.32,14.0,0,0,0,0.0,0.0,0,1003.5,0.0528
1029.4,0.0,2.0,34.4,34.6,46.4,122.4,0.741,6.41,3.03,14.03,0,0,0,0.0,0.0,1,60.6,0.8772
4868.7,57.3,78.0,82.6,81.2,27.9,89.0,0.863,3.04,1.96,14.08,2,0,0,57.3,57.0,0,1016.9,0.021
1046.9,0.0,2.0,33.8,35.1,35.7,87.9,0.348,2.85,2.77,9.92,0,0,0,0.0,0.0,3,9.8,0.9832
2753.5,22.5,9.9,45.7,63.7,26.2,85.4,0.176,19.89,12.26,13.8,1,0,0,22.5,22.3,2,117.0,0.8495
2615.8,18.3,16.7,40.5,43.1,38.3,112.3,0.824,7.26,2.97,14.19,1,0,0,18.3,18.5,1,73.3,0.8021
3753.5,100.0,24.9,64.8,64.6,28.6,87.8,0.186,-0.02,0.89,14.04,5,0,0,100.0,100.9,0,906.8,0.0218
3778.6,97.2,34.2,54.1,84.8,36.3,91.4,0.192,23.8,13.78,13.81,5,0,0,97.2,95.9,2,88.6,0.8747
2222.3,18.8,18.3,48.0,44.1,34.3,88.0,0.271,3.05,2.1,14.09,1,0,0,18.8,18.7,0,1016.2,0.0703
1044.6,0.0,1.8,33.8,35.2,26.0,88.1,0.745,-0.08,1.31,13.98,0,0,0,0.0,0.0,0,815.3,0.0799
1083.5,0.0,2.1,33.6,34.4,34.2,85.9,0.269,1.81,0.44,14.0,0,0,0,0.0,0.0,0,767.8,0.079
3592.3,100.7,23.9,61.9,89.4,36.7,94.9,0.135,16.87,16.48,13.96,5,0,0,100.7,100.7,2,65.1,0.8596
3029.0,80.5,34.8,67.8,68.7,31.8,90.4,0.795,3.12,1.37,14.22,5,0,0,80.5,82.1,0,1161.8,0.0232
3602.1,93.0,31.1,68.2,67.1,33.7,91.6,0.203,2.22,0.65,13.88,5,0,0,93.0,93.1,0,1091.2,0.0784
3649.5,77.6,28.6,68.0,68.3,35.5,85.1,0.201,3.59,1.24,11.0,4,0,0,77.6,77.0,3,32.7,0.8976
2685.5,44.0,9.8,48.1,66.4,26.8,96.3,0.156,18.78,12.71,13.97,3,0,0,44.0,44.6,2,83.0,0.761
1078.5,0.0,1.9,34.2,34.1,28.3,84.1,0.878,-0.3,2.09,14.1,0,0,0,0.0,0.0,0,1100.6,0.0752
1075.5,0.0,2.5,29.9,29.1,35.1,85.3,0.274,1.77,1.13,13.89,0,0,0,0.0,0.0,0,1322.2,0.0219
2608.8,19.5,20.6,47.3,70.0,30.4,90.9,0.058,19.17,17.28,13.78,1,0,0,19.5,19.1,2,68.7,0.7843
3079.8,64.8,29.1,63.4,62.2,37.9,91.0,0.716,0.79,2.31,14.32,4,0,0,64.8,65.7,0,926.3,0.0251
4949.0,59.2,40.4,72.1,71.5,31.1,90.3,0.181,-0.93,1.39,14.06,2,0,0,59.2,58.5,0,1499.3,0.031
2150.6,36.0,10.0,38.5,37.5,32.1,88.8,0.717,0.91,1.56,14.15,3,0,0,36.0,36.3,0,929.3,0.0234
3454.9,90.7,20.8,62.0,61.8,27.3,91.7,0.453,2.15,-0.84,10.67,5,0,0,90.7,90.1,3,33.9,0.8791
3941.7,103.5,14.1,59.0,56.7,31.1,114.7,0.736,10.15,1.9,13.99,5,0,0,103.5,102.2,1,9.6,0.7387
2817.2,19.3,20.1,42.0,69.8,31.6,96.3,0.098,19.71,12.76,13.91,1,0,0,19.3,19.6,2,89.3,0.8687
2413.0,40.1,18.1,51.6,68.3,30.7,91.6,0.051,18.9,12.08,13.75,3,0,0,40.1,40.3,2,56.2,0.7446
1075.0,0.0,1.9,33.7,33.9,34.4,82.7,0.868,0.77,0.15,14.04,0,0,1,0.0,0.0,0,1430.3,0.0226
3219.3,69.6,26.5,62.7,59.8,30.4,85.3,0.345,0.43,2.33,14.06,4,0,0,69.6,69.7,0,906.4,0.0395
1819.2,20.0,13.2,45.4,43.4,28.5,87.1,0.253,4.85,1.2,14.14,2,0,0,20.0,20.4,0,1271.2,0.0227
1030.6,0.0,2.1,31.7,32.8,29.4,86.1,0.236,2.75,1.04,14.06,0,0,0,0.0,0.0,0,1459.9,0.0114
3597.0,92.8,15.9,60.0,56.2,37.3,84.5,0.827,4.69,1.87,14.1,5,0,0,92.8,93.9,0,1103.2,0.015
4331.1,55.6,76.2,77.5,98.0,37.0,91.7,0.147,20.69,15.75,13.59,2,0,0,55.6,55.5,2,34.5,0.7321
3315.9,88.4,22.6,64.6,64.3,37.5,116.5,0.876,3.7,5.68,13.83,5,0,0,88.4,87.3,1,58.7,0.9147
3626.7,85.3,17.0,63.7,81.6,27.0,90.8,0.175,19.15,13.61,13.35,5,0,0,85.3,85.4,2,108.1,0.9103
3488.5,93.9,20.7,57.1,56.3,32.7,86.0,0.234,0.3,2.45,14.13,5,0,0,93.9,92.9,0,1021.1,0.0479
1964.5,31.4,18.4,44.4,47.3,42.8,115.8,0.715,7.28,3.66,13.85,3,0,0,31.4,31.4,1,47.0,0.8665
2841.0,76.5,27.8,53.2,50.3,44.1,107.0,0.723,5.31,3.14,13.98,5,0,0,76.5,75.9,1,67.9,0.8786
2818.7,49.1,15.0,46.9,45.3,30.2,86.9,0.696,-0.19,0.57,14.14,3,0,0,49.1,49.5,0,1008.1,0.0135
4491.1,56.8,76.9,69.5,68.3,44.5,108.4,0.653,6.65,4.9,14.06,2,0,0,56.8,56.6,1,38.1,0.8406
2578.8,20.4,18.0,49.3,46.8,28.1,86.1,0.312,4.47,2.35,14.12,1,0,0,20.4,20.0,0,1073.9,0.0394
2342.9,17.5,9.2,56.4,53.4,37.5,82.8,0.298,2.39,2.46,14.11,1,0,0,17.5,17.3,0,763.5,0.0248
2373.3,30.4,17.8,49.8,46.6,33.3,84.7,0.202,0.13,-0.29,14.2,2,0,0,30.4,30.2,0,1195.9,0.0664
3377.3,92.6,24.5,57.1,57.2,32.7,88.1,0.333,2.13,0.77,14.01,5,0,0,92.6,93.4,0,866.7,0.0233
1021.4,0.0,2.5,35.9,32.2,26.9,89.9,0.818,0.01,1.48,14.09,0,0,0,0.0,0.0,0,800.1,0.0473
4203.8,88.3,63.9,86.3,83.2,46.6,113.1,0.835,5.06,0.79,13.84,4,0,0,88.3,88.7,1,46.4,0.8613
2615.8,34.0,19.7,60.7,59.1,27.1,91.0,0.696,1.73,1.14,10.41,2,0,0,34.0,33.5,3,35.4,0.8855
3879.7,102.5,14.1,65.1,64.2,44.1,114.9,0.814,11.42,6.97,13.61,5,0,0,102.5,100.8,1,26.2,0.7684
5314.9,87.0,45.7,80.4,80.8,40.9,120.9,0.829,10.62,5.1,13.98,3,0,0,87.0,88.7,1,49.6,0.8527
1656.6,27.8,12.4,46.1,45.0,36.5,87.7,0.697,0.79,0.65,14.09,3,0,0,27.8,27.8,0,1197.8,0.0535
2800.8,74.2,23.9,58.7,61.2,42.9,117.3,0.859,10.86,2.59,13.63,5,0,0,74.2,73.5,1,63.3,0.9176
1059.9,0.0,1.8,31.9,30.1,34.0,81.6,0.35,0.85,2.08,14.06,0,0,0,0.0,0.0,0,1430.6,0.0467
1029.9,0.0,2.2,36.2,35.3,35.1,86.7,0.879,0.76,0.66,14.12,0,0,1,0.0,0.0,0,1468.2,0.0656
1095.0,0.0,2.5,40.3,37.9,28.0,87.7,0.309,-1.11,1.87,14.06,0,0,1,0.0,0.0,0,1073.2,0.0778
1053.8,0.0,2.0,37.8,37.3,36.5,85.0,0.254,2.34,1.99,13.99,0,0,0,0.0,0.0,0,1064.7,0.036
3757.6,81.0,16.1,48.5,50.8,30.5,85.8,0.709,1.93,1.37,14.2,4,0,0,81.0,81.6,0,743.7,0.0284
3559.4,57.6,18.1,49.1,48.2,28.1,89.9,0.781,2.16,1.28,14.16,3,0,0,57.6,58.5,0,1015.0,0.0189
2259.7,27.0,13.2,50.3,47.7,39.9,90.1,0.748,2.6,2.5,14.33,2,0,0,27.0,27.5,0,1379.3,0.0366
1046.2,0.0,2.4,33.7,30.7,30.3,87.8,0.425,-1.69,1.16,11.19,0,0,0,0.0,0.0,3,24.9,0.9567
3611.4,97.8,30.0,61.5,60.8,30.0,88.0,0.34,1.88,2.1,14.21,5,0,0,97.8,98.7,0,701.7,0.0426
3124.4,67.1,32.4,57.2,61.9,39.4,80.8,0.727,4.04,2.41,14.16,4,0,0,67.1,67.9,0,1394.2,0.0562
1034.1,0.0,2.4,32.6,31.2,30.7,85.4,0.767,2.78,2.43,14.0,0,0,0,0.0,0.0,0,871.4,0.0293
3348.6,87.3,19.5,67.7,66.1,46.1,121.5,0.711,5.8,1.82,14.19,5,0,0,87.3,85.6,1,20.7,0.7535
1031.9,0.0,2.0,35.8,35.7,29.8,85.8,0.738,1.37,1.08,14.13,0,0,0,0.0,0.0,0,1031.5,0.0647
2622.6,32.7,18.4,48.5,49.8,32.6,83.8,0.183,2.86,0.45,14.23,2,0,0,32.7,33.0,0,982.8,0.0277
3434.9,92.2,28.7,60.2,58.8,29.1,87.8,0.212,2.23,2.36,14.15,5,0,0,92.2,91.6,0,1405.2,0.0425
2351.4,17.8,7.7,51.8,51.1,38.1,86.5,0.324,1.6,2.27,14.23,1,0,0,17.8,17.9,0,1494.2,0.0532
1065.1,0.0,2.3,36.3,36.6,32.0,87.7,0.325,2.39,1.45,14.06,0,0,1,0.0,0.0,0,1393.7,0.0327
4213.2,69.0,69.4,78.9,80.8,30.9,81.5,0.729,2.65,2.69,14.09,3,0,0,69.0,69.9,0,895.6,0.0339
1102.6,0.0,2.0,33.5,32.9,36.8,85.8,0.842,2.3,1.84,13.99,0,0,0,0.0,0.0,0,1094.5,0.0304
3640.1,54.8,77.0,80.7,78.0,30.7,87.8,0.848,2.25,2.15,14.07,3,0,0,54.8,55.7,0,1037.2,0.0141
2060.9,16.4,13.5,45.9,46.7,37.7,88.6,0.681,-0.87,1.51,14.11,1,0,0,16.4,16.4,0,1378.6,0.0602
2701.5,21.3,21.4,55.7,78.3,38.7,94.7,0.167,21.82,14.5,14.03,1,0,0,21.3,21.0,2,114.9,0.759
4090.2,49.5,60.8,80.7,79.8,26.8,87.4,0.322,0.38,2.64,14.24,2,0,0,49.5,49.7,0,871.7,0.0206
3574.1,73.9,21.1,63.8,65.0,31.3,86.0,0.218,2.77,0.93,14.13,4,0,0,73.9,73.1,0,866.9,0.0552
3566.1,45.1,76.4,73.2,73.7,27.6,87.8,0.227,1.07,0.25,14.21,2,0,0,45.1,45.5,0,1110.0,0.0711
3117.4,36.9,18.8,49.1,46.6,30.3,88.2,0.562,-0.11,1.54,10.28,2,0,0,36.9,36.9,3,31.2,0.9555
1978.4,33.8,9.9,65.5,64.7,38.1,85.3,0.835,3.58,1.29,13.92,3,0,0,33.8,34.0,0,844.2,0.0641
1093.1,0.0,2.1,38.0,37.2,32.4,87.8,0.727,3.49,0.11,14.09,0,0,0,0.0,0.0,0,884.8,0.0401
1052.3,0.0,2.3,33.9,37.2,43.4,115.2,0.872,3.68,3.77,13.61,0,0,0,0.0,0.0,1,15.5,0.9004
2486.4,28.2,14.6,45.0,43.8,36.0,89.0,0.821,-1.88,2.39,14.25,2,0,0,28.2,28.6,0,1473.9,0.0325
3771.1,98.2,18.1,78.5,74.3,27.1,93.3,0.233,1.87,1.15,14.3,5,0,0,98.2,98.3,0,1099.0,0.0307
3552.5,95.2,32.9,67.4,67.6,28.3,92.5,0.869,1.03,0.03,14.02,5,0,0,95.2,93.6,0,931.3,0.0594
2179.0,18.5,14.4,44.0,67.6,31.3,91.7,0.07,18.4,15.42,14.29,1,0,0,18.5,18.8,2,113.4,0.8805
2816.4,45.8,6.6,47.6,48.5,35.0,83.4,0.815,3.52,0.79,14.22,3,0,0,45.8,46.4,0,803.7,0.0618
1019.9,0.0,2.2,38.7,34.2,38.6,118.6,0.884,7.44,3.94,14.24,0,0,0,0.0,0.0,1,22.9,0.7849
4057.6,67.0,44.3,70.7,74.1,34.2,83.5,0.331,-1.0,1.28,10.8,3,0,0,67.0,68.1,3,15.3,0.9541
4207.0,53.0,78.8,80.8,79.7,36.7,81.9,0.871,0.76,1.14,14.34,2,0,0,53.0,52.6,0,809.1,0.0527
2246.3,25.4,19.0,53.5,50.1,34.1,85.8,0.779,4.11,2.14,14.12,2,0,0,25.4,25.2,0,741.4,0.0456
2715.1,32.1,16.2,54.1,54.1,37.4,93.0,0.738,-1.62,0.92,14.22,2,0,0,32.1,31.9,0,782.0,0.0279
3744.8,59.7,41.7,88.2,85.3,30.6,91.9,0.723,4.85,2.13,14.23,3,0,0,59.7,60.0,0,805.9,0.0304
4011.5,107.4,34.1,63.6,64.3,27.2,90.7,0.878,0.7,1.28,14.19,5,0,0,107.4,109.5,0,1322.5,0.0334
2863.9,31.7,16.3,58.2,55.2,33.3,85.3,0.646,2.52,0.69,11.62,2,0,0,31.7,32.3,3,28.2,0.9626
3503.9,74.2,24.1,59.9,62.7,41.3,113.7,0.694,5.76,2.44,13.82,4,0,0,74.2,74.5,1,25.5,0.7791
4819.1,110.4,57.4,84.6,81.3,50.3,112.8,0.856,5.08,4.36,13.8,4,0,0,110.4,112.1,1,62.1,0.934
1073.5,0.0,2.2,38.5,36.3,38.3,84.0,0.218,1.1,1.64,14.04,0,0,1,0.0,0.0,0,1144.9,0.0624
3015.4,22.6,14.9,48.9,84.8,31.2,93.7,0.173,18.29,15.32,13.85,1,0,0,22.6,22.6,2,88.6,0.7765
3484.0,92.3,33.2,60.7,58.9,29.5,89.5,0.211,0.95,1.01,9.46,5,0,0,92.3,93.3,3,29.5,0.9456
850.0,0.0,2.3,31.8,64.6,36.3,89.6,0.132,18.58,14.55,13.86,0,0,0,0.0,0.0,2,67.1,0.8236
1067.5,0.0,2.1,37.2,37.1,37.9,81.4,0.335,1.13,2.2,13.9,0,0,1,0.0,0.0,0,1259.7,0.0286
1045.7,0.0,2.0,35.8,35.7,46.8,123.4,0.685,9.17,3.96,13.68,0,0,0,0.0,0.0,1,49.8,0.9489
3367.3,91.7,31.5,67.3,66.1,31.1,93.2,0.838,3.38,1.16,13.94,5,0,0,91.7,91.6,0,771.4,0.0396
2465.7,18.5,20.3,47.2,45.1,26.0,85.4,0.287,0.57,0.89,14.17,1,0,0,18.5,18.3,0,768.0,0.0392
3511.9,94.0,21.5,56.6,60.6,34.1,89.3,0.227,2.77,0.15,14.4,5,0,0,94.0,93.3,0,1044.1,0.0731
2915.9,78.9,34.8,59.1,59.3,34.9,123.1,0.887,6.38,2.65,13.79,5,0,0,78.9,77.6,1,19.9,0.8206
1052.7,0.0,1.9,34.8,37.7,47.7,111.9,0.792,8.79,4.24,13.35,0,0,0,0.0,0.0,1,12.0,0.9418
2211.6,27.2,12.0,48.5,48.3,31.8,83.4,0.831,-0.95,1.83,14.15,2,0,0,27.2,27.4,0,771.2,0.0757
1022.1,0.0,1.9,34.8,34.0,35.3,85.4,0.795,1.12,1.75,13.95,0,0,0,0.0,0.0,0,1420.4,0.0161
4697.4,52.8,59.2,75.7,79.5,28.6,84.7,0.348,2.99,1.78,14.26,2,0,0,52.8,52.3,0,729.0,0.0651
1049.9,0.0,1.9,33.5,35.4,37.1,84.0,0.266,-0.03,1.85,13.9,0,0,0,0.0,0.0,0,1472.6,0.01
1636.3,20.4,14.4,57.7,53.6,35.8,91.5,0.804,3.32,0.35,14.29,2,0,0,20.4,20.0,0,993.5,0.0582
1042.9,0.0,1.9,32.5,31.4,31.9,84.7,0.802,1.99,0.9,14.15,0,0,0,0.0,0.0,0,746.7,0.0264
3717.7,94.3,26.1,61.0,79.2,37.9,91.1,0.171,17.13,13.84,14.07,5,0,0,94.3,95.1,2,103.2,0.7903
2356.7,28.1,17.6,49.7,50.6,38.2,86.0,0.856,4.34,1.06,13.97,2,0,0,28.1,28.6,0,1268.8,0.0265
4514.7,53.3,74.8,79.8,77.8,29.2,84.7,0.184,1.59,1.2,14.13,2,0,0,53.3,54.1,0,758.0,0.0126
3154.8,72.0,20.8,75.1,71.8,33.8,87.7,0.72,-0.03,1.53,14.31,4,0,0,72.0,72.6,0,742.8,0.0695
1004.0,0.0,2.4,35.1,33.8,30.5,85.2,0.551,2.69,0.2,10.59,0,0,0,0.0,0.0,3,36.5,0.8127
2736.1,29.9,9.8,51.1,50.8,41.9,121.5,0.9,11.05,4.51,13.85,2,0,0,29.9,30.1,1,66.2,0.8781
2821.6,30.6,14.9,48.5,47.2,44.4,117.9,0.675,7.63,1.86,13.91,2,0,0,30.6,31.1,1,55.4,0.914
2225.8,34.3,19.6,52.8,53.4,30.8,88.1,0.305,4.05,1.4,14.0,3,0,0,34.3,34.1,0,797.4,0.0586
2441.9,68.9,27.5,68.9,69.1,39.2,96.2,0.74,4.4,2.12,14.11,5,0,0,68.9,69.1,0,952.9,0.0692
3347.8,69.7,23.3,63.3,64.8,32.2,86.2,0.25,2.58,0.68,14.08,4,0,0,69.7,70.3,0,820.6,0.035
3623.3,97.5,27.2,56.6,57.5,40.5,118.8,0.852,4.51,4.53,13.87,5,0,0,97.5,99.3,1,27.8,0.7337
1022.3,0.0,1.9,34.3,30.9,34.5,89.6,0.529,1.75,0.8,11.49,0,0,0,0.0,0.0,3,32.5,0.9473
2782.6,21.6,11.3,48.3,50.2,38.8,118.6,0.782,3.88,4.0,13.75,1,0,0,21.6,21.6,1,62.0,0.8781
3662.4,55.9,11.5,46.7,77.3,28.6,97.0,0.184,21.61,13.25,13.93,3,0,0,55.9,55.4,2,68.5,0.7811
2659.4,42.3,14.7,49.7,50.7,40.1,119.5,0.782,7.77,4.92,14.0,3,0,0,42.3,42.4,1,19.4,0.7885
1081.7,0.0,2.3,33.1,31.4,30.2,90.2,0.714,0.46,1.79,14.1,0,0,1,0.0,0.0,0,1002.3,0.0588
3852.3,102.4,28.9,62.0,60.7,30.7,80.8,0.586,0.25,3.22,10.69,5,0,0,102.4,103.2,3,7.1,0.9159
2601.0,30.7,17.3,48.3,50.1,30.9,89.5,0.199,0.9,1.03,14.11,2,0,0,30.7,30.1,0,1197.9,0.0708
4120.2,45.9,73.9,77.0,77.2,26.9,81.2,0.239,1.35,1.56,14.26,2,0,0,45.9,45.9,0,995.5,0.0539
2242.0,16.8,7.0,45.0,45.6,33.0,91.1,0.258,0.82,1.5,14.28,1,0,0,16.8,16.8,0,1240.9,0.0266
2091.7,34.1,9.5,40.0,44.8,30.7,87.8,0.322,1.78,1.34,14.22,3,0,0,34.1,33.4,0,1269.0,0.0264
3308.6,41.9,8.5,53.0,53.5,34.0,82.4,0.256,-0.01,2.04,14.16,2,0,0,41.9,42.3,0,816.4,0.0263
1052.9,0.0,2.1,33.2,32.1,38.5,89.7,0.73,2.26,3.18,14.14,0,0,0,0.0,0.0,0,1424.9,0.0557
2514.1,21.9,20.5,43.7,47.9,34.3,80.0,0.776,3.08,3.26,13.96,1,0,0,21.9,21.4,0,995.8,0.0414
2441.0,39.3,8.8,50.3,52.6,38.0,82.6,0.262,-0.4,0.21,14.33,3,0,0,39.3,39.2,0,1299.1,0.0393
2020.6,17.9,11.7,52.8,51.1,37.0,87.4,0.256,1.4,1.05,14.24,1,0,0,17.9,18.1,0,1317.4,0.0333
2348.9,20.9,9.2,44.4,44.6,38.9,89.7,0.774,1.85,1.25,14.15,1,0,0,20.9,20.5,0,764.9,0.0404
3606.0,96.5,26.5,74.0,71.4,34.6,91.5,0.218,0.97,1.23,14.26,5,0,0,96.5,98.0,0,1127.3,0.0386
2953.6,48.6,14.4,46.8,45.5,32.2,78.4,0.769,2.0,1.23,14.16,3,0,0,48.6,49.2,0,854.3,0.0298
4659.8,55.6,75.0,76.3,79.3,43.9,124.8,0.664,9.07,3.48,13.77,2,0,0,55.6,56.6,1,12.7,0.8846
3408.6,71.4,34.4,68.7,68.0,35.6,117.6,0.822,9.92,3.51,13.81,4,0,0,71.4,71.7,1,69.4,0.9016
850.0,0.0,2.4,33.2,52.7,27.9,96.0,0.162,17.57,15.71,13.83,0,0,0,0.0,0.0,2,21.1,0.783
2567.0,32.1,12.5,58.4,54.5,41.1,113.3,0.844,7.91,3.16,13.85,2,0,0,32.1,32.0,1,59.8,0.7482
3484.6,89.0,25.4,57.3,60.2,34.1,82.0,0.828,0.49,1.16,14.32,5,0,0,89.0,87.9,0,1345.9,0.0719
2989.4,79.0,20.5,56.5,56.6,37.3,116.8,0.89,8.84,3.66,13.58,5,0,0,79.0,78.1,1,14.3,0.9099
3793.5,98.8,20.4,67.3,67.2,33.9,86.0,0.778,-0.09,2.32,14.17,5,0,0,98.8,97.1,0,926.1,0.0158
2913.4,34.6,15.1,50.8,48.7,30.9,78.8,0.182,0.87,3.78,14.33,2,0,0,34.6,35.3,0,1253.7,0.047
3088.3,52.3,8.4,44.7,70.0,37.2,97.0,0.184,21.38,14.69,13.65,3,0,0,52.3,52.0,2,87.8,0.7329
1064.4,0.0,1.8,35.3,34.1,31.7,89.7,0.75,-0.15,1.73,14.09,0,0,0,0.0,0.0,0,963.1,0.0664
1918.2,17.5,12.7,38.1,65.2,35.1,94.0,0.165,24.74,11.6,13.95,1,0,0,17.5,17.5,2,106.9,0.7003
2821.2,22.0,18.5,62.4,90.4,33.0,98.5,0.192,19.11,12.78,14.03,1,0,0,22.0,21.8,2,60.4,0.8725
3267.8,90.2,25.2,66.5,81.7,33.6,92.5,0.114,14.23,18.25,13.96,5,0,0,90.2,88.7,2,113.5,0.8403
1844.1,23.4,8.3,43.0,43.5,27.3,88.8,0.224,-1.21,-0.16,10.58,2,0,0,23.4,23.6,3,40.2,0.9791
1797.1,15.2,14.6,27.4,30.9,31.1,91.3,0.756,2.21,0.9,14.29,1,0,0,15.2,15.4,0,931.2,0.017
2389.5,27.4,18.5,43.8,42.8,33.6,85.7,0.267,3.7,2.22,14.32,2,0,0,27.4,27.6,0,1383.0,0.0377
2591.5,43.6,15.2,42.6,43.3,38.7,88.8,0.798,2.09,1.86,14.11,3,0,0,43.6,44.3,0,788.8,0.0262
3031.0,78.4,28.4,67.6,68.2,33.2,87.4,0.326,-1.86,0.9,14.02,5,0,0,78.4,79.0,0,1339.2,0.0107
2007.6,23.3,16.0,55.0,54.0,42.4,119.1,0.806,8.47,5.14,14.12,2,0,0,23.3,22.9,1,27.8,0.731
3378.7,75.6,33.3,62.6,61.1,39.9,115.7,0.798,11.37,4.02,14.04,4,0,0,75.6,77.0,1,40.8,0.7492
3601.5,94.2,22.3,66.1,62.5,37.5,116.7,0.89,9.51,4.64,13.81,5,0,0,94.2,95.4,1,37.5,0.8657
2421.9,28.0,7.2,53.2,53.9,35.7,87.7,0.186,1.83,1.17,14.39,2,0,0,28.0,27.7,0,890.0,0.0696
1062.9,0.0,2.4,30.6,29.7,36.9,85.1,0.792,-0.32,1.91,14.08,0,0,0,0.0,0.0,0,984.3,0.0414
2378.3,28.7,16.3,57.4,54.7,35.5,88.9,0.29,0.55,0.76,14.28,2,0,0,28.7,29.2,0,981.5,0.0478
3949.6,104.3,16.4,55.1,56.2,39.8,84.1,0.209,2.18,1.34,14.28,5,0,0,104.3,103.3,0,1069.8,0.0543
1947.3,21.0,16.5,51.5,76.1,30.0,88.2,0.131,25.54,16.1,13.85,2,0,0,21.0,21.1,2,48.9,0.7485
2036.8,16.2,11.8,52.2,53.5,31.4,91.5,0.201,2.88,1.54,14.34,1,0,0,16.2,16.0,0,1485.0,0.0467
3136.3,38.2,14.4,47.6,44.5,29.3,89.0,0.294,2.03,0.83,14.08,2,0,0,38.2,37.7,0,1312.9,0.0434
4221.8,112.8,26.8,63.9,61.9,36.7,95.0,0.686,2.48,1.65,14.19,5,0,0,112.8,113.3,0,942.2,0.0591
1039.6,0.0,2.3,36.8,38.1,39.3,119.1,0.733,7.22,5.0,14.38,0,0,0,0.0,0.0,1,54.7,0.8404
1058.6,0.0,1.8,35.5,36.7,42.2,114.1,0.738,10.48,5.4,13.75,0,0,0,0.0,0.0,1,22.6,0.8008
2351.5,18.9,12.9,44.9,45.7,27.6,85.3,0.314,0.82,2.32,13.85,1,0,0,18.9,19.3,0,935.8,0.0148
2635.6,31.0,12.3,46.4,44.7,35.8,90.2,0.212,2.27,1.0,14.2,2,0,0,31.0,31.0,0,746.0,0.0635
2352.8,19.3,14.5,38.5,44.3,37.3,91.2,0.264,-0.4,1.33,14.22,1,0,0,19.3,19.4,0,978.7,0.0485
2638.8,41.9,9.2,46.4,44.4,32.6,88.6,0.191,2.84,0.02,14.19,3,0,0,41.9,42.7,0,1092.7,0.0302
2605.5,19.3,10.1,61.5,59.6,38.2,119.3,0.827,6.18,2.68,13.81,1,0,0,19.3,19.4,1,66.7,0.7997
4698.4,58.9,45.5,82.3,77.4,48.0,125.9,0.734,9.48,4.49,13.51,2,0,0,58.9,59.1,1,29.4,0.7249
3253.7,71.1,29.8,67.0,66.0,37.9,83.6,0.77,3.4,1.57,14.27,4,0,0,71.1,71.8,0,1262.7,0.0652
1624.2,23.3,17.7,51.2,50.2,34.5,87.9,0.699,2.94,1.26,14.11,3,0,0,23.3,23.2,0,1030.9,0.0457
1049.4,0.0,2.4,32.2,34.8,28.0,89.6,0.52,0.29,1.12,10.74,0,0,0,0.0,0.0,3,26.8,0.8146
4271.0,54.0,52.1,75.6,76.8,34.7,88.4,0.319,1.03,1.16,13.96,2,0,0,54.0,53.3,0,975.2,0.0762
1059.1,0.0,1.9,41.9,36.0,36.2,126.2,0.743,9.02,3.03,14.03,0,0,0,0.0,0.0,1,68.5,0.8226
2540.4,43.4,18.0,40.5,38.7,28.0,90.7,0.709,0.33,2.05,13.97,3,0,0,43.4,43.9,0,1091.9,0.0583
1031.5,0.0,2.0,35.9,34.4,28.9,88.5,0.878,-0.32,1.01,14.02,0,0,1,0.0,0.0,0,923.9,0.0546
5024.4,107.6,64.0,80.2,85.8,35.5,80.9,0.218,0.7,1.68,13.96,4,0,0,107.6,108.1,0,1345.9,0.0238
1048.6,0.0,2.1,31.9,33.2,33.2,84.1,0.199,0.37,1.87,14.05,0,0,1,0.0,0.0,0,1189.8,0.0495
1031.5,0.0,1.9,38.0,37.3,38.4,86.2,0.618,1.85,1.55,10.74,0,0,0,0.0,0.0,3,41.0,0.8112
1071.5,0.0,2.3,37.5,37.3,30.8,86.6,0.191,2.18,1.03,13.9,0,0,1,0.0,0.0,0,934.9,0.0562
2425.5,28.8,10.8,36.5,37.9,29.8,85.0,0.345,2.84,2.12,14.29,2,0,0,28.8,28.9,0,850.5,0.0582
1055.4,0.0,1.9,34.8,35.9,38.5,85.6,0.819,-0.14,2.13,14.09,0,0,0,0.0,0.0,0,823.6,0.0646
2155.5,14.0,18.2,52.9,51.3,28.9,92.2,0.181,0.76,1.37,14.21,1,0,0,14.0,14.1,0,777.2,0.0445
3742.9,98.2,16.6,75.6,74.5,32.3,86.9,0.857,2.84,3.05,14.09,5,0,0,98.2,96.6,0,919.2,0.0301
2105.9,34.6,12.4,47.8,46.8,28.7,85.1,0.307,2.92,0.92,14.13,3,0,0,34.6,35.3,0,1186.2,0.0168
850.0,0.0,2.0,44.0,60.4,36.3,95.5,0.073,17.35,16.28,13.64,0,0,0,0.0,0.0,2,78.5,0.6678
1783.8,13.3,18.0,58.5,59.7,36.4,90.8,0.181,1.92,0.92,14.18,1,0,0,13.3,13.0,0,1409.2,0.0162
3865.0,104.0,32.6,64.8,65.2,32.7,86.2,0.804,3.26,1.14,14.27,5,0,0,104.0,103.0,0,1231.8,0.024
3841.4,101.1,33.2,59.2,59.9,31.6,92.7,0.303,0.39,-0.13,10.15,5,0,0,101.1,102.3,3,35.2,0.8965
2484.1,30.5,19.7,51.4,54.7,36.5,90.4,0.808,0.32,2.59,14.4,2,0,0,30.5,30.6,0,1312.8,0.0189
1051.7,0.0,2.0,33.0,33.1,36.7,87.9,0.332,4.88,2.08,10.5,0,0,1,0.0,0.0,3,17.7,0.981
1057.1,0.0,2.5,33.7,33.9,36.9,86.1,0.744,4.52,1.55,13.97,0,0,0,0.0,0.0,0,1317.4,0.0745
4096.2,82.9,52.1,82.0,98.0,28.8,96.1,0.072,11.47,15.24,13.7,4,0,0,82.9,84.5,2,92.7,0.816
2876.5,60.0,29.5,54.7,54.3,45.6,116.0,0.769,5.29,3.24,13.95,4,0,0,60.0,58.9,1,10.5,0.7739
1010.2,0.0,1.9,40.4,58.7,29.1,91.4,0.18,19.58,11.89,13.91,0,0,0,0.0,0.0,2,69.2,0.8477
1883.6,22.5,8.3,50.9,49.3,32.8,86.0,0.412,2.54,2.22,10.72,2,0,0,22.5,22.9,3,11.3,0.9373
3468.4,76.3,31.3,65.6,65.3,32.2,82.9,0.292,-0.04,0.6,14.08,4,0,0,76.3,75.4,0,1058.0,0.0334
4226.1,45.8,45.8,75.8,78.7,35.6,84.1,0.571,2.23,-1.3,10.56,2,0,0,45.8,46.2,3,15.9,0.8606
2549.2,20.9,20.0,40.8,45.1,34.8,80.2,0.774,0.3,1.38,14.16,1,0,0,20.9,20.8,0,1030.6,0.0186
2641.5,41.7,17.8,37.3,35.2,31.2,86.1,0.7,1.41,1.31,13.9,3,0,0,41.7,42.5,0,871.0,0.0288
3776.0,47.3,50.4,77.8,79.9,30.2,90.2,0.831,1.06,1.08,14.25,2,0,0,47.3,48.1,0,1125.1,0.0715
2273.1,40.3,13.8,59.1,56.2,40.1,88.0,0.858,1.56,-0.43,14.11,3,0,0,40.3,40.1,0,1279.3,0.0458
2600.7,19.4,16.9,47.3,47.5,35.8,88.1,0.839,-2.65,1.91,14.23,1,0,0,19.4,19.3,0,952.3,0.0209
2274.1,35.1,7.4,42.3,40.6,37.1,84.5,0.253,3.69,1.04,14.19,3,0,0,35.1,34.8,0,1266.5,0.018
2195.6,25.5,20.0,45.8,48.2,40.1,92.8,0.311,1.21,1.61,14.21,2,0,0,25.5,25.7,0,849.6,0.0614
2518.4,18.3,10.4,57.1,78.8,34.0,98.3,0.184,21.17,16.14,14.07,1,0,0,18.3,18.6,2,66.9,0.7619
2051.2,30.9,12.2,46.3,75.0,36.0,95.0,0.137,21.44,14.73,13.87,3,0,0,30.9,30.7,2,79.7,0.7467
2247.7,17.6,19.2,45.0,44.5,30.6,87.6,0.223,0.34,0.39,14.13,1,0,0,17.6,17.8,0,857.8,0.0169
4365.9,57.4,61.6,78.5,77.7,30.7,88.6,0.248,4.34,1.97,14.24,2,0,0,57.4,57.6,0,798.6,0.0569
4729.2,55.5,43.6,84.9,85.8,32.7,83.5,0.25,4.83,2.27,14.25,2,0,0,55.5,55.4,0,1034.3,0.0334
3280.5,68.3,14.6,58.6,56.0,29.1,85.3,0.327,-0.19,0.93,14.03,4,0,0,68.3,67.7,0,1290.9,0.0363
3361.6,67.6,19.2,64.3,62.4,30.6,92.1,0.849,2.29,1.27,14.0,4,0,0,67.6,66.9,0,1465.8,0.0479
3299.0,72.9,14.9,67.7,68.4,30.3,88.9,0.197,2.16,2.83,14.24,4,0,0,72.9,72.0,0,1082.5,0.0508
2829.8,33.7,12.6,43.2,40.3,36.8,87.6,0.336,4.17,0.84,14.09,2,0,0,33.7,34.2,0,1060.6,0.0784
1621.4,13.6,16.8,51.3,50.3,30.6,83.6,0.611,-0.5,0.84,11.07,1,0,0,13.6,13.5,3,10.1,0.9733
3100.5,23.2,15.2,50.4,48.6,30.1,92.9,0.795,3.36,0.78,14.25,1,0,0,23.2,23.5,0,954.9,0.0577
2498.2,18.1,19.1,54.6,53.4,29.4,94.5,0.783,1.28,1.43,14.26,1,0,0,18.1,18.4,0,832.3,0.0422
1733.3,15.2,20.5,41.3,42.2,30.9,90.0,0.297,1.78,0.21,14.16,1,0,0,15.2,15.3,0,739.8,0.0789
1060.7,0.0,2.1,45.0,42.4,33.7,82.0,0.794,5.92,1.1,14.03,0,0,0,0.0,0.0,0,1206.1,0.0497
2136.1,18.5,17.9,53.5,51.4,32.3,89.5,0.816,0.45,1.03,14.12,1,0,0,18.5,18.4,0,1487.3,0.0482
1077.5,0.0,2.4,32.9,35.1,45.6,120.6,0.653,9.27,5.84,13.91,0,0,0,0.0,0.0,1,43.2,0.9319
2813.3,37.3,14.3,48.6,47.8,35.9,89.4,0.282,2.2,0.69,14.03,2,0,0,37.3,37.9,0,1032.8,0.0601
4828.2,54.0,57.4,84.1,84.1,31.9,90.1,0.842,4.5,1.55,14.34,2,0,0,54.0,53.5,0,1327.7,0.022
2882.0,36.6,6.9,51.7,54.5,28.7,85.9,0.362,1.84,0.88,11.38,2,0,0,36.6,36.6,3,17.9,0.9053
3148.4,87.4,30.5,66.3,85.0,29.4,95.2,0.098,21.13,11.76,13.88,5,0,0,87.4,87.0,2,85.1,0.8753
3212.1,64.2,31.4,69.2,67.8,33.9,117.1,0.687,8.33,3.93,14.0,4,0,0,64.2,64.7,1,59.7,0.8442
1028.3,0.0,2.4,30.9,33.4,35.6,85.7,0.717,1.78,2.98,14.01,0,0,0,0.0,0.0,0,1106.9,0.0593
2684.4,30.1,11.3,39.7,42.2,43.0,113.5,0.789,8.95,4.4,13.99,2,0,0,30.1,29.8,1,26.8,0.8773
3316.3,88.5,23.9,69.2,65.0,34.1,83.1,0.262,3.44,1.37,14.11,5,0,0,88.5,89.4,0,874.3,0.0643
1041.0,0.0,2.4,36.5,36.2,32.6,81.4,0.321,1.31,1.24,14.11,0,0,0,0.0,0.0,0,702.4,0.0234
3329.7,75.1,15.9,67.5,69.7,32.4,93.4,0.81,3.02,2.39,14.26,4,0,0,75.1,76.5,0,906.2,0.072
1059.9,0.0,2.4,38.0,38.1,39.6,86.5,0.803,1.84,2.88,14.11,0,0,0,0.0,0.0,0,855.5,0.0434
2541.1,40.1,10.7,44.2,42.3,29.0,86.4,0.864,1.31,2.63,14.1,3,0,0,40.1,39.8,0,919.2,0.0229
2859.3,25.3,12.8,44.7,45.7,28.1,85.0,0.249,2.79,1.01,14.25,1,0,0,25.3,25.2,0,1318.2,0.0634
2281.1,38.0,20.6,37.8,38.4,28.0,93.0,0.665,1.81,0.23,9.58,3,0,0,38.0,37.2,3,12.5,0.9525
4002.7,82.5,18.1,73.9,74.6,36.9,84.0,0.66,2.58,-0.1,10.41,4,0,0,82.5,83.3,3,28.6,0.8862
2663.6,33.6,10.5,50.1,53.1,37.0,118.5,0.852,6.1,6.23,13.65,2,0,0,33.6,33.4,1,54.0,0.8555
2680.5,22.1,13.1,58.1,58.2,38.6,89.3,0.258,1.56,0.4,14.05,1,0,0,22.1,22.3,0,1320.8,0.0372
2262.8,27.5,19.5,36.7,59.6,36.4,92.5,0.111,20.07,12.87,13.99,2,0,0,27.5,27.3,2,112.8,0.7019
1021.9,0.0,2.1,32.7,31.6,28.5,86.9,0.816,3.12,1.43,13.98,0,0,0,0.0,0.0,0,846.6,0.0224
1993.0,32.9,21.7,42.9,60.9,34.2,91.7,0.075,16.58,12.39,14.05,3,0,0,32.9,33.5,2,90.4,0.7331
4027.2,84.9,22.0,51.8,50.6,34.2,88.7,0.756,3.17,1.45,13.99,4,0,0,84.9,84.0,0,1290.1,0.0129
850.0,0.0,2.4,32.8,63.9,35.4,92.3,0.076,20.87,13.83,14.17,0,0,0,0.0,0.0,2,70.0,0.8456
2144.7,34.1,14.5,44.9,44.4,30.1,82.3,0.234,0.0,0.8,13.92,3,0,0,34.1,33.8,0,1000.3,0.0348
1062.8,0.0,1.9,31.3,53.6,29.8,91.1,0.184,21.63,11.49,13.72,0,0,0,0.0,0.0,2,104.5,0.7555
3439.1,73.5,33.7,57.7,58.1,35.0,88.4,0.483,2.64,0.28,10.27,4,0,0,73.5,73.8,3,12.1,0.872
2473.6,31.0,18.5,41.8,40.1,28.9,87.8,0.695,-0.22,0.89,14.11,2,0,0,31.0,30.9,0,1316.6,0.0123
2244.2,29.2,12.3,39.4,40.5,31.7,91.0,0.803,1.17,1.73,14.12,2,0,0,29.2,29.7,0,1004.2,0.0423
2590.7,18.6,10.6,47.5,48.3,34.5,86.1,0.23,4.11,2.39,10.84,1,0,0,18.6,18.2,3,20.3,0.9868
1029.1,0.0,2.3,32.7,33.0,34.9,86.6,0.216,0.19,0.37,14.02,0,0,0,0.0,0.0,0,1445.2,0.0191
1094.7,0.0,2.3,28.5,49.3,35.5,95.2,0.115,19.69,12.86,13.6,0,0,0,0.0,0.0,2,70.2,0.7779
2749.9,46.4,18.4,46.6,49.8,36.8,90.6,0.325,2.03,-0.29,14.06,3,0,0,46.4,46.2,0,1276.5,0.048
2326.1,20.6,20.8,47.8,46.9,29.8,88.9,0.328,1.41,2.88,14.25,1,0,0,20.6,20.5,0,1055.4,0.0768
1056.0,0.0,2.5,36.6,36.8,29.4,83.1,0.855,1.39,1.71,14.04,0,0,0,0.0,0.0,0,1276.2,0.0502
3076.9,81.1,29.6,60.5,58.8,34.1,85.6,0.193,0.2,1.53,14.19,5,0,0,81.1,81.9,0,1075.0,0.0176
3356.4,72.3,52.5,83.2,98.0,31.3,94.6,0.195,15.36,11.46,13.85,4,0,0,72.3,71.7,2,98.5,0.6517
1840.3,19.9,8.7,46.6,44.5,29.1,82.2,0.757,3.49,2.01,14.1,2,0,0,19.9,20.0,0,1475.8,0.0282
5016.5,105.0,45.5,98.7,96.7,34.2,93.1,0.29,2.42,1.51,14.2,4,0,0,105.0,103.4,0,1269.2,0.0685
3494.4,91.2,29.7,69.4,71.1,36.2,88.7,0.187,0.4,1.6,14.36,5,0,0,91.2,89.9,0,905.1,0.0718
2337.0,20.2,17.6,47.7,44.7,32.7,83.2,0.34,3.77,2.49,14.32,1,0,0,20.2,20.2,0,1073.2,0.0249
1368.6,0.0,2.4,35.0,57.5,35.6,94.9,0.06,9.0,17.2,14.12,0,0,1,0.0,0.0,2,67.3,0.8958
1050.4,0.0,2.2,29.2,32.0,27.7,90.2,0.315,2.51,0.76,10.83,0,0,0,0.0,0.0,3,35.5,0.9476
3081.4,66.6,31.1,56.5,57.9,28.7,86.4,0.711,-0.92,1.03,14.23,4,0,0,66.6,66.3,0,967.4,0.0156
3677.1,57.4,83.4,85.5,98.0,30.1,90.5,0.157,24.99,17.63,13.98,3,0,0,57.4,57.4,2,62.7,0.7262
4602.1,58.5,79.8,80.4,98.0,37.0,99.8,0.175,15.11,13.3,13.92,2,0,0,58.5,59.4,2,74.4,0.8571
1973.2,22.6,14.4,39.1,39.4,34.8,87.2,0.863,-0.94,0.21,13.9,2,0,0,22.6,23.0,0,957.9,0.0165
3298.2,87.6,17.1,61.6,61.3,31.4,89.2,0.246,0.74,1.18,10.3,5,0,0,87.6,88.4,3,31.2,0.8564
1064.3,0.0,1.9,37.7,37.1,28.2,89.9,0.235,0.76,1.29,14.01,0,0,1,0.0,0.0,0,1225.8,0.0104
2871.2,20.8,9.5,48.1,49.8,28.8,89.0,0.302,-0.36,0.77,14.25,1,0,0,20.8,20.7,0,940.6,0.0376
1989.2,16.2,12.0,52.4,69.3,29.6,90.5,0.127,21.82,17.09,13.95,1,0,0,16.2,16.1,2,91.1,0.6629
1852.5,21.5,16.4,45.2,44.0,33.2,85.2,0.343,0.67,2.0,14.19,2,0,0,21.5,21.9,0,902.9,0.036
2260.7,25.7,9.4,53.8,84.1,40.2,101.4,0.102,26.37,11.96,13.67,2,0,0,25.7,26.2,2,70.4,0.8004
2782.7,43.0,9.0,46.8,76.0,30.4,96.1,0.065,16.31,16.18,13.78,3,0,0,43.0,42.2,2,52.4,0.8323
2033.6,18.2,9.6,51.0,47.4,34.5,90.8,0.764,3.2,1.37,14.23,1,0,0,18.2,17.9,0,1394.2,0.078
869.5,0.0,2.1,29.7,61.8,40.5,88.6,0.134,21.06,11.56,14.01,0,0,0,0.0,0.0,2,24.8,0.8831
2847.9,44.9,6.6,40.5,39.0,29.1,84.9,0.87,0.8,2.49,14.07,3,0,0,44.9,44.7,0,1365.8,0.0373
1020.2,0.0,2.0,34.6,33.3,28.4,87.1,0.31,1.63,0.93,14.1,0,0,0,0.0,0.0,0,1061.7,0.076
1044.6,0.0,2.2,32.5,31.5,43.1,120.9,0.865,7.17,3.73,13.28,0,0,0,0.0,0.0,1,27.6,0.7324
1960.4,31.2,15.2,49.6,51.5,35.0,84.3,0.315,-2.07,1.01,10.8,3,0,0,31.2,30.7,3,30.0,0.8369
4865.5,57.1,74.1,83.3,83.4,28.4,83.6,0.822,0.07,2.71,14.2,2,0,0,57.1,56.0,0,744.3,0.0332
3672.0,98.0,19.0,70.9,71.2,36.7,86.7,0.87,1.26,1.38,14.1,5,0,0,98.0,99.6,0,1483.4,0.0414
3843.4,81.2,21.7,67.1,66.2,46.2,120.7,0.841,3.9,3.97,13.9,4,0,0,81.2,81.9,1,48.2,0.8902
1081.7,0.0,2.5,35.0,35.9,43.0,118.7,0.662,7.06,4.55,13.95,0,0,0,0.0,0.0,1,26.0,0.8333
3246.1,68.2,33.9,54.0,56.2,33.4,125.3,0.693,9.54,3.31,14.01,4,0,0,68.2,68.7,1,28.8,0.872
4040.5,65.2,76.7,90.9,92.7,35.0,92.7,0.871,1.82,0.93,13.92,3,0,0,65.2,66.0,0,1299.8,0.0586
3927.1,65.0,65.9,82.4,84.5,38.6,87.3,0.327,1.58,1.19,13.97,3,0,0,65.0,64.3,0,1189.2,0.0723
2497.0,40.0,13.4,43.1,41.7,31.3,92.2,0.85,0.31,0.71,14.29,3,0,0,40.0,40.1,0,929.2,0.0103
2781.2,23.1,16.3,44.9,74.3,33.8,92.2,0.156,15.85,12.22,14.29,1,0,0,23.1,23.1,2,112.3,0.6895
1044.0,0.0,2.2,30.0,30.2,30.0,86.8,0.335,0.14,2.49,14.16,0,0,0,0.0,0.0,0,1203.4,0.0277
1721.9,28.7,11.3,68.3,64.7,34.0,85.7,0.827,2.88,1.99,14.21,3,0,0,28.7,29.0,0,1141.3,0.0114
1054.2,0.0,2.0,37.5,37.6,39.7,90.0,0.274,3.93,1.78,10.71,0,0,1,0.0,0.0,3,16.2,0.9618
2271.3,39.6,19.2,37.8,39.1,27.1,88.1,0.292,2.04,1.48,14.23,3,0,0,39.6,39.3,0,1259.3,0.0163
1014.2,0.0,1.8,33.6,35.3,31.9,87.3,0.581,-1.85,1.79,10.67,0,0,0,0.0,0.0,3,9.6,0.8513
1557.7,25.1,10.0,46.8,48.7,34.4,108.5,0.866,11.7,4.27,13.96,3,0,0,25.1,25.1,1,67.8,0.912
2261.8,41.6,18.1,47.0,72.6,27.0,91.1,0.188,18.05,13.65,13.85,3,0,0,41.6,40.8,2,22.4,0.7067
2550.7,45.0,10.9,55.5,55.3,31.3,87.6,0.333,0.66,3.37,14.29,3,0,0,45.0,44.2,0,751.2,0.0702
4001.7,101.7,16.0,58.9,59.4,36.1,89.3,0.818,4.82,1.46,14.22,5,0,0,101.7,101.2,0,1219.7,0.0408
1018.6,0.0,1.8,35.4,38.0,37.6,121.1,0.836,5.97,-0.0,14.09,0,0,0,0.0,0.0,1,40.3,0.7277
2716.1,32.3,21.6,38.3,60.6,35.6,95.2,0.089,19.18,12.63,14.1,2,0,0,32.3,32.9,2,60.2,0.8777
4183.4,49.0,51.7,83.1,80.3,42.6,131.4,0.719,5.59,3.03,13.95,2,0,0,49.0,49.6,1,54.5,0.7633
1063.4,0.0,2.2,30.1,35.9,37.0,88.6,0.257,1.67,1.2,14.04,0,0,0,0.0,0.0,0,776.0,0.0765
1148.3,0.0,2.2,31.7,61.2,38.3,98.9,0.181,15.67,15.28,13.67,0,0,0,0.0,0.0,2,35.1,0.786
2390.9,45.0,17.3,44.1,77.6,38.6,94.4,0.105,22.15,11.71,14.05,3,0,0,45.0,44.3,2,72.8,0.8588
998.6,0.0,2.1,39.4,39.7,37.2,124.8,0.655,13.06,5.31,13.72,0,0,0,0.0,0.0,1,24.6,0.7773
3576.4,76.2,21.3,75.9,98.0,29.4,93.4,0.066,15.35,14.75,13.78,4,0,0,76.2,77.4,2,65.3,0.7257
2052.0,25.6,20.2,38.2,66.0,27.8,95.1,0.08,20.85,17.38,13.6,2,0,0,25.6,25.8,2,117.5,0.778
1100.0,0.0,2.3,40.0,39.3,40.1,120.9,0.821,8.84,4.33,14.11,0,0,0,0.0,0.0,1,19.5,0.8643
2199.1,18.7,12.3,53.7,51.9,25.6,90.5,0.736,0.63,2.19,14.43,1,0,0,18.7,18.7,0,1034.5,0.0458
2639.9,31.2,8.5,45.3,46.8,31.6,88.8,0.248,2.64,0.22,14.31,2,0,0,31.2,31.3,0,1157.7,0.0238
1048.4,0.0,2.3,36.8,33.8,31.3,86.5,0.854,2.74,-0.26,13.99,0,0,0,0.0,0.0,0,899.9,0.0755
2743.5,72.0,16.1,65.1,65.3,36.4,81.6,0.28,1.79,1.45,14.25,5,0,0,72.0,72.6,0,1137.4,0.0752
3927.9,46.9,62.3,82.2,84.6,27.8,87.9,0.186,1.36,2.56,14.32,2,0,0,46.9,46.1,0,1411.6,0.0278
2800.6,19.0,8.1,46.6,45.1,34.2,86.9,0.723,3.84,2.49,14.43,1,0,0,19.0,19.4,0,1074.0,0.0475
3529.2,92.2,20.4,70.0,70.8,29.0,88.7,0.323,2.34,0.52,13.92,5,0,0,92.2,93.4,0,1297.3,0.0279
1016.7,0.0,2.1,33.7,34.8,31.3,84.5,0.298,-1.47,-0.44,14.25,0,0,1,0.0,0.0,0,760.6,0.0139
2486.7,32.8,12.2,40.8,70.3,37.9,95.0,0.146,21.29,11.23,13.88,2,0,0,32.8,32.2,2,92.7,0.711
5020.3,84.8,60.8,70.7,69.0,38.3,87.3,0.215,3.67,0.75,10.78,3,0,0,84.8,85.0,3,30.6,0.82
4408.6,94.9,33.0,63.1,61.5,35.1,88.9,0.815,2.48,1.94,14.05,4,0,0,94.9,95.4,0,852.5,0.0116
3476.6,91.8,25.1,63.0,64.6,39.3,85.6,0.449,1.15,1.38,10.06,5,0,0,91.8,91.3,3,18.1,0.9326
2745.6,43.0,10.0,52.7,54.7,36.7,93.1,0.839,-0.43,1.93,13.96,3,0,0,43.0,42.5,0,1299.7,0.0705
2590.1,31.3,20.6,46.2,45.8,28.5,91.1,0.201,3.47,1.78,14.19,2,0,0,31.3,31.1,0,1015.5,0.0147
3187.6,71.0,28.6,63.3,64.8,35.5,84.2,0.339,2.4,1.16,14.24,4,0,0,71.0,71.4,0,1468.2,0.0598
1034.4,0.0,2.4,36.7,34.5,37.8,85.3,0.735,0.37,1.13,14.07,0,0,1,0.0,0.0,0,1291.7,0.0228
5474.8,82.4,79.0,93.4,98.0,36.1,100.9,0.1,13.93,13.14,13.82,3,0,0,82.4,83.5,2,67.6,0.8407
3190.3,36.8,21.5,39.4,38.5,41.4,114.3,0.843,8.95,4.25,13.47,2,0,0,36.8,37.4,1,34.4,0.8059
2887.9,74.0,32.5,64.0,64.9,29.6,81.2,0.754,0.12,0.72,14.26,5,0,0,74.0,73.8,0,747.9,0.0723
1058.5,0.0,2.2,37.6,35.9,38.4,90.1,0.215,3.22,2.29,14.04,0,0,0,0.0,0.0,0,1208.7,0.0241
1938.2,26.3,9.4,46.1,45.4,30.8,84.2,0.852,1.42,1.65,14.11,2,0,0,26.3,26.5,0,748.0,0.0617
2359.2,28.0,10.2,53.0,52.0,38.2,88.7,0.287,3.04,0.55,14.17,2,0,0,28.0,28.0,0,834.1,0.0317
1059.4,0.0,2.3,32.0,35.5,36.7,85.5,0.693,4.4,2.2,14.19,0,0,0,0.0,0.0,0,1343.1,0.0307
2342.5,36.6,11.2,46.1,47.1,28.9,93.8,0.756,0.96,1.22,14.18,3,0,0,36.6,35.9,0,1419.1,0.0306
3413.3,89.8,28.2,67.3,90.1,35.2,96.5,0.121,20.02,14.04,13.97,5,0,0,89.8,88.5,2,25.6,0.7553
2581.3,44.4,6.2,58.9,58.5,30.5,85.9,0.488,-1.84,0.67,9.95,3,0,0,44.4,43.8,3,13.8,0.887
2538.6,19.7,13.3,53.0,53.8,36.2,84.8,0.248,2.74,1.45,13.97,1,0,0,19.7,19.4,0,937.8,0.0174
1027.8,0.0,2.2,31.2,28.5,32.6,86.6,0.515,2.47,0.73,10.24,0,0,0,0.0,0.0,3,43.8,0.8517
3050.0,50.2,6.2,44.1,44.2,36.5,96.8,0.816,4.97,2.26,14.15,3,0,0,50.2,50.4,0,874.2,0.0701
1062.6,0.0,1.9,30.7,31.0,26.5,90.4,0.735,2.39,1.87,14.03,0,0,0,0.0,0.0,0,1178.7,0.0495
1025.2,0.0,2.1,40.0,39.3,27.8,80.7,0.732,6.1,1.18,14.03,0,0,0,0.0,0.0,0,1023.2,0.0544
2970.2,36.5,20.2,39.2,41.0,38.0,118.0,0.803,3.64,5.64,13.68,2,0,0,36.5,36.6,1,42.4,0.7507
1943.7,31.6,13.5,56.8,53.5,34.7,85.5,0.202,3.12,1.06,10.79,3,0,0,31.6,32.2,3,31.6,0.8524
3300.9,52.4,13.7,52.5,52.8,39.8,118.3,0.758,4.99,3.72,13.92,3,0,0,52.4,52.3,1,73.1,0.8227
2474.7,18.4,15.9,49.6,53.5,30.1,90.5,0.81,2.43,1.9,14.29,1,0,0,18.4,18.2,0,955.8,0.0405
1050.6,0.0,2.2,35.3,33.0,36.3,111.1,0.738,4.49,3.95,13.83,0,0,0,0.0,0.0,1,47.6,0.734
2569.8,31.3,8.9,44.3,44.1,32.4,83.0,0.865,1.59,1.52,14.3,2,0,0,31.3,31.1,0,1462.8,0.0455
2273.4,39.4,10.4,44.3,64.2,32.0,89.3,0.077,12.13,14.05,13.98,3,0,0,39.4,40.1,2,114.1,0.8601
2592.3,31.3,8.4,53.3,51.8,26.1,83.6,0.762,-0.49,2.01,13.86,2,0,0,31.3,31.7,0,1474.8,0.0391
2824.5,34.1,18.9,48.0,48.4,32.5,90.9,0.224,1.23,1.89,14.05,2,0,0,34.1,34.0,0,1436.1,0.0622
2420.9,19.4,12.7,50.3,49.1,33.6,88.2,0.266,4.19,0.37,14.1,1,0,0,19.4,19.3,0,1153.5,0.0682
2383.8,37.5,18.6,43.5,41.3,41.0,110.7,0.72,7.59,3.03,14.31,3,0,0,37.5,38.1,1,10.2,0.8789
3029.4,50.7,15.0,43.6,45.2,37.6,92.3,0.702,4.34,-0.06,14.12,3,0,0,50.7,50.3,0,933.2,0.0784
2433.4,28.6,8.5,39.0,36.6,43.6,118.9,0.689,10.45,5.04,13.86,2,0,0,28.6,28.9,1,13.7,0.8462
4434.9,71.2,65.8,81.4,83.5,30.0,83.2,0.225,-0.11,0.91,14.18,3,0,0,71.2,71.7,0,1077.9,0.0171
1061.9,0.0,1.9,34.7,34.8,48.5,121.3,0.729,7.85,3.85,13.65,0,0,0,0.0,0.0,1,69.8,0.936
1748.3,37.1,6.9,37.8,63.9,35.9,93.7,0.112,21.75,13.42,13.65,3,0,0,37.1,36.8,2,119.8,0.6814
2545.2,17.5,20.7,52.9,74.4,27.2,91.7,0.155,19.37,15.32,13.97,1,0,0,17.5,17.3,2,67.9,0.7929
2073.5,34.5,11.6,48.4,49.2,34.1,87.2,0.2,1.86,2.06,14.26,3,0,0,34.5,34.8,0,1080.6,0.0318
3504.0,76.8,18.1,66.9,68.2,28.3,89.4,0.266,1.31,1.67,14.13,4,0,0,76.8,76.5,0,1495.9,0.0387
2042.3,33.6,6.8,47.7,47.3,29.6,81.5,0.205,2.29,1.14,13.87,3,0,0,33.6,33.6,0,1291.2,0.0708
2905.1,83.4,14.1,59.9,82.7,37.8,94.8,0.133,24.12,12.2,13.76,5,0,0,83.4,82.8,2,46.8,0.6829
1084.5,0.0,2.2,35.8,36.7,34.6,86.2,0.296,2.21,1.6,13.83,0,0,0,0.0,0.0,0,879.4,0.0295
1038.0,0.0,2.4,32.9,35.7,37.3,83.2,0.832,-0.24,2.47,14.05,0,0,0,0.0,0.0,0,1475.0,0.0586
4772.6,96.5,64.5,78.8,75.6,31.1,86.9,0.817,2.75,1.66,14.09,4,0,0,96.5,96.0,0,827.1,0.0797
1007.3,0.0,2.2,32.3,36.2,33.1,88.9,0.818,0.85,1.41,14.08,0,0,0,0.0,0.0,0,725.9,0.0336
2571.5,29.6,10.1,38.9,40.8,42.8,122.5,0.661,5.15,3.94,13.91,2,0,0,29.6,29.8,1,65.6,0.8244
1066.7,0.0,1.9,40.8,39.1,38.6,86.2,0.732,2.35,2.79,14.05,0,0,1,0.0,0.0,0,1027.3,0.0571
3530.5,91.7,31.4,66.8,70.7,47.5,113.0,0.846,7.65,7.5,14.07,5,0,0,91.7,90.5,1,14.9,0.9063
1069.8,0.0,2.3,30.8,31.8,29.9,85.3,0.322,-0.9,0.48,14.09,0,0,0,0.0,0.0,0,750.2,0.0317
2417.4,42.1,7.1,37.6,39.4,35.0,82.4,0.873,0.96,1.27,14.17,3,0,0,42.1,42.1,0,836.1,0.0137
2600.3,68.5,28.7,70.3,72.6,39.9,85.7,0.786,1.62,2.26,14.08,5,0,0,68.5,68.8,0,796.1,0.0321
1828.0,16.8,21.9,43.2,43.4,34.5,86.4,0.313,0.75,0.73,14.13,1,0,0,16.8,16.7,0,1138.1,0.0102
4743.4,80.8,67.8,79.4,79.9,37.7,88.4,0.182,4.03,1.92,14.18,3,0,0,80.8,81.1,0,1217.8,0.0383
1053.6,0.0,2.0,29.0,30.1,52.2,124.4,0.889,6.39,3.1,14.01,0,0,1,0.0,0.0,1,73.9,0.8065
2364.2,28.5,8.5,50.3,52.6,37.3,86.1,0.325,2.24,2.12,14.11,2,0,0,28.5,27.9,0,706.7,0.0162
999.5,0.0,2.1,31.5,59.4,30.4,89.8,0.074,18.27,13.51,13.68,0,0,1,0.0,0.0,2,108.5,0.9095
2502.9,31.6,6.9,47.1,48.6,36.2,88.0,0.241,1.74,1.27,14.21,2,0,0,31.6,31.1,0,1247.3,0.0172
2274.1,27.0,10.5,56.5,57.1,31.2,87.2,0.279,2.7,1.33,14.19,2,0,0,27.0,26.8,0,1012.9,0.0488
2750.7,22.3,9.4,59.0,57.4,47.3,110.6,0.81,9.35,3.05,13.73,1,0,0,22.3,22.3,1,32.4,0.9439
2720.4,32.6,19.4,49.7,51.6,29.0,84.8,0.767,3.08,2.09,14.18,2,0,0,32.6,32.2,0,919.5,0.018
2799.3,33.9,14.1,41.5,42.2,33.5,81.4,0.291,2.12,1.68,14.12,2,0,0,33.9,33.6,0,1109.4,0.0351
3782.3,99.2,21.6,59.3,61.3,32.4,82.7,0.812,0.74,2.0,14.29,5,0,0,99.2,98.8,0,1074.3,0.0273
2971.0,36.6,14.3,44.0,43.9,27.6,86.0,0.273,2.81,2.01,14.02,2,0,0,36.6,36.0,0,1456.8,0.0759
2416.9,29.5,17.2,55.0,80.4,31.2,90.9,0.055,20.76,15.64,14.04,2,0,0,29.5,29.6,2,24.6,0.6873
2975.8,32.4,18.1,55.9,53.0,32.5,86.3,0.691,3.69,1.67,14.2,2,0,0,32.4,32.0,0,1206.0,0.0556
3069.7,50.0,15.4,53.4,80.2,33.7,91.0,0.144,16.1,9.65,14.17,3,0,0,50.0,50.7,2,103.3,0.7732
2471.0,19.1,18.9,51.2,74.2,29.3,99.3,0.185,15.92,12.74,13.97,1,0,0,19.1,19.4,2,102.2,0.847
3586.6,94.8,29.0,57.0,54.9,29.7,93.3,0.782,4.15,-1.07,14.05,5,0,0,94.8,93.6,0,1293.4,0.0303
3554.9,92.6,28.5,63.1,59.9,36.5,88.3,0.601,0.04,-0.12,10.54,5,0,0,92.6,92.3,3,36.5,0.8206
3806.1,45.0,48.7,80.2,81.6,38.5,87.6,0.871,3.17,1.67,14.08,2,0,0,45.0,45.0,0,904.3,0.0771
2033.8,24.3,7.7,42.1,43.9,30.2,86.1,0.322,3.21,1.91,10.5,2,0,0,24.3,24.2,3,27.0,0.9459
3819.2,60.7,60.1,73.4,71.4,30.8,82.9,0.758,0.58,1.92,14.16,3,0,0,60.7,60.7,0,861.2,0.0342
2138.7,36.5,12.1,47.6,47.2,39.4,118.0,0.785,1.09,2.19,14.04,3,0,0,36.5,36.0,1,27.8,0.8541
1042.0,0.0,2.0,33.6,32.9,34.0,84.3,0.701,5.39,2.77,14.11,0,0,0,0.0,0.0,0,1482.6,0.0759
3002.0,49.2,21.3,46.4,49.3,28.4,83.1,0.186,3.47,1.22,14.15,3,0,0,49.2,48.8,0,824.9,0.0519
2460.6,32.6,7.0,49.3,50.6,37.1,115.1,0.873,5.86,3.25,13.99,2,0,0,32.6,32.6,1,69.2,0.9427
3066.7,65.9,14.5,67.3,68.1,41.5,118.5,0.834,2.11,4.55,14.22,4,0,0,65.9,64.7,1,30.9,0.8331
992.0,0.0,2.4,35.5,34.3,28.0,83.9,0.691,2.86,1.13,14.18,0,0,0,0.0,0.0,0,728.6,0.0166
4402.9,91.8,69.7,94.5,92.8,25.7,94.5,0.197,2.36,-0.7,14.07,4,0,0,91.8,92.7,0,1492.4,0.0697
1047.3,0.0,2.1,31.9,31.4,44.5,109.8,0.758,9.98,3.15,13.77,0,0,0,0.0,0.0,1,26.7,0.758
3434.9,72.2,32.2,64.3,61.8,49.9,108.0,0.865,10.71,4.49,13.83,4,0,0,72.2,73.6,1,68.4,0.8628
2158.4,37.1,15.3,48.7,49.4,36.6,85.2,0.638,-0.14,0.18,10.02,3,0,0,37.1,37.2,3,13.9,0.835
4443.6,57.1,82.8,83.6,98.0,27.9,101.2,0.073,26.68,13.42,13.94,2,0,0,57.1,57.5,2,83.8,0.6758
2252.2,28.6,11.8,51.8,54.4,28.5,86.5,0.307,1.35,2.47,10.69,2,0,0,28.6,29.1,3,38.1,0.8181
2293.1,19.8,13.3,54.4,55.4,46.8,117.5,0.667,5.63,3.77,13.63,1,0,0,19.8,19.7,1,66.2,0.8359
2575.7,43.2,17.4,54.1,52.2,37.1,90.0,0.732,1.01,0.37,13.92,3,0,0,43.2,42.5,0,1074.6,0.0202
1157.6,21.6,18.4,42.4,46.4,36.0,91.2,0.19,3.38,2.41,14.06,3,0,0,21.6,21.9,0,933.5,0.0773
3177.2,81.1,32.2,57.7,78.0,35.7,96.6,0.15,23.73,14.86,13.65,5,0,0,81.1,79.6,2,53.9,0.725
3559.6,92.7,27.1,60.8,60.7,35.9,115.4,0.677,9.9,4.72,13.76,5,0,0,92.7,91.8,1,70.0,0.8096
2077.6,22.7,13.1,39.4,34.7,32.2,85.2,0.231,2.34,1.1,14.1,2,0,0,22.7,22.5,0,1265.0,0.0208
4150.0,69.1,78.8,83.7,82.5,33.9,84.3,0.845,2.73,0.51,14.38,3,0,0,69.1,69.1,0,1145.0,0.0699
1039.8,0.0,1.8,29.8,30.5,28.1,81.6,0.345,0.69,1.28,9.92,0,0,0,0.0,0.0,3,7.3,0.9297
4173.8,68.8,44.4,84.2,82.6,30.1,87.4,0.712,5.47,0.24,14.16,3,0,0,68.8,68.3,0,810.8,0.0414
3100.6,67.0,25.3,67.3,63.9,38.4,86.9,0.338,4.93,1.99,14.12,4,0,0,67.0,66.9,0,773.6,0.0273
1100.6,0.0,1.9,37.2,36.4,32.7,87.2,0.754,0.02,-0.58,14.06,0,0,0,0.0,0.0,0,1108.4,0.0471
3244.0,85.8,34.6,62.9,64.1,34.2,89.3,0.266,2.79,3.06,14.25,5,0,0,85.8,84.9,0,1444.8,0.0473
2199.1,30.3,20.6,54.9,52.7,32.7,88.7,0.733,4.37,2.62,14.09,2,0,0,30.3,30.1,0,988.9,0.0777
1973.6,21.7,18.5,58.2,57.0,33.3,84.8,0.29,1.65,1.19,14.35,2,0,0,21.7,21.8,0,824.7,0.0289
2546.1,42.5,15.3,52.9,50.1,33.8,89.9,0.252,1.01,1.84,14.2,3,0,0,42.5,42.5,0,850.8,0.0356
3424.1,88.0,22.3,63.5,91.9,28.7,92.1,0.174,21.02,12.52,14.03,5,0,0,88.0,87.9,2,46.8,0.7573
1033.7,0.0,2.4,30.5,31.7,30.1,88.0,0.323,-0.48,1.49,14.08,0,0,0,0.0,0.0,0,1410.0,0.0314
3063.2,78.6,31.0,65.8,92.1,30.0,94.5,0.177,19.27,14.31,14.05,5,0,0,78.6,79.2,2,91.1,0.7797
1012.7,0.0,1.8,37.0,64.7,38.8,86.8,0.13,20.91,13.23,13.63,0,0,0,0.0,0.0,2,117.0,0.871
1060.2,0.0,2.4,34.8,34.3,32.8,82.5,0.691,2.28,0.83,14.07,0,0,0,0.0,0.0,0,745.4,0.0207
2927.0,79.0,32.2,69.3,69.4,43.2,116.7,0.835,14.45,4.74,13.66,5,0,0,79.0,80.5,1,9.8,0.8235
2395.0,38.5,21.9,54.0,53.7,30.8,88.6,0.315,2.45,1.83,14.09,3,0,0,38.5,38.7,0,1334.8,0.0165
1021.1,0.0,2.2,36.6,68.4,37.0,90.6,0.069,17.34,12.36,13.79,0,0,0,0.0,0.0,2,91.9,0.8202
1333.4,12.4,15.1,53.2,49.5,33.1,90.6,0.27,1.76,1.06,14.01,1,0,0,12.4,12.4,0,1442.7,0.0557
1048.8,0.0,2.1,33.5,34.3,43.2,116.0,0.717,7.07,6.0,13.66,0,0,0,0.0,0.0,1,74.8,0.7501
1487.9,27.8,8.0,45.4,48.1,43.6,116.0,0.787,5.12,4.22,14.05,3,0,0,27.8,27.9,1,62.4,0.7356
2016.3,33.7,15.6,46.8,45.3,36.1,89.1,0.739,4.51,0.94,13.99,3,0,0,33.7,34.3,0,995.5,0.0518
1046.9,0.0,2.2,31.1,33.8,31.5,86.1,0.699,1.53,1.82,14.04,0,0,0,0.0,0.0,0,893.2,0.0673
4508.7,57.6,44.4,84.7,84.7,44.6,109.2,0.762,4.55,2.99,13.93,2,0,0,57.6,56.9,1,61.3,0.9529
2675.5,43.2,12.2,47.4,49.7,36.3,110.1,0.707,9.64,4.58,13.84,3,0,0,43.2,43.3,1,9.7,0.8873
1057.8,0.0,2.1,37.9,35.7,26.3,82.7,0.708,0.66,1.81,14.07,0,0,0,0.0,0.0,0,867.8,0.0738
2017.9,24.8,9.2,56.4,55.6,35.3,109.9,0.854,6.83,5.0,13.98,2,0,0,24.8,25.3,1,67.7,0.8616
1022.5,0.0,1.9,34.2,35.5,33.1,84.6,0.85,2.78,1.73,14.05,0,0,1,0.0,0.0,0,1013.4,0.0403
2295.6,38.0,12.5,47.5,45.8,34.3,113.1,0.876,9.07,2.23,13.96,3,0,0,38.0,38.7,1,48.2,0.8783
3271.2,69.2,20.6,68.0,67.6,27.7,89.7,0.324,4.57,1.58,14.14,4,0,0,69.2,69.3,0,1352.3,0.079
1461.4,0.0,2.1,34.2,65.3,31.9,87.9,0.094,14.13,16.33,13.58,0,0,0,0.0,0.0,2,93.8,0.6831
2580.8,31.5,21.8,56.5,56.4,28.5,89.3,0.859,0.02,1.92,14.3,2,0,0,31.5,31.5,0,1000.2,0.0535
991.8,0.0,2.4,31.7,32.4,32.4,88.3,0.788,3.95,2.42,14.24,0,0,0,0.0,0.0,0,1011.6,0.0658
2119.2,16.1,7.1,54.2,51.9,31.7,87.6,0.208,-1.36,-0.57,14.05,1,0,0,16.1,16.0,0,908.0,0.0286
1030.2,0.0,2.4,33.2,32.2,36.4,86.5,0.229,0.37,1.17,14.01,0,0,1,0.0,0.0,0,802.1,0.0295
4290.0,91.2,64.6,96.9,96.9,32.5,88.6,0.817,2.18,0.58,13.82,4,0,0,91.2,90.8,0,1397.3,0.0635
4154.0,87.8,74.2,78.6,76.5,37.4,82.6,0.761,0.58,0.13,13.88,4,0,0,87.8,87.9,0,1383.2,0.012
1081.0,0.0,2.2,34.1,59.7,37.5,95.8,0.062,24.95,18.53,14.02,0,0,0,0.0,0.0,2,108.8,0.9153
1051.5,0.0,1.8,33.0,33.4,37.0,85.9,0.698,0.42,1.33,13.91,0,0,0,0.0,0.0,0,1304.9,0.0796
3399.6,87.7,27.6,57.2,57.9,26.6,91.3,0.324,1.14,3.17,14.26,5,0,0,87.7,87.3,0,1272.4,0.0629
4567.8,59.4,81.0,84.0,85.7,36.1,90.7,0.819,0.58,1.01,14.46,2,0,0,59.4,58.7,0,745.4,0.0465
1051.3,0.0,2.2,35.8,35.2,30.0,86.2,0.263,2.29,1.42,13.93,0,0,0,0.0,0.0,0,864.4,0.0333
2667.9,56.0,14.9,68.0,67.6,30.1,93.3,0.705,0.0,0.12,14.12,4,0,0,56.0,55.7,0,1473.7,0.0674
1027.0,0.0,2.3,34.7,32.4,36.0,85.2,0.253,0.86,2.85,14.0,0,0,0,0.0,0.0,0,1116.7,0.0643
1052.8,0.0,2.5,34.7,37.0,34.5,86.0,0.219,0.3,1.59,14.13,0,0,0,0.0,0.0,0,1135.6,0.0321
1056.9,0.0,2.4,35.8,35.9,32.7,87.6,0.305,2.27,2.54,14.05,0,0,0,0.0,0.0,0,742.7,0.0376
3934.7,84.6,14.8,62.8,62.8,33.0,83.3,0.298,1.38,2.28,14.22,4,0,0,84.6,83.1,0,1138.3,0.0535
2394.8,38.1,18.9,42.3,43.3,33.1,88.1,0.764,0.51,2.62,14.27,3,0,0,38.1,37.8,0,1051.0,0.0266
2177.1,35.6,9.9,40.5,44.8,32.1,91.9,0.247,2.06,0.85,13.94,3,0,0,35.6,35.1,0,1291.1,0.0771
1046.4,0.0,2.4,33.5,33.1,29.3,91.2,0.867,0.8,1.55,14.13,0,0,0,0.0,0.0,0,873.1,0.0215
4367.9,51.5,58.7,96.2,95.1,37.7,86.6,0.583,3.08,0.76,11.17,2,0,0,51.5,50.6,3,4.5,0.9329
1080.9,0.0,2.3,32.4,32.7,30.9,89.5,0.718,2.85,2.18,13.89,0,0,0,0.0,0.0,0,1040.8,0.0106
2294.9,27.7,7.1,51.9,52.7,37.5,116.7,0.729,7.23,4.38,13.83,2,0,0,27.7,27.4,1,29.5,0.7519
2848.8,34.7,10.8,56.6,56.3,35.5,87.6,0.302,0.76,2.19,14.38,2,0,0,34.7,35.4,0,1224.5,0.0378
3594.3,65.4,32.5,63.2,93.9,40.2,91.7,0.073,15.83,13.09,13.65,4,0,0,65.4,65.7,2,61.8,0.7071
3918.1,102.6,29.9,61.8,89.2,39.7,95.4,0.054,17.87,15.09,13.96,5,0,0,102.6,102.0,2,100.0,0.803
1021.4,0.0,2.2,32.0,34.3,30.9,85.5,0.238,3.31,1.36,13.95,0,0,0,0.0,0.0,0,1096.5,0.065
3533.8,71.6,29.9,60.9,58.0,31.3,84.3,0.232,0.65,1.85,10.5,4,0,0,71.6,70.8,3,44.0,0.9611
3555.1,91.8,33.8,56.6,60.5,32.9,91.7,0.813,1.78,1.63,14.01,5,0,0,91.8,92.5,0,810.6,0.0228
4762.9,78.6,57.7,79.1,79.1,29.2,90.6,0.328,-0.99,1.85,14.22,3,0,0,78.6,77.7,0,745.0,0.0324
3412.2,86.3,16.3,59.7,79.6,32.2,97.6,0.176,21.08,13.02,13.94,5,0,0,86.3,88.0,2,45.9,0.7918
3743.1,55.9,53.9,78.4,98.0,35.9,95.5,0.052,26.21,11.56,14.25,3,0,0,55.9,56.7,2,59.2,0.7167
2727.1,46.3,15.0,37.3,36.5,30.8,89.1,0.769,1.5,2.07,14.19,3,0,0,46.3,47.1,0,837.4,0.0345
2295.1,28.6,13.4,47.0,46.3,35.1,88.1,0.687,-1.07,0.22,14.0,2,0,0,28.6,28.5,0,1348.1,0.0312
3183.1,85.9,14.4,54.1,54.0,38.0,82.5,0.273,2.25,1.36,14.13,5,0,0,85.9,86.7,0,1161.3,0.0474
1080.8,0.0,2.2,30.3,28.3,31.8,81.6,0.301,1.46,-0.36,13.86,0,0,0,0.0,0.0,0,1386.8,0.0421
3259.7,87.0,23.9,66.0,91.1,32.8,88.7,0.17,19.62,16.03,13.78,5,0,0,87.0,87.9,2,53.6,0.6843
3601.8,93.8,33.2,64.5,64.6,30.1,88.3,0.793,0.3,2.35,14.1,5,0,0,93.8,93.4,0,1126.2,0.0208
1027.8,0.0,2.4,34.1,34.8,36.7,81.2,0.312,-1.54,2.3,14.12,0,0,0,0.0,0.0,0,1359.8,0.0202
2318.6,20.1,21.6,45.3,44.0,35.6,84.0,0.302,1.02,2.83,14.06,1,0,0,20.1,20.0,0,870.2,0.029
1064.4,0.0,2.1,35.1,35.8,37.4,84.4,0.269,-0.67,1.55,14.0,0,0,0,0.0,0.0,0,1461.1,0.0401
2127.9,17.0,7.0,59.4,59.9,27.0,92.2,0.241,3.72,1.9,14.24,1,0,0,17.0,16.9,0,715.6,0.0619
2757.7,41.7,8.5,47.8,47.8,44.5,106.1,0.866,8.54,4.25,13.86,3,0,0,41.7,41.3,1,34.8,0.7776
3735.8,97.5,20.1,61.7,62.6,29.0,87.8,0.518,1.7,0.56,10.26,5,0,0,97.5,97.6,3,39.7,0.8602
2058.9,22.8,7.8,48.0,76.8,38.0,95.7,0.153,22.13,14.88,13.97,2,0,0,22.8,23.0,2,48.4,0.8329
1036.9,0.0,2.0,31.5,33.6,31.5,86.3,0.834,0.71,1.49,14.12,0,0,0,0.0,0.0,0,1098.4,0.0731
937.5,0.0,1.8,35.0,59.3,37.6,85.2,0.119,24.39,12.25,14.19,0,0,0,0.0,0.0,2,67.3,0.8739
1008.9,0.0,2.1,32.6,56.3,35.8,95.8,0.113,17.37,14.94,13.85,0,0,1,0.0,0.0,2,48.6,0.7932
3524.5,85.1,20.3,69.1,84.9,32.1,95.2,0.057,13.18,13.37,13.7,5,0,0,85.1,84.7,2,57.0,0.7203
2456.4,40.5,19.1,46.3,47.2,32.4,89.8,0.218,-0.94,1.19,14.08,3,0,0,40.5,40.3,0,1331.1,0.06
1084.5,0.0,2.4,31.0,31.5,39.5,86.1,0.193,-0.4,0.6,14.12,0,0,0,0.0,0.0,0,1134.2,0.0669
3535.2,93.6,24.0,67.5,68.5,35.3,86.6,0.723,1.51,1.14,14.19,5,0,0,93.6,93.8,0,971.0,0.0669
3327.9,90.1,30.7,57.1,57.4,29.4,91.8,0.247,1.27,0.58,14.12,5,0,0,90.1,90.5,0,1464.2,0.0216
2663.8,71.5,15.2,66.1,65.2,36.2,92.2,0.331,0.07,1.76,14.11,5,0,0,71.5,70.7,0,1245.9,0.028
1079.7,0.0,2.3,41.0,38.6,32.9,80.8,0.293,3.16,2.43,14.15,0,0,0,0.0,0.0,0,827.2,0.0537
2641.0,34.1,8.5,52.8,53.2,34.6,84.3,0.341,2.33,0.78,14.18,2,0,0,34.1,33.9,0,1370.0,0.0749
1055.5,0.0,2.3,36.9,34.6,36.4,111.6,0.716,9.38,6.62,13.84,0,0,0,0.0,0.0,1,68.0,0.8498
3494.7,89.4,27.4,65.1,64.6,37.1,87.4,0.85,0.12,1.9,14.21,5,0,0,89.4,88.7,0,1382.4,0.0567
1067.8,0.0,2.2,36.2,36.7,35.8,83.2,0.685,2.23,2.02,14.17,0,0,0,0.0,0.0,0,1426.0,0.0239
1011.4,0.0,2.4,33.4,34.1,35.1,87.0,0.563,3.08,1.99,10.44,0,0,0,0.0,0.0,3,8.4,0.8197
4132.4,50.3,56.8,84.4,81.9,33.6,92.5,0.356,1.98,0.6,9.92,2,0,0,50.3,49.9,3,7.5,0.8997
1159.9,0.0,1.9,34.1,54.5,29.2,90.6,0.067,19.39,15.43,14.07,0,0,1,0.0,0.0,2,110.1,0.8405
1638.0,24.4,8.9,43.6,44.1,35.0,85.3,0.514,3.09,2.38,10.28,3,0,0,24.4,24.5,3,30.0,0.9212
1036.3,0.0,2.2,39.0,38.6,34.9,85.9,0.871,5.02,2.85,14.07,0,0,0,0.0,0.0,0,1407.4,0.0198
2886.9,76.9,16.0,61.6,61.1,27.7,89.7,0.454,2.51,-0.87,10.29,5,0,0,76.9,77.8,3,30.6,0.8954
3081.5,79.4,28.0,61.2,61.2,28.2,86.4,0.302,1.66,1.58,14.08,5,0,0,79.4,80.8,0,851.5,0.0645
3293.8,69.4,31.8,68.1,65.7,34.8,91.8,0.69,2.13,1.22,14.14,4,0,0,69.4,70.4,0,894.9,0.0357
5229.6,82.9,74.7,87.6,87.3,30.7,86.0,0.74,2.51,0.51,14.14,3,0,0,82.9,84.2,0,1357.1,0.0669
1075.7,0.0,2.2,36.4,36.0,35.3,84.2,0.706,3.9,1.43,14.02,0,0,1,0.0,0.0,0,1369.3,0.0246
3293.6,87.1,15.7,64.4,63.7,32.4,80.0,0.817,4.15,1.78,13.95,5,0,0,87.1,88.3,0,891.4,0.0118
1996.8,14.0,13.4,48.1,49.5,42.6,117.3,0.808,11.98,4.48,14.26,1,0,0,14.0,14.0,1,35.7,0.8124
2108.2,25.1,16.4,53.2,78.7,38.3,97.7,0.089,16.9,13.75,14.05,2,0,0,25.1,25.4,2,104.2,0.8259
3540.4,73.9,32.5,67.9,66.0,33.0,91.0,0.192,0.83,0.16,14.14,4,0,0,73.9,74.1,0,1179.8,0.0329
1021.7,0.0,2.0,32.6,33.2,27.4,86.5,0.787,0.74,0.01,14.12,0,0,0,0.0,0.0,0,971.2,0.059
3621.0,95.5,25.4,59.9,92.0,29.5,97.5,0.067,16.33,14.66,14.0,5,0,0,95.5,95.7,2,86.3,0.6598
3089.2,78.5,14.2,61.6,59.5,39.6,120.0,0.785,6.62,5.67,13.83,5,0,0,78.5,78.1,1,37.0,0.8668
1060.2,0.0,2.2,27.7,32.1,29.2,87.3,0.294,-1.29,0.41,13.92,0,0,0,0.0,0.0,0,1389.3,0.0616
2688.9,24.2,21.5,48.4,46.8,47.6,114.6,0.661,7.61,3.93,13.74,1,0,0,24.2,24.5,1,38.5,0.7931
1966.1,14.0,7.8,49.3,48.2,33.7,90.4,0.334,0.52,1.42,14.25,1,0,0,14.0,14.0,0,726.1,0.0636
1034.9,0.0,2.3,35.1,35.9,33.5,86.4,0.25,3.01,2.03,14.03,0,0,0,0.0,0.0,0,1166.1,0.0316
1047.1,0.0,2.3,33.5,32.1,36.5,85.3,0.503,1.57,0.53,10.63,0,0,0,0.0,0.0,3,37.6,0.8409
2071.8,16.8,17.9,37.8,38.5,34.3,84.2,0.343,0.89,2.7,14.17,1,0,0,16.8,16.9,0,1304.7,0.0335
4666.0,57.1,40.4,81.6,82.9,33.3,90.6,0.279,1.08,-0.15,14.19,2,0,0,57.1,58.1,0,726.9,0.0463
1010.3,0.0,2.4,35.2,53.1,30.2,90.0,0.16,18.08,14.95,13.78,0,0,0,0.0,0.0,2,112.9,0.6701
4037.0,102.6,22.3,59.3,59.4,45.2,116.9,0.742,11.61,3.34,13.66,5,0,0,102.6,104.1,1,38.9,0.959
3932.5,86.3,18.8,64.6,65.2,37.1,84.4,0.728,1.62,1.81,14.15,4,0,0,86.3,86.9,0,1291.9,0.03
2174.1,16.5,12.5,41.6,43.2,30.6,88.5,0.191,1.75,1.13,14.12,1,0,0,16.5,16.6,0,793.1,0.0594
1040.0,0.0,2.4,33.0,31.9,36.8,85.4,0.744,1.6,2.44,14.03,0,0,0,0.0,0.0,0,1145.9,0.0172
2607.7,40.0,18.4,33.7,35.2,44.1,118.0,0.899,5.06,3.95,13.94,3,0,0,40.0,40.8,1,20.5,0.8776
3380.0,85.3,23.5,50.6,47.5,35.6,92.1,0.763,2.36,1.16,13.86,5,0,0,85.3,86.6,0,1001.6,0.0385
2176.3,24.9,13.5,40.4,40.7,36.8,88.9,0.81,2.24,1.39,14.27,2,0,0,24.9,24.5,0,1410.6,0.0244
1032.1,0.0,2.1,39.9,36.1,26.7,84.7,0.321,0.17,2.43,10.32,0,0,1,0.0,0.0,3,14.5,0.828
3254.2,87.2,29.7,69.0,65.2,37.5,89.7,0.235,4.44,0.69,14.24,5,0,0,87.2,88.0,0,1328.8,0.0307
1829.9,32.0,19.5,44.8,49.0,27.6,84.5,0.769,2.05,0.76,14.04,3,0,0,32.0,31.9,0,840.2,0.0751
2368.8,16.4,7.3,47.5,48.2,36.2,82.7,0.188,1.92,1.26,14.13,1,0,0,16.4,16.5,0,910.0,0.0576
3087.1,82.4,19.5,61.5,56.7,36.3,115.5,0.774,8.0,3.31,13.56,5,0,0,82.4,82.6,1,52.9,0.7661
1018.9,0.0,1.9,33.6,32.0,35.0,88.1,0.285,3.8,3.12,14.03,0,0,0,0.0,0.0,0,1267.9,0.0206
1083.4,0.0,2.4,38.3,37.5,33.6,82.2,0.701,3.05,1.55,14.04,0,0,0,0.0,0.0,0,1457.5,0.0365
1755.3,27.6,16.3,43.7,69.7,33.7,90.3,0.11,19.65,13.15,13.91,2,0,0,27.6,27.9,2,69.2,0.8881
2237.2,29.2,19.8,49.9,49.6,35.2,81.2,0.773,2.34,0.9,14.13,2,0,0,29.2,29.0,0,1269.2,0.0326
2148.4,27.3,14.3,45.4,47.8,32.4,84.4,0.852,0.94,0.95,14.23,2,0,0,27.3,27.8,0,839.7,0.0197
2367.0,40.7,17.1,53.8,54.5,30.6,88.2,0.817,-2.33,1.1,14.29,3,0,0,40.7,41.1,0,859.3,0.077
3881.8,98.1,23.6,60.0,60.8,36.3,93.6,0.313,3.27,1.68,14.01,5,0,0,98.1,99.8,0,1104.5,0.0496
3735.6,77.2,29.7,69.2,67.9,28.4,90.3,0.729,-1.62,2.44,14.25,4,0,0,77.2,76.3,0,1149.0,0.072
2247.8,36.7,18.2,47.7,46.3,34.4,93.2,0.322,2.91,0.49,14.33,3,0,0,36.7,37.3,0,1092.9,0.0193
2266.7,35.7,19.4,49.7,50.7,37.6,85.9,0.18,-1.6,1.51,14.21,3,0,0,35.7,35.7,0,1007.7,0.0663
3081.0,81.5,15.6,63.7,65.4,26.7,92.0,0.304,3.99,0.12,14.22,5,0,0,81.5,81.7,0,949.0,0.0259
1098.1,0.0,2.0,38.1,61.8,27.5,86.2,0.13,19.46,12.56,13.91,0,0,1,0.0,0.0,2,27.9,0.7417
1043.8,0.0,1.9,26.7,31.5,36.0,87.6,0.327,-2.23,1.3,11.19,0,0,1,0.0,0.0,3,37.5,0.8365
1094.9,0.0,2.3,29.8,56.4,30.3,93.9,0.193,17.17,14.58,13.84,0,0,0,0.0,0.0,2,72.5,0.8887
3756.9,74.3,34.1,60.1,83.1,34.1,97.1,0.185,17.96,12.3,13.73,4,0,0,74.3,73.8,2,31.2,0.7935
2364.4,27.5,12.3,47.7,51.1,29.5,90.3,0.305,1.92,2.0,13.78,2,0,0,27.5,27.6,0,980.7,0.0575
3309.6,87.9,26.3,55.4,57.4,32.5,86.6,0.499,3.73,0.03,10.04,5,0,0,87.9,88.9,3,23.2,0.8001
2844.8,44.8,8.5,58.4,55.8,27.5,91.6,0.276,3.8,0.54,14.19,3,0,0,44.8,43.9,0,1453.0,0.0346
2942.2,78.7,23.4,66.7,68.1,30.3,88.0,0.524,0.88,1.39,10.83,5,0,0,78.7,79.9,3,9.0,0.8534
2240.7,37.2,7.1,46.9,46.4,32.5,91.3,0.652,-3.16,2.14,9.83,3,0,0,37.2,36.8,3,37.8,0.9801
2050.3,25.7,15.0,47.5,46.9,41.0,118.9,0.828,6.09,4.03,13.75,2,0,0,25.7,25.7,1,21.2,0.7369
2651.1,42.0,11.2,42.7,42.6,29.4,88.3,0.505,2.04,0.94,10.83,3,0,0,42.0,41.7,3,29.2,0.8955
1019.4,0.0,1.9,29.6,31.6,28.1,85.8,0.224,0.57,1.44,13.98,0,0,0,0.0,0.0,0,1211.6,0.0568
1043.7,0.0,2.5,34.6,31.9,37.9,85.5,0.726,1.82,2.54,13.93,0,0,0,0.0,0.0,0,802.7,0.0473
2359.8,19.1,19.9,57.1,55.9,28.3,89.5,0.729,0.61,2.18,14.24,1,0,0,19.1,19.1,0,759.3,0.064
2420.8,27.2,15.5,50.1,47.6,38.0,87.8,0.287,1.1,0.03,14.2,2,0,0,27.2,27.2,0,1086.6,0.0357
2113.7,35.7,21.4,54.7,54.0,35.1,86.9,0.265,0.24,2.18,14.17,3,0,0,35.7,35.5,0,1265.1,0.0157
2493.9,19.2,11.2,40.7,39.8,50.0,110.4,0.718,7.8,4.64,14.02,1,0,0,19.2,19.4,1,73.7,0.7386
3124.6,37.7,10.8,39.0,42.0,27.6,89.0,0.35,1.07,1.49,10.38,2,0,0,37.7,37.5,3,19.3,0.8662
2238.0,30.2,14.1,56.8,55.3,32.6,81.1,0.695,0.01,1.75,14.01,2,0,0,30.2,29.6,0,1346.9,0.0721
1970.8,14.0,13.3,47.6,67.1,38.1,96.1,0.198,15.43,15.53,13.89,1,0,0,14.0,13.8,2,37.9,0.7439
2399.5,31.3,12.3,52.6,52.7,29.3,88.2,0.649,3.78,1.77,10.44,2,0,0,31.3,30.8,3,5.4,0.9409
3862.6,47.3,51.5,71.4,72.8,35.4,93.6,0.288,2.09,2.8,10.56,2,0,0,47.3,48.0,3,34.5,0.9011
2550.0,22.0,7.2,47.9,50.1,31.8,86.2,0.647,1.48,1.63,11.45,1,0,0,22.0,22.3,3,34.3,0.9111
4433.6,54.6,52.9,91.8,90.1,29.1,88.8,0.794,-0.27,0.98,14.31,2,0,0,54.6,55.3,0,973.0,0.065
3475.2,88.5,21.2,64.6,61.6,32.6,89.0,0.672,-0.15,3.29,9.99,5,0,0,88.5,88.0,3,10.0,0.9637
2940.1,51.4,6.3,50.9,80.7,31.9,94.4,0.169,17.53,9.93,14.16,3,0,0,51.4,51.2,2,54.9,0.8716
2059.9,26.1,13.2,42.4,41.4,32.0,85.0,0.262,3.47,-0.12,14.08,2,0,0,26.1,25.8,0,983.1,0.0104
2962.1,22.5,21.7,48.3,45.6,27.4,91.7,0.277,2.53,1.05,14.18,1,0,0,22.5,22.9,0,1241.3,0.0558
1064.1,0.0,1.9,32.4,33.7,38.6,111.3,0.657,8.44,4.42,14.12,0,0,0,0.0,0.0,1,64.8,0.8712
3912.5,107.0,25.5,70.6,70.9,32.0,85.5,0.336,-1.87,0.46,14.1,5,0,0,107.0,107.5,0,1331.4,0.011
3861.6,100.1,22.5,65.4,65.1,42.5,121.5,0.784,7.8,4.68,13.91,5,0,0,100.1,101.3,1,13.9,0.733
2326.0,27.8,21.2,52.2,50.1,33.2,119.0,0.783,8.25,4.57,13.72,2,0,0,27.8,28.1,1,43.3,0.8128
4616.9,97.8,67.4,71.4,74.8,36.6,93.4,0.872,0.39,2.5,14.01,4,0,0,97.8,96.5,0,974.0,0.0591
2223.4,37.2,17.4,45.6,44.7,38.2,86.8,0.866,1.15,0.85,14.33,3,0,0,37.2,37.4,0,1142.2,0.0128
2555.6,31.5,6.2,49.3,77.4,36.2,100.0,0.088,27.37,14.2,13.74,2,0,0,31.5,31.2,2,25.6,0.695
1048.8,0.0,2.3,32.9,34.2,33.2,89.7,0.181,-1.5,1.05,14.0,0,0,0,0.0,0.0,0,1418.4,0.0199
1877.6,25.0,12.3,50.4,51.8,32.5,89.2,0.683,2.33,1.42,14.11,2,0,0,25.0,25.0,0,1104.6,0.0777
3679.5,77.4,31.3,64.7,59.5,31.4,87.2,0.337,1.43,0.85,14.31,4,0,0,77.4,77.5,0,710.0,0.0765
1666.0,29.3,10.4,48.3,46.3,30.3,83.9,0.285,0.04,3.89,14.04,3,0,0,29.3,29.5,0,724.6,0.0424
2538.1,29.1,7.8,47.3,50.6,33.3,86.9,0.473,-0.86,0.46,9.89,2,0,0,29.1,29.7,3,12.9,0.9019
2197.7,35.5,14.1,45.9,48.8,37.0,93.0,0.811,1.65,0.05,14.26,3,0,0,35.5,34.9,0,1150.2,0.0775
2768.4,22.4,9.6,57.2,55.1,40.8,118.2,0.697,7.4,2.98,13.84,1,0,0,22.4,22.2,1,49.7,0.8254
1045.0,0.0,2.1,31.9,30.8,24.3,88.4,0.878,3.47,1.03,14.09,0,0,0,0.0,0.0,0,1061.1,0.0256
2706.7,56.0,16.5,66.1,65.6,35.8,88.1,0.256,2.65,0.44,14.11,4,0,0,56.0,56.3,0,1424.4,0.0103
4568.5,98.6,45.0,86.4,98.0,37.0,98.7,0.165,25.34,16.48,14.13,4,0,0,98.6,100.2,2,119.0,0.8602
1901.0,31.4,7.2,35.1,39.5,35.4,111.2,0.684,10.46,3.43,14.04,3,0,0,31.4,31.0,1,32.0,0.8353
1053.3,0.0,2.2,38.4,37.0,34.8,88.1,0.183,0.43,2.12,14.0,0,0,1,0.0,0.0,0,924.5,0.0315
2715.2,43.7,14.8,42.8,42.2,30.0,87.6,0.321,4.08,1.44,14.15,3,0,0,43.7,44.5,0,1050.5,0.0432
1060.9,0.0,2.1,35.8,33.1,33.9,85.5,0.787,1.32,2.49,14.07,0,0,0,0.0,0.0,0,1157.4,0.0714
2668.7,35.4,12.9,41.3,40.7,37.4,90.1,0.334,0.95,3.1,14.04,2,0,0,35.4,35.5,0,1120.6,0.0781
2206.1,26.2,13.1,51.1,50.3,38.4,108.3,0.831,3.76,4.04,13.6,2,0,0,26.2,26.6,1,44.9,0.7285
1027.4,0.0,2.0,38.4,37.1,36.2,84.5,0.324,-1.2,1.05,14.19,0,0,0,0.0,0.0,0,1007.0,0.0226
2155.3,26.8,11.1,46.6,44.5,27.9,88.9,0.262,3.25,0.7,14.15,2,0,0,26.8,27.2,0,755.6,0.0422
4600.0,99.1,47.9,77.1,77.6,37.5,92.8,0.759,1.35,2.69,14.07,4,0,0,99.1,99.1,0,923.6,0.0206
1749.2,29.6,21.0,46.7,46.3,29.2,83.4,0.55,1.71,0.89,10.81,3,0,0,29.6,29.2,3,24.4,0.9348
3865.4,81.3,17.9,67.3,68.9,32.8,89.3,0.468,-0.71,1.26,9.4,4,0,0,81.3,80.1,3,35.7,0.9497
1069.7,0.0,2.1,32.0,32.8,28.8,84.5,0.715,1.37,0.12,14.11,0,0,0,0.0,0.0,0,1243.5,0.0377
1015.7,0.0,2.0,36.8,55.8,31.2,100.1,0.17,17.31,14.75,13.96,0,0,0,0.0,0.0,2,56.6,0.6592
2074.7,29.1,15.8,51.1,51.3,33.6,87.4,0.812,2.05,2.71,14.14,3,0,0,29.1,28.5,0,1011.9,0.018
1026.1,0.0,2.2,35.2,35.8,28.5,84.9,0.281,4.78,1.71,14.1,0,0,0,0.0,0.0,0,775.1,0.0552
1501.4,22.5,12.2,49.7,73.2,34.2,103.0,0.053,15.49,13.8,14.09,2,0,0,22.5,22.4,2,61.1,0.8261
4164.3,44.4,69.8,74.1,73.9,35.8,84.6,0.568,5.38,1.26,10.4,2,0,0,44.4,44.4,3,5.6,0.9689
2116.9,25.3,16.0,45.1,44.8,39.0,87.2,0.633,-2.16,-1.06,10.16,2,0,0,25.3,25.6,3,38.4,0.9721
1962.7,24.5,20.8,51.5,49.6,36.2,90.8,0.334,3.25,0.9,14.29,2,0,0,24.5,24.8,0,1143.0,0.0744
3599.6,60.0,16.5,48.7,48.2,34.5,88.3,0.297,0.66,1.28,14.1,3,0,0,60.0,59.3,0,1433.7,0.0332
2584.6,20.5,13.7,48.2,73.5,30.0,94.1,0.097,20.71,18.54,14.16,1,0,0,20.5,20.4,2,91.7,0.7139
3472.1,72.9,32.7,65.9,67.6,35.5,85.8,0.275,5.33,1.19,14.19,4,0,0,72.9,73.5,0,732.3,0.0497
3129.4,39.4,8.4,59.1,62.3,33.2,93.2,0.769,1.03,1.73,14.15,2,0,0,39.4,39.6,0,952.2,0.0565
3587.3,77.8,32.4,55.8,56.8,32.8,86.7,0.729,2.2,1.01,14.02,4,0,0,77.8,78.4,0,798.7,0.0132
3055.4,37.2,10.2,52.9,51.8,42.6,115.9,0.868,8.29,5.68,13.85,2,0,0,37.2,37.9,1,53.8,0.7408
2144.9,26.9,21.5,45.4,46.2,37.3,86.6,0.771,-1.51,0.78,13.83,2,0,0,26.9,27.3,0,1435.0,0.0105
2592.7,32.2,14.4,45.6,45.0,31.9,93.5,0.228,1.96,0.14,13.88,2,0,0,32.2,32.1,0,1145.8,0.07
2504.3,19.5,13.7,46.9,46.1,35.3,86.6,0.672,0.79,2.06,10.86,1,0,0,19.5,19.8,3,40.6,0.8162
2291.1,25.7,16.3,48.6,47.6,33.2,91.4,0.313,2.56,1.58,14.1,2,0,0,25.7,25.6,0,1199.1,0.0473
2609.2,22.6,14.8,54.9,55.7,34.3,90.3,0.255,0.49,1.49,14.13,1,0,0,22.6,22.6,0,1189.2,0.0659
3327.2,89.5,14.9,59.6,60.1,27.6,81.7,0.329,1.58,0.96,14.0,5,0,0,89.5,90.1,0,774.3,0.0168
3264.6,72.8,30.3,62.3,62.6,29.8,91.5,0.307,1.76,2.83,14.26,4,0,0,72.8,72.6,0,1373.9,0.0331
1034.4,0.0,2.5,37.3,37.9,36.3,85.3,0.7,1.43,1.48,14.12,0,0,0,0.0,0.0,0,1253.4,0.0509
2763.8,33.2,17.8,56.2,55.7,38.3,91.6,0.197,2.79,1.71,14.1,2,0,0,33.2,33.6,0,1329.4,0.0768
3093.8,33.7,15.9,51.0,74.7,27.5,96.1,0.12,8.14,15.76,14.02,2,0,0,33.7,33.1,2,108.7,0.6906
2256.1,26.7,8.1,54.1,52.0,31.6,83.8,0.786,1.23,0.87,14.16,2,0,0,26.7,27.2,0,923.1,0.0763
3979.7,47.9,72.9,86.4,84.8,35.1,85.3,0.218,1.82,0.62,10.68,2,0,0,47.9,47.6,3,30.0,0.9088
1084.2,0.0,2.3,39.6,37.2,34.2,87.7,0.205,1.98,0.74,14.02,0,0,1,0.0,0.0,0,1282.0,0.0673
3400.6,75.2,26.0,50.7,54.3,29.5,84.6,0.328,3.62,1.81,14.25,4,0,0,75.2,73.8,0,878.2,0.0348
1059.2,0.0,2.5,36.2,36.1,31.9,92.3,0.725,1.27,2.04,13.95,0,0,1,0.0,0.0,0,1049.0,0.0144
3468.5,89.1,24.1,62.8,64.6,27.4,87.2,0.272,-1.66,1.68,14.09,5,0,0,89.1,87.7,0,1340.4,0.011
945.8,0.0,1.9,35.5,58.9,31.3,96.2,0.185,16.4,10.67,13.9,0,0,0,0.0,0.0,2,28.0,0.6965
3223.3,68.2,29.1,64.3,65.6,30.3,87.5,0.875,2.66,0.4,14.42,4,0,0,68.2,67.8,0,1349.3,0.0557
3431.4,73.2,31.4,60.3,60.8,29.5,85.4,0.326,3.29,1.77,14.1,4,0,0,73.2,72.2,0,1178.7,0.0544
2358.2,39.8,14.8,54.2,83.1,31.2,96.4,0.127,23.78,13.2,13.57,3,0,0,39.8,39.7,2,72.2,0.8317
3374.8,89.7,22.9,62.3,61.0,32.7,83.9,0.634,2.35,0.26,11.21,5,0,0,89.7,91.4,3,12.2,0.8414
3551.4,87.8,21.5,58.3,87.2,31.2,94.7,0.171,26.09,18.13,14.03,5,0,0,87.8,88.2,2,73.7,0.8588
3755.4,96.5,16.5,60.8,60.0,34.0,90.1,0.694,4.39,1.23,14.21,5,0,0,96.5,97.1,0,1327.5,0.0594
2602.1,37.0,18.4,45.1,77.3,32.7,89.5,0.083,18.07,11.26,14.23,3,0,0,37.0,37.2,2,112.6,0.8081
2247.9,26.7,19.9,40.3,38.8,30.3,88.3,0.197,0.58,1.87,14.17,2,0,0,26.7,26.2,0,916.3,0.0779
1028.1,0.0,2.5,33.1,34.1,33.3,87.5,0.875,3.75,1.91,13.94,0,0,0,0.0,0.0,0,921.0,0.0323
4472.3,51.2,69.9,80.7,81.8,30.2,88.1,0.278,0.38,-1.33,14.42,2,0,0,51.2,51.9,0,1069.2,0.0107
2824.6,31.5,12.9,51.5,53.7,31.8,83.7,0.722,1.77,1.88,14.33,2,0,0,31.5,31.2,0,1159.2,0.0266
3079.4,36.1,13.9,51.7,54.5,30.1,86.5,0.281,1.54,1.58,14.39,2,0,0,36.1,36.1,0,848.8,0.0271
2401.7,28.2,10.1,47.2,47.0,33.9,87.9,0.727,2.87,2.18,14.2,2,0,0,28.2,27.7,0,1051.5,0.0692
936.4,0.0,2.3,32.9,56.7,31.6,91.6,0.132,23.79,15.89,13.91,0,0,0,0.0,0.0,2,36.9,0.6549
1025.2,0.0,2.0,34.6,33.1,37.3,86.5,0.319,0.07,1.88,14.07,0,0,1,0.0,0.0,0,920.0,0.0164
1943.6,24.1,20.4,49.4,50.3,36.8,95.1,0.687,1.23,3.28,14.13,2,0,0,24.1,24.2,0,974.4,0.0624
2921.3,32.9,10.3,68.0,65.9,36.2,94.6,0.799,0.49,2.88,13.97,2,0,0,32.9,33.5,0,1408.4,0.0338
1008.7,0.0,2.3,34.0,33.3,28.4,86.9,0.442,1.08,0.64,10.8,0,0,1,0.0,0.0,3,22.1,0.9702
3287.8,84.5,31.6,62.2,60.2,28.1,94.4,0.804,2.66,2.74,14.25,5,0,0,84.5,83.3,0,1394.6,0.039
2880.7,34.4,12.6,59.6,61.4,37.5,87.7,0.218,-0.1,2.85,13.98,2,0,0,34.4,34.1,0,977.4,0.0353
3757.1,86.8,31.8,61.4,85.8,36.3,90.3,0.192,19.04,15.73,13.92,4,0,0,86.8,86.2,2,100.2,0.8461
3156.8,67.8,32.2,60.5,82.7,35.4,90.6,0.158,18.24,13.42,13.81,4,0,0,67.8,68.1,2,76.6,0.7842
1056.8,0.0,1.9,35.5,34.6,38.7,90.6,0.818,-1.21,1.53,14.04,0,0,0,0.0,0.0,0,734.3,0.0339
2621.1,43.1,8.8,60.7,60.7,43.5,125.7,0.673,9.75,5.43,13.64,3,0,0,43.1,43.8,1,22.9,0.9056
2069.5,15.0,21.6,45.5,75.6,26.7,99.9,0.114,14.38,14.68,13.95,1,0,0,15.0,15.1,2,45.3,0.7674
2575.8,40.9,21.6,53.8,52.7,42.5,118.9,0.869,10.21,4.07,13.76,3,0,0,40.9,40.4,1,23.5,0.8339
2467.3,28.6,16.9,59.3,57.7,38.1,86.9,0.877,1.58,1.93,14.09,2,0,0,28.6,28.2,0,807.8,0.0385
3226.1,85.2,14.9,64.1,86.2,32.3,89.8,0.164,17.29,18.86,13.97,5,0,0,85.2,86.4,2,78.5,0.8158
2162.1,34.8,21.9,52.7,54.4,35.5,89.1,0.321,0.99,2.69,14.26,3,0,0,34.8,34.5,0,1362.9,0.0103
2222.8,16.3,13.2,47.4,46.3,31.9,85.1,0.834,0.5,1.6,14.19,1,0,0,16.3,16.3,0,1419.5,0.07
1072.7,0.0,2.1,42.8,38.7,33.9,87.8,0.838,3.1,1.73,13.93,0,0,0,0.0,0.0,0,712.6,0.0198
4380.2,71.4,82.3,85.7,83.0,37.8,84.7,0.749,2.05,1.16,14.18,3,0,0,71.4,72.8,0,970.9,0.0246
2373.7,40.1,20.8,53.3,50.1,29.9,84.5,0.745,3.89,2.96,13.96,3,0,0,40.1,39.5,0,1428.9,0.0229
2776.6,43.0,17.8,45.0,72.2,31.3,97.9,0.115,14.85,14.58,14.19,3,0,0,43.0,42.1,2,90.0,0.8084
1052.0,0.0,2.3,30.9,31.3,27.8,84.1,0.821,2.47,0.87,13.92,0,0,0,0.0,0.0,0,1172.3,0.0732
2196.3,26.8,11.2,56.0,55.3,32.1,89.9,0.317,-0.03,0.98,14.19,2,0,0,26.8,27.1,0,1046.5,0.0105
4399.1,55.1,75.5,84.3,84.4,37.4,85.6,0.692,0.8,2.54,14.18,2,0,0,55.1,55.8,0,966.9,0.0224
2749.9,46.6,21.4,56.3,54.8,33.2,93.9,0.83,2.49,1.58,14.2,3,0,0,46.6,46.6,0,1482.3,0.0506
2964.3,51.0,21.4,61.5,57.9,29.3,88.9,0.418,-0.37,-0.71,10.54,3,0,0,51.0,50.8,3,8.6,0.886
3234.8,81.9,32.2,63.4,63.0,39.0,86.3,0.311,0.98,2.43,14.23,5,0,0,81.9,83.0,0,992.4,0.0525
2197.6,27.0,17.7,60.6,59.8,37.9,89.6,0.839,-0.56,0.56,14.11,2,0,0,27.0,26.9,0,1012.4,0.0179
2366.9,27.8,6.9,53.4,54.2,29.0,88.0,0.762,3.57,1.75,14.31,2,0,0,27.8,28.0,0,1203.4,0.0424
1048.9,0.0,2.1,32.5,33.7,33.9,87.8,0.87,-0.58,1.47,14.04,0,0,0,0.0,0.0,0,918.6,0.027
2766.8,46.6,7.4,52.1,52.6,29.7,85.5,0.873,2.21,1.15,13.99,3,0,0,46.6,45.8,0,964.4,0.0301
2952.5,79.7,26.0,53.2,54.4,42.0,116.5,0.709,3.72,2.47,13.87,5,0,0,79.7,78.9,1,67.5,0.8151
2672.8,56.4,19.8,66.2,66.4,28.3,84.7,0.223,-0.92,2.18,11.04,4,0,0,56.4,56.7,3,28.1,0.9826
2412.3,40.3,12.1,34.1,34.6,37.8,87.3,0.313,2.06,3.05,14.35,3,0,0,40.3,41.1,0,1179.2,0.0631
2484.7,18.3,21.2,42.4,42.8,40.5,107.0,0.838,7.44,3.84,13.88,1,0,0,18.3,18.0,1,16.6,0.7405
3286.1,70.6,30.7,62.8,61.3,34.7,110.7,0.776,9.08,4.88,13.77,4,0,0,70.6,69.6,1,30.8,0.7307
2926.0,61.6,17.4,55.2,76.6,32.5,90.2,0.122,20.57,13.71,13.83,4,0,0,61.6,62.0,2,96.9,0.7171
1049.9,0.0,2.3,33.2,33.0,30.7,84.7,0.748,1.88,-0.27,14.08,0,0,0,0.0,0.0,0,968.7,0.0342
3312.7,70.1,20.1,62.3,63.9,36.1,95.1,0.189,1.41,2.06,14.18,4,0,0,70.1,71.2,0,1413.0,0.0434
1042.5,0.0,2.3,34.3,33.5,28.1,81.8,0.718,1.47,1.8,14.01,0,0,0,0.0,0.0,0,1469.6,0.0343
2478.1,64.6,15.2,49.4,50.4,40.4,110.8,0.653,9.98,2.06,13.81,5,0,0,64.6,65.2,1,43.9,0.7567
1184.4,0.0,2.5,27.8,57.8,28.0,93.6,0.187,21.5,12.51,14.17,0,0,0,0.0,0.0,2,80.4,0.7725
2748.9,20.9,18.9,42.3,45.5,38.6,88.4,0.184,1.4,1.11,14.05,1,0,0,20.9,21.1,0,860.1,0.069
2123.3,24.7,12.1,50.2,51.4,37.0,88.5,0.86,1.24,1.48,14.24,2,0,0,24.7,24.9,0,1122.0,0.0294
2288.9,35.7,19.8,40.1,44.0,31.2,82.6,0.635,-0.61,1.2,11.09,3,0,0,35.7,35.4,3,44.3,0.9367
1714.3,30.0,11.4,42.4,59.7,39.8,98.8,0.07,18.26,14.31,13.93,3,0,0,30.0,29.9,2,85.8,0.7242
3056.7,82.5,14.0,71.7,70.9,32.4,84.6,0.546,-0.32,1.75,10.58,5,0,0,82.5,82.7,3,21.4,0.804
2325.6,23.2,17.6,39.0,61.8,31.2,95.9,0.183,17.05,13.87,13.93,1,0,0,23.2,23.0,2,67.8,0.7378
2170.5,36.8,6.9,44.8,43.6,29.7,82.9,0.182,3.61,2.35,14.33,3,0,0,36.8,36.2,0,1405.9,0.0432
2753.2,56.4,31.2,52.8,52.7,28.0,85.0,0.324,3.38,0.89,14.1,4,0,0,56.4,56.3,0,1266.3,0.0606
2461.7,21.1,14.4,50.0,48.2,44.7,114.5,0.896,7.46,1.38,13.74,1,0,0,21.1,20.9,1,36.7,0.7442
1022.9,0.0,1.9,39.8,37.3,32.6,86.7,0.846,2.32,1.45,14.02,0,0,0,0.0,0.0,0,727.2,0.0389
1030.2,0.0,2.2,36.2,34.9,34.1,87.4,0.186,-2.1,1.68,14.11,0,0,0,0.0,0.0,0,1187.4,0.0178
1039.8,0.0,1.8,33.7,33.4,35.1,117.9,0.867,8.76,1.58,13.82,0,0,0,0.0,0.0,1,41.4,0.9435
1075.5,0.0,2.3,26.8,30.0,34.9,87.7,0.837,4.51,1.77,14.13,0,0,1,0.0,0.0,0,752.3,0.0654
1149.4,0.0,2.0,35.3,52.9,27.2,85.6,0.135,25.46,15.1,14.07,0,0,1,0.0,0.0,2,67.9,0.8242
1078.8,0.0,2.4,32.7,30.5,32.8,90.0,0.862,3.06,1.99,14.05,0,0,0,0.0,0.0,0,1465.3,0.0438
2239.3,25.4,10.3,46.8,44.7,36.5,83.1,0.557,-0.93,0.52,10.03,2,0,0,25.4,25.0,3,29.1,0.801
2172.1,16.8,14.1,59.8,61.2,36.3,84.7,0.211,3.74,1.66,14.19,1,0,0,16.8,17.1,0,1192.1,0.0552
3000.9,60.7,25.2,62.2,60.7,38.3,84.4,0.247,2.68,1.57,14.06,4,0,0,60.7,61.7,0,1154.7,0.0614
2451.4,40.1,14.5,40.1,40.7,45.9,108.0,0.744,11.82,3.64,13.66,3,0,0,40.1,39.9,1,49.6,0.8132
1031.6,0.0,1.9,31.0,31.8,29.9,88.0,0.279,-0.42,0.9,14.21,0,0,0,0.0,0.0,0,930.1,0.026
2289.6,16.8,18.8,44.4,41.3,41.7,122.6,0.846,2.76,5.51,13.87,1,0,0,16.8,17.0,1,22.7,0.8548
3276.7,86.3,34.0,74.9,98.0,37.5,96.2,0.075,16.29,12.98,13.8,5,0,0,86.3,84.7,2,101.0,0.8236
1668.1,21.1,11.0,49.7,48.0,36.6,82.5,0.733,2.99,0.82,14.19,2,0,0,21.1,20.9,0,1354.5,0.0433
3576.0,96.0,27.6,65.4,63.0,38.3,88.2,0.328,3.12,0.58,14.18,5,0,0,96.0,97.6,0,1455.5,0.0448
4179.4,106.3,23.7,58.5,60.7,36.2,88.8,0.247,-0.51,1.07,14.25,5,0,0,106.3,108.4,0,1377.7,0.0627
4114.3,51.3,78.6,75.2,72.3,38.5,86.2,0.211,2.27,0.37,14.33,2,0,0,51.3,51.0,0,1080.6,0.0205
3091.8,53.1,6.1,57.9,54.2,37.0,87.1,0.482,4.76,1.64,10.9,3,0,0,53.1,53.8,3,26.1,0.976
4182.8,61.3,83.2,84.0,98.0,30.6,96.9,0.095,19.67,16.05,13.83,3,0,0,61.3,61.3,2,35.9,0.9098
2402.8,19.7,17.9,55.1,55.0,43.4,119.1,0.805,8.85,3.54,14.11,1,0,0,19.7,20.0,1,51.0,0.9293
4917.1,84.5,77.8,79.5,80.4,46.1,120.2,0.7,4.23,5.54,13.76,3,0,0,84.5,84.3,1,65.1,0.9037
3322.0,88.8,16.7,61.2,59.2,36.8,84.2,0.185,0.22,1.25,14.33,5,0,0,88.8,88.3,0,1334.2,0.0144
3301.2,85.5,17.8,58.4,61.1,37.0,86.1,0.481,0.44,0.73,10.89,5,0,0,85.5,84.7,3,12.2,0.8934
1832.6,15.8,13.9,47.0,50.2,36.7,115.4,0.669,1.3,4.53,13.45,1,0,0,15.8,15.9,1,26.2,0.8465
2406.7,25.9,18.4,51.3,50.7,44.4,113.3,0.874,0.18,3.72,13.61,2,0,0,25.9,26.2,1,25.1,0.8068
2510.7,19.9,7.5,53.1,78.3,28.5,94.7,0.093,18.45,14.2,13.71,1,0,0,19.9,20.1,2,58.9,0.9036
1029.1,0.0,2.1,30.3,32.8,33.5,85.1,0.304,1.62,2.39,14.19,0,0,0,0.0,0.0,0,1450.9,0.06
2174.6,39.4,14.6,39.1,67.9,30.4,90.0,0.078,23.36,18.28,13.77,3,0,0,39.4,38.9,2,106.6,0.8707
1078.0,0.0,2.1,33.2,33.9,27.6,83.7,0.81,0.31,2.7,14.23,0,0,0,0.0,0.0,0,726.5,0.0636
1090.1,0.0,2.3,36.4,33.5,33.9,87.9,0.834,-0.13,1.77,14.11,0,0,0,0.0,0.0,0,1356.2,0.0201
2245.2,17.4,9.3,57.9,54.9,30.7,88.6,0.271,1.9,1.43,14.03,1,0,0,17.4,17.4,0,1368.6,0.0556
3594.2,79.0,33.8,64.5,68.1,31.2,85.8,0.232,4.15,3.85,10.42,4,0,0,79.0,78.3,3,39.4,0.9647
1529.7,18.4,14.6,59.4,84.6,37.4,90.3,0.073,19.65,11.97,14.03,2,0,0,18.4,18.3,2,68.3,0.8151
1769.9,29.1,12.3,48.7,50.3,40.5,117.3,0.686,7.28,5.15,13.83,3,0,0,29.1,29.0,1,41.6,0.8759
2413.8,20.8,12.9,47.8,50.1,45.2,113.4,0.651,10.03,4.19,13.84,1,0,0,20.8,20.6,1,50.5,0.9096
1053.9,0.0,1.9,34.3,33.5,29.6,84.7,0.775,0.94,1.74,14.02,0,0,0,0.0,0.0,0,707.7,0.0304
2444.1,20.1,8.8,32.7,35.8,30.6,82.9,0.614,-0.24,0.72,10.6,1,0,0,20.1,20.3,3,18.8,0.8523
1045.0,0.0,2.1,33.6,32.3,36.8,85.9,0.85,3.04,1.31,14.12,0,0,0,0.0,0.0,0,1017.1,0.0284
2939.9,78.2,26.9,65.1,67.1,28.2,87.4,0.842,0.67,2.33,14.19,5,0,0,78.2,78.4,0,1486.0,0.0509
2518.5,18.9,6.2,40.3,40.2,30.4,83.2,0.688,0.91,0.81,14.23,1,0,0,18.9,19.0,0,1425.2,0.0557
1281.5,0.0,2.2,37.0,59.9,31.5,101.7,0.171,13.41,14.67,13.7,0,0,0,0.0,0.0,2,59.1,0.6695
2998.1,35.8,11.0,44.6,45.8,49.0,109.6,0.881,5.13,3.12,13.69,2,0,0,35.8,35.2,1,38.2,0.7468
1792.4,21.7,21.5,60.9,58.1,33.3,87.0,0.714,-0.12,-0.66,14.11,2,0,0,21.7,21.5,0,916.8,0.0313
3403.5,73.5,28.3,62.4,64.4,27.6,82.7,0.244,0.39,1.27,14.04,4,0,0,73.5,73.2,0,1192.3,0.0417
2999.7,81.4,26.8,54.6,77.3,28.8,88.9,0.093,23.4,16.9,14.09,5,0,0,81.4,82.8,2,61.0,0.8085
3612.0,92.4,33.5,65.5,64.1,31.3,83.8,0.248,3.18,2.9,14.09,5,0,0,92.4,90.6,0,1126.0,0.0251
2776.6,31.2,19.0,55.1,54.0,39.3,117.3,0.697,6.84,3.4,14.03,2,0,0,31.2,31.3,1,17.0,0.7208
2328.0,38.2,13.2,51.2,51.9,38.7,84.5,0.418,0.77,-1.13,10.74,3,0,0,38.2,38.9,3,32.1,0.8134
2524.5,40.7,7.9,57.0,53.4,32.8,87.0,0.823,-0.32,1.24,14.22,3,0,0,40.7,41.5,0,1263.8,0.041
1072.3,0.0,1.8,36.5,36.0,30.6,83.6,0.256,1.07,0.42,14.12,0,0,1,0.0,0.0,0,1208.8,0.0796
2330.4,29.2,10.2,48.9,51.8,44.2,115.8,0.745,9.6,4.35,14.18,2,0,0,29.2,28.8,1,62.2,0.853
867.0,0.0,2.1,32.4,63.9,37.4,85.7,0.176,24.24,18.69,13.91,0,0,0,0.0,0.0,2,53.6,0.7936
1041.3,0.0,2.5,36.6,37.3,29.0,84.7,0.21,0.23,1.86,14.01,0,0,0,0.0,0.0,0,988.3,0.0554
1021.9,0.0,2.4,34.6,33.6,29.1,90.5,0.537,-0.79,-0.48,11.32,0,0,0,0.0,0.0,3,24.8,0.8859
3234.2,83.2,31.9,61.6,63.6,31.3,90.1,0.281,2.96,1.3,14.08,5,0,0,83.2,84.4,0,1287.7,0.0292
3015.8,49.9,11.4,48.6,47.8,30.3,89.3,0.205,1.12,0.94,14.23,3,0,0,49.9,49.0,0,986.8,0.0484
1063.4,0.0,1.9,35.3,34.8,42.2,121.4,0.711,3.88,4.39,13.83,0,0,0,0.0,0.0,1,50.0,0.788
850.0,0.0,2.1,29.8,65.0,29.3,102.1,0.189,7.77,16.46,13.85,0,0,0,0.0,0.0,2,78.2,0.9139
1899.5,24.1,8.9,47.1,48.0,37.3,93.0,0.765,4.0,1.02,14.09,2,0,0,24.1,23.8,0,846.0,0.0587
3195.2,24.9,10.6,53.1,83.0,31.6,94.6,0.056,18.6,14.18,13.91,1,0,0,24.9,25.1,2,93.6,0.6591
3598.2,95.7,25.4,66.7,65.9,36.7,89.0,0.189,2.93,1.8,14.11,5,0,0,95.7,96.8,0,1004.9,0.0447
3061.9,66.2,29.3,57.7,54.7,33.0,85.9,0.213,1.53,1.92,14.32,4,0,0,66.2,66.3,0,1342.7,0.0647
3920.8,44.7,48.1,84.0,84.7,28.0,91.1,0.689,0.56,0.6,14.47,2,0,0,44.7,44.6,0,1399.4,0.0776
2306.9,45.2,15.9,46.4,78.3,38.4,87.4,0.187,15.62,13.76,13.94,3,0,0,45.2,45.7,2,29.7,0.7737
2517.0,41.2,7.4,45.9,47.8,37.4,85.7,0.693,1.49,0.87,14.05,3,0,0,41.2,40.9,0,1462.8,0.0615
2415.4,27.2,15.9,44.6,44.9,28.2,93.5,0.818,3.87,2.15,14.27,2,0,0,27.2,27.0,0,1383.0,0.0457
4074.6,110.9,26.0,59.0,59.8,35.4,91.1,0.26,2.53,-0.49,14.2,5,0,0,110.9,109.3,0,1376.7,0.0233
1057.2,0.0,2.4,32.5,53.6,37.0,96.6,0.174,15.72,15.08,13.81,0,0,1,0.0,0.0,2,62.2,0.8997
3368.3,89.9,29.5,68.9,67.0,41.7,112.7,0.707,9.38,2.13,14.0,5,0,0,89.9,90.8,1,74.4,0.8602
1317.7,0.0,2.0,36.6,63.3,29.0,90.7,0.198,19.16,14.12,13.77,0,0,0,0.0,0.0,2,68.5,0.715
2435.3,29.6,20.3,48.2,48.0,26.6,83.3,0.297,0.46,0.83,14.16,2,0,0,29.6,29.7,0,835.2,0.0772
4357.4,72.4,70.5,81.7,82.2,43.7,114.2,0.753,9.38,7.23,13.72,3,0,0,72.4,73.7,1,39.9,0.938
3106.9,38.4,9.2,46.7,48.2,31.3,95.0,0.774,0.7,2.37,14.18,2,0,0,38.4,38.1,0,1149.4,0.0412
3373.2,78.4,57.6,64.1,92.8,35.1,88.6,0.086,26.44,15.37,13.78,4,0,0,78.4,78.4,2,40.6,0.7142
2395.5,29.2,19.2,45.7,45.2,39.4,86.8,0.285,0.81,0.67,10.6,2,0,0,29.2,29.7,3,20.7,0.9203
1016.1,0.0,2.5,42.3,36.6,36.2,89.5,0.194,-3.18,0.75,14.08,0,0,0,0.0,0.0,0,1493.6,0.0468
1075.7,0.0,2.0,33.4,38.8,35.7,114.8,0.779,5.71,4.41,13.71,0,0,1,0.0,0.0,1,38.8,0.8775
2362.0,16.0,8.0,41.9,40.5,31.2,86.0,0.722,5.24,1.12,14.01,1,0,0,16.0,15.9,0,1006.3,0.0565
3790.2,62.5,49.6,77.6,79.1,26.7,88.5,0.795,1.96,-0.07,14.21,3,0,0,62.5,62.5,0,1262.5,0.0497
2810.6,44.5,9.1,36.1,39.4,35.5,85.5,0.269,0.69,1.67,14.01,3,0,0,44.5,43.7,0,1068.8,0.0174
2861.6,33.4,7.0,56.0,55.6,33.4,85.5,0.696,0.61,2.07,13.98,2,0,0,33.4,33.2,0,1314.4,0.0641
3215.6,87.0,31.8,61.5,63.9,31.2,82.8,0.255,1.21,1.32,14.18,5,0,0,87.0,88.0,0,715.4,0.0224
1101.3,0.0,2.2,35.3,35.4,35.0,120.0,0.9,6.94,2.64,14.24,0,0,0,0.0,0.0,1,42.8,0.7271
2049.2,21.9,17.5,37.1,35.1,29.9,91.3,0.18,1.72,2.4,14.23,2,0,0,21.9,21.6,0,1358.8,0.021
5436.9,89.8,60.2,81.5,80.7,46.5,120.2,0.796,6.44,2.6,13.56,3,0,0,89.8,88.4,1,73.3,0.7484
3247.9,70.9,34.7,50.7,55.5,30.5,85.5,0.264,5.82,1.22,14.15,4,0,0,70.9,71.5,0,786.6,0.0687
2704.9,58.2,15.6,53.1,54.4,35.4,84.1,0.335,2.65,1.44,14.06,4,0,0,58.2,57.7,0,1069.7,0.0272
2441.4,19.1,10.3,37.5,69.1,30.7,94.1,0.088,25.67,12.28,14.07,1,0,0,19.1,19.1,2,74.8,0.8795
2652.7,30.7,16.2,49.4,52.4,35.5,90.3,0.238,0.62,0.93,13.97,2,0,0,30.7,30.9,0,866.2,0.0421
3316.2,69.5,33.7,60.3,60.1,37.3,94.7,0.769,-0.22,1.24,14.25,4,0,0,69.5,69.0,0,1494.8,0.0221
1036.8,0.0,2.3,41.0,38.0,47.6,121.7,0.828,9.45,6.25,13.99,0,0,0,0.0,0.0,1,65.2,0.7959
1889.0,30.3,10.7,48.7,46.7,39.0,84.4,0.339,0.36,1.92,13.99,3,0,0,30.3,30.6,0,810.2,0.0682
2062.0,15.9,15.2,47.1,50.0,32.6,80.9,0.307,2.21,3.43,14.33,1,0,0,15.9,15.8,0,1320.7,0.0692
1059.8,0.0,1.9,36.2,36.3,31.0,80.9,0.229,1.38,-0.08,14.03,0,0,0,0.0,0.0,0,1207.4,0.0414
1058.2,0.0,2.5,37.9,37.1,32.1,87.4,0.256,-0.48,2.29,11.14,0,0,1,0.0,0.0,3,16.0,0.9531
2401.3,21.0,14.6,52.3,52.2,38.6,109.3,0.869,8.88,5.13,13.98,1,0,0,21.0,21.0,1,53.8,0.8242
1017.6,0.0,1.9,33.0,35.6,44.9,116.0,0.703,1.78,5.18,13.63,0,0,1,0.0,0.0,1,20.7,0.7694
3255.7,70.0,20.4,55.0,56.6,35.9,116.9,0.702,7.82,4.49,13.96,4,0,0,70.0,69.0,1,70.2,0.7749
4019.0,64.1,58.5,68.5,70.8,35.7,86.2,0.275,4.17,0.63,14.19,3,0,0,64.1,63.9,0,821.8,0.033
2103.8,24.3,14.8,44.7,42.8,28.8,91.8,0.234,1.06,1.15,14.15,2,0,0,24.3,24.7,0,854.3,0.0497
1048.0,0.0,1.9,33.4,57.1,30.5,100.0,0.121,22.04,12.83,13.93,0,0,0,0.0,0.0,2,118.1,0.8573
1024.0,0.0,1.8,29.5,29.4,36.5,87.1,0.336,1.09,1.56,13.95,0,0,0,0.0,0.0,0,1257.1,0.0323
3233.1,67.7,29.7,61.9,64.6,31.2,86.0,0.303,2.34,1.3,14.16,4,0,0,67.7,67.6,0,883.8,0.0627
3432.8,88.9,33.5,74.1,71.5,35.9,89.0,0.32,1.56,0.95,14.11,5,0,0,88.9,87.3,0,707.1,0.0434
3307.1,87.6,22.8,66.3,66.8,37.4,87.9,0.234,1.28,0.08,14.22,5,0,0,87.6,88.7,0,1228.0,0.0622
3435.7,92.6,24.4,54.0,57.2,26.7,86.0,0.469,-0.58,2.28,10.36,5,0,0,92.6,91.9,3,26.7,0.8536
1964.3,23.6,19.4,53.7,53.8,31.9,91.0,0.206,0.5,0.91,13.91,2,0,0,23.6,23.6,0,1039.3,0.0711
2692.6,33.5,7.5,49.7,47.3,35.6,87.6,0.781,3.69,1.78,14.31,2,0,0,33.5,34.0,0,746.7,0.0701
4244.0,49.7,72.3,75.0,71.8,30.3,93.6,0.301,0.25,1.62,14.29,2,0,0,49.7,50.0,0,833.6,0.0139
2084.8,16.2,10.0,41.0,45.1,29.0,93.8,0.695,1.71,1.59,9.69,1,0,0,16.2,16.4,3,12.6,0.829
1078.6,0.0,2.1,35.7,31.4,31.7,88.7,0.287,3.25,0.53,13.94,0,0,0,0.0,0.0,0,1440.9,0.0562
2192.7,17.3,14.6,41.2,41.7,27.4,89.0,0.194,1.35,1.24,14.02,1,0,0,17.3,17.2,0,820.9,0.0711
1042.7,0.0,1.9,37.3,33.9,38.4,114.1,0.787,2.5,4.35,13.65,0,0,0,0.0,0.0,1,53.1,0.7292
2696.7,43.3,7.2,47.4,46.4,36.1,109.8,0.855,2.23,5.41,13.71,3,0,0,43.3,43.2,1,30.5,0.8358
3487.1,96.6,29.7,55.7,60.0,34.5,95.7,0.188,4.41,1.38,14.09,5,0,0,96.6,97.7,0,893.7,0.0536
3541.8,77.2,27.7,57.9,56.3,34.9,83.9,0.182,4.09,-0.25,14.35,4,0,0,77.2,77.4,0,1224.2,0.0274
2081.1,24.5,12.5,58.8,56.1,34.0,88.0,0.245,2.24,1.11,14.25,2,0,0,24.5,24.3,0,830.6,0.0796
2743.1,46.1,13.3,63.5,61.1,31.3,89.2,0.201,0.06,1.25,13.98,3,0,0,46.1,46.4,0,1336.6,0.0366
1060.5,0.0,2.4,36.7,37.2,35.4,90.4,0.684,2.79,1.01,14.11,0,0,0,0.0,0.0,0,1443.4,0.028
3407.5,89.9,26.3,47.8,48.5,30.6,89.1,0.233,3.72,3.01,14.37,5,0,0,89.9,88.8,0,1200.4,0.0732
2058.6,15.4,8.6,54.0,55.4,31.9,91.2,0.859,4.31,1.56,14.1,1,0,0,15.4,15.2,0,1495.0,0.0156
3440.3,90.5,25.5,59.6,60.0,29.2,91.3,0.184,0.59,2.21,14.16,5,0,0,90.5,92.3,0,762.2,0.0531
3176.6,69.8,23.5,57.9,60.8,36.4,113.6,0.837,6.19,1.89,13.89,4,0,0,69.8,70.1,1,18.6,0.7272
4297.1,51.2,60.2,81.1,78.9,28.1,87.1,0.216,3.38,0.57,10.37,2,0,0,51.2,51.0,3,20.5,0.9699
3162.5,84.5,21.7,61.7,60.8,45.5,117.7,0.677,6.07,2.77,14.0,5,0,0,84.5,83.3,1,66.8,0.7438
1033.5,0.0,2.5,35.4,36.5,33.6,89.9,0.791,1.97,0.92,13.93,0,0,1,0.0,0.0,0,995.4,0.0765
4710.2,57.4,62.1,84.7,81.1,31.2,90.5,0.716,1.55,1.92,14.1,2,0,0,57.4,58.2,0,975.7,0.0541
2507.0,30.2,6.4,41.7,42.5,29.4,85.7,0.651,-1.49,2.31,10.82,2,0,0,30.2,29.6,3,33.3,0.9254
2437.4,38.6,20.2,32.7,32.5,35.1,89.7,0.235,1.04,2.46,14.02,3,0,0,38.6,38.6,0,1071.8,0.0436
3144.1,53.0,18.4,52.6,54.1,37.3,87.8,0.84,3.91,2.07,14.06,3,0,0,53.0,53.7,0,923.4,0.0597
3566.4,92.0,31.5,61.7,63.6,36.0,91.1,0.187,1.58,-0.05,14.23,5,0,0,92.0,90.9,0,864.6,0.0714
3527.9,91.4,19.0,56.2,57.8,39.7,122.7,0.683,12.91,4.19,13.8,5,0,0,91.4,92.8,1,70.9,0.7357
3158.0,83.9,25.1,69.6,68.2,40.1,113.5,0.823,6.48,2.93,13.63,5,0,0,83.9,84.0,1,23.2,0.9383
2718.5,19.4,10.3,53.8,54.3,27.6,88.7,0.284,-0.39,2.32,14.18,1,0,0,19.4,19.5,0,1408.2,0.0514
2819.8,72.8,25.4,60.4,59.2,30.9,90.5,0.288,-2.58,0.73,13.95,5,0,0,72.8,73.9,0,1309.5,0.0221
1043.0,0.0,2.4,33.3,36.4,31.8,84.3,0.229,3.45,0.35,9.87,0,0,0,0.0,0.0,3,40.2,0.8109
1977.5,33.7,11.2,46.1,47.6,29.0,88.8,0.265,1.29,2.37,14.32,3,0,0,33.7,34.3,0,1288.8,0.0357
1062.7,0.0,2.4,35.0,33.5,41.6,109.7,0.899,8.9,4.79,14.03,0,0,0,0.0,0.0,1,40.1,0.8547
3534.5,78.2,33.2,68.8,63.9,47.0,121.4,0.867,9.11,3.11,13.66,4,0,0,78.2,77.4,1,65.5,0.7715
4577.2,52.9,47.7,82.7,81.2,37.2,111.5,0.833,9.42,5.66,13.8,2,0,0,52.9,53.4,1,70.7,0.8104
3653.5,96.2,22.4,57.0,57.1,37.4,85.0,0.26,1.9,1.91,14.32,5,0,0,96.2,98.0,0,957.0,0.0631
1071.4,0.0,2.1,34.6,35.2,34.3,81.9,0.189,2.3,1.24,14.02,0,0,0,0.0,0.0,0,1065.3,0.062
2224.5,36.3,15.1,35.8,37.4,35.7,93.3,0.743,-1.09,1.41,14.29,3,0,0,36.3,36.1,0,1187.2,0.043
1473.0,13.3,7.1,36.8,59.1,29.6,92.8,0.134,20.85,16.15,13.92,1,0,0,13.3,13.1,2,93.7,0.7418
3656.7,73.4,24.8,58.0,57.9,28.3,84.9,0.3,3.14,1.34,10.86,4,0,0,73.4,74.2,3,41.5,0.9735
2753.8,20.8,10.5,47.4,45.1,38.8,89.6,0.877,2.38,0.77,14.25,1,0,0,20.8,21.1,0,1055.8,0.0602
4517.4,55.2,75.9,80.6,81.3,35.7,88.5,0.191,2.71,0.63,14.25,2,0,0,55.2,54.9,0,1372.8,0.023
3265.5,88.6,17.3,67.4,71.4,36.6,87.1,0.383,4.24,-0.4,11.11,5,0,0,88.6,89.0,3,11.7,0.9884
3778.2,101.2,25.2,58.5,59.0,39.7,116.8,0.706,8.63,2.69,13.96,5,0,0,101.2,102.1,1,19.7,0.8521
899.7,0.0,1.8,32.4,52.2,29.7,98.4,0.137,20.97,14.24,14.03,0,0,0,0.0,0.0,2,89.9,0.8039
3812.7,100.5,31.7,65.4,63.4,34.7,91.1,0.216,1.3,1.21,14.11,5,0,0,100.5,102.4,0,754.9,0.0249
1055.0,0.0,2.0,35.3,34.0,29.7,86.6,0.717,2.39,2.22,14.11,0,0,0,0.0,0.0,0,1131.8,0.0551
1049.6,0.0,1.9,33.6,34.2,42.5,121.0,0.673,8.06,5.22,13.88,0,0,0,0.0,0.0,1,43.7,0.8272
3280.1,69.8,17.0,67.9,65.5,39.2,125.0,0.739,10.52,5.0,14.16,4,0,0,69.8,69.2,1,27.0,0.9554
1061.0,0.0,2.4,34.6,33.4,29.5,86.7,0.722,0.33,1.13,14.07,0,0,0,0.0,0.0,0,793.8,0.0307
2482.5,17.7,13.6,48.9,50.9,35.7,91.4,0.184,3.6,1.27,14.11,1,0,0,17.7,17.4,0,1480.3,0.0783
1034.8,0.0,1.9,33.7,33.5,33.9,86.3,0.298,1.9,1.12,14.12,0,0,1,0.0,0.0,0,1363.9,0.0108
1028.9,0.0,2.2,33.9,31.0,30.9,87.5,0.222,1.27,0.57,14.15,0,0,0,0.0,0.0,0,1165.0,0.0642
4218.4,88.6,19.4,63.6,62.6,33.9,89.3,0.211,3.38,1.47,14.19,4,0,0,88.6,88.0,0,1368.6,0.0288
3035.4,51.9,21.9,55.4,53.8,30.6,90.5,0.659,4.93,2.29,10.75,3,0,0,51.9,50.9,3,29.1,0.9219
3850.8,99.4,15.3,60.7,60.4,29.8,83.5,0.79,-1.21,2.46,14.3,5,0,0,99.4,98.0,0,1494.4,0.0259
1058.1,0.0,2.0,37.3,58.4,39.2,89.2,0.178,16.52,13.39,13.97,0,0,0,0.0,0.0,2,97.5,0.7899
2093.1,24.0,9.3,51.5,52.5,30.5,90.1,0.195,0.83,-0.07,13.94,2,0,0,24.0,24.2,0,1155.1,0.012
1066.8,0.0,2.5,32.9,35.7,46.9,121.6,0.76,3.8,4.49,13.95,0,0,1,0.0,0.0,1,38.2,0.8365
2102.5,23.1,11.3,33.5,40.3,28.7,89.3,0.341,-0.17,2.15,10.31,2,0,0,23.1,23.1,3,8.6,0.9526
2209.1,23.2,9.9,38.6,41.0,27.8,90.1,0.792,2.02,1.23,14.0,2,0,0,23.2,23.4,0,1385.1,0.0633
1003.4,0.0,1.9,31.2,31.8,33.1,84.5,0.817,0.05,2.5,14.01,0,0,0,0.0,0.0,0,1319.0,0.0761
1059.7,0.0,2.2,29.0,29.2,30.3,90.6,0.759,1.56,1.72,14.22,0,0,0,0.0,0.0,0,821.3,0.0148
2530.5,31.6,20.1,37.0,39.0,27.1,86.0,0.718,0.99,2.3,14.15,2,0,0,31.6,31.3,0,1079.1,0.0569
4176.4,112.0,22.3,66.8,66.5,32.5,120.3,0.785,9.4,4.5,13.67,5,0,0,112.0,112.3,1,59.9,0.7423
2538.3,21.0,13.2,49.3,50.1,32.5,87.7,0.619,3.44,1.03,10.61,1,0,0,21.0,21.3,3,4.1,0.9708
3550.3,75.5,16.9,59.4,58.2,38.4,91.6,0.81,0.22,0.83,14.23,4,0,0,75.5,76.6,0,1445.5,0.0272
3516.7,77.4,20.5,68.9,66.7,36.3,84.3,0.279,2.07,2.4,14.31,4,0,0,77.4,76.6,0,1373.5,0.0239
1072.2,0.0,1.9,25.8,31.7,35.7,84.7,0.298,2.4,0.85,13.91,0,0,1,0.0,0.0,0,927.7,0.0632
5232.0,67.7,45.1,90.0,86.9,42.7,115.1,0.893,6.55,5.26,13.84,2,0,0,67.7,67.4,1,49.0,0.7792
3395.6,86.5,18.2,53.9,56.7,31.1,85.7,0.736,1.42,0.9,14.17,5,0,0,86.5,85.0,0,715.8,0.0621
2570.8,19.9,13.5,45.5,45.5,38.2,85.9,0.338,2.66,2.0,13.87,1,0,0,19.9,19.8,0,1354.5,0.0202
2288.9,28.6,18.8,48.3,50.1,40.4,119.4,0.679,4.24,1.92,13.91,2,0,0,28.6,28.6,1,56.2,0.7374
2580.0,43.7,13.3,35.5,36.7,44.1,114.9,0.695,8.77,4.96,13.34,3,0,0,43.7,42.9,1,47.2,0.9486
1954.2,15.2,21.5,52.7,53.5,29.0,85.4,0.328,-0.57,0.91,14.0,1,0,0,15.2,15.0,0,1417.6,0.0381
2589.4,43.0,19.9,48.5,45.9,41.4,110.6,0.762,6.77,3.81,14.11,3,0,0,43.0,43.5,1,58.6,0.84
1066.2,0.0,1.8,35.4,34.2,27.2,83.6,0.834,3.35,2.36,14.02,0,0,0,0.0,0.0,0,973.1,0.0689
1059.1,0.0,2.0,36.4,35.1,34.1,81.3,0.709,1.21,1.15,14.08,0,0,0,0.0,0.0,0,1387.7,0.0703
944.9,0.0,1.9,32.5,63.6,36.5,96.6,0.117,24.49,12.72,14.05,0,0,0,0.0,0.0,2,70.0,0.6892
2647.3,28.3,13.3,42.5,43.1,47.6,118.8,0.686,3.87,7.13,13.83,2,0,0,28.3,28.6,1,32.8,0.7979
2361.9,17.5,18.1,45.0,46.7,27.9,84.4,0.71,-0.41,1.79,14.04,1,0,0,17.5,17.6,0,900.9,0.0473
3625.4,93.6,23.2,64.3,63.5,30.5,81.8,0.832,6.36,0.7,14.04,5,0,0,93.6,94.2,0,1313.2,0.0669
2488.2,19.2,11.7,57.5,60.1,34.8,91.3,0.193,3.5,1.67,14.18,1,0,0,19.2,19.1,0,1495.1,0.078
2660.2,45.8,16.7,34.7,38.9,28.8,85.7,0.838,1.85,3.45,14.12,3,0,0,45.8,45.0,0,1123.7,0.0383
3451.4,93.0,14.3,58.1,56.0,35.5,83.0,0.809,0.48,1.85,14.23,5,0,0,93.0,91.7,0,1370.7,0.0338
2501.8,30.1,6.7,63.2,62.9,31.6,89.5,0.254,1.77,2.38,14.19,2,0,0,30.1,30.5,0,1410.3,0.0749
1067.5,0.0,1.9,37.7,36.2,34.1,87.0,0.292,1.72,0.88,14.08,0,0,0,0.0,0.0,0,926.7,0.0638
1048.0,0.0,1.8,39.2,35.9,36.7,120.9,0.861,5.31,4.44,13.84,0,0,0,0.0,0.0,1,36.1,0.9372
2464.5,39.0,10.4,52.1,52.8,47.2,111.5,0.727,6.51,2.38,13.93,3,0,0,39.0,39.6,1,48.2,0.8542
2139.3,35.0,18.9,55.5,54.0,44.1,113.6,0.822,13.12,4.29,14.06,3,0,0,35.0,35.5,1,49.4,0.7402
2955.4,22.6,21.5,49.9,50.6,26.7,88.9,0.281,0.61,1.31,14.19,1,0,0,22.6,22.1,0,1488.0,0.0628
2346.3,27.4,8.5,45.0,45.9,29.7,85.2,0.579,2.0,1.24,11.26,2,0,0,27.4,27.2,3,22.5,0.9712
2922.4,34.2,13.1,44.4,74.4,36.2,91.7,0.131,20.39,13.66,14.02,2,0,0,34.2,34.9,2,44.0,0.715
4275.5,74.6,58.3,75.5,98.0,34.7,87.3,0.156,13.96,14.69,14.2,3,0,0,74.6,74.2,2,25.2,0.7394
2883.8,83.4,17.5,65.5,90.7,37.3,92.2,0.122,19.47,12.15,13.85,5,0,0,83.4,83.7,2,67.6,0.7895
3784.3,99.5,23.8,68.2,64.2,31.4,86.8,0.284,-0.01,1.33,11.41,5,0,0,99.5,100.7,3,25.9,0.9339
2893.7,75.4,16.5,60.8,59.9,30.0,90.0,0.75,0.55,1.46,14.2,5,0,0,75.4,76.8,0,1267.3,0.0125
4845.4,104.6,66.9,92.0,91.2,26.3,92.2,0.297,0.56,0.62,14.29,4,0,0,104.6,105.3,0,1019.8,0.0398
4186.6,52.6,45.5,84.0,87.1,35.6,115.6,0.676,7.83,3.84,13.67,2,0,0,52.6,53.2,1,38.4,0.9271
2198.5,27.3,10.2,47.6,49.6,41.1,130.1,0.754,6.06,3.58,13.48,2,0,0,27.3,27.5,1,16.2,0.7244
1046.4,0.0,2.4,38.9,36.5,47.9,109.0,0.864,7.38,3.55,13.86,0,0,0,0.0,0.0,1,23.6,0.8581
3306.6,88.1,30.6,61.5,64.3,30.3,88.2,0.852,0.78,1.27,14.07,5,0,0,88.1,87.6,0,1070.6,0.0468
1062.8,0.0,2.1,32.3,32.9,39.5,81.4,0.293,3.01,1.41,13.95,0,0,0,0.0,0.0,0,1059.3,0.0237
1019.0,0.0,1.9,40.5,37.6,32.6,85.2,0.877,4.75,-0.14,14.08,0,0,0,0.0,0.0,0,1244.4,0.074
1092.9,0.0,2.2,39.9,38.4,28.8,82.9,0.457,3.44,0.12,10.16,0,0,0,0.0,0.0,3,44.4,0.831
2635.0,20.0,18.9,37.4,40.2,27.6,90.0,0.338,2.89,1.27,14.13,1,0,0,20.0,19.6,0,1374.2,0.0266
4168.5,65.9,67.4,71.2,71.6,35.3,87.7,0.682,-0.78,1.79,14.1,3,0,0,65.9,66.4,0,848.8,0.056
2931.1,30.3,6.4,55.9,51.7,35.0,82.7,0.695,0.55,2.0,14.1,2,0,0,30.3,29.9,0,988.1,0.0606
2460.1,20.7,11.2,57.9,57.9,29.5,89.0,0.743,1.16,2.56,14.17,1,0,0,20.7,20.8,0,1288.3,0.0427
3110.3,79.5,24.9,70.0,90.9,32.1,92.2,0.18,24.07,16.45,13.93,5,0,0,79.5,80.2,2,119.3,0.6957
1039.6,0.0,2.2,31.6,35.3,38.6,124.2,0.835,8.75,6.45,13.67,0,0,0,0.0,0.0,1,71.5,0.7239
2389.1,35.3,18.0,49.6,81.5,39.8,90.8,0.086,18.21,12.17,13.77,3,0,0,35.3,35.5,2,28.0,0.8896
3476.5,91.9,19.5,62.0,61.3,33.9,84.5,0.87,0.87,1.83,14.24,5,0,0,91.9,93.1,0,1362.3,0.0683
1069.5,0.0,2.1,33.5,33.5,48.7,114.1,0.652,8.07,3.85,13.84,0,0,1,0.0,0.0,1,15.1,0.7741
2889.2,48.3,20.2,50.1,52.7,32.0,87.5,0.234,0.07,3.03,14.1,3,0,0,48.3,48.1,0,957.7,0.0496
1041.1,0.0,2.4,34.7,31.6,34.4,109.4,0.833,5.79,4.19,13.94,0,0,1,0.0,0.0,1,19.1,0.7296
2797.1,31.6,19.8,33.3,36.5,30.9,82.8,0.788,2.08,1.82,14.19,2,0,0,31.6,31.3,0,1144.1,0.0533
1055.2,0.0,2.3,37.6,35.2,29.6,87.8,0.284,0.35,1.14,13.86,0,0,0,0.0,0.0,0,1497.2,0.0639
2348.9,20.5,6.2,41.0,41.5,41.7,119.7,0.826,7.5,2.99,13.84,1,0,0,20.5,20.3,1,31.9,0.9086
1051.0,0.0,2.4,33.6,33.1,30.5,95.5,0.352,1.75,2.17,10.43,0,0,0,0.0,0.0,3,23.9,0.8368
2723.7,19.1,18.7,39.6,38.7,29.0,88.0,0.252,1.64,-0.16,14.23,1,0,0,19.1,19.2,0,1321.4,0.0277
2130.1,14.9,12.5,41.3,75.9,29.5,95.0,0.175,19.73,16.57,14.1,1,0,0,14.9,14.8,2,61.8,0.8032
2091.4,33.6,20.4,49.5,50.4,35.6,88.4,0.719,2.08,1.82,14.15,3,0,0,33.6,32.9,0,781.0,0.0269
1068.8,0.0,1.9,36.8,35.1,33.1,84.0,0.804,2.38,2.04,14.09,0,0,0,0.0,0.0,0,1390.0,0.0641
2347.5,40.0,17.5,59.8,56.6,30.6,93.4,0.284,0.57,3.5,14.23,3,0,0,40.0,40.3,0,1065.5,0.0631
3135.3,68.4,29.6,54.4,55.5,38.5,82.3,0.763,-1.91,1.5,14.27,4,0,0,68.4,68.2,0,1430.1,0.0403
1068.0,0.0,2.2,30.9,31.8,29.3,90.9,0.863,4.48,0.96,14.11,0,0,0,0.0,0.0,0,1032.7,0.0719
3236.3,83.7,24.1,71.7,69.2,37.1,81.7,0.687,0.37,0.98,14.18,5,0,0,83.7,83.9,0,1479.1,0.051
1039.8,0.0,2.5,29.0,34.1,37.7,87.6,0.754,2.0,1.3,13.98,0,0,0,0.0,0.0,0,1017.9,0.0367
3078.4,51.9,18.9,47.4,47.6,31.2,84.1,0.364,-1.91,2.27,10.95,3,0,0,51.9,51.6,3,41.8,0.8487
4444.8,56.4,52.9,92.8,92.8,29.1,87.5,0.214,1.88,1.21,14.0,2,0,0,56.4,56.5,0,1055.5,0.0611
3054.2,22.4,20.8,49.1,73.0,27.9,99.9,0.11,15.84,17.49,13.89,1,0,0,22.4,22.4,2,92.6,0.8473
2074.8,15.6,10.6,58.0,58.7,30.3,93.6,0.344,3.24,1.95,14.18,1,0,0,15.6,15.5,0,791.1,0.0335
2219.1,26.9,12.0,37.5,37.3,39.7,114.8,0.704,3.4,3.4,13.44,2,0,0,26.9,27.4,1,36.5,0.9139
3518.0,95.3,21.8,67.9,66.0,27.8,89.6,0.2,0.66,2.26,14.12,5,0,0,95.3,96.8,0,726.6,0.057
3354.8,91.0,19.3,62.2,62.8,37.3,89.6,0.276,2.76,2.22,14.18,5,0,0,91.0,90.5,0,1214.2,0.0274
1060.5,0.0,2.1,31.7,31.5,32.3,87.1,0.295,0.18,2.37,14.04,0,0,0,0.0,0.0,0,1358.6,0.0771
1058.4,0.0,1.9,31.6,31.6,36.4,91.7,0.854,3.24,2.0,14.04,0,0,0,0.0,0.0,0,1120.0,0.0245
3061.8,80.1,18.1,58.3,56.6,32.1,92.3,0.788,2.5,0.79,14.14,5,0,0,80.1,80.4,0,959.7,0.0618
3520.5,91.7,31.1,65.0,63.1,46.1,118.6,0.788,4.34,3.01,13.65,5,0,0,91.7,91.0,1,12.6,0.9579
4688.8,96.8,68.5,72.3,90.1,35.0,89.9,0.098,15.49,12.39,13.87,4,0,0,96.8,96.4,2,63.0,0.6949
1300.0,0.0,2.1,33.5,62.3,39.6,91.3,0.186,18.55,16.7,14.0,0,0,0,0.0,0.0,2,41.3,0.7068
2159.3,16.1,7.1,54.2,52.5,43.9,124.0,0.775,4.55,4.79,13.74,1,0,0,16.1,16.3,1,74.1,0.8949
3225.9,38.0,8.4,54.5,52.8,26.6,90.7,0.329,1.09,2.08,14.05,2,0,0,38.0,38.1,0,929.8,0.0357
3296.5,68.8,34.1,58.4,59.1,28.6,86.0,0.205,3.59,1.37,14.0,4,0,0,68.8,67.9,0,1050.0,0.0765
2033.6,16.6,8.3,57.7,58.4,29.0,90.0,0.27,1.52,2.92,14.14,1,0,0,16.6,16.4,0,1257.8,0.054
1036.8,0.0,2.4,34.2,33.5,27.7,91.0,0.695,0.97,1.7,14.03,0,0,0,0.0,0.0,0,1272.2,0.0298
2960.4,33.5,17.0,45.1,44.8,28.0,84.5,0.309,0.45,1.88,14.11,2,0,0,33.5,34.0,0,916.2,0.0525
4076.6,105.5,20.1,53.5,55.7,38.1,90.3,0.204,0.38,2.22,14.24,5,0,0,105.5,106.9,0,1208.0,0.0294
2856.2,77.8,29.3,64.4,60.7,34.6,84.6,0.868,2.39,1.19,13.97,5,0,0,77.8,78.1,0,844.7,0.0642
3010.8,21.4,15.0,44.1,45.4,30.7,84.1,0.349,-0.3,1.03,14.12,1,0,0,21.4,21.1,0,748.3,0.0577
2956.4,30.0,8.6,55.1,81.0,29.9,92.0,0.117,23.51,15.41,13.65,2,0,0,30.0,30.3,2,75.1,0.7823
4463.0,88.4,62.9,85.9,98.0,30.2,91.3,0.189,15.86,11.96,13.53,4,0,0,88.4,86.9,2,76.0,0.8844
2421.3,28.6,21.5,59.8,59.8,28.6,87.0,0.304,-0.22,0.31,14.02,2,0,0,28.6,28.5,0,1341.2,0.0312
2080.0,17.3,21.8,43.3,43.3,34.3,90.1,0.437,3.58,2.33,10.38,1,0,0,17.3,17.4,3,22.8,0.989
4194.1,73.3,46.7,81.4,82.5,36.2,89.4,0.699,0.73,1.5,11.02,3,0,0,73.3,72.1,3,9.0,0.8029
2648.0,20.1,6.7,37.7,42.1,33.1,88.1,0.795,-0.47,2.19,14.21,1,0,0,20.1,20.4,0,1406.7,0.0778
2251.0,26.9,22.0,49.0,49.5,39.0,92.8,0.785,2.3,1.55,14.09,2,0,0,26.9,26.9,0,978.4,0.0221
2147.3,36.8,17.8,50.0,50.2,39.9,85.2,0.188,1.4,1.43,14.2,3,0,0,36.8,37.2,0,910.9,0.0274
4493.3,94.7,60.0,86.1,82.2,33.1,88.2,0.364,-0.79,1.66,10.6,4,0,0,94.7,95.7,3,34.6,0.8197
3943.2,51.2,68.3,79.5,98.0,34.2,98.5,0.177,18.67,13.6,14.01,2,0,0,51.2,51.3,2,63.7,0.7886
1048.8,0.0,2.0,33.2,33.2,29.7,90.6,0.681,3.37,3.14,14.2,0,0,0,0.0,0.0,0,1223.6,0.0282
2240.1,15.7,7.4,42.2,42.2,28.3,96.6,0.212,0.84,0.63,13.92,1,0,0,15.7,16.0,0,759.5,0.053
2227.3,18.1,17.8,47.5,45.1,38.2,89.9,0.313,-1.0,2.89,14.28,1,0,0,18.1,18.4,0,1172.3,0.0539
1024.4,0.0,1.9,33.2,35.1,38.1,85.9,0.79,-0.18,1.54,14.12,0,0,0,0.0,0.0,0,1388.2,0.0504
2653.7,42.7,6.9,50.5,49.9,38.6,86.6,0.685,2.11,1.37,14.1,3,0,0,42.7,42.4,0,1209.0,0.0566
3880.4,72.7,62.8,74.1,98.0,32.1,93.8,0.102,18.86,17.78,14.34,3,0,0,72.7,73.6,2,66.7,0.7098
2760.9,19.9,19.7,42.5,41.9,41.5,113.7,0.723,8.28,3.62,13.88,1,0,0,19.9,20.2,1,13.0,0.8905
3655.1,76.1,24.0,59.1,85.5,28.7,92.4,0.11,19.32,10.7,13.85,4,0,0,76.1,76.1,2,108.9,0.7577
3278.2,81.5,22.6,58.3,84.9,27.9,96.5,0.147,21.75,15.73,14.34,5,0,0,81.5,82.2,2,56.0,0.7736
3329.6,27.9,10.6,41.2,43.1,44.2,119.9,0.684,6.96,1.48,13.81,1,0,0,27.9,27.4,1,8.6,0.8825
3161.1,66.8,31.7,62.8,67.3,30.8,91.9,0.28,1.66,1.92,14.11,4,0,0,66.8,65.8,0,762.4,0.0269
1090.7,0.0,2.3,37.2,34.3,44.0,120.4,0.669,7.98,2.07,13.96,0,0,0,0.0,0.0,1,59.0,0.8566
4444.5,91.2,28.3,61.2,60.6,35.3,87.9,0.266,3.08,1.66,14.3,4,0,0,91.2,92.6,0,730.1,0.0509
2906.1,33.0,20.7,48.9,49.5,43.4,127.8,0.85,8.6,4.25,13.66,2,0,0,33.0,32.8,1,68.5,0.785
1034.8,0.0,2.0,35.3,34.5,33.3,85.6,0.812,0.14,1.1,14.09,0,0,0,0.0,0.0,0,893.0,0.0354
4311.5,115.3,30.8,69.9,68.7,35.2,113.6,0.846,12.14,4.09,14.09,5,0,0,115.3,114.2,1,74.7,0.8745
1027.8,0.0,1.9,34.1,33.0,36.4,89.3,0.184,0.42,0.48,13.96,0,0,0,0.0,0.0,0,1330.6,0.0669
2842.6,45.8,9.9,52.3,54.9,28.9,89.5,0.83,1.13,0.88,14.42,3,0,0,45.8,45.1,0,1358.5,0.0466
2340.5,38.8,6.1,59.7,59.3,37.7,85.0,0.34,0.59,0.85,14.11,3,0,0,38.8,38.3,0,833.4,0.0578
3216.8,67.9,27.8,64.2,63.1,31.7,91.9,0.874,3.01,2.31,14.02,4,0,0,67.9,67.2,0,774.7,0.0645
2631.8,30.1,13.8,55.7,53.6,41.6,116.6,0.839,9.88,3.28,14.38,2,0,0,30.1,30.4,1,36.2,0.9064
1035.3,0.0,1.9,37.4,36.0,37.3,110.5,0.887,7.85,2.65,13.73,0,0,0,0.0,0.0,1,72.1,0.8554
1066.3,0.0,2.3,36.9,35.0,33.8,84.3,0.209,3.77,2.59,13.86,0,0,0,0.0,0.0,0,1026.1,0.0543
4728.0,59.2,61.0,76.9,79.5,34.2,82.8,0.714,-2.03,1.42,14.29,2,0,0,59.2,60.2,0,1061.6,0.04
1018.9,0.0,2.0,35.5,33.9,38.2,89.4,0.869,1.94,2.23,13.98,0,0,0,0.0,0.0,0,1273.9,0.0728
997.0,0.0,2.5,27.5,30.3,32.8,83.5,0.334,2.45,1.09,14.07,0,0,0,0.0,0.0,0,775.4,0.0307
3346.1,72.6,15.2,53.0,55.0,34.8,86.6,0.715,2.62,1.07,13.99,4,0,0,72.6,74.1,0,1379.8,0.0504
5773.4,74.4,77.2,84.2,98.0,27.8,89.4,0.119,20.87,15.86,13.8,2,0,0,74.4,73.5,2,99.3,0.7844
1034.6,0.0,2.3,32.3,32.6,30.7,83.9,0.879,1.05,2.71,13.93,0,0,0,0.0,0.0,0,873.4,0.0434
3394.9,72.4,17.5,61.0,60.3,28.7,88.7,0.307,1.14,1.06,14.11,4,0,0,72.4,71.5,0,1033.3,0.028
2189.8,35.8,13.0,46.3,46.9,30.2,89.0,0.848,3.15,0.94,14.09,3,0,0,35.8,36.4,0,1054.9,0.0169
2435.8,27.6,17.9,61.1,61.0,36.1,92.8,0.32,2.54,1.65,14.2,2,0,0,27.6,27.9,0,953.5,0.0184
1071.2,0.0,2.3,33.7,35.0,31.9,85.4,0.225,2.61,1.73,14.0,0,0,1,0.0,0.0,0,1192.6,0.0435
3170.9,83.1,30.5,55.8,55.6,35.7,112.3,0.758,9.79,4.59,13.63,5,0,0,83.1,84.2,1,71.1,0.8078
2860.9,60.5,28.5,67.0,64.6,32.7,87.8,0.286,1.36,1.25,14.03,4,0,0,60.5,60.5,0,801.1,0.0549
3414.8,39.6,69.5,80.8,81.3,28.2,85.2,0.341,0.09,1.22,14.01,2,0,0,39.6,40.4,0,1140.7,0.0448
2150.1,24.8,14.6,63.0,63.6,30.7,95.6,0.764,1.66,3.71,14.23,2,0,0,24.8,25.0,0,715.2,0.0295
3388.4,69.7,32.1,58.5,57.2,31.6,89.1,0.707,0.21,0.53,13.89,4,0,0,69.7,68.5,0,845.4,0.0468
1699.8,24.8,14.6,49.7,49.4,40.2,89.1,0.313,1.0,1.49,14.04,3,0,0,24.8,24.4,0,1250.8,0.02
4149.1,86.4,67.9,78.0,76.7,32.3,89.4,0.671,-3.92,1.32,10.52,4,0,0,86.4,86.3,3,10.0,0.9648
4596.7,72.8,62.2,81.2,83.0,36.1,117.3,0.796,9.49,3.49,13.69,3,0,0,72.8,72.8,1,17.8,0.7306
5043.4,83.0,75.0,84.8,86.3,26.3,84.6,0.181,0.21,0.33,14.02,3,0,0,83.0,81.7,0,1037.6,0.0213
3780.8,97.5,14.8,65.0,62.0,35.1,88.1,0.258,2.42,1.94,14.28,5,0,0,97.5,98.0,0,975.5,0.027
3499.3,96.6,17.4,55.5,55.7,28.3,91.0,0.18,1.44,1.56,14.27,5,0,0,96.6,98.3,0,1319.9,0.0128
2634.6,29.8,7.4,40.8,41.9,36.3,89.9,0.255,2.89,1.82,14.09,2,0,0,29.8,29.9,0,839.6,0.0141
2784.3,34.0,7.8,58.3,56.6,35.9,122.5,0.816,10.68,6.16,13.44,2,0,0,34.0,33.9,1,27.5,0.8827
4680.8,81.0,80.4,77.8,76.4,41.5,121.7,0.654,12.41,3.11,13.67,3,0,0,81.0,80.8,1,14.4,0.7593
2400.9,17.0,19.2,39.6,37.0,36.2,83.2,0.224,0.53,0.43,14.06,1,0,0,17.0,16.8,0,881.7,0.0319
1051.0,0.0,2.0,26.5,31.2,31.6,86.5,0.859,0.07,0.28,13.9,0,0,0,0.0,0.0,0,1364.9,0.0772
3027.1,78.8,18.8,60.9,60.9,29.9,83.6,0.775,-0.0,2.43,14.32,5,0,0,78.8,79.5,0,745.9,0.0682
1010.0,0.0,2.2,32.3,60.2,27.5,90.9,0.078,20.04,12.74,13.82,0,0,0,0.0,0.0,2,86.7,0.6827
2226.2,38.2,14.6,48.8,47.4,38.0,116.6,0.813,9.02,6.18,13.83,3,0,0,38.2,37.8,1,22.3,0.7503
4389.8,96.0,52.2,84.7,84.5,33.2,95.4,0.833,0.43,0.3,14.17,4,0,0,96.0,96.1,0,807.7,0.0661
3631.1,93.0,26.6,62.4,57.5,34.0,91.4,0.198,2.99,0.96,14.2,5,0,0,93.0,93.3,0,1079.3,0.0143
2555.5,29.9,21.0,54.1,55.3,39.1,113.0,0.832,4.96,3.39,14.08,2,0,0,29.9,29.3,1,68.6,0.7475
1972.9,16.0,18.7,42.6,45.3,37.1,89.4,0.239,2.41,0.47,14.17,1,0,0,16.0,16.2,0,880.3,0.0717
3378.3,90.4,21.5,62.0,60.9,28.5,88.4,0.199,0.67,0.81,14.0,5,0,0,90.4,90.0,0,878.0,0.0586
2238.7,36.3,16.4,50.4,50.0,28.2,81.7,0.816,2.86,2.85,14.24,3,0,0,36.3,36.1,0,1119.5,0.0388
2512.2,18.5,17.2,42.0,41.1,42.1,116.0,0.841,8.38,4.42,13.92,1,0,0,18.5,18.6,1,44.0,0.7724
4135.4,66.8,84.2,81.7,81.9,36.4,87.3,0.796,1.33,1.06,14.17,3,0,0,66.8,68.2,0,1051.2,0.0601
2676.6,56.4,25.4,61.7,63.4,32.4,87.7,0.87,0.61,-0.03,14.07,4,0,0,56.4,56.3,0,1437.5,0.0109
1089.9,0.0,2.3,35.1,66.6,33.4,91.4,0.083,22.6,11.48,13.82,0,0,1,0.0,0.0,2,108.9,0.7815
999.9,0.0,2.2,35.9,36.3,33.6,87.4,0.293,1.62,1.78,13.99,0,0,0,0.0,0.0,0,728.7,0.0349
4542.6,53.9,41.0,84.5,86.1,28.5,88.6,0.816,2.14,1.81,14.12,2,0,0,53.9,53.7,0,1411.7,0.0126
1011.0,0.0,2.4,33.4,34.0,32.2,86.6,0.722,2.26,1.11,14.02,0,0,0,0.0,0.0,0,1054.3,0.0456
2942.8,22.1,16.4,39.8,41.6,34.9,88.7,0.71,-0.15,0.82,14.02,1,0,0,22.1,22.0,0,1319.0,0.0502
2950.4,24.1,20.8,49.8,74.8,35.3,86.2,0.186,20.53,14.31,14.04,1,0,0,24.1,24.3,2,91.1,0.896
2512.9,39.6,18.0,44.7,44.0,33.7,91.8,0.299,-1.34,3.13,14.03,3,0,0,39.6,39.5,0,1178.9,0.0225
2767.8,61.2,22.7,58.5,59.1,30.6,87.2,0.213,0.07,2.23,14.13,4,0,0,61.2,60.1,0,1053.7,0.0701
3462.1,90.5,14.1,55.2,53.9,29.0,85.4,0.766,4.89,0.42,14.04,5,0,0,90.5,91.2,0,1404.0,0.015
1588.0,18.4,16.1,51.5,54.1,44.0,114.5,0.779,7.19,5.87,13.8,2,0,0,18.4,18.5,1,30.1,0.7941
2898.8,35.2,13.7,44.5,45.9,44.0,111.5,0.763,1.94,5.12,13.82,2,0,0,35.2,35.1,1,46.3,0.77
2734.9,23.3,8.7,46.1,45.1,32.1,81.4,0.201,2.31,1.76,14.01,1,0,0,23.3,23.5,0,1028.5,0.0235
2026.6,31.7,16.4,47.4,48.7,34.9,90.6,0.819,2.28,2.43,14.31,3,0,0,31.7,31.6,0,1235.6,0.0222
1061.1,0.0,2.0,32.8,34.8,38.2,123.2,0.757,8.16,3.84,14.04,0,0,0,0.0,0.0,1,9.7,0.7238
3084.7,79.7,27.9,66.8,65.6,31.5,88.6,0.793,3.56,1.72,14.0,5,0,0,79.7,80.2,0,1402.7,0.0424
4267.7,71.1,59.1,83.1,98.0,29.5,88.2,0.199,17.27,12.92,13.8,3,0,0,71.1,71.6,2,56.8,0.7797
2964.2,18.9,8.8,52.5,76.5,35.6,92.5,0.182,24.07,14.48,13.67,1,0,0,18.9,18.8,2,20.1,0.6987
1816.0,29.8,6.9,38.9,65.0,27.0,95.1,0.173,17.95,14.63,13.85,3,0,0,29.8,29.6,2,79.4,0.6939
2914.6,33.9,18.5,58.4,57.1,32.6,92.0,0.771,1.63,2.04,14.19,2,0,0,33.9,33.3,0,986.0,0.0665
3488.1,92.2,29.9,71.8,71.6,27.6,93.2,0.744,3.07,0.95,14.06,5,0,0,92.2,93.2,0,929.8,0.0676
1077.5,0.0,2.3,28.2,50.4,33.2,94.6,0.053,22.14,11.3,13.95,0,0,1,0.0,0.0,2,96.9,0.8577
2720.5,22.9,21.7,41.3,43.8,36.2,89.1,0.284,4.4,1.31,14.32,1,0,0,22.9,22.5,0,1231.8,0.0209
1833.9,14.9,21.6,43.3,44.1,34.5,91.5,0.284,0.24,0.73,14.16,1,0,0,14.9,15.1,0,1116.7,0.0201
4468.0,57.3,59.5,85.8,98.0,31.8,97.4,0.085,23.87,13.73,13.98,2,0,0,57.3,56.2,2,93.7,0.8379
4076.6,47.3,82.9,77.2,98.0,37.3,94.8,0.116,19.04,15.01,13.68,2,0,0,47.3,46.6,2,114.0,0.7433
1038.4,0.0,2.4,36.2,36.4,31.7,84.7,0.764,2.41,0.5,14.06,0,0,0,0.0,0.0,0,1285.3,0.0388
2148.0,34.6,13.2,54.1,51.3,29.7,81.0,0.681,3.02,1.33,14.18,3,0,0,34.6,34.0,0,1234.8,0.0485
2217.5,25.1,6.0,50.7,49.5,35.6,81.1,0.29,1.88,2.48,14.21,2,0,0,25.1,25.3,0,1100.9,0.0607
1105.0,0.0,2.5,35.1,57.1,32.1,92.8,0.174,21.54,11.67,14.0,0,0,0,0.0,0.0,2,82.4,0.7522
3405.2,88.3,31.3,64.4,64.1,33.6,89.4,0.66,2.14,1.6,10.23,5,0,0,88.3,87.5,3,14.3,0.9112
1096.2,0.0,2.5,37.5,37.5,34.6,85.4,0.698,2.14,0.93,13.96,0,0,0,0.0,0.0,0,1062.4,0.071
3706.3,79.1,22.6,55.4,57.4,34.1,91.6,0.305,1.19,0.93,13.89,4,0,0,79.1,77.8,0,770.2,0.0472
1162.6,0.0,2.2,32.1,53.1,34.8,104.0,0.069,21.82,16.44,14.27,0,0,0,0.0,0.0,2,36.7,0.8539
1087.4,0.0,2.4,34.6,32.6,28.5,82.7,0.303,1.88,1.62,14.04,0,0,0,0.0,0.0,0,1054.6,0.0233
3942.4,106.1,19.5,64.5,61.7,31.1,91.3,0.795,2.83,2.11,13.97,5,0,0,106.1,106.1,0,1363.5,0.0275
3967.5,50.5,76.1,76.1,76.7,29.0,89.3,0.304,1.77,1.4,10.43,2,0,0,50.5,50.6,3,38.5,0.9638
3671.1,100.2,27.2,67.7,63.4,32.2,87.4,0.867,4.29,1.85,14.17,5,0,0,100.2,100.8,0,1311.5,0.0677
3512.1,93.5,14.1,53.2,53.3,44.1,105.7,0.899,2.18,5.54,13.37,5,0,0,93.5,92.7,1,9.0,0.84
2183.7,35.6,13.7,53.7,52.1,28.9,88.7,0.813,1.64,0.85,14.25,3,0,0,35.6,35.3,0,1432.8,0.0675
1004.9,0.0,1.9,28.8,32.9,32.5,86.0,0.348,1.13,0.2,13.96,0,0,1,0.0,0.0,0,1270.0,0.0332
2765.5,44.3,17.0,46.4,78.0,37.5,94.4,0.166,20.79,15.12,13.66,3,0,0,44.3,44.9,2,28.8,0.8444
1059.9,0.0,2.2,35.8,36.9,37.0,87.8,0.192,1.0,2.24,14.1,0,0,0,0.0,0.0,0,870.8,0.059
1072.0,0.0,1.9,35.2,36.1,30.6,87.2,0.407,-0.78,1.62,10.29,0,0,0,0.0,0.0,3,27.7,0.8686
2050.0,15.8,15.4,44.5,41.6,32.0,92.1,0.272,1.11,1.29,14.22,1,0,0,15.8,15.8,0,906.4,0.0264
1060.7,0.0,1.9,37.6,37.1,29.3,85.0,0.307,3.9,0.55,14.02,0,0,0,0.0,0.0,0,960.4,0.0317
3807.0,61.9,49.6,74.1,76.1,33.9,85.6,0.855,1.04,1.13,14.07,3,0,0,61.9,61.8,0,1141.5,0.0528
2047.0,32.3,19.0,52.1,49.5,33.1,94.3,0.712,1.72,0.38,14.12,3,0,0,32.3,32.6,0,1051.9,0.0354
2610.9,20.3,7.8,40.1,41.4,29.6,90.2,0.83,3.83,0.2,14.0,1,0,0,20.3,20.4,0,1424.5,0.0173
3882.8,45.7,75.0,74.8,76.8,31.0,91.3,0.318,2.5,0.57,13.94,2,0,0,45.7,45.6,0,812.2,0.0247
3262.3,86.3,32.1,58.1,57.8,27.4,92.7,0.68,0.18,2.05,14.24,5,0,0,86.3,85.6,0,1243.4,0.0759
2293.9,36.8,6.6,53.3,49.8,28.1,82.1,0.756,1.73,1.42,14.18,3,0,0,36.8,37.4,0,1333.1,0.0126
2407.4,40.2,9.5,53.7,53.1,41.8,110.6,0.673,10.71,2.96,13.71,3,0,0,40.2,39.7,1,28.6,0.8676
4693.6,99.9,80.8,83.9,81.0,40.9,120.6,0.722,5.36,4.4,13.72,4,0,0,99.9,98.5,1,28.5,0.9315
2021.8,25.2,12.9,45.9,46.5,44.4,120.4,0.808,10.02,5.16,14.06,2,0,0,25.2,25.2,1,11.6,0.9492
3868.7,83.1,34.9,65.1,67.3,29.1,89.5,0.317,1.02,1.21,14.04,4,0,0,83.1,84.1,0,942.6,0.0634
2997.4,64.8,32.2,59.9,61.7,37.8,89.8,0.191,1.69,1.51,14.05,4,0,0,64.8,63.7,0,1141.9,0.0295
3417.1,90.8,32.3,63.4,65.2,35.8,114.8,0.812,7.78,4.07,13.72,5,0,0,90.8,91.3,1,73.2,0.8919
1632.7,27.8,16.1,48.7,49.2,38.4,89.6,0.789,2.54,0.86,14.19,3,0,0,27.8,27.7,0,1496.7,0.0373
1075.1,0.0,2.3,38.2,35.0,30.1,89.1,0.283,1.12,1.66,14.01,0,0,0,0.0,0.0,0,1406.9,0.0615
3709.0,97.0,29.3,71.6,97.3,30.7,97.2,0.127,17.54,14.51,13.69,5,0,0,97.0,95.7,2,92.3,0.8139
898.4,0.0,1.8,35.8,63.7,27.6,96.7,0.139,25.51,9.76,13.94,0,0,0,0.0,0.0,2,76.8,0.7573
2455.6,41.0,9.9,54.6,53.9,36.9,88.1,0.748,-0.04,0.76,14.04,3,0,0,41.0,40.8,0,1372.6,0.0571
1604.7,17.3,8.9,51.7,52.2,33.5,88.6,0.22,0.78,1.74,14.08,2,0,0,17.3,17.3,0,927.1,0.0436
4011.1,68.0,53.0,80.7,98.0,37.6,95.7,0.102,19.35,16.05,13.8,3,0,0,68.0,67.7,2,51.7,0.9178
2408.3,30.4,7.1,47.6,45.4,32.6,85.7,0.312,1.7,0.7,14.21,2,0,0,30.4,30.4,0,1388.2,0.0142
3748.6,77.4,21.8,64.1,94.3,28.0,96.3,0.183,19.09,12.92,13.94,4,0,0,77.4,77.1,2,76.6,0.7008
1824.6,24.4,9.5,52.4,76.2,28.9,98.7,0.15,18.43,12.06,14.08,2,0,0,24.4,24.8,2,100.1,0.7466
3422.6,88.3,23.0,52.9,83.2,35.7,84.7,0.111,16.8,14.2,14.13,5,0,0,88.3,88.8,2,56.7,0.7783
1007.3,0.0,2.4,31.8,33.9,35.3,85.1,0.336,3.72,1.13,14.04,0,0,0,0.0,0.0,0,1382.6,0.0411
2318.0,27.8,21.2,55.1,56.5,35.5,84.7,0.717,2.12,2.35,14.04,2,0,0,27.8,27.3,0,730.1,0.0265
1036.9,0.0,2.3,36.3,34.7,49.2,110.7,0.658,9.19,2.22,13.79,0,0,0,0.0,0.0,1,11.9,0.7335
2376.8,19.5,6.0,55.0,53.8,38.9,118.0,0.724,7.54,1.93,13.82,1,0,0,19.5,19.2,1,36.3,0.9131
1052.4,0.0,2.2,37.2,37.3,41.6,122.0,0.867,6.42,5.06,13.57,0,0,0,0.0,0.0,1,69.6,0.7339
1009.2,0.0,2.1,34.1,35.0,28.0,86.2,0.302,1.97,2.36,14.1,0,0,1,0.0,0.0,0,926.7,0.0491
3670.8,96.2,32.3,65.0,62.1,32.0,86.9,0.326,2.65,0.93,13.96,5,0,0,96.2,96.2,0,1265.9,0.0433
2408.5,30.6,17.2,50.2,76.0,27.3,94.9,0.19,26.74,13.18,13.75,2,0,0,30.6,31.0,2,81.1,0.8729
2667.7,44.1,21.3,42.9,44.2,47.3,118.7,0.654,4.97,0.96,13.6,3,0,0,44.1,44.0,1,38.1,0.7846
4344.8,71.5,84.5,83.6,82.4,28.0,90.4,0.512,-0.18,1.42,10.7,3,0,0,71.5,70.7,3,16.1,0.8525
3992.4,65.1,47.0,78.2,98.0,29.8,97.1,0.078,24.51,16.08,13.96,3,0,0,65.1,65.7,2,88.5,0.8325
3242.1,81.1,30.7,58.2,57.8,31.9,93.2,0.309,2.8,1.57,14.29,5,0,0,81.1,79.6,0,1150.7,0.0233
2101.0,17.2,10.0,47.7,45.2,44.8,116.1,0.802,8.28,4.43,13.59,1,0,0,17.2,17.1,1,21.8,0.7411
2644.4,31.1,16.8,45.2,77.6,32.5,98.2,0.053,31.55,14.34,14.19,2,0,0,31.1,31.2,2,71.8,0.7553
4693.5,103.1,83.3,73.6,75.6,29.2,87.3,0.284,0.53,0.76,14.3,4,0,0,103.1,105.1,0,974.5,0.0523
2071.4,29.6,19.5,50.9,52.3,42.8,118.1,0.778,7.75,3.22,13.89,2,0,0,29.6,29.5,1,37.5,0.7844
2264.1,39.1,17.1,50.3,51.2,35.8,88.7,0.851,1.98,1.85,14.09,3,0,0,39.1,39.4,0,836.3,0.0184
2861.2,23.0,9.8,46.9,45.4,32.3,92.6,0.844,0.44,1.9,14.16,1,0,0,23.0,23.1,0,1120.2,0.0341
3883.9,101.0,16.8,58.1,60.9,44.3,127.7,0.791,7.25,3.87,13.75,5,0,0,101.0,100.1,1,44.7,0.7506
1061.2,0.0,2.2,35.5,35.3,30.9,86.3,0.347,0.22,1.32,13.98,0,0,0,0.0,0.0,0,738.3,0.0209
3011.5,82.5,22.9,63.9,60.7,38.3,92.5,0.741,2.14,-1.03,14.29,5,0,0,82.5,84.0,0,1110.7,0.0364
4816.9,56.5,70.8,91.4,91.3,37.6,92.0,0.26,2.74,1.57,14.11,2,0,0,56.5,57.5,0,1465.2,0.013
1061.6,0.0,2.2,38.1,31.9,32.9,89.2,0.693,1.52,1.34,14.03,0,0,0,0.0,0.0,0,1494.2,0.0485
2807.8,71.8,34.2,52.7,50.8,28.4,90.7,0.825,1.94,0.54,14.01,5,0,0,71.8,71.1,0,1227.9,0.0641
3849.3,47.2,77.2,74.8,74.3,26.2,79.1,0.279,0.03,0.96,13.99,2,0,0,47.2,47.7,0,787.4,0.0433
3404.2,92.6,22.7,54.7,57.0,28.8,88.9,0.549,2.06,1.21,11.4,5,0,0,92.6,91.1,3,42.8,0.8896
1816.0,13.3,13.7,53.4,54.3,35.7,84.7,0.322,1.83,2.09,13.96,1,0,0,13.3,13.4,0,1186.6,0.0141
3990.0,106.2,32.4,57.2,59.4,32.7,81.3,0.809,3.79,1.77,14.25,5,0,0,106.2,107.3,0,1493.0,0.0367
1074.6,0.0,2.1,37.3,35.5,31.1,87.8,0.325,-2.66,0.81,14.1,0,0,0,0.0,0.0,0,1078.9,0.0664
2586.6,30.7,13.1,48.2,51.8,44.6,116.5,0.832,6.46,4.0,13.66,2,0,0,30.7,30.8,1,10.1,0.9188
3512.6,74.2,26.0,57.9,54.7,31.9,90.2,0.318,-0.35,1.75,14.1,4,0,0,74.2,74.0,0,725.6,0.0267
1768.5,23.6,13.8,47.1,66.5,31.5,91.6,0.13,19.13,15.72,14.11,2,0,0,23.6,23.9,2,109.6,0.8142
2718.8,34.4,9.2,44.7,45.2,45.8,119.7,0.865,7.15,5.24,14.13,2,0,0,34.4,34.7,1,32.1,0.7813
2250.4,63.5,33.3,60.3,91.7,38.2,95.8,0.13,19.58,14.04,14.02,5,0,0,63.5,64.6,2,101.8,0.8923
3167.2,67.5,22.1,62.6,66.5,35.5,93.3,0.208,1.13,0.0,14.31,4,0,0,67.5,68.1,0,1343.0,0.074
2690.2,47.1,20.3,42.2,41.4,39.5,126.1,0.875,6.29,5.25,13.69,3,0,0,47.1,46.6,1,12.1,0.8913
2120.9,15.6,12.2,48.2,47.2,34.5,91.8,0.257,2.42,1.59,14.25,1,0,0,15.6,15.5,0,796.8,0.0133
3634.5,76.7,15.2,63.9,62.7,38.6,87.0,0.213,0.04,-0.61,10.67,4,0,0,76.7,75.5,3,27.6,0.8228
2457.7,29.2,8.7,47.8,46.0,40.9,116.1,0.655,4.76,5.05,13.61,2,0,0,29.2,29.7,1,62.4,0.7722
2598.9,46.0,11.0,45.1,43.6,34.9,87.7,0.681,3.79,1.29,14.18,3,0,0,46.0,46.0,0,913.1,0.0622
1063.7,0.0,2.0,35.8,36.1,34.1,86.4,0.253,0.3,2.33,14.1,0,0,1,0.0,0.0,0,1188.5,0.0724
1056.4,0.0,2.0,28.9,29.7,28.1,85.0,0.296,1.48,0.58,14.06,0,0,1,0.0,0.0,0,1007.4,0.0233
1083.5,0.0,2.1,25.9,30.4,45.8,112.9,0.733,6.37,1.3,13.98,0,0,0,0.0,0.0,1,27.2,0.8764
3205.1,22.4,20.0,47.6,49.8,35.7,87.0,0.842,4.2,1.31,14.07,1,0,0,22.4,22.6,0,855.4,0.0556
2647.0,21.4,16.5,56.2,56.5,35.3,85.4,0.26,2.8,1.34,14.16,1,0,0,21.4,21.8,0,1077.6,0.0234
2817.6,60.2,25.8,55.6,54.7,39.0,88.9,0.188,1.05,1.02,14.17,4,0,0,60.2,60.1,0,1420.5,0.0364
2714.0,68.8,19.1,67.0,68.0,42.5,114.3,0.757,3.44,4.12,14.16,5,0,0,68.8,67.7,1,49.5,0.7762
850.0,0.0,2.5,31.0,50.7,28.6,103.2,0.08,16.98,12.07,13.82,0,0,0,0.0,0.0,2,45.8,0.7895
4349.7,52.1,64.3,73.9,98.0,32.4,93.9,0.123,20.33,13.54,13.81,2,0,0,52.1,51.8,2,68.0,0.7309
2888.6,80.0,33.6,54.4,84.9,39.4,90.8,0.123,18.66,11.98,13.92,5,0,0,80.0,81.0,2,42.6,0.7906
3646.7,94.1,14.3,60.4,62.2,35.7,83.3,0.329,3.42,3.34,13.98,5,0,0,94.1,92.4,0,891.1,0.0776
2556.3,24.0,17.4,46.3,46.5,31.2,90.5,0.192,1.52,1.78,14.15,1,0,0,24.0,24.3,0,1490.8,0.0103
1043.6,0.0,1.9,35.3,35.3,45.8,119.2,0.775,6.81,4.21,13.93,0,0,0,0.0,0.0,1,27.4,0.9459
3500.6,92.0,29.6,63.9,65.6,38.7,87.3,0.705,2.42,1.96,14.06,5,0,0,92.0,91.6,0,1043.2,0.0387
1052.1,0.0,2.4,34.2,33.6,31.2,86.2,0.84,0.22,0.43,14.02,0,0,1,0.0,0.0,0,1441.7,0.0552
1080.9,0.0,2.3,34.6,33.5,35.3,83.8,0.814,0.48,1.83,14.11,0,0,0,0.0,0.0,0,1481.8,0.0229
1032.9,0.0,2.0,37.7,36.2,37.5,81.7,0.216,0.61,1.41,14.09,0,0,1,0.0,0.0,0,1075.3,0.0795
3081.2,62.3,28.3,61.9,61.2,29.1,87.8,0.243,2.28,0.37,14.44,4,0,0,62.3,63.0,0,1398.0,0.0386
3415.6,73.8,14.2,61.3,87.7,32.4,95.3,0.07,16.47,15.93,14.33,4,0,0,73.8,73.9,2,102.7,0.6622
2626.5,33.7,12.7,52.0,51.7,30.6,90.9,0.187,2.74,0.94,14.22,2,0,0,33.7,34.1,0,1208.2,0.0456
2432.5,40.8,16.2,43.3,45.7,29.0,90.1,0.818,2.25,1.23,14.26,3,0,0,40.8,40.5,0,935.5,0.04
3245.7,87.9,18.4,52.9,56.7,33.1,84.5,0.718,2.94,0.24,14.24,5,0,0,87.9,88.8,0,1431.9,0.0681
998.2,0.0,1.9,37.9,34.8,41.6,116.7,0.847,9.55,3.93,13.47,0,0,0,0.0,0.0,1,29.3,0.8313
2031.1,15.1,18.8,44.9,46.6,31.8,93.7,0.798,1.39,0.33,14.31,1,0,0,15.1,15.1,0,754.0,0.076
4317.5,119.0,30.2,60.6,94.1,36.8,99.0,0.156,13.89,10.87,14.09,5,0,0,119.0,118.4,2,30.2,0.6788
5129.6,87.8,64.6,84.9,98.0,33.7,96.9,0.149,14.24,13.0,13.77,3,0,0,87.8,88.9,2,58.8,0.7686
3638.0,91.6,24.5,55.5,59.7,31.8,91.5,0.273,0.02,1.7,14.11,5,0,0,91.6,90.2,0,912.4,0.0441
3473.8,75.4,32.5,67.7,67.3,37.6,87.1,0.396,0.99,1.56,11.04,4,0,0,75.4,74.9,3,29.2,0.9385
2912.6,60.5,15.4,63.5,63.8,32.4,87.0,0.33,-0.22,3.08,10.42,4,0,0,60.5,61.3,3,21.9,0.8939
3024.6,21.3,11.6,46.4,69.9,33.5,89.8,0.164,16.05,12.34,13.81,1,0,0,21.3,20.9,2,86.1,0.7385
4193.9,109.9,25.6,54.5,77.6,34.9,98.8,0.196,16.52,13.56,13.97,5,0,0,109.9,110.8,2,59.6,0.758
3745.3,67.5,67.3,81.3,81.4,33.7,84.6,0.197,1.24,1.39,14.02,3,0,0,67.5,66.3,0,990.7,0.0396
3321.3,87.9,33.9,62.8,62.4,38.4,85.7,0.825,2.74,0.44,14.11,5,0,0,87.9,88.0,0,875.0,0.0327
2635.1,32.1,19.0,44.3,46.8,36.1,87.0,0.258,2.44,-1.52,14.13,2,0,0,32.1,32.5,0,969.2,0.0703
2823.1,22.1,17.7,50.3,51.7,29.4,91.2,0.789,4.01,1.67,14.36,1,0,0,22.1,22.3,0,1295.3,0.0553
2416.2,39.3,8.4,46.2,48.5,30.3,91.9,0.668,2.22,1.72,9.92,3,0,0,39.3,39.5,3,18.7,0.9081
3104.6,81.0,15.4,62.5,60.1,38.4,88.8,0.741,-0.31,1.13,13.96,5,0,0,81.0,81.9,0,1042.8,0.054
1057.3,0.0,2.5,27.9,30.7,49.9,120.6,0.786,3.5,5.71,13.65,0,0,0,0.0,0.0,1,30.9,0.7801
1261.1,0.0,2.0,27.8,53.5,28.2,89.7,0.192,17.23,12.16,13.96,0,0,1,0.0,0.0,2,46.9,0.8153
1077.8,0.0,2.0,34.0,56.8,33.0,99.0,0.076,23.76,15.23,13.94,0,0,0,0.0,0.0,2,86.2,0.7239
2828.3,32.4,6.8,58.4,56.0,37.6,82.8,0.673,-2.0,0.87,10.73,2,0,0,32.4,32.1,3,38.6,0.9746
2401.3,16.9,20.0,48.0,47.0,29.5,92.7,0.697,-0.79,-0.13,14.26,1,0,0,16.9,17.0,0,716.3,0.0256
1076.8,0.0,1.9,34.4,35.4,29.4,84.6,0.795,4.86,1.33,13.91,0,0,0,0.0,0.0,0,843.8,0.0142
3563.4,96.6,32.8,53.8,55.0,35.4,87.8,0.195,3.28,2.28,14.06,5,0,0,96.6,98.2,0,1198.6,0.0663
3392.7,87.2,22.7,57.8,58.8,37.3,91.2,0.294,3.61,1.01,14.16,5,0,0,87.2,86.0,0,1279.1,0.0651
1033.8,0.0,1.8,32.8,32.8,38.4,85.5,0.315,0.46,-0.32,13.93,0,0,1,0.0,0.0,0,1153.7,0.0428
1072.4,0.0,1.9,34.2,32.2,38.3,87.5,0.247,2.26,1.53,13.98,0,0,1,0.0,0.0,0,886.3,0.0688
1107.1,0.0,2.3,36.2,61.1,27.9,91.9,0.121,19.79,12.85,13.75,0,0,0,0.0,0.0,2,37.4,0.8691
3232.2,90.9,26.0,48.3,48.5,37.9,92.9,0.787,2.74,1.74,14.07,5,0,0,90.9,91.6,0,1036.1,0.0243
2838.6,32.0,13.2,54.9,52.1,36.2,90.5,0.861,0.56,2.08,14.18,2,0,0,32.0,32.1,0,1166.0,0.0246
2022.3,14.9,17.3,45.0,44.3,44.8,107.2,0.697,4.51,2.94,14.07,1,0,0,14.9,15.2,1,34.9,0.8195
2831.2,23.5,10.5,39.7,40.4,30.1,92.6,0.307,2.69,0.64,13.98,1,0,0,23.5,23.8,0,1474.8,0.04
1060.5,0.0,2.3,37.8,33.4,33.0,90.5,0.252,-0.16,0.9,14.08,0,0,0,0.0,0.0,0,880.4,0.0374
3359.3,71.0,21.3,52.9,79.1,28.4,98.7,0.103,15.98,14.32,13.75,4,0,0,71.0,69.8,2,113.4,0.7074
4082.0,86.0,78.3,78.2,81.4,39.1,119.4,0.782,10.74,4.88,13.88,4,0,0,86.0,85.8,1,48.2,0.7325
1232.7,0.0,2.4,29.3,63.7,32.2,92.2,0.189,19.11,14.78,14.05,0,0,0,0.0,0.0,2,29.0,0.6558
3898.2,64.7,47.0,81.8,81.5,27.1,91.7,0.747,3.88,-0.93,14.1,3,0,0,64.7,64.0,0,922.7,0.0216
2748.1,32.9,20.5,55.5,89.4,32.2,95.5,0.119,19.46,14.36,14.14,2,0,0,32.9,32.8,2,114.3,0.8534
1035.2,0.0,1.9,35.5,36.5,42.3,119.5,0.798,10.72,4.66,14.04,0,0,0,0.0,0.0,1,21.5,0.8233
1883.0,14.6,17.9,51.9,49.1,32.4,87.4,0.23,3.25,2.04,14.26,1,0,0,14.6,14.6,0,1144.5,0.0182
4395.4,96.6,77.2,75.6,73.8,34.6,114.6,0.785,7.52,4.11,13.68,4,0,0,96.6,95.8,1,53.6,0.8068
2559.5,26.3,13.1,47.1,74.1,28.4,94.9,0.069,26.68,16.94,14.05,2,0,0,26.3,26.4,2,90.5,0.7714
1076.3,0.0,2.2,33.1,32.8,29.8,88.4,0.726,3.28,1.21,14.17,0,0,0,0.0,0.0,0,763.0,0.0424
1057.7,0.0,2.4,36.3,36.2,33.4,82.8,0.305,1.48,0.4,14.11,0,0,1,0.0,0.0,0,964.5,0.0148
4807.6,102.5,59.2,71.8,73.5,30.4,88.3,0.268,0.86,2.68,10.86,4,0,0,102.5,103.0,3,33.7,0.8107
3121.5,51.4,17.4,46.9,77.3,35.6,95.0,0.11,19.14,16.78,14.15,3,0,0,51.4,50.9,2,39.8,0.6532
4181.7,87.4,43.1,82.7,81.2,28.4,91.3,0.687,2.89,1.68,13.98,4,0,0,87.4,86.8,0,1350.2,0.0302
3266.4,40.5,56.1,86.7,85.2,40.7,119.3,0.736,5.21,3.49,13.6,2,0,0,40.5,40.0,1,66.3,0.9593
3664.2,78.0,31.7,60.7,64.2,36.3,89.8,0.799,2.87,1.04,14.26,4,0,0,78.0,76.8,0,731.5,0.0334
2490.1,29.6,19.2,51.7,50.9,38.5,90.1,0.332,4.93,2.87,14.31,2,0,0,29.6,29.8,0,1191.4,0.0273
3268.4,87.0,24.9,67.5,66.5,29.9,87.6,0.822,2.82,2.15,14.23,5,0,0,87.0,87.7,0,717.0,0.0229
2848.1,24.8,13.1,53.1,51.8,34.5,87.4,0.383,1.27,-0.68,10.41,1,0,0,24.8,24.9,3,25.4,0.817
1073.1,0.0,2.4,32.3,32.3,31.6,86.0,0.33,1.05,2.0,10.6,0,0,0,0.0,0.0,3,39.0,0.953
1051.8,0.0,1.9,39.7,37.4,31.4,83.6,0.871,0.14,1.5,14.0,0,0,0,0.0,0.0,0,1240.0,0.0179
2193.8,39.1,19.6,38.9,38.5,32.1,85.9,0.724,2.33,0.17,13.95,3,0,0,39.1,39.8,0,861.8,0.0332
2374.8,30.2,20.2,41.5,44.8,38.8,87.6,0.333,2.75,1.01,13.99,2,0,0,30.2,29.8,0,844.2,0.0537
2878.0,35.6,12.4,42.9,41.2,36.5,88.3,0.349,5.54,0.85,10.75,2,0,0,35.6,35.5,3,28.1,0.8583
2346.0,16.0,7.7,43.6,49.2,30.8,87.1,0.234,7.76,0.94,10.33,1,0,0,16.0,16.2,3,6.9,0.8147
2884.3,21.5,11.4,57.1,56.8,38.9,119.2,0.673,9.64,3.36,14.23,1,0,0,21.5,21.7,1,24.8,0.7523
1548.8,31.1,11.2,45.9,69.5,33.4,96.2,0.105,17.98,13.27,14.0,3,0,0,31.1,31.4,2,64.2,0.7465
4687.4,54.5,60.9,86.0,85.3,40.9,120.0,0.846,5.06,5.38,13.94,2,0,0,54.5,54.4,1,15.2,0.8022
3655.0,43.8,65.3,93.3,93.1,30.7,89.1,0.815,0.8,0.61,14.2,2,0,0,43.8,43.5,0,723.2,0.0692
3599.6,95.4,22.4,75.3,71.5,30.6,88.9,0.204,2.17,1.13,14.23,5,0,0,95.4,94.9,0,1473.6,0.0219
3207.1,65.2,29.2,67.1,63.4,34.5,86.3,0.843,0.28,2.71,14.23,4,0,0,65.2,65.4,0,1108.9,0.0745
3443.4,89.5,14.3,69.5,69.7,39.6,113.5,0.796,6.32,3.53,14.0,5,0,0,89.5,90.2,1,65.5,0.9546
3968.7,50.4,54.3,78.8,79.8,51.2,111.4,0.756,8.06,3.8,14.0,2,0,0,50.4,50.5,1,50.4,0.8341
3898.1,77.7,19.7,58.7,57.7,27.6,82.6,0.196,1.84,1.71,14.26,4,0,0,77.7,76.6,0,1331.7,0.0369
3043.3,78.0,21.7,64.7,64.7,31.5,91.4,0.211,2.82,0.51,10.21,5,0,0,78.0,79.0,3,40.5,0.9551
2886.8,48.9,14.1,35.8,34.9,30.0,89.8,0.278,1.82,0.73,14.12,3,0,0,48.9,48.8,0,1448.0,0.0429
2532.0,45.3,9.3,45.1,43.8,34.3,92.7,0.798,3.23,1.72,14.21,3,0,0,45.3,46.0,0,1222.1,0.0116
2493.5,29.9,15.1,44.9,45.5,45.0,111.4,0.703,9.92,2.61,13.98,2,0,0,29.9,30.4,1,58.4,0.8902
3576.7,92.6,19.7,57.4,59.8,44.0,113.7,0.787,8.66,3.54,13.93,5,0,0,92.6,91.4,1,11.4,0.7857
1908.5,31.1,8.3,49.9,51.9,46.8,112.7,0.734,6.56,3.44,14.05,3,0,0,31.1,31.5,1,62.5,0.7578
1002.8,0.0,1.9,32.3,35.5,28.2,86.9,0.788,4.34,1.88,14.21,0,0,1,0.0,0.0,0,750.4,0.0552
2724.7,32.5,16.7,51.7,51.8,36.2,82.9,0.86,1.15,2.22,14.0,2,0,0,32.5,32.9,0,1372.5,0.0227
3576.6,76.1,34.6,63.8,61.7,38.3,122.3,0.733,9.33,4.6,14.03,4,0,0,76.1,74.7,1,39.5,0.8333
1031.2,0.0,2.4,32.7,33.5,33.5,86.3,0.244,1.84,1.24,13.98,0,0,0,0.0,0.0,0,1475.6,0.062
2822.2,22.1,13.0,60.5,58.7,38.1,87.2,0.269,2.35,1.38,14.21,1,0,0,22.1,21.9,0,944.0,0.0738
4653.0,97.1,61.4,91.9,86.6,45.5,109.6,0.834,8.35,3.85,13.93,4,0,0,97.1,95.5,1,69.1,0.9225
1042.8,0.0,2.0,28.6,28.8,35.7,83.2,0.298,1.45,-0.39,14.12,0,0,0,0.0,0.0,0,1380.8,0.0232
2059.3,32.9,6.5,52.7,49.7,41.2,110.9,0.853,11.78,4.36,14.03,3,0,0,32.9,32.4,1,44.3,0.7543
2712.8,21.7,17.1,49.7,74.6,37.2,97.7,0.153,20.11,16.23,14.01,1,0,0,21.7,22.0,2,66.0,0.6634
1932.4,14.5,16.4,54.7,54.0,39.0,88.3,0.762,2.78,-0.35,13.98,1,0,0,14.5,14.2,0,1401.2,0.071
3464.9,73.6,32.5,69.4,71.7,32.4,89.9,0.762,2.09,2.72,14.41,4,0,0,73.6,73.8,0,1438.3,0.0307
2841.3,34.3,18.3,49.0,81.1,34.2,94.9,0.053,17.24,18.21,13.75,2,0,0,34.3,33.7,2,93.3,0.8312
1612.6,28.3,20.9,45.9,49.6,35.5,117.6,0.9,13.26,4.26,13.9,3,0,0,28.3,28.5,1,35.7,0.7293
2903.4,20.2,19.0,50.8,54.3,47.0,116.4,0.752,9.93,3.18,13.71,1,0,0,20.2,20.2,1,63.6,0.9571
2817.4,74.2,23.4,66.2,85.8,30.9,87.2,0.074,12.07,13.22,13.96,5,0,0,74.2,73.8,2,86.5,0.8993
3324.4,89.5,15.0,63.2,92.7,36.5,93.5,0.114,19.34,12.72,13.95,5,0,0,89.5,90.0,2,64.8,0.7083
3535.6,91.9,32.6,59.3,59.6,33.2,82.3,0.475,0.39,-0.03,10.6,5,0,0,91.9,92.2,3,43.6,0.9211
2407.0,38.5,15.4,42.3,44.2,36.2,83.6,0.814,1.64,0.7,14.15,3,0,0,38.5,38.5,0,831.4,0.0335
1929.2,15.9,13.6,43.7,44.3,35.8,88.6,0.186,4.0,1.78,14.01,1,0,0,15.9,16.1,0,1052.9,0.0169
3068.9,79.9,29.7,63.2,64.0,37.2,84.8,0.82,-1.97,1.68,14.05,5,0,0,79.9,78.4,0,820.8,0.0415
3471.2,91.1,15.5,64.5,62.6,37.8,86.8,0.265,4.7,2.59,14.12,5,0,0,91.1,91.3,0,1076.2,0.0766
3561.2,76.3,17.8,67.1,67.2,36.6,86.4,0.74,0.45,2.85,14.06,4,0,0,76.3,77.2,0,836.6,0.0163
1063.2,0.0,2.3,36.7,35.3,34.2,85.1,0.731,2.35,0.94,14.15,0,0,0,0.0,0.0,0,1309.6,0.0328
1077.1,0.0,2.4,30.5,33.5,29.2,89.8,0.472,0.69,1.1,10.25,0,0,0,0.0,0.0,3,33.5,0.9374
3401.8,87.5,14.1,64.3,63.7,38.3,88.9,0.298,3.77,0.54,14.06,5,0,0,87.5,86.9,0,927.2,0.0707
1073.1,0.0,2.5,32.3,32.4,36.1,86.9,0.214,2.48,0.9,14.02,0,0,0,0.0,0.0,0,1269.6,0.0211
2493.4,40.8,11.8,51.9,47.9,31.2,88.6,0.84,1.16,1.75,14.23,3,0,0,40.8,40.1,0,1164.3,0.0476
1053.3,0.0,2.1,29.5,30.3,31.1,87.5,0.844,2.63,3.04,14.04,0,0,0,0.0,0.0,0,920.6,0.075
3480.7,89.0,32.9,58.5,59.0,30.8,87.4,0.299,0.89,3.53,14.31,5,0,0,89.0,89.4,0,1058.1,0.0678
1064.2,0.0,2.3,25.0,29.7,32.2,83.6,0.282,-0.46,1.74,13.85,0,0,0,0.0,0.0,0,1128.4,0.0655
1026.9,0.0,2.4,35.2,34.0,38.8,87.9,0.873,3.35,0.07,14.17,0,0,1,0.0,0.0,0,832.3,0.0767
2069.4,25.0,16.0,45.3,46.4,39.5,114.7,0.662,6.47,3.41,13.49,2,0,0,25.0,24.6,1,60.9,0.935
3591.0,89.6,28.3,59.1,77.4,31.9,98.9,0.104,16.7,14.66,14.11,5,0,0,89.6,88.3,2,112.3,0.682
2289.6,32.5,15.4,45.3,67.6,33.0,97.2,0.107,23.92,16.21,14.09,3,0,0,32.5,32.0,2,57.1,0.7016
1019.4,0.0,2.0,36.9,35.8,38.2,115.6,0.729,8.58,5.87,13.86,0,0,0,0.0,0.0,1,59.7,0.7494
3606.2,93.9,34.5,61.6,61.5,33.1,86.1,0.344,1.78,1.53,14.12,5,0,0,93.9,95.2,0,756.1,0.0247
1307.9,0.0,2.1,33.9,55.0,34.5,94.4,0.077,25.71,17.54,13.98,0,0,0,0.0,0.0,2,77.4,0.8054
3069.7,68.8,23.3,58.7,86.0,37.7,96.4,0.096,19.91,13.3,14.04,4,0,0,68.8,67.7,2,34.5,0.7942
1043.8,0.0,2.4,37.4,35.9,29.7,87.6,0.236,1.53,1.95,14.06,0,0,0,0.0,0.0,0,1116.7,0.0161
1041.8,0.0,2.5,32.6,34.2,40.9,113.7,0.683,3.6,2.93,14.05,0,0,0,0.0,0.0,1,61.2,0.8575
1050.0,0.0,2.3,38.6,36.0,33.8,89.6,0.223,0.64,0.63,13.96,0,0,1,0.0,0.0,0,1014.9,0.0768
1135.1,0.0,2.0,32.6,56.9,38.4,94.1,0.12,20.03,14.28,14.11,0,0,1,0.0,0.0,2,88.6,0.6968
1979.9,15.7,15.1,34.5,37.6,35.2,83.0,0.209,4.17,1.59,10.42,1,0,0,15.7,15.7,3,37.2,0.8913
2871.3,50.3,20.4,42.8,42.5,31.2,90.0,0.718,-1.82,1.91,14.07,3,0,0,50.3,50.9,0,908.2,0.0484
3392.4,75.0,26.7,58.6,86.1,33.2,91.3,0.153,20.68,14.82,14.12,4,0,0,75.0,74.8,2,61.5,0.8865
2228.6,15.2,13.7,51.7,50.1,47.2,120.1,0.817,7.12,3.81,13.78,1,0,0,15.2,15.3,1,44.1,0.7817
1075.4,0.0,2.0,30.0,31.5,36.1,90.7,0.696,2.17,1.73,10.18,0,0,0,0.0,0.0,3,36.1,0.9649
1753.5,13.6,7.5,42.2,41.5,24.6,91.0,0.784,0.24,2.69,13.93,1,0,0,13.6,13.4,0,897.9,0.0431
2092.0,16.8,17.2,52.4,72.6,37.7,90.7,0.135,19.32,13.02,13.91,1,0,0,16.8,16.9,2,27.7,0.6841
3565.0,95.2,28.0,64.6,62.5,27.3,85.2,0.837,1.32,1.56,14.14,5,0,0,95.2,94.0,0,1368.3,0.0752
4477.4,75.5,54.5,92.8,92.5,31.7,88.0,0.812,4.06,2.11,14.12,3,0,0,75.5,74.7,0,848.7,0.0581
1806.8,15.0,16.4,46.0,44.6,38.6,88.9,0.31,-0.19,0.86,14.28,1,0,0,15.0,14.8,0,1132.6,0.0753
1077.3,0.0,2.3,27.7,31.0,35.2,82.8,0.575,5.17,1.65,11.16,0,0,1,0.0,0.0,3,44.4,0.8745
1223.8,0.0,2.1,28.9,58.8,31.0,92.3,0.176,24.03,14.09,13.96,0,0,0,0.0,0.0,2,113.3,0.716
3225.5,87.0,20.2,60.2,91.4,38.7,95.9,0.14,21.18,11.89,14.15,5,0,0,87.0,86.0,2,32.4,0.7496
2987.9,68.4,33.3,61.4,60.8,34.2,82.2,0.644,-0.53,-0.35,10.35,4,0,0,68.4,67.3,3,30.9,0.9377
1067.5,0.0,2.2,37.9,36.9,37.1,88.1,0.774,1.73,1.89,14.02,0,0,0,0.0,0.0,0,1223.5,0.0391
1060.5,0.0,2.2,33.3,32.0,32.1,85.4,0.187,3.07,2.42,14.1,0,0,0,0.0,0.0,0,1299.0,0.0768
3266.0,39.9,19.2,48.6,51.3,37.8,90.5,0.279,-0.64,0.75,14.14,2,0,0,39.9,39.5,0,1037.5,0.0648
1037.9,0.0,2.0,33.1,37.6,37.1,86.7,0.775,0.31,1.78,14.04,0,0,0,0.0,0.0,0,772.9,0.0574
1062.5,0.0,2.3,34.8,31.3,25.4,83.6,0.785,1.68,1.71,14.06,0,0,0,0.0,0.0,0,1144.4,0.0764
3331.6,71.1,22.3,69.2,70.5,35.2,84.1,0.222,0.07,2.53,14.16,4,0,0,71.1,72.3,0,1266.5,0.0516
3064.3,66.4,21.8,65.9,65.8,38.7,87.7,0.78,1.32,0.92,14.2,4,0,0,66.4,65.8,0,1441.7,0.0472
3115.5,82.0,26.7,50.5,53.6,36.1,91.7,0.196,4.33,1.58,14.02,5,0,0,82.0,80.9,0,1132.4,0.0135
3896.2,82.9,26.4,62.9,61.3,35.3,89.8,0.867,3.52,2.81,13.9,4,0,0,82.9,84.5,0,1281.4,0.0666
2777.9,42.0,8.5,38.2,39.7,29.7,87.8,0.799,1.57,1.37,14.36,3,0,0,42.0,42.0,0,810.1,0.0134
1056.5,0.0,2.4,33.0,32.7,29.8,88.4,0.672,3.85,1.76,10.99,0,0,1,0.0,0.0,3,20.5,0.9023
3093.4,89.4,19.9,62.5,93.1,35.4,97.5,0.193,18.51,15.82,13.73,5,0,0,89.4,90.2,2,27.8,0.7042
3589.5,94.2,14.4,64.9,65.8,40.4,84.4,0.262,4.53,0.81,9.96,5,0,0,94.2,92.9,3,44.9,0.9089
1526.3,14.3,16.0,41.1,43.8,31.5,86.2,0.72,1.8,0.21,14.01,1,0,0,14.3,14.1,0,1210.4,0.0687
3070.4,82.5,25.6,65.8,64.2,34.8,88.6,0.744,2.75,1.7,13.76,5,0,0,82.5,82.4,0,833.4,0.0473
3010.5,37.0,12.8,40.6,71.5,32.5,99.1,0.192,19.11,15.14,13.99,2,0,0,37.0,36.6,2,40.6,0.8986
2487.0,29.8,14.1,35.2,35.0,35.4,89.8,0.203,-0.45,2.09,14.08,2,0,0,29.8,30.4,0,1255.3,0.0432
1999.5,23.6,9.5,53.6,54.6,35.7,92.9,0.342,1.81,0.22,14.42,2,0,0,23.6,23.6,0,1244.2,0.0488
1063.4,0.0,2.1,37.7,36.7,37.2,85.2,0.697,1.98,0.43,13.97,0,0,0,0.0,0.0,0,1100.9,0.0275
3619.0,94.1,31.5,65.4,67.7,28.3,83.9,0.235,-0.77,1.19,14.14,5,0,0,94.1,93.0,0,1332.7,0.033
3414.0,90.4,25.8,69.2,64.3,37.8,85.9,0.297,-0.24,3.01,14.37,5,0,0,90.4,90.8,0,806.6,0.0433
2150.4,15.1,13.0,37.1,36.9,29.1,90.3,0.88,2.09,1.11,14.24,1,0,0,15.1,14.9,0,1094.0,0.0379
1002.4,0.0,2.0,32.4,33.0,40.9,117.3,0.782,9.69,4.66,13.8,0,0,1,0.0,0.0,1,13.1,0.946
3618.2,81.5,15.9,61.4,59.7,28.0,87.5,0.181,2.68,-0.04,14.15,4,0,0,81.5,82.7,0,1262.9,0.0342
1034.0,0.0,2.0,34.7,32.7,38.7,81.8,0.828,0.62,1.48,14.07,0,0,1,0.0,0.0,0,1168.7,0.0226
3850.5,80.0,24.7,57.9,85.8,30.5,97.4,0.057,16.14,14.03,13.87,4,0,0,80.0,80.3,2,92.5,0.8768
4379.2,56.9,83.2,81.8,81.0,32.4,81.3,0.863,1.37,3.27,13.96,2,0,0,56.9,57.0,0,1296.1,0.0302
3261.2,86.8,32.2,63.6,64.0,28.1,86.1,0.831,1.41,-0.26,14.24,5,0,0,86.8,85.3,0,973.3,0.0715
3231.1,71.5,18.9,54.7,81.2,36.3,95.6,0.094,16.83,10.16,13.79,4,0,0,71.5,71.7,2,86.9,0.7214
2703.4,42.5,13.8,51.1,50.3,36.6,90.3,0.251,1.43,0.98,14.2,3,0,0,42.5,42.0,0,1462.3,0.0709
1049.5,0.0,2.3,34.8,32.6,35.5,86.8,0.321,1.28,0.39,14.18,0,0,0,0.0,0.0,0,871.2,0.0551
1046.6,0.0,2.3,36.5,35.4,31.3,87.5,0.857,1.48,1.99,14.02,0,0,1,0.0,0.0,0,800.9,0.0704
3202.2,70.6,33.5,64.8,63.6,27.5,81.2,0.323,3.06,1.55,14.15,4,0,0,70.6,70.3,0,1389.5,0.0725
1020.2,0.0,2.5,36.3,36.4,29.5,85.1,0.747,3.63,1.86,14.04,0,0,1,0.0,0.0,0,918.5,0.0341
1158.7,0.0,2.1,38.0,60.9,32.4,92.3,0.17,19.14,14.54,13.73,0,0,0,0.0,0.0,2,55.7,0.7715
3126.0,81.3,27.9,63.1,64.6,36.8,91.0,0.345,3.18,1.8,14.06,5,0,0,81.3,80.4,0,1237.9,0.0461
2852.2,75.9,21.4,59.0,58.9,39.2,86.2,0.726,-0.57,2.01,14.21,5,0,0,75.9,76.6,0,1079.0,0.0687
3751.4,80.5,17.6,68.4,68.0,28.1,90.4,0.191,-0.45,1.61,13.97,4,0,0,80.5,79.8,0,1297.3,0.0428
2312.0,27.3,15.3,41.9,42.0,31.7,87.4,0.88,1.12,2.65,14.01,2,0,0,27.3,27.1,0,1288.1,0.0184
5421.4,64.9,52.1,75.6,78.3,38.0,113.4,0.868,10.04,2.48,13.46,2,0,0,64.9,66.0,1,21.7,0.7912
3015.3,79.0,19.4,62.4,63.8,36.7,88.6,0.783,0.07,1.81,13.93,5,0,0,79.0,78.5,0,915.5,0.0234
1053.2,0.0,2.1,31.3,34.2,31.8,85.0,0.75,2.78,1.67,14.03,0,0,1,0.0,0.0,0,1098.4,0.0625
3738.3,79.1,21.5,68.3,69.6,36.5,88.1,0.249,-0.36,1.73,14.01,4,0,0,79.1,79.7,0,1425.5,0.0238
2372.4,20.0,20.9,52.3,51.3,28.4,88.4,0.748,2.04,3.04,14.03,1,0,0,20.0,19.6,0,1281.6,0.0116
2085.6,16.1,15.6,42.4,39.7,37.6,88.9,0.699,1.61,1.34,14.13,1,0,0,16.1,16.0,0,920.6,0.0352
1328.6,0.0,2.2,30.3,60.0,31.4,86.2,0.114,16.09,16.16,13.74,0,0,0,0.0,0.0,2,60.5,0.6742
4187.9,51.5,45.4,81.3,80.4,33.3,88.7,0.817,2.24,3.36,13.98,2,0,0,51.5,51.8,0,731.5,0.0109
2888.0,35.8,16.4,47.3,44.8,28.9,95.0,0.273,4.08,0.52,14.2,2,0,0,35.8,35.9,0,849.7,0.0343
1850.3,23.5,20.8,43.8,44.9,27.9,83.9,0.216,1.11,1.53,14.11,2,0,0,23.5,23.6,0,784.8,0.0341
1057.9,0.0,2.2,30.2,30.9,49.1,113.8,0.883,4.99,5.11,14.17,0,0,0,0.0,0.0,1,16.4,0.8858
2181.8,16.6,15.6,47.0,48.0,28.2,92.6,0.697,-1.31,0.76,14.36,1,0,0,16.6,16.3,0,1319.6,0.0317
1869.9,22.4,7.0,55.9,57.6,46.1,106.9,0.697,5.97,3.99,13.94,2,0,0,22.4,22.2,1,39.2,0.9235
2443.5,26.5,15.5,55.4,76.6,31.6,94.0,0.1,22.35,12.43,14.17,2,0,0,26.5,26.2,2,108.2,0.7029
2506.2,31.6,17.4,44.3,68.7,32.8,91.5,0.051,18.33,14.29,14.11,2,0,0,31.6,31.8,2,37.9,0.8402
3667.1,78.3,25.0,63.8,64.4,38.6,83.1,0.753,3.04,3.08,14.24,4,0,0,78.3,77.6,0,1492.4,0.058
1841.9,21.3,7.3,49.7,48.7,34.1,89.7,0.26,0.84,1.38,14.38,2,0,0,21.3,21.5,0,783.9,0.0306
2684.4,48.6,18.2,50.0,79.3,35.6,90.5,0.054,18.97,15.58,13.77,3,0,0,48.6,48.5,2,44.9,0.8737
3302.9,85.1,18.4,63.9,62.6,30.2,84.1,0.519,1.19,-0.1,11.12,5,0,0,85.1,84.6,3,24.6,0.8401
3327.9,91.0,24.4,59.7,88.9,32.3,95.4,0.102,22.36,15.12,13.68,5,0,0,91.0,90.4,2,108.6,0.7197
3842.3,83.5,20.1,60.3,59.6,33.9,87.3,0.347,-0.49,3.71,14.09,4,0,0,83.5,82.9,0,875.8,0.0243
2607.4,45.6,17.9,48.5,45.8,37.0,91.5,0.34,3.58,1.64,14.15,3,0,0,45.6,46.1,0,1379.4,0.0212
2088.6,15.5,6.8,49.6,50.2,28.3,83.0,0.836,0.59,1.68,14.08,1,0,0,15.5,15.7,0,1411.1,0.0501
5235.1,62.9,80.3,82.1,84.3,40.1,108.2,0.853,3.55,2.7,13.59,2,0,0,62.9,61.7,1,42.1,0.7766
2346.0,17.9,8.8,54.8,54.5,33.5,93.2,0.868,2.18,-0.23,14.05,1,0,0,17.9,18.1,0,1272.4,0.0669
2499.9,31.6,10.6,48.9,49.6,27.6,84.6,0.751,1.78,0.84,14.07,2,0,0,31.6,31.3,0,965.3,0.0614
944.9,0.0,2.0,32.3,62.1,29.5,95.4,0.073,17.28,13.27,13.86,0,0,0,0.0,0.0,2,117.4,0.8278
3018.8,75.0,23.0,56.5,56.3,33.0,86.4,0.332,1.23,1.91,14.24,5,0,0,75.0,73.7,0,1400.5,0.0793
2543.3,32.2,9.2,44.6,77.8,32.1,93.2,0.171,13.9,13.62,13.89,2,0,0,32.2,31.6,2,74.7,0.8619
1046.2,0.0,1.8,30.3,33.6,30.0,84.3,0.841,2.4,-0.06,14.17,0,0,0,0.0,0.0,0,806.2,0.0617
2756.8,34.3,19.9,49.2,48.5,30.2,90.2,0.267,1.01,1.93,13.96,2,0,0,34.3,34.9,0,804.2,0.0484
1873.3,14.2,21.9,48.6,51.8,36.5,89.7,0.196,-0.3,1.25,14.07,1,0,0,14.2,14.3,0,827.1,0.0418
2492.8,30.1,6.0,37.7,57.9,34.9,89.6,0.051,22.42,13.57,14.06,2,0,0,30.1,30.4,2,58.2,0.6689
2323.4,19.8,16.4,34.2,38.2,39.2,94.8,0.293,3.05,1.65,14.14,1,0,0,19.8,19.4,0,836.9,0.0778
2879.5,22.7,16.5,41.5,40.9,30.3,90.0,0.713,3.77,2.8,14.17,1,0,0,22.7,23.1,0,1477.7,0.0729
2774.1,32.2,10.9,60.1,55.7,28.9,90.0,0.674,2.41,2.14,10.86,2,0,0,32.2,31.9,3,8.2,0.9722
1064.2,0.0,2.1,35.3,33.5,33.9,85.9,0.221,-0.79,1.84,13.89,0,0,1,0.0,0.0,0,1377.4,0.0316
1097.1,0.0,2.2,34.3,32.6,33.8,84.5,0.298,0.87,2.35,13.99,0,0,0,0.0,0.0,0,905.2,0.0513
1053.8,0.0,1.9,31.5,31.4,30.1,87.2,0.259,-0.63,2.29,14.15,0,0,0,0.0,0.0,0,817.8,0.0148
1036.7,0.0,2.3,33.9,36.1,35.6,87.8,0.754,1.54,0.79,14.03,0,0,0,0.0,0.0,0,1448.5,0.0111
1076.1,0.0,2.2,28.3,31.4,47.5,109.4,0.71,9.07,6.02,13.62,0,0,0,0.0,0.0,1,45.1,0.8977
3781.1,100.0,15.0,62.7,65.9,35.6,94.5,0.282,2.08,1.23,13.98,5,0,0,100.0,99.4,0,1450.1,0.039
2826.7,35.3,19.1,53.6,52.3,28.2,90.9,0.791,0.79,1.78,14.37,2,0,0,35.3,35.9,0,1440.6,0.0179
4385.9,76.7,72.9,82.4,83.8,30.0,88.7,0.826,2.84,1.11,14.19,3,0,0,76.7,77.0,0,1173.8,0.0502
2238.3,16.8,14.2,47.8,50.1,46.5,114.7,0.8,4.74,3.08,13.67,1,0,0,16.8,16.8,1,26.6,0.8368
3271.6,87.2,17.7,62.1,58.9,37.3,88.2,0.747,2.27,1.7,14.13,5,0,0,87.2,87.3,0,1486.2,0.0392
1670.4,20.9,11.3,47.3,46.5,35.2,81.0,0.835,1.3,1.29,14.23,2,0,0,20.9,21.3,0,1466.8,0.0189
1033.9,0.0,2.1,42.5,39.4,35.7,88.9,0.719,3.33,3.79,14.12,0,0,0,0.0,0.0,0,1081.3,0.069
3278.0,40.0,18.6,53.8,54.1,35.3,86.9,0.323,1.7,0.34,14.24,2,0,0,40.0,40.5,0,1213.9,0.0381
2769.4,20.6,19.5,46.3,49.2,27.8,83.9,0.212,4.66,1.02,14.3,1,0,0,20.6,20.3,0,993.0,0.0186
1982.7,25.6,17.1,48.7,49.2,27.5,83.9,0.28,3.23,1.99,13.99,2,0,0,25.6,25.3,0,1407.7,0.0246
1189.9,0.0,2.2,32.9,58.8,35.3,89.9,0.115,23.72,12.79,14.11,0,0,0,0.0,0.0,2,73.3,0.7729
2080.3,26.2,14.7,50.3,48.8,33.0,90.6,0.243,4.29,2.57,14.13,2,0,0,26.2,26.4,0,1178.1,0.0602
3286.3,37.3,7.7,47.6,49.0,33.3,83.8,0.586,1.87,0.74,10.8,2,0,0,37.3,37.3,3,37.5,0.9785
1074.0,0.0,2.4,31.8,34.1,26.6,87.3,0.266,0.84,0.19,9.86,0,0,0,0.0,0.0,3,30.4,0.8941
3427.9,89.9,22.5,64.7,65.1,34.7,89.9,0.871,3.59,1.06,14.05,5,0,0,89.9,91.7,0,1461.0,0.0174
3580.0,76.2,18.2,74.3,70.4,38.9,92.0,0.28,0.13,2.1,14.0,4,0,0,76.2,76.8,0,1497.9,0.0173
2437.2,19.0,11.3,58.2,59.0,29.6,88.0,0.771,0.93,0.56,13.94,1,0,0,19.0,18.8,0,800.3,0.0157
1944.6,36.9,13.3,55.1,74.3,38.4,96.8,0.122,18.02,15.27,14.27,3,0,0,36.9,36.8,2,23.8,0.7844
2531.9,42.5,21.9,53.0,49.6,35.3,89.7,0.719,3.79,0.11,14.36,3,0,0,42.5,43.1,0,1437.4,0.0779
3209.4,88.1,19.0,67.6,66.8,30.4,83.2,0.237,1.62,0.98,14.2,5,0,0,88.1,88.8,0,1142.2,0.0353
2265.1,27.7,8.0,47.8,48.1,25.8,86.2,0.233,2.19,2.17,14.19,2,0,0,27.7,27.9,0,721.1,0.0484
953.4,0.0,2.4,30.6,50.1,31.4,100.6,0.154,24.44,14.21,14.0,0,0,1,0.0,0.0,2,68.4,0.8804
3401.1,93.2,21.2,67.0,89.0,37.8,89.9,0.178,16.48,8.41,13.97,5,0,0,93.2,94.3,2,60.3,0.9031
2563.9,42.1,7.1,40.2,42.9,31.2,89.4,0.831,2.58,-0.14,14.15,3,0,0,42.1,42.0,0,942.9,0.0408
2122.9,36.2,12.2,49.0,45.4,45.4,107.3,0.778,11.41,4.62,13.91,3,0,0,36.2,35.7,1,28.0,0.7921
1025.7,0.0,2.3,38.0,37.3,36.7,90.3,0.737,3.12,2.1,13.98,0,0,0,0.0,0.0,0,1304.1,0.0778
4774.7,81.5,79.1,83.1,81.1,31.4,82.9,0.252,3.44,1.9,14.22,3,0,0,81.5,80.0,0,788.5,0.0655
3654.4,78.7,20.9,61.9,87.8,31.2,97.8,0.13,20.07,18.77,13.82,4,0,0,78.7,77.5,2,98.5,0.8074
3552.7,92.7,20.6,64.2,65.9,33.9,90.0,0.794,4.47,1.85,13.97,5,0,0,92.7,91.4,0,1320.4,0.0572
2362.0,18.1,11.6,48.7,48.6,39.2,86.2,0.301,4.02,0.21,13.98,1,0,0,18.1,18.1,0,1363.9,0.041
1045.8,0.0,1.9,34.5,34.8,30.0,88.5,0.728,2.5,1.34,13.87,0,0,0,0.0,0.0,0,1135.9,0.0456
2418.4,27.4,19.7,48.2,72.4,33.2,91.9,0.142,21.74,12.97,13.88,2,0,0,27.4,27.8,2,25.0,0.8541
2877.2,75.0,22.9,57.2,80.5,29.7,86.5,0.096,19.06,9.7,13.92,5,0,0,75.0,76.0,2,57.0,0.775
2265.9,38.1,21.3,47.9,46.3,39.2,112.7,0.794,4.86,2.75,13.9,3,0,0,38.1,38.5,1,49.6,0.8993
943.2,0.0,2.0,31.6,61.4,38.8,101.0,0.199,14.86,14.13,13.9,0,0,0,0.0,0.0,2,91.7,0.7704
2448.5,31.3,20.4,49.0,46.4,34.7,89.2,0.788,4.4,0.78,14.2,2,0,0,31.3,31.9,0,1400.9,0.0399
1047.0,0.0,2.2,30.6,31.9,28.7,84.2,0.312,3.68,3.55,14.11,0,0,0,0.0,0.0,0,1004.7,0.0546
1006.6,0.0,2.1,39.6,37.2,31.7,88.3,0.294,0.31,1.35,14.12,0,0,0,0.0,0.0,0,949.4,0.0515
1052.7,0.0,2.2,34.4,32.2,30.2,85.8,0.231,5.66,1.83,13.96,0,0,1,0.0,0.0,0,1005.7,0.06
1071.3,0.0,2.0,35.8,35.8,34.1,83.3,0.207,-0.52,0.56,13.93,0,0,0,0.0,0.0,0,781.6,0.0353
1042.0,0.0,2.3,37.5,35.8,31.8,84.2,0.339,3.09,-0.97,11.16,0,0,0,0.0,0.0,3,36.5,0.9695
3206.4,37.5,15.9,38.2,41.6,32.9,86.4,0.199,3.28,1.36,14.17,2,0,0,37.5,37.5,0,1354.1,0.0379
2498.9,29.0,21.4,43.1,44.6,30.0,87.0,0.808,3.01,2.33,14.25,2,0,0,29.0,29.0,0,1444.1,0.0242
3147.3,66.2,18.7,61.6,64.5,32.6,83.3,0.716,3.18,1.37,14.03,4,0,0,66.2,65.7,0,1071.3,0.0442
1039.5,0.0,2.0,36.1,34.2,33.5,89.3,0.78,0.33,0.3,13.9,0,0,0,0.0,0.0,0,1489.6,0.0279
1068.2,0.0,2.1,31.2,32.1,38.9,88.0,0.271,-2.49,1.34,10.82,0,0,0,0.0,0.0,3,34.7,0.9669
1032.1,0.0,2.0,30.8,31.9,33.2,90.1,0.255,3.22,2.84,14.05,0,0,1,0.0,0.0,0,1006.0,0.0604
2530.2,28.2,21.7,44.8,45.6,35.4,90.8,0.735,-0.19,1.97,14.36,2,0,0,28.2,28.5,0,823.2,0.023
2967.3,63.6,34.8,59.5,81.6,28.8,94.9,0.162,16.34,12.24,13.96,4,0,0,63.6,62.5,2,34.8,0.83
3035.9,82.2,20.2,64.0,65.5,33.3,84.7,0.19,3.47,2.37,14.11,5,0,0,82.2,83.0,0,1214.0,0.0577
2720.7,24.7,21.0,51.8,50.2,37.6,84.2,0.778,0.84,2.24,14.08,1,0,0,24.7,25.2,0,926.2,0.0598
2549.7,17.3,13.4,53.1,52.1,26.0,90.9,0.752,1.79,1.61,14.07,1,0,0,17.3,17.0,0,1122.3,0.0716
2924.2,33.8,8.3,47.3,48.7,35.4,88.4,0.82,6.97,1.14,14.2,2,0,0,33.8,33.8,0,1066.4,0.0555
3414.6,74.8,18.9,66.1,67.6,38.4,85.6,0.503,-5.61,-0.69,10.71,4,0,0,74.8,74.0,3,15.6,0.8205
2531.0,42.7,6.2,39.3,68.6,36.6,94.2,0.126,14.34,14.83,13.78,3,0,0,42.7,42.5,2,39.4,0.9023
1032.8,0.0,2.4,37.3,37.6,28.7,84.7,0.8,3.93,2.47,14.13,0,0,0,0.0,0.0,0,897.6,0.0256
4630.2,54.8,84.6,85.6,98.0,33.3,96.4,0.154,19.94,16.04,13.85,2,0,0,54.8,54.5,2,55.0,0.658
2529.3,20.4,14.0,45.2,48.0,37.8,86.9,0.321,2.87,1.61,13.91,1,0,0,20.4,20.3,0,1471.3,0.0672
2830.7,23.2,16.0,46.8,46.9,29.9,85.8,0.866,1.34,4.38,14.37,1,0,0,23.2,23.3,0,1481.7,0.0633
2263.0,29.5,16.3,47.4,46.9,39.0,90.3,0.285,1.45,2.09,14.2,2,0,0,29.5,29.4,0,1435.2,0.0721
4419.5,71.9,76.2,89.3,87.9,27.2,86.1,0.254,2.03,0.7,13.97,3,0,0,71.9,71.7,0,830.4,0.0668
1054.8,0.0,2.0,33.1,35.3,30.8,84.4,0.7,2.75,1.53,13.88,0,0,0,0.0,0.0,0,1162.4,0.0776
3591.8,97.1,33.9,59.1,60.7,40.4,120.6,0.86,12.86,3.28,13.68,5,0,0,97.1,95.4,1,68.4,0.8995
3791.1,76.3,42.1,75.2,75.5,30.7,86.7,0.496,3.56,1.19,10.58,4,0,0,76.3,76.3,3,31.0,0.8183
3405.4,52.4,68.8,79.0,79.4,31.7,89.2,0.196,3.69,2.45,14.04,3,0,0,52.4,52.3,0,1417.2,0.0655
3980.9,85.7,33.5,59.4,59.0,34.7,85.6,0.336,1.58,3.33,13.92,4,0,0,85.7,86.5,0,1389.5,0.0634
2931.7,56.8,22.4,61.1,62.9,31.4,87.7,0.766,2.02,1.67,14.0,4,0,0,56.8,56.6,0,1306.5,0.0542
2858.4,57.3,19.7,64.7,64.5,28.5,81.9,0.275,-1.06,2.22,14.17,4,0,0,57.3,57.3,0,786.2,0.0565
2864.5,76.3,22.1,60.3,57.6,31.9,80.7,0.335,0.96,2.81,14.26,5,0,0,76.3,77.3,0,1122.5,0.0253
2795.7,44.6,15.0,40.4,40.4,31.0,82.6,0.805,3.54,0.6,14.12,3,0,0,44.6,44.7,0,770.7,0.0158
1861.0,21.3,17.1,54.6,75.7,38.9,102.1,0.06,12.13,14.74,13.94,2,0,0,21.3,21.6,2,44.9,0.7691
3075.1,82.3,18.3,57.5,60.4,37.7,92.0,0.832,3.58,1.36,14.01,5,0,0,82.3,81.4,0,998.2,0.0523
1042.8,0.0,2.0,30.9,32.3,34.7,85.9,0.794,0.92,2.14,14.07,0,0,1,0.0,0.0,0,922.6,0.0466
2562.4,19.4,6.4,39.3,41.2,32.2,90.7,0.185,0.55,1.76,14.16,1,0,0,19.4,19.2,0,969.4,0.0449
2393.4,19.4,20.6,38.6,37.9,26.9,90.0,0.266,2.33,1.24,14.18,1,0,0,19.4,19.6,0,912.6,0.0267
2476.0,30.5,17.8,48.8,48.0,29.1,88.3,0.318,1.3,1.78,14.22,2,0,0,30.5,30.7,0,1269.4,0.0335
2385.9,40.2,13.9,53.4,51.8,46.9,110.1,0.715,5.41,5.04,13.72,3,0,0,40.2,39.9,1,53.5,0.8231
1007.0,0.0,2.0,38.7,34.9,29.0,86.8,0.84,1.47,2.03,14.19,0,0,0,0.0,0.0,0,1109.0,0.0316
2192.0,25.6,22.0,43.3,44.6,39.8,118.2,0.886,9.06,2.25,13.69,2,0,0,25.6,25.7,1,9.8,0.9549
2537.1,20.6,20.1,52.5,54.2,30.4,90.3,0.216,0.49,1.4,14.08,1,0,0,20.6,20.5,0,1139.1,0.0694
1055.1,0.0,1.9,36.9,36.6,33.6,87.8,0.85,2.01,2.38,14.1,0,0,0,0.0,0.0,0,1028.7,0.0778
3669.2,77.7,30.7,65.4,63.7,34.0,87.1,0.802,1.72,2.08,13.98,4,0,0,77.7,76.9,0,776.3,0.0704
3202.2,52.4,19.0,55.7,73.7,29.8,90.3,0.134,15.95,13.02,13.84,3,0,0,52.4,51.6,2,32.1,0.8546
3499.1,93.4,21.8,66.4,64.5,31.5,90.3,0.222,3.18,1.67,14.07,5,0,0,93.4,94.8,0,1126.6,0.0759
1257.2,0.0,2.1,33.2,51.3,33.4,99.4,0.176,19.52,14.8,13.92,0,0,0,0.0,0.0,2,47.6,0.8412
2765.3,47.3,11.4,52.4,52.8,33.4,84.3,0.7,-0.13,1.74,14.08,3,0,0,47.3,46.5,0,1444.8,0.0709
4058.2,91.3,82.4,77.7,97.3,28.8,92.1,0.123,23.35,13.79,13.95,4,0,0,91.3,89.8,2,84.7,0.8565
1066.5,0.0,2.4,38.5,39.0,37.3,85.5,0.698,0.03,0.49,14.0,0,0,0,0.0,0.0,0,1130.9,0.0443
2361.4,37.5,16.7,42.0,46.9,37.4,115.7,0.89,4.73,2.15,13.82,3,0,0,37.5,37.8,1,15.7,0.866
2287.5,28.7,9.1,38.4,35.9,29.2,86.3,0.863,-0.53,1.66,14.31,2,0,0,28.7,28.7,0,1236.2,0.071
1057.6,0.0,2.2,30.0,32.0,34.5,89.9,0.475,0.26,1.04,10.99,0,0,0,0.0,0.0,3,36.9,0.8244
2048.0,25.1,11.6,45.5,45.6,30.3,89.5,0.239,2.56,-0.1,14.25,2,0,0,25.1,25.4,0,976.2,0.0743
5026.1,82.7,60.5,87.5,85.6,32.9,86.7,0.212,1.29,2.0,14.16,3,0,0,82.7,82.6,0,1137.2,0.0621
3177.0,70.1,31.8,68.3,70.4,33.5,90.2,0.257,3.47,2.23,14.09,4,0,0,70.1,69.2,0,833.2,0.0157
2020.5,23.6,14.7,54.3,71.5,33.8,97.7,0.157,16.67,13.59,13.89,2,0,0,23.6,23.4,2,35.2,0.8295
2454.8,28.2,9.6,51.5,51.0,31.2,92.2,0.205,3.63,2.91,14.31,2,0,0,28.2,28.3,0,1232.9,0.0768
3542.1,78.2,49.4,89.1,98.0,33.6,94.2,0.075,16.32,13.1,14.05,4,0,0,78.2,78.8,2,22.0,0.8677
1070.1,0.0,1.8,28.1,30.5,28.0,85.2,0.879,0.15,1.86,14.1,0,0,0,0.0,0.0,0,1184.7,0.0622
2001.9,34.8,18.4,51.9,53.8,37.1,83.5,0.681,2.35,2.76,14.25,3,0,0,34.8,34.7,0,851.8,0.0638
3304.9,89.1,31.6,57.0,58.1,32.5,91.8,0.257,2.0,1.25,14.26,5,0,0,89.1,90.8,0,921.4,0.0784
1041.2,0.0,2.1,31.1,30.7,29.1,92.8,0.367,3.61,0.05,10.0,0,0,0,0.0,0.0,3,16.5,0.9331
4810.5,60.2,71.7,75.2,72.5,41.2,112.5,0.801,4.67,4.26,13.94,2,0,0,60.2,59.5,1,62.0,0.8438
1052.6,0.0,2.3,29.8,32.9,30.2,83.1,0.552,1.03,1.27,10.22,0,0,0,0.0,0.0,3,6.7,0.9052
2552.5,44.3,11.3,53.1,54.4,31.8,82.9,0.206,1.08,-0.24,14.2,3,0,0,44.3,44.9,0,1353.6,0.0339
3551.8,94.7,28.4,54.7,58.4,43.2,123.0,0.821,5.45,5.72,13.9,5,0,0,94.7,95.2,1,32.1,0.9159
1602.6,27.4,12.0,55.8,54.6,37.9,124.1,0.806,7.64,3.69,13.74,3,0,0,27.4,27.4,1,66.9,0.8518
3291.1,70.0,32.0,58.9,60.6,37.2,92.5,0.69,2.89,1.89,14.43,4,0,0,70.0,69.1,0,1482.1,0.0667
2346.6,34.5,20.5,50.3,75.4,27.8,93.0,0.073,18.85,13.01,14.08,3,0,0,34.5,34.6,2,21.4,0.8127
2460.0,30.6,12.3,54.8,55.6,40.3,87.8,0.614,0.59,2.75,11.4,2,0,0,30.6,30.3,3,17.9,0.939
3269.4,96.4,26.7,70.7,93.4,38.6,93.8,0.106,24.94,13.21,13.86,5,0,0,96.4,96.5,2,52.4,0.7367
3535.0,95.7,17.7,66.0,64.9,38.9,117.4,0.672,7.01,3.68,14.01,5,0,0,95.7,95.2,1,20.2,0.9574
3250.6,40.4,22.0,40.9,43.4,38.9,85.5,0.743,5.02,0.73,14.11,2,0,0,40.4,40.6,0,701.9,0.035
3148.0,82.5,31.1,55.3,55.6,38.3,87.9,0.746,0.87,2.68,14.0,5,0,0,82.5,82.9,0,811.0,0.0704
4350.9,54.5,52.8,89.6,87.7,36.6,80.0,0.64,2.69,-0.44,10.01,2,0,0,54.5,53.6,3,10.4,0.9326
5332.4,87.0,48.5,91.5,88.7,27.4,87.9,0.848,1.31,1.64,14.16,3,0,0,87.0,87.3,0,1399.9,0.0152
1955.5,13.3,11.8,46.6,44.6,35.9,113.4,0.735,9.05,5.35,14.13,1,0,0,13.3,13.1,1,31.1,0.8336
2661.9,20.4,15.7,34.7,33.4,43.3,114.6,0.665,8.8,1.91,13.7,1,0,0,20.4,20.3,1,12.8,0.7618
3050.3,84.3,22.8,73.4,70.3,43.4,114.2,0.67,5.82,3.85,13.39,5,0,0,84.3,85.5,1,56.2,0.9568
2634.7,34.4,7.5,49.4,49.4,32.8,89.5,0.634,0.11,1.49,10.44,2,0,0,34.4,35.0,3,11.0,0.8909
2923.7,23.3,14.9,46.5,44.0,36.9,82.2,0.314,1.55,2.2,14.02,1,0,0,23.3,23.0,0,1326.4,0.0695
3671.5,79.5,22.5,68.8,72.2,30.6,86.4,0.184,2.17,1.14,14.04,4,0,0,79.5,78.9,0,1018.3,0.0234
3630.7,92.1,30.9,67.6,66.4,30.2,95.6,0.239,2.05,3.54,14.07,5,0,0,92.1,92.2,0,1204.4,0.0674
2399.5,21.1,8.4,42.6,43.5,27.5,84.0,0.792,-0.21,0.09,14.07,1,0,0,21.1,20.7,0,1479.9,0.0467
3078.4,77.3,28.9,62.2,62.3,29.5,92.6,0.833,0.89,1.75,14.31,5,0,0,77.3,76.6,0,1081.0,0.0363
3517.9,91.8,19.9,66.1,63.9,34.2,90.3,0.277,1.1,0.36,14.29,5,0,0,91.8,92.0,0,1228.0,0.0715
850.0,0.0,2.1,37.4,65.6,31.3,97.9,0.164,24.48,11.45,13.79,0,0,0,0.0,0.0,2,116.5,0.9196
2602.6,32.9,10.4,28.9,29.5,34.0,89.0,0.62,-2.07,1.68,11.7,2,0,0,32.9,32.3,3,11.7,0.9197
1041.0,0.0,2.3,29.8,31.5,35.3,86.4,0.313,0.41,1.14,14.11,0,0,0,0.0,0.0,0,1471.8,0.0713
5152.4,60.3,61.1,78.8,80.5,31.8,88.0,0.837,1.03,0.79,13.95,2,0,0,60.3,60.4,0,1333.9,0.0565
1061.8,0.0,2.4,31.9,33.6,37.1,84.4,0.381,0.59,0.38,10.03,0,0,1,0.0,0.0,3,6.5,0.8353
4995.5,60.3,71.2,86.6,82.1,36.4,89.7,0.321,1.44,1.12,14.23,2,0,0,60.3,60.8,0,828.2,0.0531
3224.5,25.8,15.4,51.1,53.9,30.1,87.5,0.338,1.8,0.73,14.21,1,0,0,25.8,25.7,0,1364.9,0.0343
1030.0,0.0,2.0,37.6,34.9,36.1,89.7,0.344,2.85,0.59,13.97,0,0,1,0.0,0.0,0,1207.6,0.0533
2432.5,19.5,16.6,38.3,39.7,29.0,86.4,0.304,3.5,2.46,14.21,1,0,0,19.5,19.2,0,1134.1,0.0211
2568.5,32.0,13.7,51.2,52.0,36.2,86.0,0.854,2.3,2.61,14.2,2,0,0,32.0,32.0,0,725.4,0.0119
2820.9,34.0,11.0,46.9,47.9,29.3,91.3,0.634,0.06,2.51,11.34,2,0,0,34.0,34.6,3,16.9,0.898
3256.6,82.9,33.2,65.5,63.6,37.6,84.9,0.757,1.56,1.55,14.29,5,0,0,82.9,82.7,0,1445.2,0.0319
2552.4,30.6,8.9,35.3,36.4,27.4,84.0,0.223,-0.4,2.21,14.11,2,0,0,30.6,30.1,0,1291.4,0.0642
2050.6,24.3,11.6,43.8,46.1,28.0,91.1,0.798,2.86,2.08,14.27,2,0,0,24.3,23.9,0,868.1,0.0461
3217.5,81.1,22.3,54.7,56.0,36.8,92.9,0.87,2.37,1.61,14.38,5,0,0,81.1,80.8,0,1389.3,0.0465
4058.2,42.3,59.7,87.6,89.1,36.1,111.5,0.696,9.38,5.0,14.22,2,0,0,42.3,42.7,1,46.2,0.7955
2904.9,22.8,8.6,48.0,72.4,33.0,94.8,0.154,18.8,14.04,14.03,1,0,0,22.8,23.1,2,84.9,0.6796
4246.6,90.6,75.4,70.0,98.0,26.5,93.8,0.175,20.9,14.77,13.99,4,0,0,90.6,90.0,2,73.6,0.6587
1057.5,0.0,2.0,33.7,31.6,36.1,84.2,0.205,2.16,1.47,14.01,0,0,0,0.0,0.0,0,804.4,0.0527
1063.0,0.0,1.9,32.9,32.3,28.9,82.3,0.586,1.74,1.21,10.65,0,0,0,0.0,0.0,3,34.2,0.9701
1372.6,0.0,1.9,36.3,56.0,38.7,96.3,0.19,12.79,15.62,13.81,0,0,1,0.0,0.0,2,83.7,0.7232
1057.5,0.0,2.1,32.6,62.5,32.9,92.2,0.195,20.2,15.52,13.75,0,0,0,0.0,0.0,2,112.5,0.8048
2134.3,35.3,19.1,51.7,49.0,33.5,82.4,0.246,2.12,0.17,14.12,3,0,0,35.3,35.6,0,1118.2,0.0445
4424.7,73.1,83.9,85.2,87.0,31.6,89.9,0.329,1.64,1.9,14.18,3,0,0,73.1,72.4,0,1235.2,0.0214
4933.1,60.2,44.1,73.8,72.6,29.2,83.5,0.287,2.9,1.31,14.06,2,0,0,60.2,59.4,0,1062.5,0.0663
2454.7,29.6,16.0,44.1,42.3,43.3,117.4,0.802,9.53,3.0,14.08,2,0,0,29.6,29.5,1,45.3,0.8355
1060.5,0.0,2.3,27.5,27.6,25.4,86.4,0.221,1.22,0.92,14.0,0,0,0,0.0,0.0,0,1326.6,0.0768
1006.9,0.0,2.0,32.3,31.0,27.3,82.0,0.236,3.02,1.47,14.09,0,0,1,0.0,0.0,0,980.9,0.028
3594.6,40.6,9.4,57.1,84.4,33.3,99.0,0.137,18.51,14.32,14.02,2,0,0,40.6,40.3,2,40.0,0.9024
3785.7,98.2,17.3,62.8,87.9,32.0,91.8,0.096,15.65,13.59,13.7,5,0,0,98.2,99.9,2,90.8,0.7766
3440.9,59.2,64.2,83.7,85.0,30.6,78.9,0.552,0.5,2.48,11.05,3,0,0,59.2,58.2,3,22.9,0.98
1041.4,0.0,2.1,30.1,31.5,33.3,87.1,0.291,1.51,0.23,14.07,0,0,0,0.0,0.0,0,1136.3,0.0293
2950.2,50.5,8.6,52.6,50.1,40.6,115.4,0.88,13.4,4.27,13.7,3,0,0,50.5,50.4,1,31.5,0.808
1075.2,0.0,2.1,35.8,34.6,32.7,87.8,0.321,3.37,2.46,14.06,0,0,0,0.0,0.0,0,1343.7,0.0379
1030.2,0.0,2.4,34.7,34.1,30.1,86.3,0.229,2.44,2.62,13.98,0,0,0,0.0,0.0,0,867.0,0.0269
2566.0,19.0,20.2,48.8,48.7,37.5,80.1,0.714,1.87,2.01,14.22,1,0,0,19.0,18.7,0,906.9,0.0699
1040.7,0.0,2.3,30.9,31.3,35.5,84.4,0.296,3.31,0.77,13.89,0,0,0,0.0,0.0,0,1197.6,0.0448
4412.7,72.5,42.1,74.3,75.6,28.1,89.8,0.691,1.78,0.9,14.3,3,0,0,72.5,71.3,0,979.5,0.0612
1236.2,0.0,2.3,34.2,60.4,38.4,94.2,0.136,18.43,13.41,13.81,0,0,0,0.0,0.0,2,45.3,0.7407
2634.9,67.0,18.7,66.8,67.9,27.6,85.4,0.831,0.49,1.34,14.03,5,0,0,67.0,66.0,0,1467.1,0.0503
3131.1,83.8,23.1,63.4,61.0,35.5,118.0,0.728,8.93,5.49,13.58,5,0,0,83.8,83.8,1,66.1,0.7986
2857.0,22.0,10.4,46.9,46.0,26.7,89.1,0.219,0.73,1.79,14.08,1,0,0,22.0,22.4,0,946.4,0.0672
1102.2,0.0,2.0,38.1,38.1,29.1,90.0,0.781,1.33,0.43,14.03,0,0,1,0.0,0.0,0,1451.7,0.0136
2666.2,66.7,28.7,63.5,58.9,32.1,90.3,0.235,2.85,2.64,14.02,5,0,0,66.7,67.7,0,1499.2,0.0518
3586.1,74.6,16.3,62.1,59.7,29.4,93.3,0.243,2.82,1.39,14.04,4,0,0,74.6,74.1,0,975.8,0.0675
2969.5,79.6,24.2,59.4,57.9,33.8,89.0,0.213,2.34,0.51,14.16,5,0,0,79.6,79.8,0,1100.1,0.0502
2099.2,34.8,21.0,41.8,41.0,36.7,88.7,0.734,3.01,1.6,14.34,3,0,0,34.8,34.6,0,1006.3,0.0267
3707.0,98.8,25.6,53.0,58.2,32.0,85.7,0.19,-0.77,1.61,14.16,5,0,0,98.8,98.1,0,1270.7,0.0527
1267.3,8.0,21.3,59.2,60.0,35.2,91.7,0.722,2.24,2.57,14.26,1,0,0,8.0,7.9,0,905.9,0.0216
3658.3,96.2,22.8,59.2,60.0,28.8,86.8,0.702,3.46,1.05,14.2,5,0,0,96.2,95.5,0,1190.4,0.0498
2804.6,32.1,21.8,55.0,53.2,38.0,84.9,0.426,0.43,0.35,10.62,2,0,0,32.1,31.5,3,12.8,0.8373
3804.6,63.3,83.3,84.1,83.0,31.2,81.4,0.706,-0.1,1.69,14.19,3,0,0,63.3,64.4,0,719.1,0.018
2837.1,60.5,15.8,64.3,61.8,36.3,121.6,0.697,8.78,5.04,13.88,4,0,0,60.5,59.8,1,57.6,0.9241
2815.8,21.2,10.7,43.7,44.7,38.4,116.2,0.888,6.79,5.82,13.84,1,0,0,21.2,21.0,1,13.0,0.89
2654.8,20.6,20.8,37.0,37.0,28.2,82.4,0.326,3.09,2.5,10.43,1,0,0,20.6,20.8,3,39.4,0.8615
3205.8,85.1,19.6,61.8,81.6,28.9,96.1,0.138,21.94,15.94,13.72,5,0,0,85.1,83.9,2,118.1,0.8807
3455.4,73.8,21.0,53.2,54.8,30.6,85.7,0.262,3.2,1.59,13.96,4,0,0,73.8,73.7,0,1344.9,0.0614
1942.9,15.8,7.8,58.0,55.7,37.2,113.8,0.78,9.77,2.82,13.64,1,0,0,15.8,16.1,1,27.1,0.8087
3246.8,64.8,34.7,61.0,86.0,27.7,100.9,0.181,22.22,12.9,14.01,4,0,0,64.8,64.2,2,29.2,0.7538
2889.7,61.7,16.9,52.4,54.5,28.0,87.7,0.216,1.61,0.74,14.28,4,0,0,61.7,62.5,0,1282.0,0.0794
1080.1,0.0,2.2,34.4,33.2,30.7,87.2,0.731,-0.12,3.63,14.16,0,0,0,0.0,0.0,0,1250.7,0.0363
1977.7,15.7,20.0,41.9,43.8,34.7,92.0,0.695,1.06,2.6,14.11,1,0,0,15.7,15.9,0,950.7,0.0372
2465.3,32.6,18.2,51.4,75.3,35.2,97.6,0.06,19.69,12.97,13.84,2,0,0,32.6,33.1,2,92.2,0.6508
2323.0,31.0,15.9,46.8,72.2,39.7,90.9,0.128,23.15,11.7,14.0,2,0,0,31.0,31.1,2,80.9,0.7361
4590.4,53.2,54.8,85.5,81.5,27.6,86.5,0.745,2.92,0.33,14.39,2,0,0,53.2,53.3,0,1305.3,0.0168
3439.8,88.8,17.7,54.3,55.3,36.8,87.7,0.325,3.19,0.5,14.22,5,0,0,88.8,88.5,0,1434.1,0.04
3467.5,89.4,20.0,64.7,63.4,32.2,84.2,0.228,2.99,2.21,14.14,5,0,0,89.4,89.2,0,1127.6,0.0275
1084.5,0.0,2.2,31.8,32.5,35.5,88.1,0.205,2.05,2.05,13.99,0,0,0,0.0,0.0,0,1131.7,0.0642
1028.4,0.0,2.0,33.8,32.4,30.8,86.5,0.347,-0.71,1.33,10.87,0,0,0,0.0,0.0,3,18.6,0.8391
3489.4,54.5,47.8,85.2,81.8,28.6,86.0,0.31,-0.4,0.46,14.24,3,0,0,54.5,54.2,0,766.1,0.0628
3108.0,83.6,29.2,65.0,67.3,31.2,90.1,0.182,-0.06,0.54,14.13,5,0,0,83.6,85.3,0,1180.0,0.0101
1086.4,0.0,2.4,37.4,36.3,30.2,87.5,0.854,2.7,1.28,14.08,0,0,0,0.0,0.0,0,1054.8,0.0689
2488.8,31.7,11.6,44.9,42.8,42.0,120.4,0.812,7.9,4.57,13.78,2,0,0,31.7,32.2,1,45.0,0.767
1018.3,0.0,2.3,30.8,34.7,28.9,83.9,0.741,3.26,1.98,14.09,0,0,1,0.0,0.0,0,1473.9,0.0586
3623.8,97.8,33.1,67.2,65.5,38.1,114.3,0.744,5.6,2.92,14.21,5,0,0,97.8,96.1,1,45.8,0.8147
1851.2,23.1,18.9,46.5,49.5,40.5,90.6,0.741,3.94,1.91,14.18,2,0,0,23.1,23.2,0,1133.3,0.0601
1993.6,35.5,18.9,44.1,44.5,35.8,91.5,0.324,-0.19,1.37,14.28,3,0,0,35.5,35.7,0,727.8,0.0176
2681.6,33.7,8.0,52.3,52.3,30.0,86.5,0.338,0.61,2.06,14.14,2,0,0,33.7,33.3,0,705.5,0.0715
1039.9,0.0,2.4,33.7,34.3,34.6,87.2,0.85,3.69,2.62,14.03,0,0,0,0.0,0.0,0,1019.3,0.0479
1030.7,0.0,2.0,33.2,33.8,29.1,85.4,0.344,1.6,0.83,14.05,0,0,0,0.0,0.0,0,1281.6,0.0772
1054.1,0.0,1.9,33.9,32.7,38.9,88.5,0.246,-1.68,3.64,11.11,0,0,0,0.0,0.0,3,20.0,0.9022
2731.1,39.9,7.0,44.8,68.0,32.5,94.1,0.094,17.46,11.72,13.56,3,0,0,39.9,40.1,2,47.8,0.7452
1062.7,0.0,2.5,33.4,34.4,32.2,85.4,0.522,-0.2,1.14,10.74,0,0,1,0.0,0.0,3,32.0,0.8095
3014.0,39.6,21.0,51.1,49.5,30.9,82.9,0.239,1.58,2.63,14.37,2,0,0,39.6,40.1,0,897.6,0.0255
4746.8,60.6,79.9,71.8,74.2,32.4,92.7,0.605,3.78,0.91,11.27,2,0,0,60.6,60.9,3,37.2,0.8631
1076.2,0.0,1.9,39.8,38.4,32.6,84.7,0.223,1.7,0.92,14.01,0,0,0,0.0,0.0,0,1472.3,0.029
3066.7,37.4,19.2,42.9,44.7,38.8,88.1,0.869,3.31,2.44,14.17,2,0,0,37.4,37.1,0,774.1,0.0284
1089.6,0.0,2.3,38.8,36.6,39.2,87.3,0.87,0.92,0.49,14.08,0,0,0,0.0,0.0,0,916.2,0.0623
1008.0,0.0,1.9,31.0,32.2,32.7,85.4,0.86,3.15,2.51,14.0,0,0,0,0.0,0.0,0,746.8,0.07
2418.3,29.9,12.8,56.9,53.8,35.0,112.1,0.82,5.08,3.11,14.13,2,0,0,29.9,29.5,1,36.6,0.7617
1014.6,0.0,1.9,34.5,35.2,38.3,83.5,0.728,2.74,1.45,14.26,0,0,0,0.0,0.0,0,893.3,0.0137
3558.2,77.6,22.3,62.7,58.9,29.1,94.4,0.698,-0.01,0.43,14.05,4,0,0,77.6,77.4,0,1462.7,0.0742
4100.2,82.7,55.6,86.7,87.5,44.3,116.1,0.729,7.8,3.02,13.97,4,0,0,82.7,83.3,1,30.8,0.8926
2193.1,19.5,21.5,41.5,41.1,37.4,88.8,0.307,1.53,3.0,14.21,1,0,0,19.5,19.3,0,1472.8,0.0154
2191.8,37.5,7.1,45.8,42.3,29.1,91.4,0.777,0.48,1.61,13.94,3,0,0,37.5,37.3,0,705.8,0.0156
4209.2,52.5,77.4,96.1,96.0,37.8,83.5,0.703,1.68,1.56,14.33,2,0,0,52.5,52.9,0,810.4,0.0609
969.9,0.0,2.5,33.2,52.3,31.4,87.9,0.107,16.3,12.96,13.89,0,0,1,0.0,0.0,2,74.7,0.7147
2561.4,44.0,6.8,55.6,74.2,37.0,92.7,0.184,18.36,15.61,13.93,3,0,0,44.0,44.0,2,51.8,0.6651
2159.3,17.2,18.7,44.1,43.9,38.9,87.1,0.218,0.43,0.98,14.44,1,0,0,17.2,17.0,0,1418.6,0.0655
3546.3,95.4,15.5,70.0,68.4,29.2,82.3,0.791,2.94,1.52,14.16,5,0,0,95.4,94.1,0,808.2,0.0276
2346.0,28.7,10.2,62.0,61.4,30.5,89.5,0.794,0.29,1.27,14.1,2,0,0,28.7,28.8,0,788.5,0.0343
1186.8,0.0,2.2,32.6,56.3,35.6,84.6,0.071,18.22,13.0,13.86,0,0,0,0.0,0.0,2,23.2,0.7545
2053.0,17.1,17.4,50.6,55.6,32.8,83.5,0.343,2.38,2.05,13.95,1,0,0,17.1,17.4,0,1270.6,0.0276
1033.2,0.0,2.2,38.7,35.4,28.0,90.1,0.729,3.99,-0.31,14.03,0,0,0,0.0,0.0,0,973.4,0.0637
1055.0,0.0,2.2,37.9,37.0,29.0,86.8,0.69,2.45,2.17,13.92,0,0,0,0.0,0.0,0,1024.4,0.033
2767.3,43.0,13.5,45.0,44.5,34.8,86.1,0.692,0.75,1.13,14.23,3,0,0,43.0,43.2,0,1016.3,0.0433
1015.6,0.0,2.5,35.7,35.3,31.4,86.4,0.856,-0.98,-0.31,13.99,0,0,0,0.0,0.0,0,1129.1,0.015
2046.3,27.8,18.2,49.4,71.6,38.1,96.4,0.069,21.66,16.08,13.88,2,0,0,27.8,28.1,2,118.6,0.8086
2352.6,27.4,8.2,49.0,49.4,34.1,90.3,0.204,3.16,0.72,13.98,2,0,0,27.4,27.6,0,846.9,0.0304
2929.7,76.9,22.0,69.7,69.1,29.3,90.8,0.266,1.43,1.27,14.26,5,0,0,76.9,78.1,0,1289.7,0.0737
928.0,0.0,2.3,33.4,61.4,27.5,88.5,0.056,23.14,13.49,14.02,0,0,0,0.0,0.0,2,69.2,0.7276
3282.9,82.2,27.0,55.2,80.1,35.0,94.4,0.11,19.8,13.62,14.05,5,0,0,82.2,81.2,2,37.4,0.8851
2498.0,19.4,20.7,52.6,53.5,31.6,90.8,0.225,0.52,2.24,14.13,1,0,0,19.4,19.4,0,1416.3,0.0794
3046.7,37.3,19.9,43.9,47.4,40.6,85.1,0.336,-0.17,1.93,14.31,2,0,0,37.3,37.4,0,868.3,0.0717
3158.3,67.5,23.0,64.6,63.8,37.5,84.5,0.687,1.17,0.77,14.05,4,0,0,67.5,66.2,0,1168.8,0.0313
2353.3,39.7,14.0,42.0,47.9,36.6,88.1,0.532,-3.5,1.12,10.22,3,0,0,39.7,40.2,3,19.3,0.8746
2215.0,17.9,12.9,51.0,52.3,31.8,92.6,0.776,1.0,0.68,14.13,1,0,0,17.9,17.7,0,1367.3,0.026
3669.2,98.9,16.1,60.8,62.3,33.6,83.7,0.285,3.19,1.28,10.82,5,0,0,98.9,97.2,3,10.6,0.9444
2715.2,21.8,19.5,47.9,46.8,43.8,108.5,0.821,3.49,1.42,13.64,1,0,0,21.8,21.5,1,74.5,0.9519
1951.6,14.3,18.9,55.2,52.2,36.8,87.8,0.777,1.55,1.96,14.27,1,0,0,14.3,14.2,0,902.7,0.0262
1040.2,0.0,1.9,33.0,32.1,31.2,88.6,0.709,1.86,0.64,14.25,0,0,0,0.0,0.0,0,1495.0,0.0187
1094.5,0.0,1.8,28.5,28.5,30.2,84.4,0.786,-0.32,1.33,14.16,0,0,0,0.0,0.0,0,1404.9,0.0118
3539.7,94.0,26.7,61.0,60.1,27.1,83.1,0.337,0.97,1.75,14.05,5,0,0,94.0,93.3,0,1062.3,0.0491
2246.2,19.2,18.6,55.0,54.2,37.5,91.6,0.807,-1.29,1.37,14.27,1,0,0,19.2,19.2,0,993.6,0.042
3069.7,49.9,21.2,39.8,40.1,41.6,111.8,0.747,11.98,2.61,14.03,3,0,0,49.9,49.7,1,17.2,0.8768
1050.7,0.0,2.0,36.8,36.4,38.2,86.6,0.305,0.19,2.15,10.92,0,0,0,0.0,0.0,3,39.1,0.8928
4008.8,84.9,53.0,61.9,67.0,31.8,84.1,0.697,0.86,1.24,14.3,4,0,0,84.9,85.0,0,1215.1,0.0643
2447.2,18.3,8.1,45.9,48.2,37.8,117.3,0.776,6.56,4.73,13.58,1,0,0,18.3,18.3,1,34.5,0.8731
2390.6,28.5,20.7,46.9,49.4,31.6,89.6,0.727,1.86,3.22,14.12,2,0,0,28.5,28.4,0,1305.5,0.0326
4271.0,111.9,26.0,58.9,58.3,38.2,83.7,0.755,1.56,0.98,14.12,5,0,0,111.9,111.8,0,1180.3,0.0621
1042.7,0.0,1.9,30.9,31.3,28.9,85.4,0.736,-2.15,2.2,13.94,0,0,0,0.0,0.0,0,713.4,0.0197
2070.3,20.9,12.1,56.7,56.4,48.1,115.6,0.666,7.87,0.62,14.0,2,0,0,20.9,21.1,1,65.5,0.785
3222.4,51.9,16.5,53.0,51.3,39.6,83.3,0.325,-0.22,3.12,10.88,3,0,0,51.9,51.1,3,6.3,0.8939
3101.6,23.5,13.5,41.9,44.8,40.1,119.3,0.869,7.85,2.63,13.89,1,0,0,23.5,23.9,1,65.8,0.9285
2593.5,43.1,10.1,40.0,41.4,31.6,84.5,0.715,0.6,1.36,14.18,3,0,0,43.1,43.3,0,1479.5,0.011
1072.0,0.0,1.8,36.8,36.5,31.1,84.2,0.239,2.55,0.12,13.97,0,0,0,0.0,0.0,0,1329.9,0.0268
904.7,5.1,20.2,37.6,37.2,37.3,84.7,0.83,2.95,2.26,13.94,1,0,0,5.1,5.0,0,867.1,0.0778
1037.7,0.0,1.9,33.5,33.4,30.4,85.6,0.746,0.92,2.94,13.96,0,0,0,0.0,0.0,0,1278.8,0.0621
897.3,0.0,1.8,36.5,54.3,38.8,94.4,0.111,19.03,12.98,13.8,0,0,0,0.0,0.0,2,32.0,0.8093
2302.4,26.8,15.3,48.0,68.1,32.5,96.6,0.055,14.9,12.05,13.94,2,0,0,26.8,27.1,2,98.8,0.8049
1065.8,0.0,2.2,37.0,36.1,39.0,127.3,0.718,8.34,6.85,13.87,0,0,1,0.0,0.0,1,60.9,0.7331
1069.1,0.0,2.3,33.9,35.4,32.3,89.9,0.306,0.11,0.47,13.91,0,0,0,0.0,0.0,0,848.8,0.0673
2192.8,27.9,13.0,49.7,48.4,37.7,87.7,0.267,1.27,1.21,14.18,2,0,0,27.9,28.1,0,1341.7,0.0116
2421.2,19.1,14.4,42.1,40.7,35.1,81.4,0.266,0.76,1.89,14.15,1,0,0,19.1,19.2,0,845.6,0.0292
4227.9,86.8,14.5,60.8,66.0,37.8,82.1,0.693,4.06,1.07,14.06,4,0,0,86.8,87.0,0,1328.8,0.0755
1895.9,23.7,17.5,59.3,57.8,28.1,90.1,0.748,2.33,0.51,14.21,2,0,0,23.7,24.2,0,1001.5,0.0554
3087.1,65.6,25.6,68.5,69.6,39.7,122.1,0.759,7.45,2.83,13.53,4,0,0,65.6,66.9,1,25.1,0.7309
2663.8,42.3,8.7,53.2,54.0,47.6,108.1,0.834,7.7,1.91,13.91,3,0,0,42.3,42.2,1,47.7,0.7292
2544.7,20.3,6.9,44.9,46.5,35.8,90.2,0.314,-0.2,0.85,14.13,1,0,0,20.3,20.3,0,870.9,0.0304
3451.0,90.9,16.6,57.9,54.3,31.0,92.9,0.716,4.09,1.76,13.94,5,0,0,90.9,91.8,0,716.0,0.0143
3331.2,89.0,31.2,52.2,56.0,27.1,84.9,0.877,2.95,0.62,14.07,5,0,0,89.0,89.9,0,1268.4,0.0774
1027.8,0.0,2.4,36.2,37.8,37.4,82.2,0.282,1.69,1.11,14.08,0,0,0,0.0,0.0,0,824.6,0.0168
2032.0,31.2,16.1,50.4,73.7,34.5,97.9,0.107,15.71,9.11,13.95,3,0,0,31.2,31.6,2,23.2,0.9153
2504.1,39.9,12.8,47.6,47.4,35.8,87.8,0.249,-0.11,2.32,14.22,3,0,0,39.9,40.0,0,1177.2,0.0692
2739.5,20.3,15.7,45.1,48.4,29.0,89.0,0.875,3.83,0.7,14.12,1,0,0,20.3,20.6,0,768.9,0.0737
3449.2,91.1,30.3,71.6,69.9,31.6,93.2,0.695,0.78,0.77,14.12,5,0,0,91.1,89.7,0,952.4,0.0743
2163.0,38.2,19.3,43.9,68.7,35.4,96.8,0.116,16.44,12.34,13.79,3,0,0,38.2,37.7,2,63.0,0.7901
3390.9,91.2,24.6,63.8,62.1,33.4,86.0,0.77,1.4,1.83,14.18,5,0,0,91.2,92.5,0,1411.2,0.0526
3692.8,78.6,21.2,62.6,64.4,28.9,91.4,0.21,-1.22,0.92,14.15,4,0,0,78.6,78.8,0,1155.9,0.057
3375.5,91.3,28.6,69.5,65.9,38.4,79.7,0.206,1.82,1.13,14.06,5,0,0,91.3,91.4,0,910.0,0.0106
2700.2,32.3,21.5,41.9,41.8,41.6,117.6,0.821,9.36,6.25,13.64,2,0,0,32.3,32.6,1,60.6,0.8317
2592.4,40.1,15.8,41.3,41.2,31.9,90.6,0.306,-0.02,1.69,10.78,3,0,0,40.1,40.4,3,10.8,0.9519
2221.1,25.9,20.9,46.6,47.3,34.8,86.0,0.792,-0.98,2.1,14.19,2,0,0,25.9,25.9,0,779.4,0.0159
2079.5,16.9,11.0,56.9,71.8,29.3,100.4,0.101,10.47,13.25,13.76,1,0,0,16.9,17.1,2,44.0,0.7139
4949.3,62.6,79.7,84.4,81.1,34.9,83.7,0.467,-0.76,1.54,10.45,2,0,0,62.6,61.5,3,17.9,0.8969
1377.3,15.6,12.0,52.5,49.4,28.6,83.6,0.354,1.23,1.14,10.69,2,0,0,15.6,15.9,3,17.5,0.8147
2679.9,46.5,14.8,50.8,53.6,41.4,112.4,0.829,7.21,4.25,13.79,3,0,0,46.5,47.4,1,11.0,0.8931
1005.1,0.0,2.5,28.0,32.3,45.5,116.5,0.897,14.71,3.09,13.58,0,0,0,0.0,0.0,1,11.2,0.8742
4057.3,88.3,65.1,82.1,78.5,39.2,82.8,0.197,2.27,1.08,13.88,4,0,0,88.3,86.9,0,1117.2,0.0441
3588.8,98.8,14.5,68.8,90.0,27.4,93.0,0.099,13.99,13.98,14.04,5,0,0,98.8,99.7,2,45.7,0.7792
4217.4,48.2,82.9,81.9,81.9,30.0,88.7,0.22,-0.65,0.23,14.03,2,0,0,48.2,47.8,0,711.3,0.0452
3920.9,105.5,15.2,57.8,55.2,39.9,115.2,0.799,7.27,4.41,13.96,5,0,0,105.5,103.7,1,36.3,0.8932
4045.4,49.8,81.1,83.5,83.4,27.8,86.1,0.186,1.62,2.55,14.14,2,0,0,49.8,50.7,0,844.8,0.0115
2185.8,27.2,8.1,52.8,53.7,44.2,121.6,0.809,9.17,5.13,13.93,2,0,0,27.2,26.7,1,71.6,0.8696
1013.9,0.0,2.3,37.0,52.3,31.6,97.2,0.087,20.33,15.88,13.86,0,0,0,0.0,0.0,2,96.6,0.9079
1070.8,0.0,2.4,34.4,35.9,31.3,83.8,0.261,1.7,1.56,14.13,0,0,0,0.0,0.0,0,1164.6,0.0527
2527.0,39.3,9.5,49.8,78.7,37.9,92.2,0.086,17.85,17.02,13.44,3,0,0,39.3,38.6,2,74.3,0.7697
1000.3,0.0,2.4,36.5,34.4,33.4,91.1,0.872,-0.29,0.27,14.15,0,0,0,0.0,0.0,0,1195.5,0.0207
1118.1,0.0,2.5,32.9,55.1,35.1,89.0,0.187,18.67,14.8,14.32,0,0,0,0.0,0.0,2,95.4,0.8105
2855.5,46.3,13.6,49.3,50.0,33.7,87.1,0.809,2.75,2.32,14.05,3,0,0,46.3,46.4,0,837.6,0.0664
2365.6,41.1,8.7,41.8,42.5,32.8,87.9,0.223,1.52,0.68,14.04,3,0,0,41.1,40.8,0,725.1,0.0298
1025.5,0.0,1.9,33.5,33.9,36.7,89.2,0.644,2.1,2.65,10.22,0,0,0,0.0,0.0,3,9.6,0.8358
2094.5,17.4,8.8,55.3,51.9,33.5,90.5,0.32,1.01,1.85,14.18,1,0,0,17.4,17.6,0,987.9,0.0392
3579.9,100.9,30.7,60.5,87.3,29.3,101.0,0.057,19.55,17.75,14.04,5,0,0,100.9,100.7,2,45.4,0.8335
1753.6,21.1,8.0,47.9,46.3,36.6,91.4,0.689,1.79,1.21,14.1,2,0,0,21.1,21.2,0,1071.7,0.0758
2328.8,41.0,18.1,44.8,44.3,27.5,91.8,0.84,0.84,0.73,14.09,3,0,0,41.0,41.6,0,1081.0,0.0225
1777.2,22.1,9.4,36.7,36.6,35.8,83.6,0.87,1.38,1.44,14.25,2,0,0,22.1,22.5,0,1235.3,0.0603
2318.8,18.1,12.3,52.3,51.0,27.5,85.0,0.814,2.83,2.49,14.0,1,0,0,18.1,18.0,0,1296.8,0.0642
2921.4,33.2,16.3,41.9,42.0,38.2,83.9,0.263,2.37,1.34,14.08,2,0,0,33.2,32.9,0,1333.7,0.0629
1018.0,0.0,2.1,35.1,33.3,28.0,85.7,0.697,1.11,1.65,14.05,0,0,0,0.0,0.0,0,816.9,0.0479
1054.7,0.0,1.9,27.2,28.9,35.7,87.9,0.261,-1.33,0.55,14.04,0,0,0,0.0,0.0,0,1214.6,0.0134
4666.6,73.6,83.3,82.4,80.3,35.9,88.7,0.762,1.9,2.24,14.05,3,0,0,73.6,74.3,0,1117.5,0.0622
2528.5,42.0,14.7,40.9,43.5,33.8,88.9,0.335,-0.11,0.42,10.19,3,0,0,42.0,41.6,3,21.9,0.8009
3536.6,97.4,24.1,65.2,64.7,27.9,84.3,0.422,2.98,2.17,11.19,5,0,0,97.4,99.3,3,18.0,0.985
2830.4,72.2,16.8,59.0,58.8,36.7,88.8,0.346,2.39,0.98,14.18,5,0,0,72.2,73.6,0,1447.4,0.0581
2311.4,19.3,11.4,50.5,52.4,45.3,110.0,0.846,8.31,2.99,13.74,1,0,0,19.3,19.5,1,29.0,0.8481
4452.1,50.2,48.4,83.1,82.9,37.3,83.4,0.878,2.12,1.45,14.29,2,0,0,50.2,50.1,0,1099.7,0.0487
2928.0,75.7,28.8,55.6,55.6,36.6,114.7,0.885,6.48,1.55,13.83,5,0,0,75.7,77.2,1,71.7,0.7335
3730.5,75.6,30.3,63.2,91.1,30.0,92.4,0.128,19.62,13.41,13.79,4,0,0,75.6,74.6,2,45.7,0.7285
2600.0,44.0,9.7,35.3,37.0,35.7,86.0,0.212,1.8,1.2,10.81,3,0,0,44.0,44.2,3,11.5,0.8905
4125.1,91.4,54.8,86.8,86.8,36.2,91.8,0.294,2.32,1.53,14.15,4,0,0,91.4,89.7,0,1332.6,0.0593
2040.7,23.3,15.4,50.0,83.5,32.9,91.8,0.168,17.97,12.82,13.93,2,0,0,23.3,23.6,2,77.8,0.7743
2030.9,15.4,18.6,37.9,37.6,32.1,84.8,0.772,-0.42,0.68,14.09,1,0,0,15.4,15.4,0,1018.9,0.0798
4419.1,92.3,21.4,55.7,55.0,31.9,92.1,0.679,-1.48,2.08,9.91,4,0,0,92.3,91.1,3,42.1,0.9378
1937.6,13.7,11.0,46.2,47.6,37.0,92.0,0.773,2.41,0.48,14.32,1,0,0,13.7,13.5,0,1057.6,0.05
3304.4,88.0,30.1,63.9,62.6,40.0,112.4,0.856,9.27,6.7,13.76,5,0,0,88.0,88.0,1,31.6,0.9177
1031.3,0.0,1.9,37.0,35.6,47.2,113.8,0.782,7.32,4.82,14.07,0,0,0,0.0,0.0,1,17.1,0.957
1051.9,0.0,2.2,39.0,37.0,44.7,113.1,0.881,6.86,4.76,13.66,0,0,1,0.0,0.0,1,52.9,0.7359
2225.2,37.9,8.6,40.9,42.9,29.4,88.2,0.873,-0.14,0.39,14.12,3,0,0,37.9,37.7,0,1222.3,0.0332
1037.3,0.0,2.2,36.5,37.2,34.5,86.7,0.448,2.37,-1.43,10.1,0,0,0,0.0,0.0,3,22.6,0.9653
4975.0,80.4,67.6,77.1,78.8,30.1,89.4,0.283,0.69,1.82,14.21,3,0,0,80.4,80.3,0,1333.1,0.0404
3059.1,83.2,19.5,62.9,67.0,44.5,116.4,0.664,5.63,4.0,13.61,5,0,0,83.2,83.3,1,10.5,0.9246
2905.6,59.3,25.0,61.1,59.8,31.8,86.8,0.758,2.78,1.89,14.12,4,0,0,59.3,59.2,0,1391.1,0.0794
1989.7,21.6,11.6,48.6,51.7,37.1,86.3,0.245,4.07,1.38,14.18,2,0,0,21.6,21.5,0,1086.1,0.0515
3672.2,96.4,16.0,65.1,67.0,29.3,82.5,0.241,1.63,1.62,14.32,5,0,0,96.4,96.9,0,1205.4,0.0209
1043.4,0.0,2.4,34.9,34.5,30.7,87.2,0.725,3.56,2.12,14.04,0,0,0,0.0,0.0,0,1146.1,0.012
1079.8,0.0,1.9,33.6,32.2,34.4,83.9,0.327,0.49,2.19,14.17,0,0,1,0.0,0.0,0,1137.7,0.0231
5071.1,61.3,55.7,77.7,78.7,35.7,85.0,0.78,0.08,1.84,14.32,2,0,0,61.3,61.5,0,830.4,0.0359
2348.2,26.6,8.0,48.8,47.5,37.2,86.2,0.702,1.35,2.57,14.1,2,0,0,26.6,26.4,0,1120.8,0.0575
1328.2,0.0,2.2,38.4,57.7,29.2,94.7,0.119,24.81,13.54,14.22,0,0,0,0.0,0.0,2,79.0,0.756
1002.0,0.0,2.3,29.6,62.3,26.1,93.0,0.065,17.56,17.15,14.0,0,0,0,0.0,0.0,2,87.3,0.7417
3204.3,68.1,19.5,55.8,55.9,33.5,88.1,0.772,0.46,2.23,14.21,4,0,0,68.1,67.1,0,932.3,0.0463
2799.9,48.4,8.1,45.9,46.9,34.5,90.8,0.691,1.15,2.27,14.04,3,0,0,48.4,48.4,0,1341.7,0.0632
2610.2,27.1,10.2,54.2,55.6,32.3,85.5,0.254,0.83,2.34,14.11,2,0,0,27.1,27.5,0,703.8,0.0621
4239.2,108.9,24.2,52.4,52.9,30.9,85.0,0.345,2.25,1.69,14.22,5,0,0,108.9,107.9,0,1288.2,0.043
1092.5,0.0,2.5,30.7,29.1,39.5,114.6,0.9,7.49,4.43,13.42,0,0,0,0.0,0.0,1,26.0,0.831
1902.5,21.3,9.7,48.6,45.9,39.1,114.3,0.853,9.36,3.4,13.98,2,0,0,21.3,21.0,1,67.5,0.8912
1037.5,0.0,2.3,32.6,33.6,28.2,86.7,0.316,1.09,-0.09,14.07,0,0,0,0.0,0.0,0,894.1,0.0146
3714.0,97.4,20.1,57.3,57.1,26.6,90.9,0.795,2.31,1.44,14.1,5,0,0,97.4,95.6,0,1395.9,0.0639
1063.7,0.0,2.1,39.1,39.5,27.6,87.8,0.702,-0.3,1.3,13.95,0,0,0,0.0,0.0,0,873.4,0.0261
2529.2,35.9,7.9,66.3,89.7,30.3,97.1,0.098,26.12,15.24,13.71,3,0,0,35.9,35.5,2,62.3,0.7447
1021.9,0.0,2.4,35.6,33.4,32.2,84.9,0.421,3.25,1.95,10.11,0,0,0,0.0,0.0,3,29.9,0.8429
1678.9,11.5,6.4,50.4,50.9,29.1,83.4,0.289,-0.82,1.52,14.05,1,0,0,11.5,11.6,0,1228.5,0.0739
1675.5,28.1,18.9,45.8,46.9,29.3,86.1,0.689,1.68,2.66,14.17,3,0,0,28.1,28.4,0,1285.3,0.0183
1100.6,0.0,1.9,34.2,68.1,26.4,94.0,0.139,19.33,10.62,14.28,0,0,0,0.0,0.0,2,107.3,0.6771
1056.8,0.0,2.2,36.8,35.3,27.8,89.6,0.441,0.87,-0.96,11.42,0,0,0,0.0,0.0,3,37.3,0.9815
2560.6,20.0,10.9,50.6,50.1,34.7,94.1,0.868,1.87,1.22,14.09,1,0,0,20.0,20.1,0,1290.3,0.0132
2942.2,23.8,16.6,41.7,44.4,33.5,91.0,0.832,0.88,0.73,13.96,1,0,0,23.8,23.9,0,1457.3,0.0213
1738.9,15.7,9.1,53.5,52.7,32.6,91.8,0.206,0.27,3.15,14.1,1,0,0,15.7,15.8,0,1012.5,0.0193
2559.9,20.9,13.6,38.3,42.1,28.1,86.4,0.248,3.03,2.01,14.02,1,0,0,20.9,20.9,0,1319.2,0.0307
4739.7,56.7,46.3,81.3,83.0,30.1,86.5,0.23,-0.59,2.77,14.14,2,0,0,56.7,55.6,0,1428.2,0.0686
1868.3,24.5,17.3,55.2,53.1,32.2,85.8,0.194,1.68,-0.26,14.35,2,0,0,24.5,24.8,0,1291.8,0.0367
4777.6,81.5,56.9,81.9,81.0,34.3,79.9,0.745,-0.56,1.46,14.23,3,0,0,81.5,81.1,0,1041.6,0.0131
1064.3,0.0,1.9,39.7,37.1,38.1,84.0,0.726,3.96,1.26,14.12,0,0,0,0.0,0.0,0,900.2,0.0682
3767.0,92.9,30.6,74.6,98.0,27.5,99.2,0.168,13.17,11.63,14.06,5,0,0,92.9,94.2,2,98.0,0.8219
2211.9,27.8,11.4,49.1,50.7,37.2,85.5,0.299,0.16,1.97,14.28,2,0,0,27.8,28.0,0,1443.6,0.0688
1032.2,0.0,1.8,28.9,30.7,35.2,83.0,0.865,3.82,1.13,14.03,0,0,1,0.0,0.0,0,1183.8,0.0761
1065.9,0.0,2.2,26.3,26.8,37.0,82.5,0.314,2.75,0.24,14.13,0,0,1,0.0,0.0,0,1114.1,0.0792
4808.5,79.6,68.5,82.3,82.9,37.6,96.2,0.331,3.6,-0.18,14.31,3,0,0,79.6,78.5,0,1256.1,0.0416
2807.5,49.4,7.8,53.7,50.2,32.8,87.0,0.241,2.1,1.7,11.16,3,0,0,49.4,49.8,3,15.3,0.9853
2759.2,60.8,19.4,57.2,53.5,38.9,88.3,0.827,1.93,0.95,14.02,4,0,0,60.8,59.7,0,1320.6,0.0396
2616.4,44.9,13.7,64.5,63.8,32.8,89.0,0.824,2.81,1.08,14.12,3,0,0,44.9,45.6,0,1142.2,0.0646
3367.6,53.5,58.1,77.4,75.1,41.1,116.7,0.839,5.2,2.22,13.89,3,0,0,53.5,52.8,1,31.7,0.8731
2587.5,20.0,16.8,48.9,50.7,32.6,84.4,0.775,2.96,1.37,14.19,1,0,0,20.0,19.8,0,1120.2,0.0544
5035.7,109.5,47.5,89.1,89.8,39.5,89.1,0.572,2.83,1.46,10.35,4,0,0,109.5,110.7,3,6.7,0.8123
1055.2,0.0,2.5,34.4,36.3,36.7,83.9,0.218,2.07,2.58,14.0,0,0,0,0.0,0.0,0,938.9,0.011
1093.0,0.0,2.2,33.1,32.1,30.9,88.1,0.213,3.69,0.62,14.0,0,0,0,0.0,0.0,0,1226.5,0.0398
3425.7,72.1,32.1,63.5,68.2,36.7,88.2,0.348,1.03,1.76,14.18,4,0,0,72.1,72.6,0,779.8,0.0591
2688.1,70.8,33.1,67.8,67.4,36.6,84.4,0.69,-1.89,0.89,14.31,5,0,0,70.8,71.7,0,1125.5,0.0664
2541.7,28.2,11.4,34.0,61.4,28.5,96.5,0.069,18.12,16.08,14.18,2,0,0,28.2,28.1,2,50.9,0.6908
1123.9,0.0,2.4,34.2,57.6,27.3,96.6,0.115,23.06,13.66,13.85,0,0,0,0.0,0.0,2,25.5,0.8556
4401.7,51.4,63.3,81.3,82.6,32.7,88.2,0.876,0.47,1.99,14.07,2,0,0,51.4,50.6,0,748.8,0.0382
3156.2,86.2,20.9,62.1,58.6,37.2,86.5,0.341,3.73,1.35,14.11,5,0,0,86.2,86.5,0,1431.4,0.0536
1211.1,0.0,1.9,38.2,66.0,27.5,92.6,0.071,24.58,14.78,14.19,0,0,0,0.0,0.0,2,48.5,0.8364
2293.1,40.4,13.0,42.5,42.1,29.5,85.3,0.551,1.09,2.17,10.52,3,0,0,40.4,40.9,3,14.2,0.9634
3270.0,69.4,22.7,62.9,59.9,38.8,87.3,0.345,0.58,2.72,13.95,4,0,0,69.4,70.5,0,1049.2,0.0263
1821.3,15.5,10.5,50.7,48.4,32.5,90.2,0.764,2.43,3.7,14.27,1,0,0,15.5,15.2,0,1369.2,0.0286
2419.2,29.1,21.6,49.7,51.4,40.6,84.9,0.28,0.76,1.69,14.11,2,0,0,29.1,28.8,0,1104.1,0.0775
1968.2,28.3,9.6,42.5,61.8,34.8,94.1,0.178,21.77,13.89,13.99,2,0,0,28.3,28.5,2,74.6,0.8756
2470.3,19.1,12.1,39.5,40.2,33.8,85.2,0.779,0.97,1.12,14.06,1,0,0,19.1,19.3,0,1266.4,0.0151
3707.8,78.4,31.5,60.7,59.5,32.8,90.2,0.816,1.28,1.69,14.09,4,0,0,78.4,78.5,0,767.1,0.0257
1155.4,0.0,2.2,36.9,52.6,28.8,91.0,0.104,27.04,20.52,13.61,0,0,0,0.0,0.0,2,112.7,0.8288
2077.8,25.1,19.1,48.2,48.5,31.1,82.3,0.27,2.61,2.09,14.14,2,0,0,25.1,25.4,0,1289.6,0.0275
2201.9,34.7,9.7,55.4,58.1,31.6,90.5,0.759,-1.31,2.34,13.98,3,0,0,34.7,34.5,0,795.1,0.0242
1039.3,0.0,1.8,33.3,33.3,39.1,80.8,0.684,1.13,2.6,14.06,0,0,0,0.0,0.0,0,771.6,0.0498
3572.0,91.1,32.6,69.6,71.4,31.8,85.5,0.748,1.35,0.98,13.98,5,0,0,91.1,92.9,0,1472.3,0.0615
4155.4,49.3,74.4,92.4,92.1,35.8,94.2,0.765,3.27,0.84,14.24,2,0,0,49.3,49.6,0,757.8,0.0119
2939.3,76.0,30.4,63.8,63.4,29.2,91.0,0.692,3.92,0.65,14.05,5,0,0,76.0,74.8,0,1112.7,0.026
3249.5,69.9,21.8,65.7,66.6,30.6,90.5,0.308,-0.49,1.32,14.21,4,0,0,69.9,69.6,0,986.4,0.0587
3253.8,70.0,16.4,63.7,62.8,27.7,92.4,0.185,2.63,2.21,14.14,4,0,0,70.0,68.9,0,764.2,0.0561
3558.9,41.7,19.7,46.4,72.1,35.3,96.9,0.12,22.37,15.35,13.92,2,0,0,41.7,41.5,2,36.5,0.9146
4072.2,65.4,75.1,82.1,98.0,39.2,92.6,0.159,16.52,15.69,14.05,3,0,0,65.4,66.2,2,21.7,0.8664
3421.4,73.6,17.2,66.9,66.6,27.2,81.4,0.187,-0.68,2.29,14.24,4,0,0,73.6,73.8,0,815.8,0.0238
2744.6,75.2,30.4,70.7,71.4,36.0,86.1,0.197,0.73,1.91,14.25,5,0,0,75.2,75.9,0,869.8,0.0262
2119.6,17.3,13.5,38.4,39.9,30.9,87.0,0.875,1.29,0.36,14.3,1,0,0,17.3,17.1,0,1282.2,0.0696
2153.2,24.3,11.7,50.6,49.8,35.7,84.2,0.182,1.99,1.32,14.14,2,0,0,24.3,24.2,0,1291.7,0.0313
1083.2,0.0,2.2,40.3,37.1,27.5,83.3,0.302,0.68,2.04,14.05,0,0,0,0.0,0.0,0,773.8,0.01
3050.5,77.3,25.0,53.3,56.8,45.1,121.7,0.887,7.05,4.35,13.94,5,0,0,77.3,78.7,1,46.9,0.9213
2956.5,70.2,32.1,63.1,62.2,37.1,85.5,0.254,4.09,3.13,14.08,4,0,0,70.2,71.4,0,846.8,0.0194
1039.8,0.0,1.8,38.6,34.2,34.0,86.8,0.798,0.03,1.6,14.06,0,0,0,0.0,0.0,0,777.3,0.0183
3746.3,95.4,16.2,59.4,56.9,30.4,89.2,0.349,1.75,0.95,14.16,5,0,0,95.4,96.3,0,829.6,0.0342
1098.0,0.0,2.2,34.6,31.5,41.1,112.3,0.716,3.07,5.47,13.84,0,0,0,0.0,0.0,1,34.6,0.8305
996.3,0.0,1.8,32.2,33.9,32.9,84.1,0.769,1.04,1.59,13.95,0,0,0,0.0,0.0,0,1347.0,0.0218
3016.2,78.0,22.7,71.0,68.3,34.6,118.8,0.894,6.68,3.08,13.93,5,0,0,78.0,78.1,1,11.3,0.7759
1052.3,0.0,2.2,31.8,30.8,35.7,87.0,0.734,4.97,1.07,13.93,0,0,0,0.0,0.0,0,1103.7,0.0253
4104.2,65.1,64.0,80.7,98.0,32.6,94.9,0.09,21.65,16.31,13.86,3,0,0,65.1,64.0,2,91.7,0.9174
5531.0,64.3,46.0,85.1,98.0,29.3,91.2,0.09,20.63,12.22,13.7,2,0,0,64.3,64.6,2,117.5,0.7413
3192.7,83.8,25.8,70.0,62.5,28.5,83.1,0.867,3.8,1.87,14.11,5,0,0,83.8,83.9,0,1115.1,0.0648
2537.9,29.1,18.3,45.8,47.2,37.7,80.9,0.74,5.23,2.16,14.04,2,0,0,29.1,29.1,0,1247.0,0.0382
2849.7,21.1,7.8,59.4,58.7,37.5,89.5,0.805,3.46,1.21,14.31,1,0,0,21.1,20.9,0,709.7,0.0502
1100.0,0.0,2.0,34.7,32.1,35.7,85.6,0.785,2.22,2.59,14.08,0,0,0,0.0,0.0,0,1273.2,0.0336
4295.9,92.6,33.9,72.2,71.1,38.9,117.4,0.84,7.78,3.92,14.04,4,0,0,92.6,92.1,1,23.7,0.9241
1410.2,0.0,2.2,31.3,61.0,36.0,92.6,0.125,17.78,13.27,14.22,0,0,0,0.0,0.0,2,64.5,0.8741
3959.1,83.2,33.7,62.8,61.5,47.4,117.1,0.719,10.74,6.02,13.96,4,0,0,83.2,84.7,1,14.5,0.9376
2058.9,26.7,12.1,44.6,79.5,33.8,95.4,0.199,16.43,15.48,13.92,2,0,0,26.7,26.2,2,88.4,0.6993
1068.5,0.0,2.2,33.6,33.2,27.2,84.4,0.345,1.36,1.65,14.15,0,0,0,0.0,0.0,0,1079.9,0.0587
2899.1,34.9,17.0,45.1,42.1,35.6,84.7,0.321,3.28,-0.51,14.25,2,0,0,34.9,34.5,0,1462.2,0.0175
3915.3,107.8,17.1,70.0,67.2,43.6,110.0,0.828,8.5,3.14,13.89,5,0,0,107.8,106.8,1,57.9,0.7545
3499.0,90.2,25.2,50.1,55.9,29.2,82.6,0.284,1.56,2.1,14.23,5,0,0,90.2,89.7,0,874.8,0.0349
3402.8,89.9,17.1,54.9,59.2,44.2,122.7,0.895,7.68,2.82,13.64,5,0,0,89.9,90.5,1,34.2,0.7543
1059.6,0.0,2.1,33.3,32.9,31.1,83.2,0.724,0.02,1.75,13.93,0,0,0,0.0,0.0,0,1493.7,0.0574
5338.4,86.6,57.1,71.1,73.6,36.7,92.9,0.814,1.49,0.71,14.02,3,0,0,86.6,86.7,0,1052.6,0.0422
3065.1,67.5,23.1,64.5,64.0,38.1,91.5,0.22,1.2,2.36,10.11,4,0,0,67.5,68.6,3,10.2,0.8849
3650.4,77.1,21.4,62.4,63.3,36.6,88.7,0.312,1.44,2.44,14.3,4,0,0,77.1,77.8,0,880.4,0.0737
3835.2,99.2,21.5,63.0,61.0,31.2,89.2,0.478,1.75,2.72,10.55,5,0,0,99.2,97.3,3,38.8,0.8451
5138.2,84.5,47.0,86.5,85.7,33.9,87.1,0.246,2.94,1.03,10.66,3,0,0,84.5,85.0,3,31.8,0.8292
3288.9,87.3,24.4,57.8,88.4,32.1,88.6,0.065,20.15,14.62,14.18,5,0,0,87.3,86.9,2,100.6,0.8207
2229.7,17.0,18.6,46.8,49.1,41.7,117.2,0.884,5.07,2.17,14.16,1,0,0,17.0,17.1,1,27.9,0.7814
2709.9,31.8,17.9,55.4,55.9,37.9,95.9,0.267,1.56,0.83,14.07,2,0,0,31.8,32.0,0,1094.4,0.0197
3929.8,69.1,60.1,84.8,98.0,36.1,95.9,0.08,15.25,14.6,13.9,3,0,0,69.1,68.0,2,91.0,0.8551
3338.0,58.7,75.2,87.1,88.8,28.3,85.9,0.246,4.71,1.64,14.06,3,0,0,58.7,58.8,0,1337.1,0.0597
1020.3,0.0,2.1,31.3,35.9,38.2,88.4,0.205,1.25,1.32,14.11,0,0,0,0.0,0.0,0,944.7,0.0511
4153.8,86.2,19.5,68.0,66.7,45.8,112.0,0.755,7.55,3.76,13.99,4,0,0,86.2,85.0,1,25.6,0.8817
4080.7,91.7,62.6,81.2,79.5,28.3,91.8,0.683,3.05,0.96,14.03,4,0,0,91.7,92.6,0,914.9,0.0735
3928.7,45.6,49.2,85.4,83.9,30.8,88.8,0.809,1.53,1.38,14.09,2,0,0,45.6,46.0,0,724.6,0.074
1070.1,0.0,1.9,33.4,34.5,26.4,84.8,0.864,2.96,1.94,14.11,0,0,0,0.0,0.0,0,808.4,0.0293
2185.3,25.3,12.1,49.1,49.1,30.7,82.0,0.333,1.85,1.1,14.22,2,0,0,25.3,25.3,0,768.6,0.0636
3072.9,82.5,33.9,69.0,96.6,32.3,91.1,0.072,19.98,13.53,13.9,5,0,0,82.5,81.5,2,21.7,0.8656
1029.3,0.0,2.2,30.1,32.7,29.3,84.0,0.217,3.23,3.13,13.99,0,0,0,0.0,0.0,0,1484.4,0.0777
1071.6,0.0,2.1,28.3,31.1,29.7,92.2,0.683,-4.11,1.68,11.12,0,0,0,0.0,0.0,3,38.0,0.8857
3159.8,35.8,15.6,47.6,47.8,46.0,114.2,0.833,6.93,3.63,13.6,2,0,0,35.8,35.5,1,74.5,0.7946
3568.2,70.6,20.0,64.9,89.9,32.4,94.3,0.078,17.5,14.87,13.93,4,0,0,70.6,70.7,2,55.5,0.6862
3853.3,99.7,18.9,64.7,65.9,28.1,87.1,0.28,2.29,1.31,14.09,5,0,0,99.7,99.8,0,742.0,0.0523
3279.5,76.5,31.0,56.1,84.1,33.8,94.9,0.079,19.19,13.52,13.88,4,0,0,76.5,76.3,2,81.8,0.8028
3780.0,98.8,29.9,62.7,61.6,36.2,88.2,0.873,-0.56,0.97,14.12,5,0,0,98.8,97.1,0,1360.3,0.0247
3166.0,51.7,19.2,49.4,68.4,35.2,100.7,0.153,25.79,12.47,14.25,3,0,0,51.7,51.8,2,112.1,0.7414
1027.1,0.0,2.4,32.6,33.1,34.8,85.9,0.297,0.38,0.96,14.04,0,0,0,0.0,0.0,0,1383.5,0.0331
2594.6,21.7,12.1,48.5,73.5,36.6,91.5,0.182,17.99,17.41,14.32,1,0,0,21.7,21.6,2,46.7,0.7046
1056.0,0.0,1.9,30.7,32.1,34.3,82.9,0.465,0.84,0.36,10.15,0,0,0,0.0,0.0,3,16.1,0.9222
2288.0,36.5,20.0,48.9,51.5,33.5,91.3,0.193,4.72,1.72,14.26,3,0,0,36.5,36.1,0,912.8,0.0325
2736.7,34.5,11.1,47.1,44.8,28.8,90.5,0.765,0.5,1.64,14.2,2,0,0,34.5,35.1,0,1281.4,0.053
1154.2,0.0,2.2,37.1,59.7,28.6,87.7,0.074,22.05,13.25,13.86,0,0,0,0.0,0.0,2,32.7,0.9031
2397.2,29.7,21.0,45.5,46.9,35.4,85.3,0.862,1.37,1.08,13.97,2,0,0,29.7,29.9,0,1435.1,0.0636
850.0,0.0,2.4,30.6,57.5,33.9,95.5,0.199,9.93,13.24,13.93,0,0,0,0.0,0.0,2,23.3,0.8655
3032.3,63.3,31.6,61.6,60.8,38.3,86.9,0.821,1.04,2.45,14.11,4,0,0,63.3,62.5,0,783.2,0.0365
1004.4,0.0,2.0,36.6,34.1,32.7,87.8,0.829,2.63,1.32,14.04,0,0,0,0.0,0.0,0,1097.7,0.046
3408.4,69.4,27.5,65.6,68.5,38.3,86.9,0.292,-0.02,0.3,10.76,4,0,0,69.4,70.6,3,43.8,0.939
1719.6,27.0,20.7,45.5,45.7,41.0,119.6,0.668,11.32,3.65,13.78,3,0,0,27.0,27.0,1,72.7,0.7921
3422.2,88.2,27.6,73.6,94.8,33.2,94.0,0.095,24.4,13.0,14.11,5,0,0,88.2,88.6,2,65.0,0.8471
2930.8,25.4,16.6,35.9,33.1,30.3,93.7,0.846,2.78,1.28,14.42,1,0,0,25.4,25.6,0,791.2,0.0718
3976.2,100.7,32.5,65.1,65.3,44.7,117.6,0.734,5.88,1.17,13.5,5,0,0,100.7,100.9,1,51.3,0.7466
1052.5,0.0,2.0,37.4,35.2,33.5,83.7,0.699,0.22,1.82,14.17,0,0,1,0.0,0.0,0,1102.9,0.0691
2487.4,39.3,8.0,38.9,36.7,40.2,122.1,0.805,6.72,3.87,13.64,3,0,0,39.3,38.6,1,34.3,0.7516
5690.2,119.0,67.5,77.4,81.6,34.0,113.6,0.694,8.0,4.7,13.59,4,0,0,119.0,117.5,1,16.0,0.7991
1039.7,0.0,2.2,34.3,33.4,38.1,82.1,0.744,2.56,-0.97,14.0,0,0,0,0.0,0.0,0,1393.7,0.0673
2056.4,34.8,15.3,55.1,53.5,33.1,87.2,0.776,1.11,0.52,14.08,3,0,0,34.8,35.4,0,1264.3,0.0492
1586.0,26.1,11.7,51.6,53.0,27.1,89.4,0.248,2.98,2.07,14.1,3,0,0,26.1,25.7,0,831.7,0.026
850.0,0.0,2.0,32.8,59.9,33.9,92.4,0.054,19.15,15.91,13.64,0,0,0,0.0,0.0,2,48.3,0.7299
2171.7,26.5,12.8,59.7,59.5,40.9,86.4,0.181,3.1,2.46,14.26,2,0,0,26.5,26.4,0,711.2,0.0171
4955.4,79.2,51.4,74.6,73.7,48.5,124.1,0.771,9.64,4.22,13.71,3,0,0,79.2,77.7,1,50.1,0.8865
2666.0,19.8,11.2,45.1,47.7,35.2,89.6,0.796,2.54,1.98,14.08,1,0,0,19.8,19.6,0,1059.0,0.0311
3012.0,77.5,23.1,56.1,55.8,36.5,114.2,0.811,6.14,5.19,13.84,5,0,0,77.5,78.7,1,48.6,0.7379
3389.7,41.7,10.6,53.9,53.5,37.3,113.7,0.811,9.2,3.25,14.0,2,0,0,41.7,42.2,1,48.6,0.9261
2559.0,19.6,8.5,38.0,35.8,35.1,91.7,0.246,2.95,0.79,14.31,1,0,0,19.6,19.5,0,1267.7,0.0351
1051.6,0.0,2.0,31.8,32.2,33.8,84.1,0.327,-0.32,0.89,14.09,0,0,0,0.0,0.0,0,815.3,0.0604
1029.1,0.0,2.2,39.8,39.7,35.4,84.9,0.291,0.93,1.4,14.0,0,0,0,0.0,0.0,0,1142.4,0.0613
3929.8,88.0,22.9,69.7,71.0,41.2,116.1,0.776,10.32,2.44,13.8,4,0,0,88.0,86.5,1,25.0,0.8216
2002.4,37.2,10.6,40.6,70.6,32.6,95.7,0.056,21.14,15.52,13.88,3,0,0,37.2,36.5,2,112.9,0.7095
3229.6,83.9,24.6,70.2,70.6,34.8,88.3,0.304,-0.09,2.26,14.08,5,0,0,83.9,84.6,0,1316.7,0.0391
1052.9,0.0,2.1,33.0,37.3,37.5,114.8,0.765,9.39,5.26,13.69,0,0,0,0.0,0.0,1,29.6,0.9513
1070.4,0.0,2.5,34.3,34.7,30.2,89.7,0.26,1.89,2.43,14.12,0,0,0,0.0,0.0,0,704.4,0.0549
2050.7,14.2,21.0,46.1,49.0,38.1,89.0,0.289,2.19,1.43,14.04,1,0,0,14.2,14.1,0,1036.8,0.0622
3988.7,85.2,60.1,77.0,77.4,37.0,86.5,0.618,1.46,1.9,9.68,4,0,0,85.2,86.8,3,14.3,0.9142
1036.7,0.0,2.0,33.6,31.8,37.3,83.9,0.848,1.0,0.69,14.03,0,0,0,0.0,0.0,0,841.0,0.0707
2112.9,13.4,21.7,48.7,48.4,32.3,85.2,0.832,3.09,0.59,14.05,1,0,0,13.4,13.3,0,1287.7,0.015
2220.1,15.8,6.6,33.1,34.9,31.5,86.5,0.298,1.81,1.25,14.07,1,0,0,15.8,15.9,0,1175.6,0.0422
3301.5,70.8,17.3,56.9,56.1,31.6,91.3,0.721,1.19,2.5,14.07,4,0,0,70.8,70.4,0,953.7,0.0565
1077.3,0.0,2.4,32.2,35.6,36.6,87.2,0.272,1.37,1.26,13.95,0,0,0,0.0,0.0,0,1156.4,0.0586
2223.8,25.2,13.2,38.1,39.9,30.6,86.7,0.31,2.28,1.44,14.19,2,0,0,25.2,25.2,0,1384.0,0.0487
1026.8,0.0,2.3,31.3,31.4,38.6,111.3,0.807,8.76,5.44,13.65,0,0,1,0.0,0.0,1,20.7,0.7781
2284.6,15.3,15.9,36.6,36.2,34.9,85.7,0.799,2.16,2.45,14.18,1,0,0,15.3,15.2,0,1492.4,0.0543
2925.6,22.8,16.1,36.4,40.3,33.7,85.5,0.824,2.65,0.98,13.98,1,0,0,22.8,23.1,0,1149.0,0.013
3742.7,78.6,18.9,55.2,56.9,29.3,91.2,0.803,2.39,1.31,14.12,4,0,0,78.6,79.2,0,1214.2,0.0197
3097.9,21.8,10.4,52.5,51.1,29.1,91.3,0.722,1.43,0.55,14.04,1,0,0,21.8,22.2,0,1409.7,0.031
2200.0,36.3,16.3,44.6,44.5,33.6,122.9,0.669,8.91,2.72,13.91,3,0,0,36.3,36.9,1,28.5,0.932
2803.5,34.0,13.2,30.9,33.9,37.4,86.3,0.458,-2.85,1.55,10.33,2,0,0,34.0,34.0,3,16.7,0.9261
1051.1,0.0,2.4,32.6,33.3,32.5,84.7,0.725,3.46,0.2,13.99,0,0,1,0.0,0.0,0,1222.1,0.0179
2553.0,27.6,19.6,55.4,78.4,28.9,91.9,0.154,16.85,14.91,13.84,2,0,0,27.6,27.9,2,98.3,0.8935
2125.0,34.4,6.1,49.1,53.4,35.4,87.6,0.851,-1.4,0.97,14.31,3,0,0,34.4,34.6,0,886.0,0.071
2296.7,37.2,21.8,55.8,50.9,31.9,82.5,0.242,1.53,1.31,14.16,3,0,0,37.2,37.9,0,918.7,0.0455
2696.8,34.3,6.6,46.8,48.8,39.5,86.7,0.284,1.75,1.51,14.3,2,0,0,34.3,34.0,0,937.8,0.0554
1065.7,0.0,2.2,28.2,29.5,34.9,85.2,0.781,1.59,0.04,13.99,0,0,0,0.0,0.0,0,1278.9,0.0682
3601.1,42.5,53.9,73.8,77.2,33.9,87.0,0.687,-1.28,2.3,14.25,2,0,0,42.5,42.1,0,1295.5,0.0758
3292.2,67.5,14.2,57.6,54.2,45.8,110.4,0.655,1.3,5.52,14.02,4,0,0,67.5,66.8,1,38.1,0.7834
3460.4,91.9,21.7,59.1,60.1,26.0,94.9,0.195,1.36,0.84,14.14,5,0,0,91.9,91.9,0,990.1,0.0365
1027.8,0.0,2.3,36.3,35.0,32.6,94.1,0.528,2.08,1.45,11.29,0,0,0,0.0,0.0,3,17.1,0.8234
3638.5,93.7,23.8,63.1,63.3,29.9,89.4,0.849,2.41,2.08,13.85,5,0,0,93.7,94.5,0,1204.9,0.0561
3424.4,90.0,15.5,66.3,63.7,34.9,91.6,0.294,3.11,2.25,14.18,5,0,0,90.0,90.4,0,1048.6,0.0129
2879.7,35.3,9.1,49.9,52.9,43.2,116.1,0.77,6.93,1.81,13.72,2,0,0,35.3,34.8,1,53.4,0.906
4629.6,56.0,67.6,74.6,73.2,34.2,94.0,0.328,1.7,0.68,14.17,2,0,0,56.0,55.3,0,1424.2,0.0157
2548.2,53.6,17.3,67.3,63.9,38.3,90.8,0.304,-0.55,2.04,14.26,4,0,0,53.6,54.6,0,1166.9,0.0582
1040.2,0.0,2.2,35.1,34.8,49.3,110.3,0.811,9.79,3.27,13.61,0,0,0,0.0,0.0,1,58.7,0.8728
2222.8,16.1,18.3,46.2,45.1,33.9,83.0,0.464,-1.11,0.48,11.28,1,0,0,16.1,16.2,3,35.8,0.8937
4537.6,51.8,68.6,81.6,98.0,33.3,90.8,0.188,22.86,14.39,13.88,2,0,0,51.8,52.7,2,116.8,0.7343
3719.4,83.3,19.0,50.1,48.1,39.6,111.8,0.87,10.24,4.26,13.45,4,0,0,83.3,83.1,1,49.5,0.7487
3474.4,94.4,17.7,59.3,58.1,46.2,122.9,0.761,11.15,1.8,13.59,5,0,0,94.4,95.9,1,22.2,0.8289
3551.1,74.4,27.9,58.3,57.5,32.4,85.3,0.469,0.88,2.03,10.78,4,0,0,74.4,75.9,3,27.3,0.8124
1035.0,0.0,2.3,33.5,37.5,32.4,87.4,0.718,3.16,1.02,14.0,0,0,0,0.0,0.0,0,1116.0,0.0359
1944.6,23.0,13.3,53.6,53.4,37.9,87.8,0.831,1.41,2.17,14.03,2,0,0,23.0,22.6,0,1286.6,0.0335
3133.1,82.1,21.3,61.0,61.5,32.9,84.5,0.269,1.28,1.19,14.2,5,0,0,82.1,83.1,0,1437.4,0.0686
2236.7,19.9,19.1,41.6,40.4,33.1,91.4,0.244,0.32,1.07,13.99,1,0,0,19.9,19.8,0,912.7,0.0357
1049.6,0.0,2.4,30.9,31.4,42.4,128.2,0.736,6.41,2.06,13.95,0,0,0,0.0,0.0,1,65.4,0.9151
2467.8,40.8,17.1,43.8,42.4,40.3,118.3,0.864,10.39,4.06,14.19,3,0,0,40.8,41.2,1,49.2,0.7577
3037.9,51.4,14.4,58.4,59.9,39.9,85.7,0.84,1.62,0.65,14.14,3,0,0,51.4,50.7,0,1335.7,0.0328
1949.8,13.4,6.1,49.3,51.2,31.5,92.2,0.237,2.9,-0.16,14.09,1,0,0,13.4,13.5,0,1201.8,0.0672
3139.9,37.1,20.5,44.1,42.7,41.3,106.3,0.815,8.18,4.69,13.63,2,0,0,37.1,37.1,1,70.4,0.8259
1023.5,0.0,2.4,28.5,32.3,34.1,85.5,0.762,3.66,1.91,14.13,0,0,0,0.0,0.0,0,1030.3,0.0788
3820.3,84.7,20.2,55.5,57.1,43.8,117.8,0.688,11.32,4.55,13.8,4,0,0,84.7,85.3,1,50.4,0.8803
2283.4,41.0,18.7,41.0,41.0,27.8,88.8,0.847,2.62,1.05,14.24,3,0,0,41.0,40.4,0,1357.8,0.0529
2941.5,38.4,12.3,51.5,47.3,35.7,93.8,0.188,3.03,1.17,14.08,2,0,0,38.4,38.7,0,1231.5,0.0241
2971.0,75.0,27.5,55.3,54.5,36.8,84.6,0.243,1.15,2.08,14.25,5,0,0,75.0,74.3,0,1241.4,0.0559
2577.9,32.4,19.7,47.6,50.8,31.0,88.8,0.803,2.13,1.24,14.31,2,0,0,32.4,32.7,0,1009.0,0.027
2611.6,68.9,16.9,66.1,91.6,37.5,95.1,0.129,18.25,14.25,13.62,5,0,0,68.9,68.6,2,72.2,0.8406
1017.1,0.0,2.2,31.4,35.0,38.2,85.4,0.274,3.0,0.25,10.37,0,0,1,0.0,0.0,3,41.7,0.9114
2597.6,53.9,28.6,56.4,57.3,45.5,118.4,0.703,2.86,5.0,13.95,4,0,0,53.9,54.8,1,11.8,0.9578
1032.4,0.0,2.0,37.0,34.6,29.4,86.1,0.792,2.56,2.61,14.02,0,0,0,0.0,0.0,0,921.1,0.0322
1064.5,0.0,2.5,28.2,31.0,36.7,87.8,0.333,0.16,2.21,13.97,0,0,0,0.0,0.0,0,1324.8,0.0472
2022.2,32.6,18.9,50.2,53.1,37.2,114.2,0.778,7.53,3.53,13.85,3,0,0,32.6,32.7,1,34.5,0.9319
5037.2,56.8,42.8,87.7,98.0,36.4,95.4,0.198,25.63,17.47,13.98,2,0,0,56.8,57.4,2,59.9,0.8925
2394.4,18.6,7.3,50.3,49.3,31.5,83.3,0.32,2.73,1.04,13.95,1,0,0,18.6,18.9,0,903.1,0.0378
2355.7,30.4,11.8,36.2,36.7,36.3,82.8,0.794,1.3,2.85,14.04,2,0,0,30.4,30.2,0,983.2,0.0286
4507.7,56.6,68.2,90.2,90.6,43.6,111.6,0.708,9.05,5.31,13.7,2,0,0,56.6,56.9,1,17.7,0.8731
3963.4,66.5,58.3,79.3,78.1,33.1,83.6,0.784,3.18,0.92,14.33,3,0,0,66.5,67.2,0,1132.7,0.0144
2338.7,28.5,9.4,40.6,37.0,30.6,88.7,0.706,0.58,1.99,14.17,2,0,0,28.5,28.7,0,986.4,0.0792
1033.0,0.0,2.5,34.9,35.5,30.7,83.9,0.781,3.0,1.52,14.15,0,0,1,0.0,0.0,0,1414.0,0.0282
3245.6,68.5,33.6,56.3,54.7,34.3,87.0,0.805,1.37,0.57,14.01,4,0,0,68.5,67.6,0,871.7,0.0663
2116.4,18.0,7.8,52.7,77.9,28.2,92.2,0.081,20.78,13.97,13.95,1,0,0,18.0,18.3,2,63.5,0.8462
1047.3,0.0,2.5,38.1,35.5,28.1,84.1,0.39,0.63,0.34,10.33,0,0,0,0.0,0.0,3,4.8,0.914
1051.2,0.0,2.4,34.0,36.3,31.2,85.6,0.694,0.33,1.39,14.07,0,0,0,0.0,0.0,0,883.8,0.0796
3792.4,99.8,33.7,56.7,59.3,35.6,89.0,0.29,2.26,0.83,14.11,5,0,0,99.8,100.7,0,731.7,0.0701
1096.1,0.0,2.3,35.3,35.8,27.5,86.2,0.316,1.08,0.5,14.09,0,0,0,0.0,0.0,0,1489.7,0.054
1048.1,0.0,2.3,33.4,32.3,26.9,87.3,0.18,0.82,2.34,14.07,0,0,1,0.0,0.0,0,1166.9,0.075
2353.0,39.5,21.4,48.5,49.1,36.3,85.7,0.865,2.32,0.76,14.26,3,0,0,39.5,39.6,0,832.1,0.0183
1036.4,0.0,1.8,29.5,32.1,39.2,113.2,0.7,8.57,4.77,14.07,0,0,0,0.0,0.0,1,51.7,0.8952
2029.0,24.1,15.9,40.8,42.3,36.4,82.9,0.247,2.82,1.57,14.01,2,0,0,24.1,23.9,0,1215.8,0.0655
2372.6,19.2,10.9,47.0,44.0,31.9,89.2,0.243,4.74,2.09,14.29,1,0,0,19.2,19.5,0,1170.3,0.0295
1059.8,0.0,2.2,34.8,32.6,30.2,86.7,0.867,3.69,1.35,13.97,0,0,0,0.0,0.0,0,894.1,0.0735
2438.1,28.4,10.1,54.9,55.7,38.7,90.9,0.207,3.41,1.92,14.23,2,0,0,28.4,28.4,0,1443.0,0.0107
1019.8,0.0,1.8,30.0,34.5,27.1,82.8,0.812,0.17,1.67,13.91,0,0,1,0.0,0.0,0,1094.5,0.0304
3981.3,82.1,29.0,51.5,56.8,38.4,92.8,0.308,0.04,1.44,14.03,4,0,0,82.1,81.4,0,1268.1,0.0526
2311.5,28.1,19.5,61.1,62.3,39.7,85.6,0.662,3.36,2.81,11.09,2,0,0,28.1,27.7,3,44.4,0.8613
1067.3,0.0,2.2,36.0,36.5,26.9,89.3,0.732,2.46,2.02,14.1,0,0,0,0.0,0.0,0,1420.7,0.0162
3085.2,63.2,16.2,63.4,62.8,28.4,87.7,0.181,2.46,0.9,13.96,4,0,0,63.2,62.2,0,815.2,0.0552
3415.1,21.4,7.5,43.6,70.8,29.7,95.4,0.135,22.17,13.26,13.95,1,0,0,21.4,21.8,2,30.9,0.6702
1945.0,33.2,19.9,47.2,46.6,30.1,92.8,0.486,-1.29,1.24,11.54,3,0,0,33.2,32.8,3,41.0,0.9317
1672.9,13.7,17.9,41.0,41.0,29.7,90.1,0.792,-2.24,0.66,14.06,1,0,0,13.7,13.8,0,991.0,0.0311
1011.9,0.0,2.0,28.7,64.9,30.3,93.4,0.123,21.87,14.14,14.32,0,0,0,0.0,0.0,2,52.1,0.6574
3445.8,89.2,28.3,70.5,66.7,36.9,90.6,0.337,1.06,2.62,14.23,5,0,0,89.2,88.4,0,1385.0,0.0491
2037.0,21.8,15.0,54.3,56.5,30.3,91.4,0.272,1.82,2.22,14.22,2,0,0,21.8,21.4,0,1366.8,0.0115
4662.9,55.8,41.7,74.3,78.7,36.6,90.8,0.296,-0.05,1.65,14.35,2,0,0,55.8,56.0,0,1455.1,0.03
2164.9,25.9,8.6,43.7,42.1,46.3,122.6,0.661,5.48,4.47,14.01,2,0,0,25.9,26.3,1,45.5,0.9174
1004.9,0.0,2.0,36.1,35.3,36.3,114.8,0.892,8.61,4.15,13.83,0,0,0,0.0,0.0,1,48.7,0.8952
1727.1,33.3,17.3,47.9,48.5,30.0,84.6,0.681,1.11,0.93,14.22,3,0,0,33.3,33.8,0,945.5,0.0615
1031.4,0.0,2.2,37.2,33.8,36.9,86.6,0.348,-0.57,1.33,13.99,0,0,0,0.0,0.0,0,1267.5,0.0568
4034.7,109.1,29.3,61.9,58.9,44.1,127.5,0.863,9.6,2.69,13.99,5,0,0,109.1,109.1,1,65.0,0.8395
1516.6,18.9,9.5,52.0,50.6,31.1,92.5,0.313,5.76,0.96,14.07,2,0,0,18.9,18.9,0,1239.0,0.0109
2280.9,38.1,21.8,57.1,60.3,30.3,80.6,0.206,0.79,2.2,14.15,3,0,0,38.1,37.6,0,953.0,0.0293
3000.3,37.2,20.4,46.5,48.7,40.9,118.1,0.891,9.33,4.26,14.11,2,0,0,37.2,37.6,1,48.8,0.849
1048.2,0.0,2.2,35.3,37.3,33.7,110.8,0.7,4.46,4.26,13.86,0,0,0,0.0,0.0,1,49.5,0.7522
2315.4,41.4,20.2,52.1,81.5,29.1,92.1,0.093,14.15,12.42,14.16,3,0,0,41.4,41.8,2,21.5,0.8652
870.4,0.0,2.0,30.8,55.1,38.9,93.7,0.052,15.8,14.82,13.97,0,0,0,0.0,0.0,2,76.1,0.7257
2498.7,21.0,18.2,52.6,51.2,37.5,85.4,0.236,1.61,1.21,13.89,1,0,0,21.0,20.7,0,1081.0,0.0202
4614.0,98.9,70.5,87.5,86.2,36.9,110.8,0.67,6.66,2.62,14.18,4,0,0,98.9,100.0,1,26.7,0.8325
4998.2,108.2,63.8,82.8,82.7,40.7,118.4,0.828,6.46,3.56,13.87,4,0,0,108.2,109.9,1,43.8,0.8571
3526.2,73.3,30.0,59.4,59.5,37.4,93.8,0.321,-0.01,1.15,14.11,4,0,0,73.3,72.2,0,1146.5,0.061
2130.1,35.4,8.7,48.6,48.2,31.8,86.3,0.34,4.06,2.67,14.06,3,0,0,35.4,35.1,0,1331.2,0.0723
1063.2,0.0,2.0,36.2,34.1,30.6,86.8,0.837,1.26,2.19,13.95,0,0,0,0.0,0.0,0,848.8,0.0537
3204.9,68.2,19.1,65.1,61.3,31.1,96.3,0.278,3.61,0.95,14.01,4,0,0,68.2,67.9,0,1375.2,0.0132
1112.8,0.0,2.3,39.4,36.0,47.5,113.7,0.862,7.87,4.11,14.07,0,0,0,0.0,0.0,1,34.9,0.7896
3167.9,91.6,25.0,68.9,87.8,34.2,101.3,0.129,17.29,16.89,14.1,5,0,0,91.6,92.5,2,48.8,0.7463
2615.4,41.5,21.0,38.4,38.5,40.1,91.2,0.215,2.81,1.28,14.2,3,0,0,41.5,41.7,0,735.4,0.0219
1077.2,0.0,2.2,35.3,34.9,27.7,85.4,0.724,2.15,1.8,14.16,0,0,0,0.0,0.0,0,1332.0,0.0222
3346.5,70.3,16.6,61.8,60.2,29.0,88.5,0.48,0.65,0.66,10.35,4,0,0,70.3,70.5,3,43.9,0.9712
2518.5,32.1,17.3,45.5,44.8,34.0,91.2,0.835,2.72,2.29,14.1,2,0,0,32.1,32.4,0,902.9,0.0219
2570.3,29.5,15.5,36.6,39.9,37.8,82.1,0.325,2.78,1.04,14.05,2,0,0,29.5,29.5,0,1391.4,0.0339
2416.3,27.7,11.6,53.2,51.8,33.3,83.7,0.8,5.34,2.28,14.2,2,0,0,27.7,28.0,0,896.1,0.0345
3704.4,93.4,32.7,66.6,65.6,33.3,94.2,0.236,1.93,2.17,14.1,5,0,0,93.4,92.4,0,1295.6,0.0781
2643.1,31.5,12.0,53.3,54.4,38.2,91.4,0.196,3.02,2.5,14.06,2,0,0,31.5,31.4,0,973.2,0.0145
1035.6,0.0,2.3,29.2,32.2,33.0,87.1,0.328,2.44,2.13,13.95,0,0,0,0.0,0.0,0,1055.7,0.0112
4229.6,46.5,77.6,75.6,75.6,29.6,83.9,0.706,0.09,1.48,13.89,2,0,0,46.5,46.6,0,1014.5,0.0527
2565.0,42.1,14.8,48.5,47.9,33.7,85.0,0.238,1.8,1.53,14.1,3,0,0,42.1,42.2,0,1359.8,0.0438
5134.5,88.0,57.5,76.8,72.9,34.0,80.2,0.874,-0.25,1.98,14.06,3,0,0,88.0,86.4,0,883.2,0.065
4594.3,74.9,75.5,69.0,69.6,35.3,85.0,0.282,3.36,2.19,14.13,3,0,0,74.9,75.0,0,1357.0,0.0345
3386.3,91.1,34.7,54.0,53.1,33.5,115.9,0.85,7.93,5.79,13.95,5,0,0,91.1,91.0,1,46.1,0.8831
1852.0,29.4,20.8,57.3,90.1,35.6,95.4,0.052,12.24,14.56,14.07,2,0,0,29.4,29.6,2,61.8,0.8035
2817.8,48.7,15.3,50.2,52.1,29.1,87.8,0.788,2.92,1.66,13.95,3,0,0,48.7,47.9,0,779.9,0.0643
4539.8,78.7,72.8,75.0,74.7,26.4,91.3,0.336,3.85,1.69,14.07,3,0,0,78.7,78.9,0,753.6,0.0286
2667.7,33.3,16.6,45.4,44.6,40.8,118.5,0.782,10.08,5.33,13.87,2,0,0,33.3,33.3,1,34.1,0.7854
2034.1,34.2,12.7,43.3,44.9,36.7,88.2,0.761,-0.05,1.4,14.24,3,0,0,34.2,34.0,0,1430.9,0.0554
1053.5,0.0,2.1,31.1,31.0,34.7,84.6,0.841,4.07,1.53,14.07,0,0,0,0.0,0.0,0,1328.7,0.0106
3523.7,93.2,35.0,52.9,51.9,32.6,110.5,0.725,10.04,4.69,13.75,5,0,0,93.2,93.4,1,62.3,0.8513
2539.7,38.0,14.1,49.3,75.6,33.3,91.2,0.185,20.83,12.42,14.06,3,0,0,38.0,38.7,2,58.3,0.9081
1076.1,0.0,2.3,28.4,50.1,28.6,96.9,0.161,17.35,14.67,14.19,0,0,0,0.0,0.0,2,55.2,0.7138
2735.6,34.7,15.2,50.2,49.9,27.6,91.7,0.321,-1.44,2.07,14.07,2,0,0,34.7,34.5,0,1289.8,0.0746
3889.0,65.2,70.1,84.7,83.3,42.9,117.7,0.828,5.6,5.66,13.72,3,0,0,65.2,65.6,1,30.3,0.8981
1097.5,0.0,2.3,31.9,33.0,28.5,84.6,0.331,-0.25,2.27,14.09,0,0,1,0.0,0.0,0,1482.9,0.0773
2580.7,28.7,8.4,45.2,45.5,39.0,107.5,0.886,6.63,4.33,13.75,2,0,0,28.7,28.8,1,42.3,0.8824
4738.0,57.3,72.8,88.3,86.8,40.1,90.9,0.229,0.04,0.58,14.0,2,0,0,57.3,58.3,0,892.8,0.0325
2778.8,34.5,19.5,52.5,48.3,31.8,86.5,0.75,1.25,1.79,14.07,2,0,0,34.5,34.5,0,788.2,0.0301
3851.9,102.7,23.0,71.9,68.3,33.0,114.5,0.66,7.06,3.85,13.83,5,0,0,102.7,102.9,1,14.1,0.7317
4162.9,70.2,46.1,80.4,83.0,27.7,95.0,0.871,1.98,0.51,14.19,3,0,0,70.2,70.4,0,1008.8,0.0247
2127.3,32.7,17.3,52.7,50.2,38.9,87.6,0.331,2.3,1.36,14.12,3,0,0,32.7,32.7,0,1189.4,0.0495
1079.1,0.0,2.0,33.8,32.3,33.6,86.1,0.361,2.63,1.1,11.23,0,0,0,0.0,0.0,3,27.2,0.9015
2768.7,33.8,18.5,58.2,54.4,32.4,91.1,0.867,2.12,1.71,14.09,2,0,0,33.8,34.4,0,1109.2,0.0122
3076.2,78.0,15.4,52.1,51.9,36.7,86.4,0.286,1.73,0.6,13.92,5,0,0,78.0,79.3,0,900.3,0.0468
1646.4,13.2,17.4,56.8,54.1,33.8,90.5,0.729,0.48,3.74,14.0,1,0,0,13.2,13.1,0,903.7,0.0291
4776.9,78.2,61.0,89.2,98.0,32.7,96.6,0.146,24.11,9.4,14.05,3,0,0,78.2,77.6,2,77.2,0.8873
2651.5,22.1,18.4,51.3,51.5,34.2,126.7,0.813,4.59,4.08,13.79,1,0,0,22.1,22.4,1,70.2,0.9228
2948.2,64.0,29.1,51.0,48.1,34.9,87.0,0.764,2.23,0.8,14.16,4,0,0,64.0,63.8,0,1371.2,0.0473
1060.4,0.0,1.9,31.4,32.0,46.8,117.9,0.747,4.95,3.65,14.21,0,0,0,0.0,0.0,1,18.3,0.729
1026.6,0.0,2.4,29.9,34.9,26.6,81.6,0.681,3.21,1.88,13.95,0,0,0,0.0,0.0,0,1426.9,0.0526
2374.9,28.0,20.8,52.1,70.1,28.3,96.7,0.072,19.75,15.46,13.85,2,0,0,28.0,27.9,2,21.3,0.7281
1076.5,0.0,2.3,36.8,34.9,33.8,84.9,0.264,1.89,1.34,14.07,0,0,0,0.0,0.0,0,721.7,0.026
2597.5,18.2,12.3,51.2,47.7,28.4,91.3,0.298,-0.56,2.66,14.33,1,0,0,18.2,17.9,0,1071.4,0.0664
2596.3,30.0,18.7,50.3,48.9,28.9,85.0,0.407,0.82,0.09,11.97,2,0,0,30.0,29.9,3,26.9,0.9554
2900.9,75.8,16.6,59.0,60.0,31.4,86.5,0.206,0.59,1.69,14.08,5,0,0,75.8,74.4,0,713.3,0.0253
1063.7,0.0,1.9,38.5,32.8,34.0,84.2,0.772,1.45,0.83,14.25,0,0,0,0.0,0.0,0,729.1,0.0697
1038.2,0.0,2.5,33.8,31.8,39.9,88.8,0.247,1.5,1.51,14.03,0,0,0,0.0,0.0,0,924.9,0.014
1081.3,0.0,2.3,31.3,31.8,34.6,91.4,0.639,0.91,0.41,10.68,0,0,0,0.0,0.0,3,24.6,0.8735
1072.0,0.0,2.5,33.7,37.0,28.9,83.4,0.348,2.22,1.78,14.08,0,0,0,0.0,0.0,0,758.5,0.026
2366.0,18.3,19.5,44.3,45.8,37.6,88.7,0.757,5.69,2.66,14.13,1,0,0,18.3,18.5,0,1168.8,0.0328
1085.5,0.0,2.3,32.3,33.7,38.8,80.1,0.251,1.39,2.82,14.09,0,0,0,0.0,0.0,0,1025.7,0.0169
3401.7,71.9,33.7,67.3,67.3,36.4,90.5,0.754,2.44,2.43,14.16,4,0,0,71.9,71.0,0,1199.5,0.0424
4779.9,80.7,42.1,78.1,76.9,30.7,92.8,0.184,1.66,1.21,14.12,3,0,0,80.7,79.5,0,974.2,0.0515
4182.1,109.5,31.7,61.8,65.9,45.3,111.2,0.674,8.26,3.43,13.79,5,0,0,109.5,109.8,1,29.4,0.7969
1041.5,0.0,1.9,37.4,36.1,32.3,92.8,0.37,3.17,1.65,10.78,0,0,0,0.0,0.0,3,21.1,0.9537
2084.2,23.4,9.7,57.0,55.2,38.1,87.3,0.245,3.11,-0.09,14.18,2,0,0,23.4,23.6,0,759.5,0.0308
1001.3,0.0,2.4,38.7,35.4,29.9,87.7,0.229,1.99,2.21,14.05,0,0,1,0.0,0.0,0,996.0,0.0247
3601.4,98.3,31.4,61.3,61.2,30.6,86.2,0.299,2.69,2.34,14.21,5,0,0,98.3,97.2,0,1174.5,0.0271
2430.3,39.6,10.0,46.8,43.7,33.7,87.1,0.222,0.54,0.85,14.27,3,0,0,39.6,39.2,0,847.6,0.0605
4510.0,111.9,30.5,59.0,85.2,33.7,96.0,0.131,18.59,13.72,13.96,5,0,0,111.9,110.2,2,67.2,0.6534
3114.8,83.0,28.4,50.1,51.1,30.8,86.3,0.298,2.42,2.26,14.06,5,0,0,83.0,83.2,0,1408.5,0.027
1056.9,0.0,1.9,36.5,35.5,37.1,86.4,0.182,2.66,0.19,14.06,0,0,0,0.0,0.0,0,821.5,0.0308
2384.6,28.7,15.8,50.2,49.6,41.0,114.0,0.874,9.46,3.68,14.09,2,0,0,28.7,29.0,1,21.2,0.7386
3402.0,74.2,16.8,66.0,64.4,25.4,83.9,0.735,-1.5,1.61,14.11,4,0,0,74.2,75.3,0,1490.1,0.0136
3569.4,95.7,14.3,64.6,65.5,43.9,114.4,0.861,10.47,5.19,13.5,5,0,0,95.7,95.5,1,65.4,0.824
3169.2,83.5,17.6,62.0,60.1,33.4,85.2,0.772,1.94,3.63,14.37,5,0,0,83.5,81.9,0,907.4,0.0369
2955.6,32.6,13.6,43.2,75.4,37.3,96.1,0.145,18.6,14.15,14.09,2,0,0,32.6,32.3,2,109.1,0.9052
1055.7,0.0,2.1,34.6,37.2,36.2,82.2,0.4,-1.74,1.13,11.19,0,0,0,0.0,0.0,3,39.5,0.8003
2268.2,26.8,14.5,43.2,42.5,41.7,115.3,0.701,9.09,3.93,13.82,2,0,0,26.8,26.6,1,15.0,0.7392
2317.6,17.7,15.4,65.0,63.5,27.1,88.6,0.277,-2.23,1.99,10.19,1,0,0,17.7,17.6,3,14.6,0.9634
1023.9,0.0,2.5,26.8,29.8,26.7,83.9,0.794,1.95,3.08,13.99,0,0,1,0.0,0.0,0,873.3,0.0187
2463.0,29.5,14.6,40.2,41.8,28.0,82.4,0.766,1.26,1.45,14.04,2,0,0,29.5,29.3,0,967.0,0.0716
4580.0,72.5,58.7,85.4,83.0,37.9,109.6,0.669,13.82,2.42,14.21,3,0,0,72.5,72.8,1,48.8,0.7854
3198.5,84.7,15.1,57.8,58.7,38.7,88.5,0.799,2.15,0.46,14.09,5,0,0,84.7,85.4,0,862.0,0.0142
3300.7,86.3,19.2,57.0,56.5,26.6,83.6,0.247,1.77,0.86,14.16,5,0,0,86.3,86.8,0,881.6,0.0344
2550.2,41.4,6.2,40.6,40.3,35.6,85.3,0.811,0.16,2.18,14.21,3,0,0,41.4,41.0,0,1090.2,0.0585
3692.6,46.5,53.7,86.0,86.4,29.9,84.6,0.864,1.64,1.03,14.06,2,0,0,46.5,47.3,0,1026.1,0.0189
1733.2,31.1,12.6,54.3,54.8,38.8,94.2,0.813,1.26,1.2,14.05,3,0,0,31.1,31.0,0,819.1,0.0747
3684.0,96.0,32.1,69.4,68.3,35.9,91.5,0.329,0.58,1.78,14.29,5,0,0,96.0,97.7,0,929.9,0.0533
1062.3,0.0,2.0,36.2,35.4,44.3,113.1,0.859,7.9,2.67,13.74,0,0,0,0.0,0.0,1,19.4,0.8306
4720.0,83.4,80.0,87.6,84.9,32.6,81.7,0.294,3.15,2.31,14.23,3,0,0,83.4,83.9,0,854.9,0.0598
2004.2,33.5,12.6,46.7,49.8,29.2,88.4,0.187,4.91,2.15,14.1,3,0,0,33.5,33.8,0,1338.3,0.0547
1762.2,28.5,15.8,51.4,52.7,33.9,85.5,0.205,2.53,3.22,14.1,3,0,0,28.5,28.2,0,854.3,0.0554
2871.3,48.2,17.1,51.0,48.4,33.7,91.0,0.193,3.48,0.93,14.1,3,0,0,48.2,47.5,0,1220.8,0.0507
2777.9,28.2,13.1,47.4,69.4,34.0,95.4,0.053,17.58,13.03,13.74,2,0,0,28.2,28.2,2,79.4,0.8394
3176.1,66.3,31.4,61.5,64.7,33.5,82.7,0.189,0.54,-0.05,13.96,4,0,0,66.3,66.0,0,905.8,0.0271
3799.8,100.0,18.1,61.4,60.9,37.2,90.8,0.305,1.76,2.61,14.07,5,0,0,100.0,99.8,0,739.0,0.0555
1800.0,9.9,10.1,56.4,76.8,37.0,98.7,0.155,26.73,12.02,14.13,1,0,0,9.9,9.8,2,20.8,0.7124
2491.4,54.6,28.8,59.6,60.1,34.4,85.0,0.799,1.74,0.78,14.3,4,0,0,54.6,55.5,0,1418.1,0.0748
2210.8,15.1,7.4,56.7,55.7,35.5,87.7,0.342,0.22,0.94,14.14,1,0,0,15.1,15.1,0,737.8,0.0129
2030.1,13.2,18.3,57.7,56.9,30.6,89.5,0.791,-0.16,1.66,14.29,1,0,0,13.2,13.1,0,900.1,0.0375
2629.1,19.9,9.0,39.1,39.3,34.9,86.6,0.348,-2.38,0.68,11.15,1,0,0,19.9,19.8,3,25.2,0.8095
1014.1,0.0,2.4,30.2,31.7,28.0,88.9,0.232,1.07,1.24,13.91,0,0,0,0.0,0.0,0,972.1,0.0794
2967.0,36.2,7.6,46.9,45.0,30.3,84.1,0.726,2.24,1.6,14.0,2,0,0,36.2,35.9,0,701.1,0.0426
2451.5,27.3,10.7,45.6,46.8,30.6,86.4,0.277,-0.81,1.68,14.22,2,0,0,27.3,27.3,0,1000.9,0.0555
1024.1,0.0,2.2,34.2,32.4,32.0,87.5,0.694,-1.77,0.11,13.87,0,0,0,0.0,0.0,0,1305.6,0.0558
2196.7,27.7,6.0,41.4,42.5,35.6,88.5,0.682,0.72,1.41,14.16,2,0,0,27.7,28.0,0,1394.2,0.0129
2046.7,24.3,14.9,53.4,54.3,28.7,83.9,0.253,0.51,0.21,13.99,2,0,0,24.3,24.0,0,1346.6,0.0187
3525.7,72.9,17.6,67.2,65.2,31.9,86.9,0.338,3.67,1.46,13.84,4,0,0,72.9,73.9,0,848.3,0.0504
2359.9,16.3,14.1,54.2,53.9,35.3,81.7,0.538,-0.24,1.82,9.99,1,0,0,16.3,16.3,3,8.4,0.9378
2874.2,34.2,7.9,56.6,78.8,32.9,86.7,0.155,19.07,13.79,13.93,2,0,0,34.2,33.8,2,65.4,0.7291
3080.8,82.9,33.1,69.7,68.5,34.4,92.6,0.328,2.02,1.8,14.18,5,0,0,82.9,83.1,0,1379.3,0.0447
2530.3,15.5,20.2,52.3,71.3,36.6,89.3,0.173,17.23,14.35,14.07,1,0,0,15.5,15.2,2,31.3,0.8629
3097.2,70.8,14.5,68.9,65.6,28.9,84.2,0.821,1.39,1.02,14.08,4,0,0,70.8,71.9,0,783.4,0.0629
2812.3,71.8,29.4,64.2,63.1,36.1,83.7,0.348,2.6,2.32,14.04,5,0,0,71.8,71.9,0,812.3,0.068
3368.8,87.3,17.5,68.6,65.8,40.1,113.8,0.667,4.62,3.81,13.64,5,0,0,87.3,86.9,1,45.3,0.7857
1280.7,0.0,2.1,42.8,69.5,28.2,97.3,0.068,21.47,12.27,14.04,0,0,1,0.0,0.0,2,117.9,0.6632
2358.7,31.8,13.3,44.7,68.7,34.7,96.2,0.09,13.01,14.24,13.98,2,0,0,31.8,31.2,2,58.0,0.6674
3763.4,98.6,14.1,64.0,64.7,38.4,79.8,0.811,1.91,2.58,14.24,5,0,0,98.6,97.7,0,1485.8,0.0103
3720.7,92.4,29.0,57.9,61.9,39.5,81.7,0.568,1.93,2.05,10.97,5,0,0,92.4,90.9,3,6.3,0.8142
2165.0,27.8,18.3,49.0,51.8,38.6,84.7,0.785,1.61,1.66,14.04,2,0,0,27.8,28.3,0,1055.3,0.0417
2424.4,34.1,15.0,55.3,85.5,29.8,96.7,0.079,20.75,15.59,13.58,3,0,0,34.1,34.8,2,23.4,0.8339
3695.2,82.4,23.4,67.1,67.9,38.0,90.1,0.519,-2.03,0.69,11.04,4,0,0,82.4,82.5,3,6.5,0.9338
2345.1,42.0,19.9,42.9,42.7,33.7,91.0,0.202,2.12,1.67,14.24,3,0,0,42.0,41.4,0,845.6,0.0297
4497.0,99.4,41.1,95.5,94.0,50.1,120.2,0.832,4.23,4.7,13.84,4,0,0,99.4,100.7,1,34.3,0.8549
2427.4,30.8,9.4,56.3,56.2,33.2,91.7,0.346,1.85,1.42,14.36,2,0,0,30.8,30.9,0,1353.0,0.0536
1975.4,25.5,6.7,53.2,47.9,37.9,88.8,0.192,1.08,2.94,14.4,2,0,0,25.5,25.3,0,1243.8,0.0676
2474.6,43.3,17.8,42.5,47.5,35.0,87.1,0.246,3.51,0.62,14.17,3,0,0,43.3,43.6,0,1164.3,0.0592
1102.0,0.0,2.4,37.0,36.8,29.5,88.8,0.214,2.51,2.2,14.02,0,0,0,0.0,0.0,0,1019.6,0.0121
1021.2,0.0,2.2,39.1,37.4,31.9,87.0,0.688,0.48,0.93,10.75,0,0,1,0.0,0.0,3,11.8,0.921
2307.7,16.3,19.9,41.6,41.5,41.8,117.5,0.855,9.11,4.48,14.06,1,0,0,16.3,16.4,1,21.7,0.8171
2764.1,32.3,9.9,54.3,52.8,29.5,92.6,0.687,3.58,0.48,14.09,2,0,0,32.3,31.7,0,1133.3,0.0453
1524.6,11.9,7.7,45.6,77.5,38.7,96.4,0.116,23.99,14.08,13.72,1,0,0,11.9,12.1,2,47.3,0.6998
1066.6,0.0,2.4,33.9,32.1,34.2,88.6,0.318,0.54,3.31,11.25,0,0,0,0.0,0.0,3,13.2,0.8698
2610.2,28.3,19.4,37.4,42.1,37.8,87.9,0.854,3.15,1.09,14.15,2,0,0,28.3,27.8,0,1044.4,0.0264
3485.8,92.6,17.9,66.8,64.8,27.1,85.2,0.401,1.99,1.05,10.24,5,0,0,92.6,91.7,3,9.9,0.8076
2689.8,31.0,12.9,34.7,35.7,31.0,92.3,0.761,2.66,2.05,14.28,2,0,0,31.0,30.8,0,1387.1,0.0434
1217.5,0.0,2.0,36.8,58.6,29.6,98.3,0.12,21.75,15.53,14.11,0,0,0,0.0,0.0,2,25.0,0.8864
1788.3,22.1,20.9,44.4,48.6,39.2,86.1,0.692,1.09,1.06,13.97,2,0,0,22.1,21.9,0,1111.6,0.0784
2954.8,50.6,7.3,44.7,47.2,28.1,89.0,0.329,0.91,2.14,14.1,3,0,0,50.6,51.2,0,1011.6,0.0646
1014.6,0.0,1.9,32.4,34.5,28.0,84.7,0.189,0.2,1.15,13.92,0,0,0,0.0,0.0,0,1383.1,0.0434
3358.7,74.4,26.5,74.9,74.0,39.4,109.8,0.749,7.54,6.21,13.47,4,0,0,74.4,74.8,1,38.9,0.81
4246.0,108.9,21.4,65.3,62.7,35.9,90.1,0.349,0.55,2.64,14.06,5,0,0,108.9,107.4,0,883.4,0.0199
4333.6,64.7,47.1,83.5,82.0,38.6,86.5,0.767,2.79,1.64,14.06,3,0,0,64.7,64.8,0,928.7,0.0747
5417.8,61.3,80.8,84.3,85.4,38.0,93.9,0.789,0.15,0.38,13.99,2,0,0,61.3,60.1,0,1427.1,0.0627
2436.5,40.9,20.7,42.9,44.7,29.1,87.6,0.471,2.24,3.56,10.69,3,0,0,40.9,40.4,3,7.0,0.8041
2000.3,30.4,12.2,53.3,56.0,35.3,84.5,0.802,1.67,1.86,14.0,3,0,0,30.4,30.7,0,757.1,0.0169
1021.5,0.0,2.5,37.8,36.9,37.9,83.7,0.683,1.18,0.76,14.05,0,0,0,0.0,0.0,0,862.1,0.0489
2123.3,25.9,9.1,52.9,54.4,26.4,86.8,0.833,3.36,0.58,13.99,2,0,0,25.9,25.9,0,1385.2,0.0317
1053.8,0.0,2.5,33.3,35.0,30.3,87.8,0.723,2.84,1.92,14.01,0,0,0,0.0,0.0,0,1209.2,0.0362
2329.3,28.9,14.7,43.3,68.8,38.2,90.4,0.136,24.15,12.1,14.01,2,0,0,28.9,28.9,2,64.5,0.6932
2421.4,42.4,17.2,45.4,72.8,33.2,96.1,0.127,18.14,15.42,14.04,3,0,0,42.4,41.6,2,49.1,0.8265
3761.0,42.9,79.8,80.6,81.8,38.3,90.6,0.861,2.71,0.48,14.13,2,0,0,42.9,42.9,0,985.4,0.0641
3080.8,60.8,23.3,54.2,52.4,31.1,91.2,0.247,0.27,0.35,14.16,4,0,0,60.8,61.8,0,773.4,0.0773
2845.6,75.8,32.4,54.3,78.2,37.1,99.1,0.122,15.73,16.98,14.03,5,0,0,75.8,76.8,2,26.6,0.9045
1015.2,0.0,2.1,32.3,33.8,37.9,83.8,0.707,2.93,2.6,13.86,0,0,0,0.0,0.0,0,945.0,0.0601
861.6,0.0,2.3,33.4,60.1,27.5,101.6,0.167,22.88,15.6,13.81,0,0,0,0.0,0.0,2,92.3,0.9153
2573.5,20.5,20.8,46.4,45.6,43.5,112.5,0.801,5.34,5.68,14.49,1,0,0,20.5,20.8,1,63.3,0.9493
1596.6,12.8,12.0,47.5,74.7,37.5,90.9,0.148,15.95,14.28,14.13,1,0,0,12.8,13.0,2,27.7,0.8062
3433.3,89.4,27.8,64.5,65.5,30.2,89.9,0.857,0.46,1.23,14.0,5,0,0,89.4,88.3,0,796.4,0.0744
1880.0,15.8,18.7,48.2,51.4,36.2,85.1,0.83,-0.06,2.19,14.23,1,0,0,15.8,15.8,0,1395.6,0.0521
1866.2,20.2,20.9,55.5,58.3,27.7,89.1,0.22,0.16,1.29,10.63,2,0,0,20.2,20.3,3,4.7,0.9257
3907.1,102.2,25.0,60.3,58.1,27.3,84.8,0.767,-0.75,0.22,14.1,5,0,0,102.2,100.8,0,979.2,0.0134
1971.5,32.7,7.7,45.1,47.1,36.1,117.3,0.88,6.52,1.75,13.52,3,0,0,32.7,32.7,1,36.8,0.737
1009.7,0.0,2.1,31.2,32.7,36.8,84.0,0.839,3.43,2.57,14.14,0,0,0,0.0,0.0,0,1328.6,0.0296
1030.6,0.0,2.5,32.6,32.9,44.6,111.9,0.689,6.63,5.49,13.95,0,0,0,0.0,0.0,1,33.3,0.7711
2001.9,31.6,12.8,50.6,51.2,29.6,88.0,0.288,0.6,2.72,14.23,3,0,0,31.6,31.7,0,719.6,0.0726
1862.3,25.4,7.6,42.9,42.1,36.5,88.3,0.711,0.94,2.35,14.19,2,0,0,25.4,25.7,0,908.7,0.0139
1019.4,0.0,2.3,39.9,37.8,36.2,91.1,0.752,1.78,0.86,14.05,0,0,0,0.0,0.0,0,1131.5,0.0507
3779.9,94.7,19.3,59.1,58.8,37.4,111.8,0.85,6.52,2.58,13.74,5,0,0,94.7,96.6,1,44.0,0.7425
937.3,0.0,2.0,34.8,63.0,35.7,93.9,0.104,21.5,15.3,13.77,0,0,0,0.0,0.0,2,37.3,0.8798
3276.3,84.5,25.7,60.1,59.8,36.0,82.4,0.322,2.04,1.95,14.17,5,0,0,84.5,85.7,0,752.0,0.0518
2849.3,22.8,10.3,44.2,46.2,28.0,88.0,0.83,3.21,1.76,14.19,1,0,0,22.8,22.7,0,865.2,0.0521
2002.5,30.7,15.6,50.7,50.2,42.0,126.4,0.854,2.67,6.5,13.75,3,0,0,30.7,31.2,1,10.1,0.773
2780.0,32.9,8.9,55.7,56.1,29.6,93.7,0.763,0.6,0.17,14.18,2,0,0,32.9,33.1,0,1079.9,0.0733
3218.8,69.5,30.1,66.3,65.4,32.0,90.7,0.731,3.79,1.97,14.21,4,0,0,69.5,70.8,0,1079.9,0.0413
3249.9,86.1,16.2,59.3,62.5,32.4,86.1,0.345,-0.26,0.57,13.95,5,0,0,86.1,84.5,0,1479.3,0.0234
2204.8,27.5,9.4,56.9,56.3,29.6,81.2,0.837,1.95,2.11,13.98,2,0,0,27.5,27.7,0,1135.0,0.0323
1056.2,0.0,2.0,36.3,38.1,30.6,82.5,0.319,-0.15,1.03,14.03,0,0,0,0.0,0.0,0,1075.3,0.0597
1062.0,0.0,2.3,31.1,32.2,37.8,88.6,0.293,4.72,1.26,14.15,0,0,0,0.0,0.0,0,1292.9,0.0551
2361.0,20.4,15.3,45.9,44.8,31.1,86.3,0.852,0.38,0.53,14.43,1,0,0,20.4,20.5,0,1362.1,0.0422
2500.6,31.6,7.9,41.1,41.3,32.3,92.5,0.83,2.78,1.68,14.05,2,0,0,31.6,32.0,0,1131.2,0.0677
1059.4,0.0,1.9,32.3,30.9,27.0,87.1,0.211,1.31,1.84,14.15,0,0,0,0.0,0.0,0,906.6,0.0194
2547.3,29.6,17.8,44.8,45.2,29.8,91.6,0.279,2.71,2.59,14.24,2,0,0,29.6,29.8,0,1466.7,0.0205
4249.9,91.2,22.4,63.1,64.8,26.2,86.3,0.271,0.49,3.13,14.24,4,0,0,91.2,92.8,0,1010.1,0.0283
2131.1,27.5,7.0,52.6,75.9,28.9,92.1,0.079,22.85,16.85,13.77,2,0,0,27.5,27.6,2,29.9,0.7726
1084.5,0.0,2.0,32.4,32.2,38.0,87.4,0.741,2.65,0.32,14.03,0,0,0,0.0,0.0,0,1022.8,0.0658
2566.3,20.9,12.1,45.3,45.3,29.5,83.6,0.799,-1.46,1.42,13.89,1,0,0,20.9,21.2,0,1005.4,0.0484
4704.3,101.1,80.9,71.0,74.5,34.6,84.5,0.682,1.99,1.37,14.29,4,0,0,101.1,101.8,0,1333.8,0.0645
1521.0,20.4,14.4,45.0,47.4,32.7,89.6,0.328,2.61,1.6,13.89,2,0,0,20.4,20.1,0,865.2,0.0229
2996.6,50.6,45.0,87.4,84.4,36.6,91.1,0.763,0.26,1.12,14.21,3,0,0,50.6,51.6,0,1353.5,0.0627
1023.2,0.0,2.1,26.9,28.3,30.0,87.7,0.689,-0.12,1.09,14.05,0,0,0,0.0,0.0,0,1285.9,0.0261
4293.2,62.3,46.8,83.0,98.0,28.8,96.5,0.076,22.98,15.71,14.04,3,0,0,62.3,63.2,2,59.2,0.829
3378.2,23.5,9.6,50.2,50.3,38.5,87.2,0.311,1.11,2.26,14.33,1,0,0,23.5,23.4,0,715.6,0.0793
2641.5,42.5,11.1,56.2,55.2,30.4,85.6,0.632,0.31,-0.04,10.81,3,0,0,42.5,42.9,3,7.4,0.8888
1037.2,0.0,2.3,32.3,35.1,27.0,86.2,0.856,4.54,0.5,14.13,0,0,0,0.0,0.0,0,850.8,0.0303
3064.1,65.5,24.6,56.6,56.3,34.8,87.4,0.309,3.18,1.44,14.17,4,0,0,65.5,65.5,0,1236.4,0.0171
3456.8,92.7,27.3,60.5,61.5,34.9,87.4,0.757,-0.5,1.66,14.27,5,0,0,92.7,92.0,0,1344.4,0.0507
4143.4,53.3,69.6,78.3,79.3,36.9,84.6,0.335,2.42,0.26,14.11,2,0,0,53.3,54.2,0,1089.9,0.064
5077.2,108.0,42.8,76.6,78.0,28.3,82.8,0.86,1.15,0.9,14.5,4,0,0,108.0,108.9,0,1229.5,0.029
1046.4,0.0,2.4,36.9,36.0,48.5,124.7,0.713,8.43,3.78,13.84,0,0,0,0.0,0.0,1,12.8,0.7283
3245.5,39.9,61.8,84.1,84.8,28.9,88.1,0.211,1.43,0.57,14.08,2,0,0,39.9,40.5,0,737.0,0.0462
2384.6,49.1,18.0,69.4,68.3,38.7,84.0,0.356,-0.76,2.13,10.21,4,0,0,49.1,49.1,3,19.0,0.8838
2227.1,26.8,14.1,44.1,61.1,31.9,92.3,0.2,19.99,18.13,13.59,2,0,0,26.8,26.7,2,69.2,0.7028
1107.2,0.0,2.0,34.5,35.4,37.6,91.1,0.8,3.34,1.84,13.96,0,0,0,0.0,0.0,0,927.2,0.0307
3357.2,91.2,27.0,56.0,57.7,34.0,88.6,0.34,1.49,1.12,14.18,5,0,0,91.2,91.0,0,709.8,0.0727
2520.2,19.8,7.4,44.6,43.6,32.0,88.5,0.309,6.59,2.58,14.12,1,0,0,19.8,20.1,0,1282.7,0.0222
2747.1,41.4,11.5,33.9,37.7,29.4,80.1,0.282,1.18,0.78,14.3,3,0,0,41.4,40.9,0,1034.3,0.0707
2010.7,13.7,18.6,47.2,48.2,34.4,86.9,0.788,-2.71,1.52,14.18,1,0,0,13.7,13.7,0,1103.9,0.0593
1036.7,0.0,2.4,33.4,32.5,38.4,85.1,0.868,1.5,1.18,14.12,0,0,0,0.0,0.0,0,815.5,0.0354
3883.7,85.1,19.3,60.5,61.4,27.9,92.8,0.32,1.73,1.63,14.14,4,0,0,85.1,86.6,0,1318.0,0.0443
2298.5,18.8,17.5,52.7,53.3,38.8,92.0,0.834,1.63,1.91,14.42,1,0,0,18.8,18.6,0,1002.7,0.0137
2160.5,23.1,16.1,55.0,53.1,39.0,92.5,0.648,5.22,1.5,9.95,2,0,0,23.1,22.7,3,11.9,0.8513
2499.4,42.3,14.5,54.5,54.5,42.5,117.4,0.74,10.59,2.52,13.9,3,0,0,42.3,42.3,1,72.1,0.8409
2479.1,19.8,11.2,42.9,43.5,32.1,86.4,0.48,0.39,0.99,10.99,1,0,0,19.8,20.1,3,31.8,0.9738
1053.1,0.0,1.9,33.3,36.6,30.8,86.3,0.758,3.24,2.77,13.98,0,0,0,0.0,0.0,0,1016.3,0.0655
3225.0,88.3,32.5,60.7,57.0,35.6,92.4,0.852,2.15,1.45,14.21,5,0,0,88.3,88.1,0,1340.0,0.0538
1019.4,0.0,2.3,35.3,35.7,35.2,82.7,0.802,-1.91,2.21,14.06,0,0,0,0.0,0.0,0,1196.0,0.0736
2379.8,30.0,17.3,56.5,51.9,30.1,85.6,0.768,2.75,1.2,14.15,2,0,0,30.0,30.3,0,1104.1,0.0782
2077.7,24.5,16.0,44.0,45.8,32.9,85.0,0.238,0.37,1.57,14.2,2,0,0,24.5,24.5,0,1051.8,0.0416
1008.8,0.0,2.0,34.7,32.8,33.2,123.1,0.83,8.2,5.47,13.55,0,0,0,0.0,0.0,1,28.4,0.9594
1953.2,32.3,11.5,44.6,40.7,45.0,118.8,0.787,9.03,3.51,13.72,3,0,0,32.3,32.4,1,61.7,0.827
3257.0,70.4,26.6,52.9,54.8,33.3,82.3,0.301,2.33,1.28,14.05,4,0,0,70.4,70.1,0,937.6,0.0662
2484.5,39.6,8.1,35.9,39.4,28.1,91.8,0.878,-0.05,0.07,14.13,3,0,0,39.6,39.2,0,829.1,0.039
1031.7,0.0,2.2,33.7,33.2,32.9,85.9,0.83,2.6,2.77,14.07,0,0,0,0.0,0.0,0,1034.9,0.0677
1074.2,0.0,2.5,34.3,31.3,30.7,84.6,0.316,1.84,1.23,14.06,0,0,0,0.0,0.0,0,1303.1,0.0788
1052.6,0.0,1.9,38.2,38.4,34.4,90.1,0.729,2.59,2.25,13.96,0,0,1,0.0,0.0,0,980.1,0.0349
2749.0,32.1,21.2,35.4,36.4,35.1,86.6,0.262,2.63,3.68,14.18,2,0,0,32.1,32.5,0,1285.6,0.0169
1058.7,0.0,1.8,35.8,35.7,31.3,83.1,0.199,0.31,1.95,14.05,0,0,1,0.0,0.0,0,808.9,0.0413
4701.8,78.2,83.4,80.5,77.3,31.9,88.6,0.595,-1.61,1.9,10.96,3,0,0,78.2,77.9,3,28.1,0.9089
1869.9,31.7,8.4,54.6,53.9,36.8,93.3,0.877,1.89,2.54,14.27,3,0,0,31.7,31.6,0,1408.0,0.0652
2563.8,41.4,7.6,53.1,53.2,36.7,125.8,0.719,7.58,6.99,13.91,3,0,0,41.4,41.1,1,22.2,0.9327
1017.8,0.0,2.0,36.8,36.2,35.0,87.8,0.703,2.09,1.54,14.1,0,0,1,0.0,0.0,0,1035.7,0.0789
4902.3,60.4,54.4,86.7,90.1,29.7,90.1,0.691,-0.34,1.8,14.14,2,0,0,60.4,59.9,0,1009.7,0.0742
2540.2,41.3,16.3,53.0,54.9,26.0,86.2,0.71,-0.1,1.4,14.08,3,0,0,41.3,41.5,0,871.7,0.0507
953.8,0.0,2.5,30.5,29.0,38.1,83.6,0.308,4.54,0.08,14.05,0,0,0,0.0,0.0,0,1367.4,0.044
2800.3,77.0,16.4,77.7,75.1,27.1,87.7,0.792,1.95,3.16,14.07,5,0,0,77.0,77.6,0,887.6,0.0364
4465.0,67.5,54.8,78.1,98.0,31.3,91.1,0.07,23.01,14.28,13.78,3,0,0,67.5,67.8,2,73.3,0.7679
4564.2,75.9,72.5,79.6,77.9,38.7,116.9,0.765,5.83,3.49,14.11,3,0,0,75.9,76.8,1,57.3,0.9298
2516.8,41.4,16.4,53.1,55.8,35.0,84.2,0.293,-0.53,1.81,14.1,3,0,0,41.4,40.9,0,1014.9,0.0518
1051.5,0.0,2.2,34.7,34.4,30.5,80.8,0.86,2.26,0.68,13.97,0,0,1,0.0,0.0,0,1392.7,0.0213
1034.0,0.0,1.9,32.3,31.8,29.5,92.1,0.206,2.81,3.01,11.13,0,0,0,0.0,0.0,3,39.3,0.8293
4561.7,74.1,42.7,78.1,76.5,37.4,83.2,0.234,1.64,1.51,14.36,3,0,0,74.1,75.5,0,825.7,0.0771
1076.7,0.0,2.2,32.3,34.7,34.3,83.9,0.286,3.1,1.98,14.12,0,0,1,0.0,0.0,0,1036.5,0.0255
1008.6,0.0,1.9,30.3,30.8,32.8,86.8,0.19,0.6,1.97,14.09,0,0,0,0.0,0.0,0,979.9,0.0282
3755.8,97.5,15.6,66.7,85.5,37.6,93.8,0.184,21.96,15.17,13.84,5,0,0,97.5,98.2,2,72.7,0.7198
3511.8,73.7,21.1,61.9,63.4,26.4,85.6,0.679,-0.88,1.52,11.62,4,0,0,73.7,74.2,3,6.3,0.9797
2279.3,39.5,18.0,49.5,48.5,27.8,89.5,0.227,2.06,1.14,14.24,3,0,0,39.5,39.7,0,1069.1,0.0579
2823.8,24.0,7.0,50.5,74.6,30.8,95.5,0.179,16.0,16.41,14.17,1,0,0,24.0,23.8,2,97.5,0.8904
4716.2,59.6,64.7,79.7,98.0,34.6,97.8,0.16,14.21,11.49,14.03,2,0,0,59.6,59.2,2,82.1,0.7752
2713.5,70.8,17.0,55.3,52.9,28.3,87.5,0.727,3.76,1.18,14.16,5,0,0,70.8,71.7,0,1291.7,0.0156
2924.6,45.1,14.1,54.9,56.2,38.2,94.9,0.258,-0.54,3.25,14.2,3,0,0,45.1,45.6,0,942.3,0.0429
3336.1,86.5,29.0,70.7,67.1,29.1,90.8,0.755,0.5,-0.01,14.25,5,0,0,86.5,85.9,0,833.3,0.0464
1047.2,0.0,2.4,33.9,35.5,38.8,88.9,0.493,0.47,-0.5,11.26,0,0,0,0.0,0.0,3,7.3,0.8903
3121.2,24.6,21.7,34.2,34.7,30.9,86.6,0.691,1.49,1.37,14.37,1,0,0,24.6,24.2,0,960.4,0.0357
1019.0,0.0,2.4,35.4,55.3,28.2,98.6,0.101,18.74,16.43,13.99,0,0,0,0.0,0.0,2,108.3,0.6824
2070.7,34.6,10.9,41.6,43.4,27.2,86.1,0.844,4.69,1.37,14.23,3,0,0,34.6,35.1,0,702.9,0.0455
2993.4,51.4,12.5,46.5,48.3,40.9,119.8,0.69,8.83,2.29,13.67,3,0,0,51.4,50.9,1,51.6,0.7575
1054.6,0.0,1.9,34.2,33.3,37.8,83.9,0.242,4.1,2.03,14.09,0,0,1,0.0,0.0,0,892.5,0.0428
3395.3,88.2,14.7,66.1,63.7,33.7,91.5,0.302,0.23,1.59,14.05,5,0,0,88.2,88.1,0,834.5,0.0791
1169.0,0.0,2.3,35.0,60.4,32.9,90.8,0.14,21.05,14.24,14.13,0,0,0,0.0,0.0,2,41.0,0.8961
3229.1,94.2,26.1,60.9,83.5,30.1,99.4,0.056,19.7,14.59,13.87,5,0,0,94.2,95.0,2,52.8,0.7192
1156.3,0.0,1.8,30.3,56.6,30.1,99.3,0.196,15.16,13.45,13.74,0,0,0,0.0,0.0,2,47.3,0.8723
4209.0,54.2,50.6,78.8,81.5,31.2,83.1,0.745,5.35,3.09,14.24,2,0,0,54.2,54.6,0,928.0,0.0672
1047.7,0.0,2.3,35.2,37.2,46.2,107.0,0.876,3.5,4.08,14.1,0,0,0,0.0,0.0,1,60.4,0.9537
2492.2,30.8,14.4,46.6,46.0,37.1,90.1,0.772,0.98,1.5,14.22,2,0,0,30.8,30.4,0,1366.1,0.0522
2769.3,32.6,21.7,56.7,51.6,28.0,85.2,0.227,1.39,0.63,14.33,2,0,0,32.6,32.8,0,1136.6,0.0767
4690.6,80.3,66.1,78.9,78.9,30.1,85.2,0.689,3.73,1.49,14.15,3,0,0,80.3,79.5,0,1475.2,0.0241
1019.1,0.0,2.4,38.1,36.8,30.2,83.2,0.834,1.75,1.91,14.11,0,0,1,0.0,0.0,0,1341.9,0.0134
5182.3,86.4,49.4,85.3,86.5,36.9,88.9,0.185,2.95,0.64,14.14,3,0,0,86.4,85.5,0,776.5,0.0151
1005.7,0.0,2.5,37.0,35.9,37.4,90.4,0.202,-1.57,2.53,11.17,0,0,0,0.0,0.0,3,34.2,0.9051
1060.0,0.0,2.2,36.9,36.3,32.4,86.3,0.227,4.53,1.25,14.16,0,0,0,0.0,0.0,0,1121.9,0.0408
1091.4,0.0,1.8,35.9,35.2,38.1,110.3,0.711,8.17,5.18,14.02,0,0,0,0.0,0.0,1,19.2,0.7668
2253.8,36.9,6.6,55.8,52.7,33.9,85.7,0.795,4.47,0.22,14.21,3,0,0,36.9,37.2,0,1451.7,0.0495
1883.4,30.9,16.1,47.9,48.9,32.4,84.3,0.214,1.71,1.39,14.09,3,0,0,30.9,30.3,0,870.1,0.0319
1090.9,0.0,2.2,32.6,34.7,33.2,86.7,0.258,1.05,0.61,14.02,0,0,1,0.0,0.0,0,1478.0,0.0113
2857.4,33.2,6.9,43.6,42.9,28.5,91.5,0.2,1.18,1.06,10.96,2,0,0,33.2,32.7,3,20.7,0.9088
1995.4,16.7,18.0,63.7,92.7,33.8,91.1,0.166,24.84,12.57,13.86,1,0,0,16.7,16.9,2,118.8,0.6571
2369.2,18.1,9.3,51.4,48.8,28.9,88.0,0.546,2.63,1.36,9.96,1,0,0,18.1,18.0,3,36.2,0.8576
1024.0,0.0,2.0,35.8,33.7,28.5,82.4,0.673,0.75,1.32,11.34,0,0,1,0.0,0.0,3,39.2,0.948
1063.6,0.0,2.2,31.6,32.6,30.4,85.4,0.322,2.4,2.41,14.04,0,0,0,0.0,0.0,0,844.2,0.0255
1060.3,0.0,2.2,35.8,36.1,30.3,84.9,0.239,0.4,2.39,14.1,0,0,0,0.0,0.0,0,1211.4,0.0775
1013.0,0.0,2.3,32.1,32.9,35.8,112.2,0.728,8.8,1.9,14.01,0,0,0,0.0,0.0,1,60.9,0.9496
2021.5,24.8,9.5,35.5,35.5,37.8,88.5,0.72,1.92,1.76,14.15,2,0,0,24.8,24.8,0,743.2,0.0553
4085.2,87.2,23.3,63.0,61.7,29.5,89.8,0.184,3.22,1.69,14.27,4,0,0,87.2,87.2,0,928.5,0.02
3466.2,92.4,17.8,50.6,50.4,35.6,92.2,0.25,-0.28,1.99,14.22,5,0,0,92.4,93.4,0,842.8,0.0695
1058.8,0.0,2.0,35.3,33.4,39.3,78.9,0.316,-0.81,0.82,14.21,0,0,0,0.0,0.0,0,804.2,0.0507
2669.7,31.1,6.9,42.6,43.7,30.9,85.0,0.185,-0.05,1.37,14.26,2,0,0,31.1,30.9,0,1129.0,0.0218
2510.2,28.0,16.5,45.8,48.8,37.4,89.1,0.872,1.24,0.38,14.23,2,0,0,28.0,28.0,0,908.0,0.0601
3519.2,93.6,33.5,64.3,63.2,33.8,89.2,0.82,1.2,2.18,13.86,5,0,0,93.6,95.1,0,1221.9,0.0225
2363.9,40.1,17.3,40.0,40.7,37.8,91.0,0.253,2.38,1.56,14.28,3,0,0,40.1,39.9,0,882.3,0.0477
1939.1,31.1,21.4,51.2,50.8,32.9,89.3,0.246,0.69,0.58,13.89,3,0,0,31.1,30.6,0,1317.0,0.0297
3488.6,90.6,26.1,69.0,70.2,29.0,86.7,0.682,0.52,1.83,14.12,5,0,0,90.6,90.2,0,883.9,0.0413
1022.0,0.0,1.9,35.0,34.0,40.2,108.5,0.888,5.5,2.83,14.13,0,0,0,0.0,0.0,1,34.8,0.8111
2722.0,20.6,9.1,41.6,41.3,37.8,86.7,0.251,1.97,2.81,14.34,1,0,0,20.6,20.9,0,741.4,0.0251
2567.1,20.7,14.6,58.5,60.6,26.9,85.9,0.242,2.57,1.22,14.18,1,0,0,20.7,21.0,0,907.2,0.0674
4513.6,115.4,21.6,64.9,90.5,28.2,100.1,0.063,19.06,17.41,13.75,5,0,0,115.4,114.9,2,70.5,0.8645
2274.8,26.8,7.2,45.8,46.1,27.8,83.2,0.195,0.62,1.89,14.28,2,0,0,26.8,27.1,0,800.3,0.0738
3182.1,82.6,33.9,63.5,66.0,33.8,82.6,0.821,3.72,1.72,14.21,5,0,0,82.6,84.0,0,1476.5,0.0411
3317.6,88.5,27.8,56.9,57.9,44.9,122.0,0.883,7.55,4.29,13.82,5,0,0,88.5,88.6,1,25.7,0.8166
1043.2,0.0,2.3,30.8,31.2,31.9,84.9,0.769,-0.84,0.78,14.15,0,0,0,0.0,0.0,0,900.8,0.0228
2986.0,69.0,17.0,54.5,79.6,32.6,91.9,0.067,17.52,15.43,13.61,4,0,0,69.0,68.6,2,52.2,0.723
1022.0,0.0,2.3,32.9,33.8,38.5,116.5,0.836,5.49,3.71,13.79,0,0,1,0.0,0.0,1,56.7,0.8684
2836.4,76.7,16.1,56.7,52.9,38.5,123.3,0.663,8.29,4.68,14.01,5,0,0,76.7,77.8,1,24.6,0.7452
3167.9,22.9,12.4,36.4,35.9,35.4,91.1,0.697,3.48,2.5,13.99,1,0,0,22.9,23.2,0,1267.6,0.033
5585.6,91.3,79.9,95.6,98.2,30.1,95.8,0.848,2.21,0.67,14.04,3,0,0,91.3,89.6,0,830.0,0.0732
4444.5,69.3,56.0,75.9,77.6,27.8,87.6,0.745,2.27,2.32,14.04,3,0,0,69.3,68.2,0,1358.9,0.055
3124.5,84.5,21.2,64.7,65.4,34.0,90.7,0.836,3.01,1.71,14.32,5,0,0,84.5,84.5,0,1128.6,0.0393
3546.9,76.0,27.4,59.2,59.5,30.0,91.4,0.8,3.9,1.65,14.08,4,0,0,76.0,75.9,0,852.4,0.0505
3442.3,92.7,26.5,56.0,61.1,35.1,91.5,0.768,5.22,0.44,14.04,5,0,0,92.7,93.5,0,1081.1,0.0776
1011.4,0.0,2.1,31.2,33.2,37.4,87.7,0.734,1.66,0.88,14.11,0,0,0,0.0,0.0,0,787.1,0.0761
2490.6,30.3,15.9,40.4,42.8,31.5,91.0,0.249,2.05,0.52,14.13,2,0,0,30.3,30.1,0,1324.4,0.0769
1090.8,0.0,1.9,32.7,32.6,38.3,84.8,0.299,2.32,1.96,14.14,0,0,1,0.0,0.0,0,1498.2,0.0264
3894.1,64.6,59.4,78.7,77.6,38.6,84.0,0.341,4.54,0.63,14.19,3,0,0,64.6,63.4,0,1076.9,0.0581
3536.2,97.1,20.4,58.4,60.7,41.0,106.8,0.896,8.52,7.48,13.72,5,0,0,97.1,95.2,1,69.5,0.8382
2066.5,34.5,14.7,52.1,53.5,37.0,85.6,0.832,0.69,1.14,14.07,3,0,0,34.5,34.9,0,1378.3,0.0149
3300.5,86.5,21.4,54.2,54.5,34.9,86.3,0.793,1.75,0.22,14.1,5,0,0,86.5,85.7,0,723.4,0.0448
2457.8,29.7,7.6,51.5,51.5,26.3,87.0,0.396,2.36,2.82,11.27,2,0,0,29.7,30.3,3,22.2,0.8986
1943.3,13.5,19.1,46.6,45.3,28.1,94.6,0.77,1.1,3.58,14.07,1,0,0,13.5,13.4,0,1254.6,0.0112
2214.5,18.2,19.8,51.7,53.4,30.1,86.0,0.733,0.14,1.92,14.38,1,0,0,18.2,18.4,0,937.3,0.0166
3359.4,71.0,22.5,69.8,70.1,36.2,87.7,0.195,1.16,1.74,14.4,4,0,0,71.0,70.9,0,1279.2,0.0389
3179.8,86.5,22.1,56.3,60.2,45.2,115.0,0.686,7.71,2.3,14.01,5,0,0,86.5,86.9,1,11.3,0.913
2446.6,31.8,10.6,50.3,49.6,26.6,82.4,0.745,1.7,1.1,14.03,2,0,0,31.8,31.2,0,1371.1,0.0236
1035.4,0.0,2.3,34.8,34.7,34.8,84.1,0.7,1.09,2.29,13.99,0,0,0,0.0,0.0,0,1358.8,0.0616
1058.3,0.0,2.3,37.3,32.2,35.6,88.3,0.284,4.8,1.7,14.16,0,0,1,0.0,0.0,0,851.1,0.0626
4351.4,104.3,27.0,57.3,88.5,29.6,91.5,0.131,17.75,15.53,13.61,5,0,0,104.3,105.6,2,62.8,0.9033
2809.4,78.9,22.6,64.2,67.3,29.0,82.6,0.763,-1.0,1.14,14.3,5,0,0,78.9,79.2,0,1356.7,0.0219
3017.9,63.1,34.3,72.2,72.9,36.2,92.8,0.743,2.31,1.74,14.09,4,0,0,63.1,63.1,0,934.1,0.0619
1130.5,0.0,2.1,32.9,62.1,35.3,91.7,0.138,22.06,16.0,13.91,0,0,0,0.0,0.0,2,84.9,0.8902
2405.9,30.1,13.6,47.0,44.5,31.7,96.3,0.269,1.1,0.99,14.21,2,0,0,30.1,30.1,0,1379.6,0.0162
2586.8,17.9,7.8,43.3,73.2,31.3,101.9,0.18,22.96,10.97,14.23,1,0,0,17.9,18.0,2,98.2,0.7662
1090.2,0.0,2.3,33.3,33.4,27.6,88.2,0.825,-0.07,0.18,14.0,0,0,0,0.0,0.0,0,1479.9,0.0206
1100.8,0.0,2.1,35.0,55.4,30.1,84.4,0.154,22.92,16.84,13.92,0,0,0,0.0,0.0,2,82.4,0.6844
2082.1,34.6,19.8,54.0,56.7,32.9,89.3,0.784,-0.21,2.47,14.23,3,0,0,34.6,34.4,0,822.1,0.0532
5024.9,108.2,70.4,81.1,83.4,36.9,111.4,0.667,7.32,4.74,13.51,4,0,0,108.2,108.9,1,67.2,0.9504
3280.2,68.9,29.0,60.2,60.4,35.7,91.0,0.509,-2.27,0.89,10.75,4,0,0,68.9,68.9,3,25.9,0.9606
1065.1,0.0,2.4,34.5,33.7,30.1,83.5,0.721,2.95,1.26,14.12,0,0,1,0.0,0.0,0,1239.0,0.0695
2023.9,24.0,15.6,50.6,50.3,35.9,90.4,0.323,1.49,2.1,14.1,2,0,0,24.0,24.1,0,1232.6,0.0214
1045.8,0.0,1.9,34.8,33.5,24.9,85.1,0.21,3.19,1.29,14.27,0,0,0,0.0,0.0,0,1135.9,0.0313
2203.6,29.3,14.0,54.1,54.5,32.8,85.9,0.696,1.21,1.83,14.0,2,0,0,29.3,29.7,0,1192.8,0.0465
2057.0,25.7,15.0,49.6,48.9,32.9,87.2,0.708,-0.39,1.53,14.08,2,0,0,25.7,25.9,0,926.7,0.0609
2174.4,13.7,7.4,44.5,40.8,28.8,88.8,0.796,-0.88,1.8,14.08,1,0,0,13.7,13.5,0,905.0,0.0367
4918.4,58.9,65.5,72.2,73.7,29.2,90.2,0.279,1.12,1.96,14.1,2,0,0,58.9,59.9,0,1410.8,0.0685
2913.6,48.7,15.9,46.5,46.1,28.7,86.7,0.289,2.24,2.13,14.12,3,0,0,48.7,48.7,0,1485.4,0.0678
1041.2,0.0,2.3,34.6,33.1,28.7,87.9,0.72,-0.6,1.76,14.02,0,0,1,0.0,0.0,0,1428.4,0.037
1898.6,13.0,15.7,40.8,43.3,39.4,115.6,0.84,10.11,3.17,14.05,1,0,0,13.0,12.8,1,20.1,0.89
2843.5,32.8,9.2,50.3,47.7,34.5,90.6,0.794,1.9,1.44,14.06,2,0,0,32.8,32.4,0,811.3,0.0204
3476.1,91.9,18.6,55.8,58.5,30.6,82.6,0.857,1.67,1.6,14.09,5,0,0,91.9,93.7,0,703.2,0.0174
2671.4,34.7,11.6,56.3,57.1,33.8,86.2,0.85,-0.03,1.98,14.39,2,0,0,34.7,35.3,0,729.6,0.0477
4448.8,96.1,67.9,93.8,91.3,33.0,90.7,0.799,1.14,0.8,14.18,4,0,0,96.1,96.1,0,757.2,0.0253
2822.2,35.0,20.8,38.7,44.6,36.1,85.5,0.223,1.59,0.24,14.18,2,0,0,35.0,34.7,0,856.7,0.0563
1067.6,0.0,2.5,30.5,32.7,33.5,84.7,0.226,-0.29,2.02,14.08,0,0,0,0.0,0.0,0,763.3,0.0501
2893.9,76.2,33.5,56.6,58.1,36.8,91.4,0.317,-0.08,1.21,14.17,5,0,0,76.2,76.9,0,1057.9,0.0282
3530.0,78.7,16.1,61.7,79.3,35.2,92.5,0.113,19.39,13.54,13.96,4,0,0,78.7,78.2,2,88.2,0.7972
2095.6,26.7,6.1,46.2,43.7,32.6,85.4,0.288,1.85,1.77,14.24,2,0,0,26.7,27.0,0,1364.7,0.0553
2695.1,20.0,6.4,41.2,45.3,40.1,117.3,0.812,7.81,4.73,13.84,1,0,0,20.0,19.7,1,44.6,0.8812
2174.2,20.6,6.9,39.3,42.1,46.0,109.4,0.889,7.31,2.09,13.59,1,0,0,20.6,20.4,1,73.8,0.9155
2731.1,32.4,8.0,37.0,61.9,34.9,93.2,0.062,22.72,15.16,14.32,2,0,0,32.4,32.2,2,110.8,0.663
2423.8,29.7,15.5,48.0,48.9,29.0,87.7,0.217,3.33,0.59,11.12,2,0,0,29.7,30.2,3,10.2,0.8318
2309.1,29.4,15.9,39.6,41.7,40.2,90.9,0.853,0.14,0.96,14.34,2,0,0,29.4,28.8,0,1349.1,0.0703
2384.8,28.0,17.9,50.4,49.6,37.6,94.6,0.201,1.98,0.72,14.09,2,0,0,28.0,28.2,0,1147.5,0.0223
2612.9,18.6,10.2,45.8,68.0,38.3,103.8,0.183,19.73,14.53,13.8,1,0,0,18.6,18.8,2,20.6,0.8327
2470.9,17.1,8.5,52.7,48.7,30.2,96.2,0.213,2.63,1.23,14.32,1,0,0,17.1,17.0,0,1021.5,0.0778
3462.3,92.2,24.2,55.7,57.0,29.6,86.1,0.269,-0.18,0.74,13.91,5,0,0,92.2,90.8,0,1147.4,0.0782
2840.3,75.5,33.9,48.2,50.1,48.6,111.7,0.854,11.1,4.85,13.92,5,0,0,75.5,75.3,1,69.5,0.9429
3322.9,72.1,24.2,63.6,60.1,42.8,109.3,0.792,6.34,5.59,13.26,4,0,0,72.1,71.1,1,44.6,0.7953
2842.0,77.4,24.6,68.1,65.2,35.8,83.7,0.382,-0.6,1.7,10.55,5,0,0,77.4,77.1,3,30.4,0.8198
1047.5,0.0,2.2,33.6,34.3,35.0,84.4,0.349,1.9,3.19,10.17,0,0,1,0.0,0.0,3,18.5,0.8727
2143.0,25.3,11.1,41.2,44.0,41.4,120.9,0.855,8.2,4.62,14.07,2,0,0,25.3,25.0,1,12.8,0.737
2711.2,19.8,9.4,54.1,54.0,38.9,96.0,0.255,4.47,0.78,14.16,1,0,0,19.8,20.0,0,999.4,0.0313
922.3,0.0,2.0,33.5,49.0,30.2,96.7,0.099,25.17,12.66,14.17,0,0,0,0.0,0.0,2,95.9,0.9081
1049.5,0.0,2.3,39.4,36.5,33.4,87.2,0.783,1.48,1.37,14.07,0,0,0,0.0,0.0,0,1462.9,0.0152
2436.7,40.3,10.4,38.3,42.9,31.3,83.8,0.77,2.88,1.65,14.24,3,0,0,40.3,39.8,0,1251.2,0.075
1199.2,0.0,2.0,32.6,61.0,26.9,91.5,0.102,22.39,9.88,14.13,0,0,0,0.0,0.0,2,107.7,0.7073
1079.3,0.0,2.3,36.5,35.7,31.6,86.9,0.229,2.22,2.17,14.03,0,0,1,0.0,0.0,0,1482.8,0.0521
2606.7,30.0,16.7,50.9,53.1,35.7,85.5,0.786,1.21,1.63,14.09,2,0,0,30.0,30.5,0,923.9,0.0206
3075.9,82.7,23.8,66.5,68.6,29.2,91.0,0.295,-0.66,1.05,14.0,5,0,0,82.7,81.1,0,718.2,0.0251
2848.6,44.3,12.9,49.7,69.5,34.4,95.2,0.166,14.2,13.15,14.21,3,0,0,44.3,45.0,2,93.1,0.7474
3725.0,98.8,26.2,67.3,69.4,36.9,90.1,0.773,4.62,0.47,14.05,5,0,0,98.8,99.2,0,1337.8,0.0466
4384.0,75.2,56.1,71.4,70.3,42.6,121.2,0.886,6.21,2.34,13.74,3,0,0,75.2,76.0,1,11.7,0.836
2119.7,25.6,6.5,53.7,50.6,28.6,86.5,0.292,0.01,2.39,14.19,2,0,0,25.6,25.4,0,1075.5,0.0344
850.0,0.0,2.2,37.5,67.0,37.3,93.9,0.121,21.78,11.81,13.72,0,0,0,0.0,0.0,2,36.3,0.7736
2520.9,20.5,18.6,40.0,73.8,37.5,102.6,0.069,19.03,11.57,13.97,1,0,0,20.5,20.9,2,118.0,0.6522
1077.1,0.0,1.9,30.2,29.7,34.3,84.5,0.809,4.89,1.13,14.16,0,0,1,0.0,0.0,0,1327.7,0.0613
3693.8,81.6,27.3,55.9,55.0,28.7,86.3,0.257,-0.24,1.12,14.11,4,0,0,81.6,81.2,0,1353.7,0.0165
1978.5,33.9,8.6,56.4,53.1,25.1,90.2,0.803,-0.05,2.16,14.09,3,0,0,33.9,34.1,0,1418.6,0.0516
1004.4,0.0,2.5,34.2,34.0,36.9,87.3,0.366,3.51,2.64,10.94,0,0,1,0.0,0.0,3,16.7,0.9575
1087.9,0.0,2.5,34.1,34.1,35.4,119.5,0.666,9.92,4.12,13.79,0,0,0,0.0,0.0,1,27.8,0.7475
1747.8,27.7,15.4,48.5,47.6,36.0,88.9,0.593,0.46,2.04,10.82,3,0,0,27.7,27.9,3,16.5,0.9273
4092.6,67.9,79.1,79.8,81.2,34.4,81.9,0.319,3.37,3.41,14.04,3,0,0,67.9,68.7,0,992.2,0.08
2092.5,27.6,14.1,57.1,75.4,32.4,94.1,0.059,17.77,13.43,14.06,2,0,0,27.6,27.2,2,52.4,0.8812
2915.4,23.3,12.1,49.6,81.1,30.8,90.1,0.101,16.37,14.51,14.02,1,0,0,23.3,23.0,2,72.9,0.6872
3020.1,80.5,31.4,58.3,59.5,39.6,110.1,0.688,5.12,4.62,14.16,5,0,0,80.5,81.2,1,74.5,0.8826
3293.8,72.1,20.6,69.7,71.2,29.7,85.5,0.655,0.31,1.69,10.7,4,0,0,72.1,71.5,3,6.6,0.8744
4193.8,72.3,49.8,78.2,78.5,32.3,86.1,0.745,0.97,2.0,14.11,3,0,0,72.3,73.6,0,1144.3,0.0506
3807.7,80.8,29.9,66.8,67.9,36.3,91.1,0.299,1.32,2.41,14.0,4,0,0,80.8,80.5,0,1260.6,0.0691
2314.0,28.1,15.6,39.7,39.8,42.0,125.0,0.838,12.74,4.6,13.74,2,0,0,28.1,28.3,1,66.1,0.9207
1021.3,0.0,2.3,38.5,38.5,39.7,105.0,0.66,7.03,3.38,14.11,0,0,0,0.0,0.0,1,31.3,0.8342
4121.1,72.0,40.5,80.3,78.8,37.9,87.1,0.749,1.05,2.75,14.15,3,0,0,72.0,70.7,0,1331.6,0.0234
1030.4,0.0,2.4,41.0,37.2,36.0,80.7,0.738,0.65,1.5,14.24,0,0,0,0.0,0.0,0,1170.7,0.0745
1048.2,0.0,2.1,31.9,32.9,36.7,86.7,0.867,0.54,0.95,13.96,0,0,0,0.0,0.0,0,1187.3,0.0728
3743.9,79.5,22.1,63.5,62.2,38.1,88.3,0.304,0.6,0.74,14.2,4,0,0,79.5,78.0,0,712.9,0.0743
1978.6,20.9,19.6,51.3,48.6,35.4,88.4,0.338,6.89,1.03,14.2,2,0,0,20.9,21.2,0,1133.5,0.0616
3941.5,105.3,15.0,71.9,71.8,40.0,128.8,0.785,6.21,4.45,14.26,5,0,0,105.3,103.5,1,35.7,0.9239
2081.7,35.8,16.1,46.8,50.3,45.1,109.8,0.701,8.17,1.3,14.01,3,0,0,35.8,36.4,1,69.4,0.7781
4141.7,109.6,28.2,63.6,63.7,30.1,82.3,0.841,2.19,1.6,13.99,5,0,0,109.6,110.5,0,1044.5,0.0324
3062.5,77.6,16.4,60.5,58.8,27.1,92.9,0.835,0.76,2.51,14.2,5,0,0,77.6,77.2,0,1250.7,0.018
3844.7,40.3,81.7,88.7,89.9,35.2,89.2,0.824,1.27,0.25,14.31,2,0,0,40.3,40.3,0,986.1,0.0163
2571.8,31.8,7.0,34.9,37.5,34.1,82.1,0.718,3.32,1.38,14.23,2,0,0,31.8,31.4,0,1273.3,0.0557
1024.6,0.0,2.5,34.0,60.0,34.0,85.2,0.077,20.57,12.64,14.12,0,0,1,0.0,0.0,2,116.0,0.7757
3677.9,76.2,25.3,59.8,63.7,36.4,87.9,0.543,2.16,3.23,10.65,4,0,0,76.2,75.7,3,27.3,0.9192
3154.8,62.0,16.0,62.0,61.5,30.9,83.8,0.327,4.2,2.41,14.11,4,0,0,62.0,62.4,0,1297.6,0.0146
999.4,0.0,2.3,38.4,66.5,36.5,92.0,0.177,19.75,18.42,14.09,0,0,0,0.0,0.0,2,73.3,0.7715
3489.7,89.5,22.6,71.0,91.0,36.6,95.0,0.119,20.07,13.52,14.31,5,0,0,89.5,88.5,2,39.4,0.8699
3149.2,85.9,28.4,66.8,93.3,30.1,88.9,0.059,23.44,10.95,14.04,5,0,0,85.9,84.3,2,78.1,0.6985
3234.4,81.2,14.6,65.4,65.4,29.2,80.1,0.862,0.43,1.72,14.1,5,0,0,81.2,81.2,0,1404.0,0.0466
2991.5,78.1,21.8,57.5,60.6,25.5,86.5,0.607,0.85,1.18,10.69,5,0,0,78.1,78.2,3,8.8,0.9157
3091.7,78.4,30.0,70.3,68.5,38.1,96.0,0.781,2.75,1.38,14.01,5,0,0,78.4,78.9,0,892.6,0.0554
2337.0,38.3,16.4,44.8,46.7,35.4,86.5,0.221,2.29,1.02,14.22,3,0,0,38.3,38.7,0,829.6,0.0446
1060.6,0.0,2.2,33.5,35.8,36.5,89.3,0.273,1.25,0.87,13.97,0,0,0,0.0,0.0,0,967.3,0.0366
2500.3,41.5,9.2,41.5,43.0,36.4,93.9,0.763,0.88,1.77,14.12,3,0,0,41.5,41.4,0,1384.3,0.0796
1036.9,0.0,2.2,35.6,34.6,33.3,84.8,0.757,0.56,2.33,14.01,0,0,0,0.0,0.0,0,730.7,0.0217
1029.0,0.0,2.4,27.3,30.3,33.9,87.7,0.702,2.33,1.62,13.96,0,0,1,0.0,0.0,0,947.5,0.0675
5197.5,87.9,62.4,82.7,84.5,31.3,91.0,0.739,1.81,1.68,14.27,3,0,0,87.9,87.0,0,767.5,0.0668
3680.2,78.7,25.0,53.2,78.0,37.6,92.6,0.143,17.97,15.61,13.93,4,0,0,78.7,77.6,2,99.9,0.7271
3568.5,93.4,16.0,64.7,83.0,30.0,95.7,0.089,18.23,16.57,14.02,5,0,0,93.4,93.8,2,70.5,0.7578
3468.3,74.5,31.2,57.3,59.4,35.0,90.4,0.755,3.83,2.64,14.26,4,0,0,74.5,74.1,0,1156.0,0.0766
1053.9,0.0,2.2,36.0,58.7,39.7,103.0,0.087,17.99,14.31,13.78,0,0,1,0.0,0.0,2,29.6,0.8691
2142.6,23.5,13.7,45.6,64.3,35.7,91.1,0.081,21.21,14.94,13.91,2,0,0,23.5,23.2,2,98.2,0.9093
3491.8,68.9,15.8,55.8,76.5,35.2,99.3,0.196,21.05,15.38,14.12,4,0,0,68.9,68.3,2,102.3,0.8999
1038.4,0.0,1.9,38.6,38.2,33.3,87.8,0.852,0.54,2.37,14.04,0,0,0,0.0,0.0,0,812.4,0.0331
3013.1,36.4,10.8,38.7,38.2,42.5,116.6,0.674,8.35,4.16,13.91,2,0,0,36.4,35.8,1,12.1,0.8071
3557.4,75.4,18.3,51.6,51.2,34.1,96.1,0.257,0.11,1.41,10.32,4,0,0,75.4,75.1,3,21.8,0.8684
1037.7,0.0,2.3,33.5,34.4,40.1,114.4,0.738,9.32,3.92,13.96,0,0,1,0.0,0.0,1,16.4,0.76
4028.7,67.4,74.9,77.4,76.2,28.9,84.7,0.856,2.65,1.1,14.17,3,0,0,67.4,67.9,0,1331.1,0.0765
2415.3,38.7,11.9,48.0,48.0,36.3,88.7,0.219,1.23,0.47,14.12,3,0,0,38.7,39.0,0,1215.4,0.0673
4010.5,107.3,25.1,65.6,65.8,43.8,113.6,0.886,7.76,3.55,14.07,5,0,0,107.3,109.2,1,28.9,0.8736
5035.2,57.9,57.6,76.9,78.0,30.5,95.5,0.193,1.29,-0.34,14.1,2,0,0,57.9,57.8,0,1276.6,0.0103
4464.3,71.3,57.3,80.9,81.6,30.9,92.0,0.821,-1.98,1.61,14.08,3,0,0,71.3,72.7,0,1332.9,0.0574
1054.4,0.0,2.5,32.7,32.5,34.0,90.4,0.736,0.94,0.85,14.27,0,0,0,0.0,0.0,0,710.3,0.0154
1017.7,0.0,2.4,33.7,61.9,29.6,91.3,0.177,19.37,16.86,14.06,0,0,0,0.0,0.0,2,50.3,0.75
1786.6,12.0,9.2,48.5,67.2,39.4,96.4,0.114,19.92,13.49,13.8,1,0,0,12.0,12.0,2,22.6,0.8939
3532.6,92.7,16.9,54.5,53.6,37.3,87.4,0.267,1.24,3.38,14.17,5,0,0,92.7,93.1,0,1342.8,0.0273
2325.7,25.0,20.0,57.6,58.2,28.5,87.5,0.293,2.16,1.06,11.61,2,0,0,25.0,24.9,3,38.2,0.9403
2267.3,29.3,19.1,45.4,47.4,37.9,90.6,0.782,3.67,1.17,14.3,2,0,0,29.3,28.9,0,1113.7,0.0403
3119.4,64.3,27.9,63.0,62.8,46.9,112.8,0.863,8.13,3.71,13.62,4,0,0,64.3,65.0,1,12.3,0.9123
1363.0,0.0,2.1,35.1,53.6,31.3,92.2,0.104,22.55,14.42,14.05,0,0,0,0.0,0.0,2,43.5,0.8875
958.2,0.0,2.4,32.2,55.7,38.7,99.8,0.175,20.44,12.6,14.05,0,0,1,0.0,0.0,2,78.7,0.9047
3580.2,92.6,28.7,58.5,60.9,28.1,90.8,0.337,-0.89,1.74,10.54,5,0,0,92.6,91.6,3,28.7,0.9649
3341.7,88.5,32.1,61.6,64.1,37.1,93.7,0.699,1.48,2.01,14.12,5,0,0,88.5,88.8,0,793.3,0.0227
1098.7,0.0,2.4,36.3,63.6,35.9,90.6,0.093,26.28,14.95,13.81,0,0,0,0.0,0.0,2,32.2,0.797
2868.9,34.9,11.0,45.2,46.7,33.6,86.6,0.281,3.95,0.63,14.41,2,0,0,34.9,35.0,0,1089.7,0.0721
2251.6,26.4,9.1,48.5,49.2,37.7,117.7,0.808,5.72,3.29,13.93,2,0,0,26.4,26.3,1,45.6,0.7775
3754.4,82.1,32.4,66.8,66.3,48.5,114.4,0.879,8.79,3.57,13.62,4,0,0,82.1,81.9,1,28.4,0.8236
3478.0,72.3,67.6,91.9,89.5,42.6,118.2,0.865,6.6,4.77,13.6,4,0,0,72.3,73.5,1,35.8,0.7292
2607.6,44.1,20.8,44.9,46.5,37.2,83.8,0.181,0.44,1.39,14.14,3,0,0,44.1,43.4,0,764.6,0.0683
1073.5,0.0,2.1,29.8,59.6,30.3,94.3,0.152,17.86,13.75,13.84,0,0,0,0.0,0.0,2,24.5,0.7494
2728.3,44.5,19.4,39.7,38.0,34.9,88.8,0.272,-0.09,1.29,14.29,3,0,0,44.5,44.9,0,1364.4,0.071
1098.3,0.0,2.0,32.5,32.1,31.4,87.0,0.718,0.55,1.08,14.04,0,0,0,0.0,0.0,0,997.6,0.0158
2864.3,25.0,13.9,46.4,45.0,38.3,113.9,0.842,9.71,4.82,14.01,1,0,0,25.0,25.2,1,67.6,0.9168
3255.9,89.0,27.2,59.0,60.0,36.7,86.9,0.758,1.25,1.74,13.97,5,0,0,89.0,88.4,0,742.5,0.0207
3161.1,67.2,22.7,63.1,88.1,33.0,92.3,0.09,22.28,16.0,13.96,4,0,0,67.2,68.5,2,98.1,0.7053
2822.1,76.4,24.1,58.9,57.2,38.4,92.1,0.844,4.12,1.35,14.2,5,0,0,76.4,76.2,0,1359.1,0.068
2846.9,32.2,21.4,46.5,45.1,33.8,86.7,0.203,-0.24,1.67,14.0,2,0,0,32.2,31.6,0,1011.3,0.0603
1273.4,0.0,2.5,27.6,49.8,30.5,96.2,0.096,18.04,18.05,14.17,0,0,1,0.0,0.0,2,118.2,0.7549
2419.0,29.2,10.1,49.7,50.9,31.5,87.7,0.246,2.62,0.72,14.16,2,0,0,29.2,28.7,0,1482.8,0.0347
2665.6,34.8,8.8,50.0,46.6,37.6,84.5,0.345,5.09,0.81,13.9,2,0,0,34.8,34.8,0,1025.2,0.04
2739.2,34.2,11.4,54.7,59.2,47.0,115.9,0.843,6.61,2.74,13.67,2,0,0,34.2,34.7,1,29.5,0.8134
1032.5,0.0,1.9,32.9,34.5,28.4,85.0,0.334,0.01,0.56,14.14,0,0,1,0.0,0.0,0,1081.2,0.0412
1983.8,30.6,15.1,45.8,44.6,34.5,118.5,0.882,7.16,3.06,14.2,3,0,0,30.6,31.1,1,55.5,0.925
2679.2,33.2,18.6,50.5,53.9,38.9,86.1,0.741,0.88,2.64,14.04,2,0,0,33.2,32.9,0,1214.6,0.0172
1172.6,0.0,2.4,39.9,57.7,35.3,96.8,0.1,14.95,11.71,13.54,0,0,0,0.0,0.0,2,78.7,0.7637
4696.7,54.0,49.3,77.8,98.0,35.5,85.6,0.102,16.66,13.54,14.12,2,0,0,54.0,53.0,2,68.9,0.7959
2488.7,27.5,13.6,46.7,45.0,37.1,109.8,0.829,7.88,4.87,14.32,2,0,0,27.5,27.4,1,42.0,0.7253
2360.8,19.7,12.1,41.4,43.8,35.7,93.2,0.251,1.13,1.29,14.21,1,0,0,19.7,19.8,0,1333.8,0.054
1606.8,20.8,18.5,51.7,72.2,39.1,94.5,0.16,16.03,14.23,14.19,2,0,0,20.8,21.1,2,69.1,0.8493
3251.7,84.9,29.4,59.0,62.4,39.8,110.0,0.843,6.4,3.51,13.59,5,0,0,84.9,84.9,1,52.8,0.8759
986.9,0.0,2.2,29.2,28.9,36.1,118.4,0.695,7.74,3.85,13.76,0,0,0,0.0,0.0,1,54.3,0.791
2450.2,31.4,20.0,50.0,49.3,38.2,90.3,0.792,1.39,1.32,13.88,2,0,0,31.4,31.0,0,967.5,0.0536
1737.4,24.1,13.0,44.7,73.1,37.3,92.7,0.102,23.63,12.39,13.78,2,0,0,24.1,24.1,2,79.9,0.6723
3180.8,68.2,25.8,63.6,63.8,41.8,115.8,0.72,9.76,2.93,13.83,4,0,0,68.2,69.0,1,28.1,0.892
3532.6,42.4,8.9,37.3,37.7,32.5,93.7,0.824,2.08,1.89,14.1,2,0,0,42.4,42.1,0,1371.9,0.0623
3959.5,105.5,22.9,65.3,64.3,30.8,86.7,0.752,0.33,0.53,14.15,5,0,0,105.5,104.3,0,1306.8,0.0313
2236.6,30.1,11.9,47.2,73.6,36.8,97.0,0.116,18.24,18.02,13.9,2,0,0,30.1,29.8,2,58.5,0.9167
2918.2,63.5,22.5,63.8,64.8,30.7,79.8,0.863,2.53,2.19,14.17,4,0,0,63.5,62.9,0,852.8,0.053
1052.2,0.0,2.5,36.9,35.9,37.8,86.5,0.42,2.12,2.62,11.5,0,0,0,0.0,0.0,3,33.5,0.8907
2467.4,30.1,18.7,53.3,52.4,41.1,127.4,0.693,5.6,4.05,14.02,2,0,0,30.1,30.4,1,38.8,0.7207
2745.2,18.3,20.7,63.6,59.6,46.1,113.3,0.802,3.01,5.86,13.88,1,0,0,18.3,18.6,1,33.4,0.9242
1046.1,0.0,2.2,33.5,36.9,26.5,86.6,0.283,-0.39,3.07,14.29,0,0,0,0.0,0.0,0,1210.2,0.0665
3602.4,60.1,7.6,52.1,52.5,29.4,86.2,0.248,1.29,1.3,14.13,3,0,0,60.1,60.6,0,1134.2,0.0488
2583.5,31.3,19.1,55.1,51.9,37.4,92.8,0.699,1.29,1.8,11.03,2,0,0,31.3,31.4,3,8.0,0.8564
1056.4,0.0,2.4,36.4,34.5,36.4,84.9,0.226,3.78,1.5,14.02,0,0,0,0.0,0.0,0,1411.3,0.0503
2357.1,18.0,12.7,46.2,73.2,29.6,92.5,0.087,23.42,15.63,14.03,1,0,0,18.0,18.2,2,88.6,0.7384
3031.1,64.0,17.4,71.0,71.9,34.2,89.7,0.256,0.89,2.22,14.33,4,0,0,64.0,63.3,0,1455.0,0.0453
2280.4,39.5,11.5,51.7,51.8,30.4,89.6,0.23,1.73,2.03,14.38,3,0,0,39.5,39.4,0,1192.9,0.0345
3230.4,67.4,58.0,71.4,74.9,28.6,86.8,0.291,1.45,1.8,14.13,4,0,0,67.4,67.7,0,1019.3,0.042
4167.7,90.5,55.9,83.2,82.9,34.5,87.3,0.245,0.76,1.58,14.05,4,0,0,90.5,90.2,0,1140.4,0.042
3428.8,71.7,20.6,61.1,64.4,30.7,88.0,0.41,-0.79,1.37,9.86,4,0,0,71.7,72.4,3,35.8,0.9582
2578.9,31.3,11.2,40.3,38.1,30.7,92.8,0.83,3.71,1.37,13.97,2,0,0,31.3,31.4,0,1112.0,0.0337
1094.8,0.0,2.1,31.0,31.1,38.2,86.3,0.729,1.63,-0.26,14.01,0,0,0,0.0,0.0,0,901.7,0.0677
1094.4,0.0,2.2,35.8,34.4,33.4,83.4,0.321,3.12,1.15,14.14,0,0,0,0.0,0.0,0,1414.5,0.0748
989.9,0.0,1.9,30.6,31.0,34.2,86.9,0.817,0.67,1.0,14.21,0,0,0,0.0,0.0,0,1398.6,0.0279
4726.2,56.2,46.7,85.3,83.3,36.6,89.0,0.74,3.02,1.78,14.31,2,0,0,56.2,57.2,0,1056.4,0.0241
2230.4,17.4,9.7,47.5,72.1,34.1,89.2,0.075,14.28,13.57,14.2,1,0,0,17.4,17.6,2,52.1,0.7032
3425.0,73.9,20.5,65.4,68.9,30.4,85.3,0.222,1.3,1.2,14.06,4,0,0,73.9,73.6,0,869.7,0.0554
3798.9,80.7,15.5,63.7,62.7,28.4,85.5,0.831,1.78,0.05,14.14,4,0,0,80.7,79.5,0,1129.1,0.0736
4402.7,55.0,66.8,80.7,75.5,29.5,92.8,0.849,0.89,0.19,14.23,2,0,0,55.0,54.4,0,1369.1,0.0256
1046.9,0.0,1.8,35.5,35.2,28.4,93.3,0.585,0.35,0.66,10.83,0,0,0,0.0,0.0,3,23.1,0.8299
3199.4,68.3,24.9,61.5,64.2,38.7,84.5,0.235,4.19,1.99,14.18,4,0,0,68.3,68.7,0,1134.2,0.0723
2982.2,48.1,16.2,38.0,38.0,32.0,88.5,0.271,3.82,0.62,13.94,3,0,0,48.1,47.1,0,1063.8,0.0415
3933.4,101.9,19.0,56.6,60.0,49.7,106.1,0.667,4.61,2.66,13.81,5,0,0,101.9,101.3,1,15.2,0.8724
2765.7,32.9,9.0,47.1,45.6,35.1,87.7,0.768,3.52,0.12,14.1,2,0,0,32.9,33.5,0,1300.7,0.0707
1220.2,14.2,14.0,59.2,57.6,36.8,79.8,0.723,1.58,1.37,14.26,2,0,0,14.2,14.0,0,730.9,0.0203
3078.6,83.8,34.8,61.6,61.8,29.4,93.1,0.346,1.97,1.19,14.16,5,0,0,83.8,82.3,0,934.3,0.0751
3088.9,82.7,17.3,62.0,95.0,26.5,91.0,0.117,20.36,11.57,13.81,5,0,0,82.7,82.9,2,29.9,0.8627
4144.2,45.3,78.5,75.4,76.2,38.5,95.7,0.285,1.99,1.83,13.93,2,0,0,45.3,44.4,0,1221.6,0.0635
2668.6,32.8,14.8,44.6,72.3,27.3,95.0,0.153,19.23,12.56,13.82,2,0,0,32.8,33.3,2,89.0,0.6637
3717.1,65.9,66.2,81.6,79.8,36.7,105.2,0.687,7.34,7.15,13.72,3,0,0,65.9,65.2,1,38.7,0.89
3191.3,35.6,21.2,55.0,55.5,28.3,88.2,0.263,1.98,3.45,13.91,2,0,0,35.6,35.3,0,1371.6,0.059
3573.7,76.9,20.8,73.5,72.2,37.3,90.9,0.337,-0.27,1.49,14.11,4,0,0,76.9,78.3,0,1457.6,0.0252
1019.7,0.0,2.1,36.6,37.6,38.0,87.8,0.214,2.51,2.65,14.08,0,0,0,0.0,0.0,0,893.4,0.0338
2184.8,26.7,11.4,50.2,75.2,29.7,91.2,0.174,21.68,14.8,13.97,2,0,0,26.7,26.8,2,71.8,0.7524
1041.6,0.0,2.0,33.2,33.1,30.6,90.3,0.808,1.61,0.65,13.99,0,0,1,0.0,0.0,0,984.4,0.0729
4715.4,61.0,49.8,84.6,82.6,28.0,93.1,0.225,3.9,0.38,14.24,2,0,0,61.0,60.3,0,819.1,0.0107
4516.3,77.9,47.7,71.8,70.7,39.9,85.4,0.794,0.16,1.5,14.22,3,0,0,77.9,76.7,0,1379.1,0.0589
3304.7,89.1,23.7,56.0,59.2,30.0,85.6,0.325,2.28,0.19,10.75,5,0,0,89.1,87.7,3,21.2,0.9838
1049.4,0.0,2.1,37.7,37.3,32.3,89.3,0.806,2.13,1.59,14.06,0,0,1,0.0,0.0,0,1431.5,0.0636
1066.2,0.0,1.9,34.1,33.0,32.6,90.8,0.491,0.91,2.35,9.53,0,0,0,0.0,0.0,3,19.2,0.8064
1948.3,13.6,8.3,47.0,44.5,32.9,92.8,0.836,1.52,2.13,14.17,1,0,0,13.6,13.7,0,1164.9,0.0199
3415.6,89.6,26.9,62.8,63.3,28.1,93.2,0.183,2.57,1.03,14.11,5,0,0,89.6,88.3,0,1425.9,0.078
2532.9,37.3,6.9,53.3,53.0,34.4,91.1,0.779,1.58,1.79,14.16,3,0,0,37.3,37.1,0,1099.5,0.0261
3415.8,89.6,16.9,69.1,71.2,35.2,88.5,0.787,0.63,1.09,14.18,5,0,0,89.6,88.4,0,970.0,0.0562
1052.9,0.0,2.0,35.4,31.4,35.0,89.6,0.349,1.61,1.34,14.11,0,0,0,0.0,0.0,0,1401.7,0.056
1073.9,0.0,2.3,34.7,35.4,29.6,86.8,0.345,2.64,2.47,14.02,0,0,0,0.0,0.0,0,800.6,0.0706
2369.9,26.1,16.9,41.1,41.9,38.4,88.1,0.682,1.41,0.39,11.18,2,0,0,26.1,26.1,3,23.3,0.8446
3053.2,31.9,12.3,46.1,71.5,32.0,93.8,0.115,24.86,11.49,14.11,2,0,0,31.9,31.5,2,108.9,0.8058
2100.7,33.8,6.7,50.2,52.8,39.0,113.8,0.669,11.43,4.27,13.78,3,0,0,33.8,33.9,1,64.6,0.7528
4192.1,109.2,21.3,65.7,62.6,30.5,92.5,0.772,2.41,1.12,14.17,5,0,0,109.2,109.7,0,737.1,0.0551
1998.3,16.1,6.1,53.5,53.6,32.7,88.1,0.751,2.41,0.65,13.95,1,0,0,16.1,16.0,0,1310.1,0.0113
2194.5,25.2,21.9,48.9,50.1,31.7,96.8,0.783,2.15,2.93,14.24,2,0,0,25.2,25.2,0,1226.3,0.0479
1092.8,0.0,2.1,27.1,29.2,45.1,114.9,0.742,8.82,4.01,13.66,0,0,0,0.0,0.0,1,8.7,0.7708
2601.8,41.7,14.7,56.0,55.1,33.8,94.3,0.348,-0.03,2.26,11.07,3,0,0,41.7,41.7,3,20.9,0.8341
1954.4,32.0,14.2,42.5,41.2,27.4,82.3,0.193,1.64,1.27,14.17,3,0,0,32.0,32.4,0,1314.9,0.0417
1625.2,19.1,16.3,53.2,51.9,37.8,87.6,0.799,1.88,1.62,14.26,2,0,0,19.1,19.4,0,1348.0,0.0544
3724.7,96.4,30.9,56.2,55.6,39.8,82.3,0.306,2.31,0.94,14.24,5,0,0,96.4,95.4,0,1334.7,0.0787
2842.7,45.3,9.2,38.3,34.3,28.4,85.8,0.851,3.7,1.6,14.34,3,0,0,45.3,46.1,0,1280.8,0.0311
4045.5,50.2,52.9,93.5,94.1,34.8,91.3,0.183,1.99,1.09,14.33,2,0,0,50.2,50.3,0,1225.7,0.0217
1077.8,0.0,2.4,39.9,37.0,37.6,119.2,0.668,5.28,4.27,13.93,0,0,0,0.0,0.0,1,43.0,0.8512
3470.4,77.7,18.2,52.9,55.2,44.9,119.6,0.831,6.05,2.96,13.94,4,0,0,77.7,77.5,1,11.5,0.797
1068.1,0.0,2.0,31.3,30.4,26.2,88.3,0.777,4.14,2.11,14.13,0,0,0,0.0,0.0,0,1493.2,0.0533
2277.8,25.6,15.4,44.2,42.0,27.6,88.6,0.835,2.71,2.34,14.3,2,0,0,25.6,26.1,0,816.2,0.0424
2220.4,18.1,21.9,50.8,51.3,40.5,85.9,0.396,-0.47,0.47,10.72,1,0,0,18.1,17.7,3,20.1,0.8971
1037.1,0.0,2.3,34.1,36.4,33.3,90.2,0.302,0.35,2.17,14.07,0,0,0,0.0,0.0,0,801.9,0.0666
2317.6,27.6,21.6,43.8,46.7,29.9,92.0,0.688,-0.33,-0.57,14.1,2,0,0,27.6,27.9,0,716.1,0.0444
3493.6,92.4,14.2,63.1,60.9,33.8,86.1,0.264,0.98,2.28,14.16,5,0,0,92.4,93.6,0,1257.4,0.0484
2156.4,14.7,13.4,46.2,48.3,39.1,89.6,0.757,2.6,1.74,14.03,1,0,0,14.7,14.6,0,824.5,0.0284
5018.5,104.9,79.2,76.6,80.4,27.6,90.7,0.777,1.93,1.65,14.2,4,0,0,104.9,105.2,0,1074.5,0.0568
1977.3,35.5,21.0,51.4,75.1,28.6,95.7,0.055,16.08,12.01,13.98,3,0,0,35.5,35.8,2,106.6,0.8287
1063.2,0.0,2.2,31.7,32.8,37.8,82.7,0.816,1.55,1.88,14.07,0,0,1,0.0,0.0,0,913.9,0.0168
1073.5,0.0,2.1,35.2,36.0,35.1,93.6,0.809,1.36,2.67,14.16,0,0,0,0.0,0.0,0,1122.7,0.0173
1037.9,0.0,2.5,37.7,37.4,39.8,121.2,0.744,6.79,4.9,13.76,0,0,1,0.0,0.0,1,36.0,0.9291
3153.7,85.5,30.4,55.7,56.2,31.6,91.4,0.258,2.45,2.29,14.13,5,0,0,85.5,84.6,0,1210.0,0.0449
3285.0,91.2,18.0,75.3,98.0,31.7,88.2,0.162,17.62,12.09,14.28,5,0,0,91.2,93.0,2,102.8,0.7305
2341.4,30.1,8.8,42.5,64.0,33.5,96.1,0.19,23.58,14.03,13.95,2,0,0,30.1,29.9,2,100.3,0.8285
2279.0,37.1,15.8,53.3,51.9,36.7,88.4,0.682,1.79,1.15,14.12,3,0,0,37.1,37.5,0,862.1,0.0519
2449.4,30.8,14.7,44.3,66.2,26.2,99.0,0.068,23.62,12.33,13.97,2,0,0,30.8,30.9,2,70.0,0.7472
2254.9,39.9,13.5,50.1,47.2,39.1,86.0,0.762,0.58,2.06,14.27,3,0,0,39.9,39.9,0,1383.4,0.0239
2794.9,72.1,30.8,63.7,61.0,33.3,89.2,0.276,2.05,1.79,10.6,5,0,0,72.1,71.1,3,16.1,0.9895
1066.6,0.0,2.2,32.5,33.5,38.2,86.2,0.879,1.53,0.18,13.97,0,0,0,0.0,0.0,0,1117.9,0.0439
3233.1,83.6,34.8,64.4,64.0,29.5,90.6,0.479,-0.8,0.76,9.86,5,0,0,83.6,83.7,3,29.8,0.9297
2350.0,35.6,6.8,46.5,73.1,34.9,97.8,0.187,15.82,14.43,14.23,3,0,0,35.6,35.2,2,47.8,0.6901
4315.9,52.6,44.2,79.7,75.2,30.9,87.2,0.259,1.57,1.54,14.23,2,0,0,52.6,51.7,0,1277.7,0.0295
1029.8,0.0,2.2,34.0,37.5,37.0,87.9,0.299,0.93,0.44,14.15,0,0,0,0.0,0.0,0,1101.1,0.0529
2223.4,18.9,12.4,50.7,48.5,34.1,83.7,0.462,-2.14,0.57,11.19,1,0,0,18.9,19.2,3,32.5,0.859
2096.5,35.4,11.9,37.3,68.2,34.1,95.9,0.134,22.63,17.96,14.03,3,0,0,35.4,35.6,2,88.1,0.7022
3384.2,90.6,24.5,63.7,63.3,33.5,89.3,0.219,2.61,4.04,14.19,5,0,0,90.6,91.8,0,1359.0,0.0745
2021.7,16.7,18.6,40.9,42.0,34.5,113.0,0.756,4.89,5.74,13.84,1,0,0,16.7,16.5,1,37.6,0.8841
3042.3,80.7,21.5,61.7,59.0,35.1,89.0,0.346,-0.41,2.02,14.31,5,0,0,80.7,79.7,0,874.5,0.0769
3282.5,87.3,23.9,54.5,58.0,37.6,79.9,0.182,0.27,0.71,14.29,5,0,0,87.3,88.8,0,888.3,0.0689
2842.0,34.2,20.1,32.5,33.6,29.5,83.3,0.273,2.49,1.11,14.13,2,0,0,34.2,34.2,0,1253.0,0.0344
2224.2,28.9,18.1,48.7,47.9,27.5,86.5,0.747,-0.31,1.54,14.03,2,0,0,28.9,29.2,0,772.6,0.0672
1864.3,17.5,11.9,46.5,71.0,29.3,97.6,0.088,19.8,15.5,14.1,1,0,0,17.5,17.4,2,78.8,0.7289
2644.7,42.9,14.7,34.4,30.4,34.4,90.7,0.346,1.93,1.06,14.3,3,0,0,42.9,42.2,0,1250.7,0.0485
4150.7,54.7,65.9,84.4,98.0,38.0,94.4,0.09,18.02,11.34,14.09,2,0,0,54.7,55.3,2,79.1,0.6641
4326.9,114.5,29.5,53.6,52.1,30.9,93.9,0.229,3.44,1.4,14.28,5,0,0,114.5,116.0,0,1282.2,0.0322
3320.3,88.1,23.8,52.7,53.8,33.7,87.9,0.681,4.31,0.86,14.25,5,0,0,88.1,87.8,0,978.2,0.053
3330.6,72.9,18.3,51.9,54.0,30.1,90.7,0.261,1.46,-0.59,13.92,4,0,0,72.9,72.6,0,1474.3,0.0234
3012.3,67.6,18.6,62.5,62.0,37.1,81.8,0.337,5.89,1.55,14.27,4,0,0,67.6,66.8,0,1468.2,0.0554
3003.1,77.5,21.6,56.5,55.2,27.8,87.9,0.749,2.86,2.32,14.42,5,0,0,77.5,76.1,0,1308.6,0.0775
1884.5,31.4,18.2,52.8,55.2,29.5,88.5,0.705,2.27,2.14,14.14,3,0,0,31.4,31.9,0,1312.4,0.0133
1023.2,0.0,2.1,35.5,34.4,33.4,84.2,0.823,2.56,2.53,14.09,0,0,0,0.0,0.0,0,779.4,0.0176
2704.1,29.9,14.6,48.2,47.2,29.7,87.2,0.301,3.77,2.83,14.29,2,0,0,29.9,29.8,0,1152.3,0.0447
2260.3,18.3,16.8,43.5,43.5,37.9,87.0,0.286,1.64,2.58,14.0,1,0,0,18.3,18.3,0,1318.7,0.01
1082.9,0.0,2.4,30.8,31.7,38.5,86.6,0.789,1.07,2.3,14.02,0,0,1,0.0,0.0,0,1145.5,0.0426
850.0,0.0,2.4,32.0,61.6,33.1,96.1,0.151,20.71,8.64,13.9,0,0,0,0.0,0.0,2,63.1,0.8538
2477.1,42.5,16.3,46.5,46.3,28.0,87.4,0.659,1.25,2.51,11.08,3,0,0,42.5,43.2,3,26.8,0.8806
4071.7,107.9,20.1,61.4,61.8,28.8,88.5,0.822,1.95,0.39,14.24,5,0,0,107.9,108.8,0,887.8,0.054
2931.3,48.1,15.5,46.2,47.4,28.6,91.5,0.261,3.1,2.7,14.21,3,0,0,48.1,47.3,0,1329.6,0.0406
2885.1,80.4,30.3,56.8,60.9,29.3,88.4,0.301,4.86,0.86,14.02,5,0,0,80.4,81.0,0,1044.4,0.0137
2442.3,18.6,17.2,54.5,53.4,29.0,86.1,0.594,2.16,1.86,10.48,1,0,0,18.6,18.6,3,22.1,0.8216
2275.4,27.9,20.1,48.3,48.7,36.6,96.0,0.257,2.47,2.46,14.09,2,0,0,27.9,27.7,0,1397.7,0.0355
1496.6,11.5,18.3,43.0,42.9,34.4,85.2,0.232,0.73,2.43,14.16,1,0,0,11.5,11.7,0,735.8,0.018
3861.5,102.9,28.1,59.7,60.8,32.3,89.0,0.842,1.32,1.32,14.27,5,0,0,102.9,104.6,0,1216.3,0.0487
1042.3,0.0,1.9,33.9,35.0,37.7,86.4,0.682,2.85,0.75,14.14,0,0,0,0.0,0.0,0,1489.2,0.0365
1066.0,0.0,2.0,30.4,27.4,34.0,83.1,0.792,0.39,1.16,14.09,0,0,0,0.0,0.0,0,870.1,0.0735
3762.4,88.8,31.4,68.8,89.1,35.8,94.5,0.101,21.7,10.69,14.42,5,0,0,88.8,89.1,2,89.6,0.6946
2554.5,40.5,17.9,50.8,52.1,31.6,95.2,0.337,-0.14,0.33,14.19,3,0,0,40.5,40.8,0,1390.6,0.0724
1821.3,20.9,11.4,40.1,41.3,45.1,115.8,0.723,9.88,4.54,13.96,2,0,0,20.9,21.2,1,24.9,0.9369
2661.6,20.3,19.5,42.5,41.8,31.6,84.4,0.198,1.76,2.57,14.3,1,0,0,20.3,20.4,0,1324.1,0.0383
1919.0,23.5,13.6,41.5,43.3,31.4,84.7,0.218,1.68,1.41,14.27,2,0,0,23.5,23.4,0,843.1,0.0517
3877.4,65.9,84.5,79.0,81.4,33.5,92.0,0.544,2.96,1.86,10.96,3,0,0,65.9,64.8,3,42.9,0.8451
2995.8,81.3,21.1,59.0,58.4,34.7,88.9,0.259,3.51,2.68,14.34,5,0,0,81.3,81.3,0,949.2,0.0326
1686.8,27.0,21.8,40.5,73.6,30.2,93.4,0.102,20.92,10.95,13.86,2,0,0,27.0,27.5,2,74.5,0.8288
2515.4,31.5,6.9,44.0,42.3,34.2,86.9,0.23,0.98,0.98,14.33,2,0,0,31.5,32.1,0,969.2,0.0207
2376.1,31.0,10.9,56.1,55.1,29.2,83.5,0.697,5.15,0.7,13.94,2,0,0,31.0,30.9,0,991.8,0.0192
3859.2,101.0,27.4,64.8,64.9,33.0,88.4,0.335,5.02,1.44,10.38,5,0,0,101.0,100.3,3,23.8,0.8606
4971.5,103.8,60.1,80.5,82.8,29.4,87.0,0.259,2.09,0.4,14.14,4,0,0,103.8,104.7,0,1131.3,0.0198
3182.2,69.5,15.6,59.3,89.4,32.3,93.3,0.084,18.32,18.31,14.04,4,0,0,69.5,69.5,2,59.8,0.8401
2315.2,19.4,11.2,50.4,50.6,35.6,85.9,0.193,1.72,-0.34,14.07,1,0,0,19.4,19.4,0,1245.1,0.0398
3805.1,84.8,78.5,82.1,98.0,33.9,95.6,0.057,19.13,14.58,14.14,4,0,0,84.8,83.1,2,52.0,0.8066
1048.2,0.0,1.9,32.7,32.3,31.9,90.1,0.727,1.19,1.32,14.03,0,0,0,0.0,0.0,0,756.2,0.0484
3162.3,83.6,33.1,66.5,64.9,27.6,87.5,0.207,2.34,0.96,13.97,5,0,0,83.6,83.2,0,939.6,0.0264
2142.1,18.3,9.8,42.7,70.6,37.3,93.9,0.15,28.95,13.84,14.18,1,0,0,18.3,18.1,2,99.2,0.8344
2079.1,33.4,11.6,46.9,45.0,37.5,91.9,0.277,2.63,2.25,10.03,3,0,0,33.4,32.8,3,29.8,0.9244
2648.0,32.1,8.6,41.1,38.8,28.4,80.9,0.255,2.42,1.51,10.77,2,0,0,32.1,31.9,3,33.2,0.9719
2549.1,22.2,18.6,54.7,79.1,34.7,97.0,0.132,15.08,13.44,13.86,1,0,0,22.2,22.2,2,112.3,0.7301
2611.7,19.2,7.3,58.8,83.9,29.6,93.5,0.079,20.27,14.91,14.06,1,0,0,19.2,19.6,2,69.0,0.8264
1068.8,0.0,2.1,37.6,35.3,37.4,83.8,0.235,3.94,1.87,14.04,0,0,0,0.0,0.0,0,1456.9,0.0353
3253.1,86.0,29.4,57.3,58.3,28.8,84.3,0.725,2.25,1.52,14.08,5,0,0,86.0,84.7,0,1124.4,0.0474
3651.9,96.7,29.4,55.8,55.2,33.1,89.6,0.263,0.97,2.05,14.04,5,0,0,96.7,97.9,0,815.8,0.0663
1185.7,14.0,11.4,64.1,64.7,33.2,88.1,0.796,1.68,0.72,14.13,2,0,0,14.0,14.1,0,747.9,0.0198
2148.9,24.0,21.5,47.9,50.3,34.5,90.0,0.784,1.45,0.47,14.2,2,0,0,24.0,23.6,0,819.3,0.0575
2169.2,18.5,14.9,39.5,38.3,35.3,86.8,0.681,0.91,1.37,14.0,1,0,0,18.5,18.4,0,845.3,0.0507
1042.8,0.0,2.1,28.9,28.2,36.0,87.9,0.218,4.64,2.6,14.1,0,0,0,0.0,0.0,0,1148.8,0.0464
3750.3,79.8,18.2,56.2,58.7,44.6,114.7,0.852,9.8,4.38,13.84,4,0,0,79.8,80.7,1,68.9,0.9309
3651.1,45.5,82.9,84.1,83.9,38.1,86.0,0.256,-0.62,1.62,14.01,2,0,0,45.5,45.2,0,1348.9,0.0234
1056.3,0.0,1.9,34.8,37.1,36.9,78.1,0.785,0.98,2.5,13.97,0,0,0,0.0,0.0,0,1209.2,0.0478
2973.1,63.2,32.0,62.2,60.0,29.8,88.3,0.814,1.35,2.14,14.19,4,0,0,63.2,63.5,0,1387.8,0.0257
2618.4,22.2,19.7,43.1,68.7,30.8,98.8,0.081,15.49,16.93,14.13,1,0,0,22.2,21.8,2,101.1,0.9048
1061.8,0.0,2.3,30.2,31.1,47.6,106.8,0.886,8.78,4.71,14.11,0,0,1,0.0,0.0,1,61.8,0.7697
1003.5,0.0,2.1,34.1,31.3,40.5,115.7,0.741,6.73,3.9,13.85,0,0,0,0.0,0.0,1,71.6,0.9324
3580.3,93.1,28.8,58.7,60.6,35.6,86.7,0.195,5.42,1.01,14.38,5,0,0,93.1,94.8,0,1026.7,0.0334
1078.0,0.0,2.5,35.8,33.7,34.0,81.8,0.693,1.2,1.75,14.06,0,0,0,0.0,0.0,0,828.4,0.0524
4656.0,51.8,56.0,85.3,84.3,31.5,91.8,0.759,2.43,1.21,14.22,2,0,0,51.8,51.4,0,1118.2,0.0188
2950.0,77.3,23.6,69.7,67.3,37.0,83.5,0.806,1.37,0.8,14.3,5,0,0,77.3,77.4,0,916.3,0.0111
3913.9,102.0,19.7,54.6,56.0,37.6,85.1,0.264,3.79,0.33,14.25,5,0,0,102.0,101.5,0,913.1,0.0233
3740.5,80.1,46.0,82.9,83.7,25.6,88.7,0.88,-0.38,1.66,13.94,4,0,0,80.1,78.7,0,1442.9,0.0177
2353.8,17.0,20.1,53.7,50.8,35.9,92.9,0.74,-1.12,1.02,14.33,1,0,0,17.0,17.1,0,1263.2,0.0333
1041.1,0.0,2.3,34.1,34.2,38.7,90.7,0.287,2.69,-0.29,10.23,0,0,0,0.0,0.0,3,13.8,0.9269
1041.4,0.0,2.0,37.1,37.7,40.3,83.0,0.245,-2.71,0.87,9.94,0,0,1,0.0,0.0,3,29.7,0.9832
4184.5,112.4,33.3,70.1,71.3,30.1,81.4,0.204,0.29,1.46,14.22,5,0,0,112.4,112.2,0,1028.4,0.0287
1004.4,0.0,2.3,35.4,35.2,29.4,86.5,0.327,-0.49,1.18,13.75,0,0,0,0.0,0.0,0,828.0,0.0547
4646.8,74.9,69.1,74.3,74.6,26.6,82.9,0.325,0.54,1.31,14.16,3,0,0,74.9,73.8,0,1320.7,0.0776
2706.5,43.7,19.3,46.1,45.2,27.3,82.4,0.741,1.97,0.89,14.03,3,0,0,43.7,43.9,0,1304.6,0.0252
3027.2,49.3,13.6,46.8,47.4,37.3,88.4,0.457,3.14,3.32,10.97,3,0,0,49.3,49.4,3,14.1,0.9784
2921.1,78.7,25.2,55.2,55.3,35.4,87.4,0.204,1.09,1.22,14.14,5,0,0,78.7,77.3,0,742.3,0.0327
3345.3,78.2,34.3,67.2,97.9,34.8,92.6,0.162,16.99,13.61,13.65,5,0,0,78.2,78.5,2,89.2,0.8716
2813.2,20.4,16.1,36.3,39.2,41.2,90.8,0.251,2.19,1.52,14.19,1,0,0,20.4,20.1,0,1488.9,0.0202
3859.0,103.6,33.7,62.7,63.5,31.5,90.2,0.223,0.93,2.78,10.95,5,0,0,103.6,103.9,3,44.6,0.9434
2892.4,20.8,8.8,47.0,48.7,32.9,91.2,0.848,0.03,0.63,14.37,1,0,0,20.8,20.6,0,1177.7,0.0429
1245.4,0.0,2.0,32.0,60.4,33.6,96.9,0.187,17.42,10.81,14.24,0,0,0,0.0,0.0,2,41.4,0.7025
3280.5,85.9,33.1,56.7,57.6,29.5,85.4,0.293,-1.66,1.49,14.39,5,0,0,85.9,85.5,0,748.0,0.0702
2570.6,39.6,9.0,53.0,54.6,43.9,117.7,0.675,6.03,5.27,13.71,3,0,0,39.6,39.3,1,36.8,0.7864
2035.2,22.9,18.6,51.9,52.4,38.9,89.4,0.87,2.64,1.69,14.18,2,0,0,22.9,22.9,0,1056.3,0.0531
1059.1,0.0,2.3,38.2,37.2,32.2,84.9,0.252,-1.2,3.11,14.14,0,0,0,0.0,0.0,0,785.4,0.0387
3815.1,82.4,24.3,62.1,63.9,34.8,87.2,0.627,-0.56,1.06,11.01,4,0,0,82.4,83.5,3,13.8,0.8989
2765.7,33.5,8.2,37.6,33.8,36.9,91.5,0.296,1.48,3.47,10.38,2,0,0,33.5,33.1,3,4.3,0.8106
4651.5,74.4,47.5,84.3,98.0,37.5,99.9,0.079,23.19,14.18,13.89,3,0,0,74.4,73.8,2,76.3,0.7628
1058.4,0.0,1.9,33.7,34.3,46.5,109.6,0.737,6.03,5.44,13.63,0,0,1,0.0,0.0,1,73.4,0.8018
2048.3,28.8,10.6,49.9,66.6,28.1,91.7,0.138,16.5,14.07,14.05,3,0,0,28.8,28.3,2,103.9,0.704
4199.6,106.7,23.0,69.4,64.6,33.8,91.0,0.28,2.51,0.76,14.24,5,0,0,106.7,105.3,0,1333.4,0.0467
2937.7,35.5,21.6,47.3,46.0,30.6,88.6,0.803,0.99,0.56,13.94,2,0,0,35.5,35.8,0,953.5,0.0116
1003.5,0.0,2.3,31.2,27.5,28.3,86.2,0.866,0.88,1.16,14.06,0,0,0,0.0,0.0,0,873.0,0.0385
2715.1,31.9,18.4,42.4,43.2,35.9,123.9,0.886,11.95,5.0,13.78,2,0,0,31.9,31.3,1,73.1,0.8865
1042.6,0.0,1.9,34.4,36.5,33.3,82.0,0.698,0.12,1.7,14.06,0,0,1,0.0,0.0,0,1451.5,0.0691
3631.6,96.5,27.1,59.4,57.5,31.5,89.3,0.338,3.26,0.64,14.14,5,0,0,96.5,98.0,0,1035.8,0.0675
3274.8,88.9,30.2,64.7,63.6,30.7,87.6,0.818,1.77,1.67,14.2,5,0,0,88.9,90.2,0,1188.6,0.0777
4075.9,105.1,20.1,52.6,77.2,36.4,100.1,0.101,20.09,13.96,14.3,5,0,0,105.1,107.0,2,99.5,0.852
2864.1,47.2,8.2,44.1,42.6,36.5,90.3,0.214,-1.27,1.12,13.97,3,0,0,47.2,47.6,0,1259.6,0.0385
2124.0,26.9,18.4,53.1,54.2,36.0,86.1,0.333,1.75,0.35,14.25,2,0,0,26.9,26.8,0,1099.8,0.0351
5009.3,83.9,55.3,86.4,85.4,30.8,93.7,0.872,3.36,-0.59,13.99,3,0,0,83.9,82.8,0,760.7,0.0382
3665.4,100.7,17.5,57.9,60.7,32.7,88.7,0.744,1.49,1.39,14.33,5,0,0,100.7,99.8,0,876.2,0.0139
1055.3,0.0,1.8,33.9,32.2,32.2,82.2,0.73,-2.23,0.75,14.19,0,0,0,0.0,0.0,0,1204.4,0.0281
3203.5,37.1,17.7,51.1,49.2,45.8,111.0,0.747,3.53,4.47,13.75,2,0,0,37.1,37.5,1,63.1,0.7773
1054.9,0.0,2.3,34.3,32.0,46.0,121.7,0.824,5.63,1.88,13.49,0,0,1,0.0,0.0,1,34.0,0.8237
3810.9,81.7,25.8,62.9,60.9,39.1,111.5,0.846,5.73,5.18,14.12,4,0,0,81.7,80.9,1,72.0,0.7989
1110.5,0.0,2.0,35.2,35.1,28.8,86.6,0.241,2.72,2.79,14.11,0,0,0,0.0,0.0,0,1325.3,0.0777
1944.1,26.7,13.0,54.0,80.6,28.5,100.7,0.17,17.64,15.49,13.8,2,0,0,26.7,26.8,2,104.4,0.6791
1070.0,0.0,2.4,40.1,38.1,33.1,87.3,0.786,2.91,1.29,13.96,0,0,0,0.0,0.0,0,1095.9,0.0401
2146.7,33.7,18.4,43.6,41.4,37.7,88.7,0.197,4.71,1.71,13.99,3,0,0,33.7,34.1,0,1210.5,0.0574
2492.5,17.9,6.7,60.4,84.4,33.7,87.6,0.089,15.29,12.48,13.77,1,0,0,17.9,18.1,2,21.1,0.8368
1043.7,0.0,2.4,35.6,35.5,35.8,84.5,0.32,3.2,1.56,13.97,0,0,0,0.0,0.0,0,1075.4,0.0161
1066.2,0.0,2.0,38.1,37.0,32.1,93.6,0.267,1.12,1.4,14.17,0,0,0,0.0,0.0,0,1386.3,0.0213
3373.3,72.4,17.4,66.0,96.2,32.3,109.3,0.141,13.33,12.74,13.75,4,0,0,72.4,71.1,2,117.7,0.6626
1049.1,0.0,2.0,35.1,33.6,38.5,84.6,0.803,3.89,1.61,14.08,0,0,1,0.0,0.0,0,1017.5,0.022
3081.9,52.2,20.5,46.0,46.6,49.2,110.3,0.763,4.49,2.11,14.22,3,0,0,52.2,51.8,1,47.1,0.825
1050.8,0.0,2.0,29.9,34.7,36.5,83.8,0.298,4.62,0.08,14.07,0,0,0,0.0,0.0,0,1487.5,0.0627
2163.9,36.1,17.7,32.8,35.2,40.5,111.2,0.848,8.04,4.31,13.92,3,0,0,36.1,36.6,1,43.3,0.867
1044.0,0.0,2.2,29.6,29.5,26.9,83.5,0.689,1.55,1.07,13.95,0,0,0,0.0,0.0,0,1016.0,0.0572
1069.8,0.0,2.4,35.4,35.1,27.7,83.0,0.237,0.5,0.89,13.99,0,0,0,0.0,0.0,0,1106.7,0.0342
3579.6,95.7,20.0,68.9,67.7,44.7,115.3,0.674,6.59,6.71,13.84,5,0,0,95.7,97.2,1,46.6,0.9231
2256.9,18.9,7.4,52.6,51.6,34.0,90.2,0.846,4.36,2.04,14.28,1,0,0,18.9,18.6,0,900.0,0.0683
3364.1,71.7,19.0,63.7,62.0,33.4,89.2,0.828,3.82,2.55,14.12,4,0,0,71.7,70.3,0,1075.4,0.0376
1076.7,0.0,2.3,36.1,35.1,29.6,86.7,0.25,1.0,1.47,14.06,0,0,0,0.0,0.0,0,1341.5,0.0757
1567.7,25.8,21.6,50.7,47.3,32.3,84.9,0.849,0.64,2.65,14.06,3,0,0,25.8,25.7,0,859.0,0.0125
1059.1,0.0,2.1,38.4,36.2,33.5,85.3,0.702,5.23,1.44,14.11,0,0,1,0.0,0.0,0,1056.2,0.062
3237.2,65.5,29.4,66.4,65.4,31.9,90.0,0.244,2.18,2.41,14.16,4,0,0,65.5,66.2,0,1219.1,0.0185
2563.3,34.2,15.7,53.8,53.0,29.2,84.1,0.692,0.16,-0.31,10.38,2,0,0,34.2,33.7,3,13.0,0.9079
3239.7,54.1,6.5,49.8,51.4,33.5,91.0,0.758,3.44,0.9,14.05,3,0,0,54.1,53.2,0,923.7,0.0792
2141.3,25.2,18.3,50.9,49.5,26.8,82.5,0.22,-0.8,1.01,14.25,2,0,0,25.2,25.3,0,956.1,0.0561
2649.2,21.1,18.9,58.1,53.7,28.9,80.7,0.723,1.33,1.42,14.28,1,0,0,21.1,20.8,0,1180.8,0.0381
2672.4,33.0,6.2,44.3,44.0,36.6,88.7,0.198,1.89,0.8,14.15,2,0,0,33.0,33.6,0,1311.0,0.037
4552.7,53.0,56.8,83.0,85.8,34.1,85.2,0.252,-2.91,2.18,10.55,2,0,0,53.0,53.4,3,35.1,0.9091
1058.2,0.0,2.4,34.9,33.6,37.4,87.0,0.238,2.32,1.28,14.17,0,0,0,0.0,0.0,0,1165.7,0.0511
3593.9,96.0,19.2,68.1,67.7,38.1,88.0,0.454,-0.26,2.1,9.78,5,0,0,96.0,97.6,3,34.4,0.887
2445.6,43.1,6.5,36.5,38.1,31.0,82.6,0.828,3.53,0.65,13.98,3,0,0,43.1,43.1,0,1189.8,0.0132
3874.4,102.1,29.9,58.4,60.4,41.9,115.8,0.87,8.59,4.14,13.88,5,0,0,102.1,101.5,1,20.5,0.7243
2801.8,22.5,7.9,46.4,41.9,37.4,92.4,0.302,1.14,0.26,14.07,1,0,0,22.5,22.2,0,781.3,0.0481
899.9,0.0,2.1,32.8,58.6,29.3,91.4,0.159,23.43,9.83,14.04,0,0,0,0.0,0.0,2,78.4,0.8327
4517.1,93.6,57.4,87.5,88.9,32.6,88.7,0.348,3.19,0.47,14.17,4,0,0,93.6,92.5,0,1161.0,0.0131
2465.6,27.6,12.9,42.5,41.3,31.0,90.7,0.788,1.47,1.14,14.22,2,0,0,27.6,27.8,0,1441.2,0.0184
1564.1,19.2,17.3,34.2,35.8,35.1,87.1,0.259,1.09,1.44,14.05,2,0,0,19.2,19.4,0,871.3,0.0585
2584.4,30.7,21.2,54.0,53.3,35.2,89.7,0.263,1.74,3.08,14.23,2,0,0,30.7,31.3,0,1146.4,0.0455
2193.7,35.2,10.2,49.1,47.8,29.3,85.0,0.302,0.02,2.04,10.46,3,0,0,35.2,35.8,3,14.8,0.9681
1059.2,0.0,2.2,33.5,32.5,25.8,88.4,0.199,2.05,1.75,14.11,0,0,0,0.0,0.0,0,914.7,0.0694
2456.7,19.6,8.4,48.4,46.7,32.0,92.0,0.869,2.32,1.9,14.36,1,0,0,19.6,19.9,0,1335.5,0.0114
3071.4,39.6,47.2,71.1,98.0,36.0,91.3,0.056,18.42,14.01,13.7,2,0,0,39.6,40.1,2,107.5,0.6689
2947.2,62.4,34.5,66.3,64.2,29.1,90.3,0.264,1.74,1.52,14.06,4,0,0,62.4,62.0,0,920.5,0.0526
2471.0,42.2,13.9,45.3,44.7,33.8,89.2,0.425,2.52,2.29,11.44,3,0,0,42.2,42.8,3,26.8,0.8385
3492.1,94.5,33.9,63.1,62.2,46.5,118.2,0.816,9.89,2.52,13.42,5,0,0,94.5,95.9,1,20.1,0.7891
1123.8,9.1,12.9,50.1,53.8,34.7,83.8,0.798,-0.99,2.32,13.94,1,0,0,9.1,9.1,0,1107.2,0.0313
968.8,0.0,2.2,34.7,63.1,30.7,92.1,0.123,21.13,12.79,14.03,0,0,0,0.0,0.0,2,40.2,0.7705
1057.7,0.0,2.3,30.8,32.5,38.9,88.1,0.851,2.39,1.39,14.19,0,0,0,0.0,0.0,0,797.3,0.0347
2792.3,46.7,8.7,44.7,43.3,37.2,91.4,0.249,4.16,1.58,14.03,3,0,0,46.7,47.3,0,1470.8,0.0244
4021.4,45.9,75.0,87.9,84.8,28.1,87.7,0.734,1.04,0.98,14.16,2,0,0,45.9,45.9,0,876.5,0.0443
4112.6,110.1,19.2,59.6,60.3,38.0,83.2,0.744,2.47,1.38,14.18,5,0,0,110.1,108.8,0,1140.3,0.0378
2100.8,16.2,6.6,53.4,50.8,46.2,121.1,0.768,1.87,2.89,13.88,1,0,0,16.2,16.1,1,73.5,0.7592
1034.0,0.0,1.9,35.3,36.1,36.6,78.8,0.299,1.17,0.05,10.58,0,0,0,0.0,0.0,3,24.5,0.984
2346.8,28.2,7.0,54.1,55.5,30.0,90.7,0.282,-0.07,3.28,14.17,2,0,0,28.2,28.7,0,1051.8,0.0535
2416.0,40.5,21.9,48.2,46.0,29.8,89.8,0.805,1.84,1.2,14.04,3,0,0,40.5,39.9,0,1208.7,0.0712
2489.7,42.0,10.8,43.6,38.1,35.0,86.9,0.3,1.84,2.31,11.44,3,0,0,42.0,41.4,3,13.7,0.977
4785.4,56.0,78.3,75.2,72.0,36.4,93.1,0.798,1.83,2.42,14.14,2,0,0,56.0,56.5,0,1109.9,0.0105
1894.2,14.5,8.9,52.6,52.7,35.4,85.3,0.281,2.9,2.74,14.25,1,0,0,14.5,14.6,0,1317.3,0.0697
3623.8,95.3,31.1,58.0,57.0,38.5,89.6,0.24,2.56,2.44,14.12,5,0,0,95.3,96.0,0,1063.2,0.0721
2974.2,65.1,23.6,58.9,60.7,41.1,88.2,0.622,-0.79,1.02,10.8,4,0,0,65.1,65.4,3,36.3,0.8599
3967.0,100.8,27.7,57.1,59.2,32.1,86.5,0.719,0.25,0.34,14.27,5,0,0,100.8,100.8,0,1417.7,0.0708
3528.1,88.1,18.0,60.2,92.3,30.1,92.5,0.123,13.98,16.93,13.96,5,0,0,88.1,89.6,2,71.8,0.8267
1009.8,0.0,2.4,39.0,65.3,33.3,92.7,0.115,23.75,14.8,13.98,0,0,1,0.0,0.0,2,65.7,0.6639
2634.0,32.6,17.1,53.7,53.2,32.5,87.9,0.771,-0.63,0.75,14.29,2,0,0,32.6,32.5,0,897.0,0.0709
3467.2,92.7,16.9,57.9,55.5,35.4,83.9,0.317,2.46,1.99,14.13,5,0,0,92.7,92.4,0,1395.1,0.0609
2435.5,30.6,20.4,39.7,59.7,32.7,91.0,0.058,20.39,10.72,13.65,2,0,0,30.6,30.4,2,32.2,0.8019
3190.6,68.8,18.5,61.3,61.1,35.8,90.0,0.19,1.65,0.19,13.97,4,0,0,68.8,69.3,0,1070.9,0.0652
850.0,0.0,1.8,35.5,63.2,29.5,85.9,0.089,14.38,14.96,14.02,0,0,0,0.0,0.0,2,84.6,0.7291
4214.8,50.2,82.4,82.9,83.1,26.7,85.6,0.438,-0.45,0.75,10.29,2,0,0,50.2,50.6,3,40.3,0.9351
2212.2,26.1,17.0,52.6,50.9,39.5,114.2,0.86,7.23,2.21,14.0,2,0,0,26.1,25.7,1,62.2,0.9334
1035.4,0.0,1.8,31.2,30.9,35.8,112.3,0.747,5.36,4.23,13.62,0,0,1,0.0,0.0,1,20.8,0.7451
3897.4,83.1,68.5,81.2,98.0,34.8,88.8,0.091,17.65,16.2,14.03,4,0,0,83.1,82.2,2,89.2,0.6694
3946.0,96.0,32.8,52.5,75.5,27.4,94.9,0.116,21.18,15.78,14.11,5,0,0,96.0,96.0,2,93.8,0.7461
3272.8,53.9,9.4,42.6,45.6,32.7,90.0,0.763,1.91,1.0,14.17,3,0,0,53.9,54.1,0,905.2,0.0322
1051.0,0.0,1.9,36.5,37.3,30.1,87.0,0.837,1.98,0.42,14.21,0,0,0,0.0,0.0,0,726.5,0.017
2458.8,40.9,12.4,47.7,43.9,33.9,89.9,0.801,2.42,1.07,13.9,3,0,0,40.9,41.7,0,1279.0,0.0602
1024.9,0.0,2.0,31.1,31.2,37.1,112.9,0.88,8.5,6.05,13.76,0,0,0,0.0,0.0,1,11.5,0.9509
4536.0,72.7,84.1,92.4,92.7,34.1,80.3,0.766,1.84,1.41,14.18,3,0,0,72.7,72.2,0,977.1,0.0618
3705.6,92.1,18.5,62.7,63.4,42.0,116.2,0.711,6.99,4.25,13.94,5,0,0,92.1,92.2,1,40.3,0.8124
3792.7,84.1,70.4,81.6,81.7,29.8,87.3,0.746,1.57,0.33,14.38,4,0,0,84.1,84.6,0,1433.8,0.0737
3934.0,84.2,24.2,62.2,64.5,40.8,109.4,0.68,9.42,5.59,13.89,4,0,0,84.2,85.3,1,42.4,0.9563
1047.8,0.0,1.9,32.0,31.7,33.3,87.4,0.212,0.85,0.8,13.89,0,0,0,0.0,0.0,0,1272.5,0.0685
2507.4,29.7,18.8,49.1,49.0,40.6,124.7,0.733,5.75,4.66,14.12,2,0,0,29.7,29.4,1,64.9,0.8743
2986.4,49.7,17.3,51.6,52.6,29.8,83.4,0.307,1.14,1.74,14.17,3,0,0,49.7,50.7,0,1202.5,0.0589
1047.4,0.0,2.4,32.6,35.2,35.2,90.2,0.85,2.99,2.0,13.94,0,0,0,0.0,0.0,0,1066.0,0.07
4493.4,71.5,52.5,82.0,80.8,29.2,95.8,0.231,2.59,1.85,14.18,3,0,0,71.5,70.1,0,1296.1,0.0383
2187.7,26.2,19.1,45.1,43.5,50.8,117.5,0.661,5.22,5.38,14.03,2,0,0,26.2,26.3,1,69.2,0.8858
1027.7,0.0,2.3,43.4,41.1,29.7,85.3,0.205,2.64,1.92,14.05,0,0,0,0.0,0.0,0,1117.9,0.0678
2602.5,30.6,11.3,45.0,45.1,39.3,85.2,0.197,1.9,0.99,14.04,2,0,0,30.6,31.1,0,1258.4,0.0641
4952.0,83.0,48.0,82.5,86.6,34.3,85.6,0.48,-0.28,1.82,11.41,3,0,0,83.0,82.4,3,40.7,0.8469
3384.0,90.4,24.0,51.0,52.2,36.4,123.1,0.873,9.57,3.35,13.69,5,0,0,90.4,90.3,1,30.6,0.7354
4034.4,68.5,62.3,81.1,80.7,32.9,90.8,0.366,1.61,2.5,10.56,3,0,0,68.5,67.9,3,34.2,0.8563
1093.1,0.0,2.1,31.2,30.6,35.2,81.1,0.732,2.86,2.23,14.18,0,0,1,0.0,0.0,0,871.0,0.0516
2695.7,55.6,15.7,61.9,62.6,27.2,87.6,0.761,1.79,-0.06,14.27,4,0,0,55.6,54.7,0,960.7,0.0592
1228.5,0.0,2.0,41.1,59.2,32.8,91.9,0.168,20.36,13.09,14.08,0,0,0,0.0,0.0,2,47.3,0.6542
3939.2,103.4,30.1,62.6,60.3,30.5,86.7,0.318,1.85,1.18,13.92,5,0,0,103.4,104.7,0,1489.9,0.037
4025.6,67.0,53.3,89.8,91.8,44.4,113.4,0.735,11.9,4.3,14.12,3,0,0,67.0,66.6,1,24.2,0.9072
1036.1,0.0,2.0,37.4,35.7,29.6,82.9,0.842,1.0,1.07,14.0,0,0,1,0.0,0.0,0,850.7,0.0403
2132.4,25.8,20.9,47.7,49.1,31.5,82.4,0.691,4.05,1.12,14.13,2,0,0,25.8,26.0,0,946.2,0.0502
2320.3,18.2,10.9,36.1,36.6,33.3,88.3,0.335,0.77,1.58,14.3,1,0,0,18.2,17.8,0,884.9,0.0256
2476.7,29.0,6.6,53.6,51.5,33.9,88.3,0.347,0.32,2.31,13.87,2,0,0,29.0,28.5,0,1238.1,0.02
1806.1,29.4,18.6,46.5,48.3,33.2,90.2,0.698,1.14,1.48,14.11,3,0,0,29.4,29.0,0,1066.8,0.0163
4073.0,88.2,24.8,65.3,64.7,29.7,92.2,0.334,1.55,2.09,13.92,4,0,0,88.2,87.4,0,1174.3,0.036
2592.4,31.4,19.4,45.2,47.2,28.1,87.2,0.574,-0.81,0.82,10.29,2,0,0,31.4,31.6,3,4.7,0.8105
3118.5,85.6,26.2,49.9,49.6,29.4,86.3,0.305,2.41,0.23,14.03,5,0,0,85.6,85.1,0,897.4,0.0545
3447.4,71.6,34.0,71.8,69.8,36.8,116.3,0.715,5.5,3.35,13.68,4,0,0,71.6,72.6,1,23.7,0.9257
4976.4,76.9,67.0,92.6,98.0,32.7,97.5,0.12,18.56,20.34,13.7,3,0,0,76.9,75.6,2,93.1,0.7937
3032.7,78.6,24.6,60.2,58.5,27.7,89.8,0.185,0.26,1.0,14.21,5,0,0,78.6,78.3,0,1222.0,0.0761
1927.6,23.2,10.3,54.8,57.9,26.8,95.0,0.819,0.68,2.5,13.95,2,0,0,23.2,23.3,0,1468.6,0.0455
3326.9,68.0,17.2,70.3,70.6,46.8,114.9,0.726,8.78,2.19,14.04,4,0,0,68.0,66.9,1,68.3,0.8089
3032.6,76.2,26.0,58.2,57.9,47.0,110.9,0.65,8.26,3.56,13.95,5,0,0,76.2,75.6,1,60.3,0.8739
1057.0,0.0,2.0,32.9,35.1,45.2,115.2,0.803,2.81,4.36,14.08,0,0,0,0.0,0.0,1,52.7,0.726
4028.8,86.3,19.2,51.2,75.9,28.1,95.5,0.14,19.7,9.89,14.1,4,0,0,86.3,87.2,2,106.3,0.7451
2049.5,31.9,17.0,61.4,61.4,36.3,94.1,0.592,-2.09,0.32,11.66,3,0,0,31.9,31.9,3,35.4,0.8735
1032.1,0.0,1.9,33.0,32.5,33.1,83.1,0.708,0.72,0.99,13.83,0,0,1,0.0,0.0,0,737.1,0.0277
2306.5,27.4,7.8,48.6,46.6,36.2,86.0,0.284,1.13,0.87,14.12,2,0,0,27.4,27.8,0,815.8,0.076
3303.9,87.0,27.6,64.7,65.0,44.4,124.0,0.895,8.89,3.61,13.76,5,0,0,87.0,87.6,1,23.3,0.8691
1041.6,0.0,1.9,30.7,29.0,35.8,87.4,0.31,-1.96,1.54,14.1,0,0,1,0.0,0.0,0,1339.8,0.0138
4694.0,74.8,52.4,77.0,98.0,35.0,96.1,0.189,24.43,13.63,13.67,3,0,0,74.8,74.3,2,25.3,0.8559
1041.6,0.0,2.2,35.2,34.4,33.8,90.4,0.261,2.11,0.76,14.0,0,0,0,0.0,0.0,0,901.3,0.0377
3136.8,38.7,18.3,52.4,51.9,27.3,84.7,0.311,2.76,3.33,14.06,2,0,0,38.7,38.6,0,1139.0,0.0119
3807.8,76.3,25.1,56.5,86.2,36.6,101.7,0.19,19.99,15.77,13.83,4,0,0,76.3,75.8,2,76.5,0.8226
2871.7,78.4,17.7,62.8,64.0,32.7,87.0,0.833,0.78,0.68,13.92,5,0,0,78.4,78.0,0,1258.3,0.0325
1035.5,0.0,2.1,33.7,36.8,39.4,84.2,0.302,2.49,2.14,14.08,0,0,1,0.0,0.0,0,751.6,0.026
1029.2,0.0,2.1,31.4,32.2,36.1,87.9,0.225,0.94,1.74,14.14,0,0,0,0.0,0.0,0,1289.4,0.0331
2250.0,19.3,19.9,56.5,81.2,31.7,92.6,0.168,18.22,16.63,14.12,1,0,0,19.3,19.2,2,118.8,0.8106
3722.7,76.0,21.2,57.9,59.8,27.5,86.6,0.832,2.01,3.37,14.27,4,0,0,76.0,77.4,0,1414.2,0.0563
1882.3,32.4,19.4,50.4,67.5,27.6,93.9,0.087,19.31,14.39,13.73,3,0,0,32.4,32.6,2,113.1,0.8826
1073.5,0.0,2.3,28.7,29.2,27.6,82.6,0.745,0.85,-0.2,14.17,0,0,0,0.0,0.0,0,1030.7,0.058
2409.2,37.1,20.0,57.0,73.2,34.8,93.1,0.198,20.62,14.75,13.83,3,0,0,37.1,37.3,2,29.3,0.917
2193.0,40.1,11.6,49.1,66.9,29.3,94.5,0.061,23.07,11.38,14.27,3,0,0,40.1,40.7,2,102.3,0.8745
2104.9,22.9,7.8,44.2,42.2,37.1,80.1,0.848,2.71,1.35,14.26,2,0,0,22.9,23.2,0,1010.8,0.025
2635.9,42.3,21.0,46.6,48.3,38.4,93.4,0.227,1.82,1.63,14.24,3,0,0,42.3,43.0,0,860.1,0.029
2263.6,18.6,11.5,39.7,43.5,29.1,88.8,0.847,4.2,1.11,13.81,1,0,0,18.6,19.0,0,704.5,0.0755
1048.9,0.0,1.9,37.1,34.2,43.4,117.1,0.864,9.05,4.7,13.77,0,0,0,0.0,0.0,1,68.1,0.9162
1072.8,0.0,1.9,34.9,35.7,37.0,83.4,0.296,-1.91,2.32,13.88,0,0,1,0.0,0.0,0,1048.0,0.0368
2815.0,36.1,12.6,44.9,42.5,44.7,109.9,0.819,6.49,0.55,13.62,2,0,0,36.1,35.8,1,47.6,0.7954
1022.1,0.0,2.2,40.9,36.7,35.3,87.6,0.204,2.43,0.58,14.1,0,0,0,0.0,0.0,0,769.7,0.0109
3900.2,101.0,34.5,57.9,59.0,29.1,86.3,0.184,3.19,2.37,14.31,5,0,0,101.0,99.1,0,1008.8,0.0645
1067.2,0.0,2.2,40.2,38.7,38.6,83.3,0.241,1.38,1.55,14.13,0,0,0,0.0,0.0,0,976.0,0.059
3071.4,49.1,11.0,53.0,50.4,30.7,88.5,0.238,2.32,2.27,14.19,3,0,0,49.1,48.8,0,1298.7,0.0312
2437.4,31.0,11.0,51.4,51.0,33.8,89.8,0.25,2.41,1.76,14.31,2,0,0,31.0,30.7,0,1220.5,0.0745
1579.8,0.0,2.5,36.3,54.5,28.4,91.5,0.091,16.44,12.28,13.85,0,0,0,0.0,0.0,2,39.7,0.7616
2010.1,17.6,7.6,54.5,54.2,38.0,120.3,0.883,10.94,5.64,13.8,1,0,0,17.6,17.7,1,41.3,0.8688
1027.8,0.0,2.1,32.0,32.9,33.4,83.9,0.323,1.56,1.89,14.07,0,0,0,0.0,0.0,0,760.7,0.0443
2727.5,45.8,14.7,47.2,48.8,33.3,83.1,0.609,0.73,0.48,10.14,3,0,0,45.8,45.3,3,4.6,0.8639
1929.1,14.8,16.5,59.1,58.7,42.8,121.9,0.745,6.92,5.27,13.69,1,0,0,14.8,14.6,1,73.1,0.7812
4230.4,50.1,44.5,82.7,81.9,39.2,87.4,0.222,0.91,3.34,10.71,2,0,0,50.1,49.9,3,38.1,0.9302
1050.1,0.0,2.4,27.9,30.8,36.3,86.0,0.714,2.59,1.15,14.07,0,0,0,0.0,0.0,0,965.7,0.0408
1031.5,0.0,1.8,36.8,33.3,34.5,84.2,0.81,-0.62,1.31,14.03,0,0,0,0.0,0.0,0,1006.0,0.0261
1042.7,0.0,2.5,31.9,33.8,34.4,84.7,0.789,-0.49,1.63,14.08,0,0,0,0.0,0.0,0,1019.3,0.0166
2056.7,16.8,10.2,58.6,57.4,37.1,113.9,0.869,5.84,4.61,13.85,1,0,0,16.8,17.1,1,66.6,0.7505
2810.5,45.6,16.4,56.1,54.1,26.5,89.5,0.264,0.5,1.26,14.2,3,0,0,45.6,45.1,0,1471.8,0.0795
3513.4,74.8,20.8,55.1,54.2,29.5,87.7,0.691,2.27,1.27,14.18,4,0,0,74.8,74.1,0,1145.5,0.0172
2273.9,17.6,12.9,48.6,48.8,30.3,93.4,0.688,5.39,1.68,14.15,1,0,0,17.6,17.3,0,1301.4,0.0676
3112.7,36.1,12.3,42.0,45.7,31.2,87.1,0.868,1.45,0.47,14.36,2,0,0,36.1,36.4,0,1054.9,0.0258
2352.5,38.6,8.3,46.0,46.2,35.6,117.3,0.808,10.03,2.83,13.83,3,0,0,38.6,38.1,1,28.9,0.907
3057.3,80.7,28.5,63.5,59.6,36.0,87.4,0.742,2.0,1.86,14.14,5,0,0,80.7,80.1,0,1209.0,0.0516
2889.8,33.4,9.7,47.3,46.0,37.6,82.0,0.227,0.61,2.03,14.08,2,0,0,33.4,32.8,0,1239.7,0.0241
2711.5,44.8,17.4,42.0,45.7,43.0,127.6,0.802,10.58,4.07,13.72,3,0,0,44.8,44.2,1,72.2,0.8505
4704.7,71.4,48.1,74.5,80.3,32.8,86.9,0.507,0.46,1.86,10.69,3,0,0,71.4,70.2,3,38.6,0.8887
1058.5,0.0,2.4,39.1,37.1,41.8,115.4,0.884,7.68,3.19,13.62,0,0,0,0.0,0.0,1,37.5,0.7455
3559.9,75.6,31.8,63.8,60.8,34.6,82.2,0.467,1.39,0.25,10.79,4,0,0,75.6,76.2,3,16.4,0.8857
1253.1,0.0,2.2,34.6,66.0,28.5,95.9,0.197,19.06,16.0,13.95,0,0,1,0.0,0.0,2,44.8,0.8598
3527.3,92.4,18.5,62.7,64.5,29.6,88.6,0.24,3.1,1.22,14.19,5,0,0,92.4,93.1,0,809.7,0.076
4415.3,93.4,84.4,71.8,73.8,34.1,83.7,0.851,2.04,1.17,14.1,4,0,0,93.4,93.9,0,1010.0,0.0418
2027.4,15.2,11.8,57.4,58.6,44.2,116.8,0.837,2.95,4.57,13.99,1,0,0,15.2,14.9,1,24.1,0.9324
1030.2,0.0,2.2,34.1,32.0,45.2,116.4,0.891,5.19,1.91,13.67,0,0,1,0.0,0.0,1,36.4,0.8877
1946.3,21.6,18.9,51.3,51.3,37.6,113.4,0.724,7.42,2.62,13.95,2,0,0,21.6,21.2,1,37.0,0.8243
1967.0,24.2,13.2,34.2,36.1,31.8,85.4,0.283,2.1,1.87,14.22,2,0,0,24.2,23.9,0,1042.5,0.0766
2766.5,46.7,9.7,52.5,50.7,35.2,80.7,0.287,4.42,3.11,14.16,3,0,0,46.7,47.2,0,705.2,0.0532
1953.1,18.8,8.0,51.2,52.4,38.4,93.4,0.807,1.56,2.43,14.16,1,0,0,18.8,18.5,0,1216.6,0.0451
1033.3,0.0,1.9,33.0,33.9,35.2,83.5,0.78,0.45,1.23,14.08,0,0,0,0.0,0.0,0,1093.0,0.0663
5230.7,62.4,56.8,87.4,88.9,36.9,87.3,0.303,0.21,1.86,14.1,2,0,0,62.4,63.3,0,1122.3,0.0316
3849.2,80.1,16.4,61.7,88.1,38.7,94.1,0.13,20.24,18.11,13.95,4,0,0,80.1,80.2,2,112.7,0.689
1050.1,0.0,1.9,31.5,33.9,34.0,82.8,0.773,2.58,3.65,13.89,0,0,0,0.0,0.0,0,1431.3,0.0519
1049.0,0.0,1.9,34.6,31.7,27.8,82.2,0.235,1.62,0.9,13.94,0,0,0,0.0,0.0,0,780.3,0.0171
1044.3,0.0,2.0,37.2,34.3,35.8,89.6,0.759,-0.43,0.66,14.05,0,0,0,0.0,0.0,0,1464.1,0.0213
1048.4,0.0,2.4,33.2,32.0,35.8,124.5,0.706,9.64,7.16,13.84,0,0,0,0.0,0.0,1,29.7,0.7879
5038.8,61.5,81.0,91.6,89.0,35.3,89.7,0.795,0.91,0.46,14.06,2,0,0,61.5,62.0,0,822.3,0.0435
4833.0,76.3,71.3,82.1,85.0,35.9,88.4,0.283,2.2,2.13,14.08,3,0,0,76.3,76.6,0,1378.4,0.0683
2531.7,44.2,7.3,45.6,45.5,32.0,90.2,0.31,0.77,0.97,14.19,3,0,0,44.2,44.8,0,881.7,0.0593
1037.7,0.0,1.8,33.6,37.7,29.7,83.0,0.288,0.94,1.51,13.88,0,0,0,0.0,0.0,0,1223.3,0.0504
3963.7,86.4,61.7,88.2,89.6,31.8,87.7,0.677,1.84,1.89,10.32,4,0,0,86.4,87.5,3,23.2,0.9031
3062.7,48.8,16.3,47.5,47.0,34.1,88.5,0.481,-0.89,0.74,10.57,3,0,0,48.8,47.9,3,14.0,0.8824
3231.3,67.6,16.6,56.9,57.7,28.4,86.4,0.694,0.7,0.39,14.19,4,0,0,67.6,67.0,0,993.3,0.0535
3613.1,76.2,34.0,67.6,68.0,28.8,88.6,0.336,3.38,0.14,14.05,4,0,0,76.2,76.1,0,1057.2,0.0205
1031.9,0.0,2.1,34.1,34.7,33.4,110.4,0.898,4.91,7.93,13.96,0,0,0,0.0,0.0,1,50.1,0.8475
3050.1,82.2,18.8,64.6,61.9,34.6,84.4,0.293,0.1,0.66,14.23,5,0,0,82.2,82.3,0,1118.6,0.0688
1053.7,0.0,2.4,35.8,35.8,39.0,88.2,0.322,5.25,0.38,14.01,0,0,0,0.0,0.0,0,980.1,0.0386
3490.8,28.7,12.2,40.8,40.5,37.1,83.0,0.701,-0.48,2.84,14.34,1,0,0,28.7,28.5,0,809.0,0.0168
3740.9,100.1,34.2,51.3,49.2,34.4,86.8,0.411,-0.09,2.64,10.65,5,0,0,100.1,99.0,3,34.0,0.8604
3051.7,79.0,29.8,57.6,62.4,25.1,92.3,0.196,1.36,1.62,14.15,5,0,0,79.0,79.6,0,1097.1,0.0279
1041.3,0.0,1.8,33.8,35.5,29.5,91.1,0.2,2.02,0.73,13.82,0,0,1,0.0,0.0,0,1350.9,0.0762
2853.4,77.1,33.0,63.0,64.6,36.1,120.9,0.75,5.96,5.14,13.97,5,0,0,77.1,78.6,1,21.6,0.74
3657.8,77.7,14.2,72.3,71.7,34.9,87.2,0.827,4.49,-0.09,14.23,4,0,0,77.7,77.2,0,1257.2,0.0622
4198.8,46.2,72.2,85.8,86.9,28.0,87.8,0.735,1.94,1.97,14.27,2,0,0,46.2,45.7,0,1113.3,0.0157
3928.9,89.3,52.1,88.0,90.0,26.7,89.4,0.577,-1.49,1.34,10.78,4,0,0,89.3,89.4,3,43.6,0.9281
2291.0,18.7,20.9,59.0,62.4,34.8,83.0,0.277,0.76,0.6,14.26,1,0,0,18.7,18.9,0,1354.0,0.0781
2760.4,55.4,19.2,65.7,64.0,41.2,129.2,0.761,5.94,4.85,13.89,4,0,0,55.4,56.4,1,42.1,0.7296
2702.2,31.9,16.9,47.4,47.8,38.3,90.0,0.209,1.73,3.2,14.35,2,0,0,31.9,32.2,0,1211.0,0.0441
3042.6,22.0,15.2,47.9,48.9,28.6,84.2,0.344,2.07,0.43,14.17,1,0,0,22.0,22.2,0,1209.5,0.0772
2217.7,28.0,9.2,34.7,39.1,37.2,86.5,0.879,3.56,0.24,14.2,2,0,0,28.0,28.2,0,947.4,0.0355
5684.5,64.0,54.3,67.0,68.3,28.3,89.6,0.272,1.49,1.86,14.28,2,0,0,64.0,63.2,0,758.5,0.0774
1048.8,0.0,1.8,34.5,38.1,30.1,86.1,0.347,0.77,1.3,13.95,0,0,0,0.0,0.0,0,1247.9,0.0392
1075.3,0.0,2.1,27.8,54.9,37.9,94.0,0.193,19.44,13.53,14.18,0,0,0,0.0,0.0,2,95.0,0.7013
3478.9,89.3,27.1,59.0,58.7,33.8,87.5,0.721,2.66,2.1,14.05,5,0,0,89.3,89.4,0,1388.6,0.0231
1042.6,0.0,2.4,35.7,36.4,31.6,85.5,0.803,-1.08,2.25,14.04,0,0,1,0.0,0.0,0,1256.3,0.0529
3124.2,49.4,18.6,51.9,50.1,33.4,84.3,0.844,0.08,1.49,14.15,3,0,0,49.4,49.6,0,1250.3,0.0516
1825.1,22.3,16.0,44.5,63.6,37.7,97.5,0.074,17.81,12.7,13.9,2,0,0,22.3,21.9,2,70.1,0.7171
2714.1,59.4,16.1,72.2,72.0,39.5,91.7,0.287,4.13,1.54,14.05,4,0,0,59.4,58.8,0,727.5,0.0119
1031.9,0.0,1.8,39.6,37.8,27.6,92.8,0.763,0.82,2.69,14.09,0,0,1,0.0,0.0,0,1308.4,0.0213
1054.2,0.0,2.4,32.3,32.6,35.3,86.4,0.336,3.39,0.46,14.11,0,0,0,0.0,0.0,0,1429.9,0.0767
1029.2,0.0,2.4,37.5,36.4,30.7,80.9,0.344,-0.75,2.86,14.06,0,0,0,0.0,0.0,0,1119.6,0.0347
3497.2,91.3,19.5,60.2,61.3,31.5,89.1,0.691,2.5,1.72,14.08,5,0,0,91.3,90.9,0,1398.0,0.0262
2727.4,19.1,20.9,43.2,71.3,28.9,94.2,0.163,9.43,13.8,13.81,1,0,0,19.1,19.3,2,81.8,0.7941
2249.6,14.8,7.7,53.3,50.9,40.3,86.1,0.251,1.54,0.81,13.99,1,0,0,14.8,15.0,0,862.9,0.0491
3894.7,101.7,26.4,54.7,55.5,28.9,86.0,0.708,0.77,2.22,13.89,5,0,0,101.7,100.4,0,1392.8,0.0759
2260.1,26.9,7.1,43.9,41.8,34.6,86.4,0.685,2.62,1.76,14.21,2,0,0,26.9,26.7,0,1090.9,0.067
3564.2,56.4,16.7,51.5,74.7,30.7,90.0,0.139,19.52,12.62,13.87,3,0,0,56.4,57.1,2,36.5,0.6848
4828.7,75.7,81.0,75.0,71.0,28.8,87.5,0.7,1.2,1.23,14.23,3,0,0,75.7,75.4,0,935.0,0.0622
2873.0,34.4,8.0,51.2,50.2,26.6,91.2,0.859,1.15,0.56,14.32,2,0,0,34.4,33.9,0,1392.8,0.0646
3461.0,58.2,78.8,84.5,84.8,33.2,92.3,0.238,4.28,2.94,14.11,3,0,0,58.2,57.8,0,1158.9,0.0788
2693.1,33.4,10.2,54.3,53.2,28.4,92.1,0.816,3.51,3.17,13.97,2,0,0,33.4,33.4,0,1498.3,0.0507
2866.7,35.6,17.1,51.5,50.5,36.1,88.4,0.734,1.18,1.1,14.43,2,0,0,35.6,36.3,0,1175.1,0.0492
4599.5,56.9,67.9,81.9,82.9,32.8,94.2,0.295,2.09,1.44,14.11,2,0,0,56.9,56.3,0,1087.3,0.0785
2710.3,20.6,18.2,42.6,41.6,26.7,86.1,0.244,-1.17,1.79,14.09,1,0,0,20.6,20.3,0,1088.0,0.0174
3371.2,72.2,18.5,64.1,64.7,35.5,83.4,0.765,4.58,0.79,13.97,4,0,0,72.2,72.0,0,1153.8,0.0631
3673.4,59.0,63.9,77.7,80.0,37.7,95.6,0.337,-2.93,1.93,14.02,3,0,0,59.0,59.2,0,933.5,0.0384
2787.6,45.3,14.1,45.9,44.3,28.4,95.2,0.879,3.92,2.51,14.25,3,0,0,45.3,44.8,0,1408.5,0.0247
2317.2,39.5,13.2,46.8,48.5,39.1,89.5,0.76,2.78,0.01,14.13,3,0,0,39.5,39.6,0,1304.9,0.0673
4215.6,84.5,17.7,62.4,85.9,34.0,88.7,0.066,22.9,13.62,14.04,4,0,0,84.5,83.4,2,88.4,0.8385
1025.4,0.0,1.9,37.0,35.8,34.7,85.5,0.246,1.39,1.27,10.95,0,0,0,0.0,0.0,3,23.7,0.8112
4862.1,107.0,64.5,83.4,81.6,34.9,90.3,0.26,1.34,0.43,10.94,4,0,0,107.0,104.9,3,30.2,0.8632
2309.4,18.0,12.9,48.2,73.7,33.0,90.7,0.144,19.91,14.37,13.98,1,0,0,18.0,18.3,2,66.2,0.8504
2692.4,45.1,12.2,46.7,46.1,43.7,118.1,0.832,6.53,5.49,13.67,3,0,0,45.1,45.8,1,22.8,0.7589
3277.7,69.8,23.7,51.7,54.5,41.3,123.3,0.879,6.92,3.72,13.44,4,0,0,69.8,70.3,1,18.0,0.94
3196.1,84.4,27.7,52.8,57.3,33.0,88.9,0.349,2.38,2.54,14.07,5,0,0,84.4,84.8,0,1342.5,0.0156
2639.0,18.8,21.3,41.4,41.5,35.9,115.7,0.699,9.71,3.99,13.61,1,0,0,18.8,18.8,1,55.6,0.8222
4036.5,85.2,42.3,78.3,80.4,35.2,92.7,0.281,0.99,1.04,14.1,4,0,0,85.2,86.2,0,987.9,0.0296
2739.9,32.0,10.6,45.5,49.4,28.6,91.3,0.779,1.52,0.05,14.29,2,0,0,32.0,31.9,0,1081.5,0.0652
991.0,0.0,2.0,30.9,60.6,38.6,99.6,0.089,16.38,17.35,13.96,0,0,0,0.0,0.0,2,83.5,0.9062
3786.0,97.9,29.6,53.5,55.4,36.6,86.4,0.716,1.44,1.5,14.11,5,0,0,97.9,97.8,0,933.9,0.0526
1349.1,20.1,6.7,49.3,49.4,31.1,85.2,0.86,2.25,1.24,14.45,3,0,0,20.1,19.9,0,1075.3,0.0647
2032.1,26.8,13.2,44.5,43.8,38.1,87.2,0.341,-1.29,0.57,10.98,2,0,0,26.8,27.2,3,25.8,0.8705
1051.9,0.0,1.9,31.4,34.9,33.1,85.1,0.708,2.64,1.31,14.09,0,0,0,0.0,0.0,0,947.3,0.0411
2436.1,27.2,9.0,36.7,38.2,31.3,86.3,0.681,1.34,1.74,14.16,2,0,0,27.2,27.2,0,1258.9,0.0577
3045.1,65.5,31.5,57.2,55.2,37.5,86.6,0.478,2.35,0.35,10.31,4,0,0,65.5,64.8,3,43.7,0.8255
998.3,0.0,2.4,38.3,39.3,37.8,116.9,0.76,4.86,4.08,13.85,0,0,0,0.0,0.0,1,9.7,0.8722
2457.0,30.4,21.3,45.3,43.7,39.2,87.0,0.783,2.54,1.38,14.14,2,0,0,30.4,30.7,0,1237.9,0.0262
2754.4,46.4,7.0,44.6,45.5,32.8,84.2,0.854,3.37,1.97,14.18,3,0,0,46.4,46.5,0,1289.0,0.0723
1028.2,0.0,2.3,35.6,35.5,31.4,88.9,0.284,-0.31,1.8,14.03,0,0,0,0.0,0.0,0,1187.7,0.0551
2550.0,29.0,8.6,43.5,71.2,32.2,94.6,0.145,19.0,14.8,13.8,2,0,0,29.0,28.5,2,118.4,0.7368
2451.5,40.0,9.5,45.7,46.2,38.6,86.7,0.796,2.9,1.1,14.07,3,0,0,40.0,39.4,0,805.3,0.0301
3097.3,82.7,21.7,61.0,64.1,31.5,91.8,0.208,-1.15,0.68,14.19,5,0,0,82.7,84.0,0,998.2,0.0125
1859.7,14.3,14.9,50.2,50.9,29.4,83.4,0.822,0.61,-0.38,14.22,1,0,0,14.3,14.2,0,1137.7,0.069
3908.4,83.2,32.0,66.2,67.8,31.5,90.3,0.317,1.51,1.52,14.14,4,0,0,83.2,84.0,0,713.9,0.0134
3294.7,89.5,15.0,59.6,56.8,29.7,90.2,0.558,3.31,-0.32,10.22,5,0,0,89.5,89.9,3,7.7,0.9456
2988.7,33.8,8.9,56.7,54.4,30.4,86.8,0.271,0.2,2.12,14.16,2,0,0,33.8,33.4,0,910.9,0.0455
2481.8,28.3,21.6,49.3,50.7,44.0,117.1,0.896,7.6,1.86,13.97,2,0,0,28.3,28.6,1,31.0,0.7222
2865.0,35.9,16.4,40.6,40.2,32.3,87.2,0.318,3.14,1.34,14.18,2,0,0,35.9,35.4,0,1460.7,0.0389
4455.1,93.4,59.4,79.0,80.3,47.3,114.6,0.662,2.65,2.95,13.85,4,0,0,93.4,92.0,1,31.4,0.754
2501.4,19.2,11.1,44.0,44.1,37.9,90.2,0.604,1.63,1.47,10.94,1,0,0,19.2,18.9,3,35.2,0.8039
2166.8,16.0,8.7,48.3,46.6,27.4,92.4,0.312,2.94,1.17,14.08,1,0,0,16.0,15.9,0,773.3,0.043
1068.9,0.0,2.1,31.9,33.6,28.5,87.3,0.761,0.23,1.43,14.07,0,0,0,0.0,0.0,0,859.2,0.0188
1084.8,0.0,2.1,33.3,32.1,31.3,83.8,0.202,1.62,1.68,14.07,0,0,0,0.0,0.0,0,1379.8,0.0549
3842.1,99.1,25.9,62.2,82.9,37.7,96.1,0.116,14.35,11.98,13.95,5,0,0,99.1,99.6,2,26.2,0.9068
2254.9,40.6,18.4,40.0,43.6,35.5,90.5,0.239,1.88,1.23,14.38,3,0,0,40.6,39.8,0,1448.1,0.0733
2511.6,72.0,20.2,57.5,87.4,37.9,83.8,0.083,16.05,14.93,13.89,5,0,0,72.0,72.1,2,99.5,0.7799
3602.7,79.1,29.8,66.3,67.2,40.2,120.1,0.843,10.23,2.84,13.63,4,0,0,79.1,77.7,1,57.2,0.7227
1224.8,0.0,2.2,28.9,52.9,28.5,90.1,0.179,14.81,12.64,13.87,0,0,0,0.0,0.0,2,25.7,0.667
2136.2,19.5,19.7,46.8,47.7,36.3,126.9,0.809,9.59,4.09,13.74,1,0,0,19.5,19.7,1,35.8,0.7864
2608.7,21.2,19.7,51.1,49.5,35.4,86.8,0.81,3.46,0.91,14.23,1,0,0,21.2,21.0,0,863.5,0.0605
1066.8,0.0,2.2,35.6,33.9,27.3,90.6,0.288,3.46,2.5,13.98,0,0,0,0.0,0.0,0,1486.4,0.0328
2365.5,28.8,7.2,52.2,48.3,37.6,93.4,0.796,3.96,1.32,14.22,2,0,0,28.8,28.6,0,1443.1,0.0586
3538.6,41.1,21.4,63.6,65.1,34.8,87.9,0.668,-0.52,1.83,11.84,2,0,0,41.1,40.7,3,30.3,0.8685
3779.7,76.3,14.3,56.1,79.8,31.6,102.5,0.15,21.7,10.42,13.84,4,0,0,76.3,76.3,2,52.0,0.6586
1668.1,10.8,15.6,39.4,41.2,49.7,118.9,0.671,4.25,4.23,13.69,1,0,0,10.8,11.0,1,57.6,0.8929
3010.8,33.9,9.1,45.9,48.6,28.8,92.4,0.724,0.88,1.59,14.19,2,0,0,33.9,33.6,0,1414.9,0.0481
2549.1,30.6,15.8,45.3,44.2,34.0,85.8,0.69,3.57,1.73,14.23,2,0,0,30.6,30.5,0,1362.8,0.0294
2377.6,42.4,14.8,49.0,65.0,34.2,87.8,0.111,15.51,16.11,13.91,3,0,0,42.4,41.6,2,70.8,0.7896
3222.2,84.5,21.0,60.9,61.4,28.8,86.9,0.287,1.42,1.79,14.27,5,0,0,84.5,85.8,0,772.0,0.0352
2797.3,78.0,34.0,70.0,65.0,27.9,89.5,0.874,2.19,3.62,14.22,5,0,0,78.0,79.0,0,944.0,0.0697
3397.0,88.3,14.1,66.9,65.1,38.1,116.8,0.709,7.47,1.77,14.08,5,0,0,88.3,87.7,1,29.4,0.9501
1856.8,23.3,10.1,48.0,47.0,30.1,87.8,0.219,3.67,2.28,14.08,2,0,0,23.3,23.0,0,1167.3,0.0536
3007.3,64.7,19.2,66.3,66.1,29.8,82.8,0.719,1.56,2.13,13.84,4,0,0,64.7,63.9,0,1077.7,0.0596
2211.2,18.0,13.4,58.1,57.6,33.9,86.1,0.209,1.61,-0.08,14.08,1,0,0,18.0,17.9,0,1249.7,0.0189
1011.2,0.0,2.4,33.2,32.5,26.0,85.6,0.853,3.9,2.22,14.08,0,0,0,0.0,0.0,0,1355.3,0.0411
2563.9,20.4,8.8,50.3,51.6,36.1,90.6,0.294,-2.57,0.96,11.11,1,0,0,20.4,20.6,3,8.7,0.9897
2316.3,26.0,15.0,37.4,42.4,28.2,92.3,0.877,2.23,1.49,14.06,2,0,0,26.0,25.7,0,925.1,0.0131
1086.8,0.0,2.1,34.2,33.7,33.2,89.9,0.756,3.09,0.98,14.11,0,0,0,0.0,0.0,0,1407.2,0.0675
3578.7,91.2,18.5,68.0,66.3,34.8,90.6,0.86,3.07,1.25,14.06,5,0,0,91.2,90.9,0,1459.4,0.0483
4605.5,56.6,68.5,87.7,98.0,33.9,94.7,0.14,21.72,15.34,14.08,2,0,0,56.6,56.7,2,41.2,0.6953
1055.1,0.0,2.3,34.8,34.1,39.1,88.8,0.727,1.92,0.46,14.08,0,0,0,0.0,0.0,0,1049.3,0.08
1026.3,0.0,2.3,32.8,33.0,31.7,89.4,0.872,0.04,1.62,13.92,0,0,1,0.0,0.0,0,1250.2,0.0784
2527.7,28.2,14.3,50.9,52.3,33.9,90.7,0.821,1.21,0.54,13.97,2,0,0,28.2,27.7,0,1341.2,0.0446
2200.5,26.0,9.3,47.7,46.1,32.5,92.3,0.723,4.09,1.19,14.1,2,0,0,26.0,26.2,0,842.0,0.0572
3623.8,97.6,34.8,61.0,57.8,35.3,87.9,0.778,-1.11,1.96,14.09,5,0,0,97.6,98.4,0,891.6,0.0649
3167.4,88.5,19.2,60.0,83.6,28.4,90.3,0.075,20.87,13.73,13.84,5,0,0,88.5,88.6,2,26.2,0.8662
2552.5,21.6,19.9,51.3,79.7,31.1,94.0,0.147,19.86,16.47,13.86,1,0,0,21.6,21.4,2,100.6,0.8951
2202.0,26.0,15.9,44.2,41.0,33.3,87.5,0.221,3.45,1.66,14.16,2,0,0,26.0,26.4,0,1403.9,0.0454
1095.7,0.0,1.8,38.9,35.9,34.9,88.9,0.812,5.19,1.93,14.18,0,0,0,0.0,0.0,0,1280.6,0.0462
2488.1,28.7,9.2,44.0,45.5,35.0,93.1,0.369,3.56,1.22,10.43,2,0,0,28.7,28.8,3,41.8,0.8266
1065.9,0.0,2.3,35.7,37.5,35.1,83.3,0.224,2.12,0.58,14.04,0,0,0,0.0,0.0,0,1316.1,0.0201
3559.6,43.5,59.8,89.0,98.0,28.1,94.0,0.152,19.88,11.78,13.7,2,0,0,43.5,44.0,2,44.3,0.8748
2664.9,34.8,14.0,56.7,57.4,36.9,83.6,0.245,1.91,1.59,14.06,2,0,0,34.8,34.7,0,1219.4,0.066
1070.3,0.0,2.2,39.0,36.6,39.6,90.1,0.376,2.03,1.36,11.03,0,0,0,0.0,0.0,3,4.0,0.9769
1113.0,0.0,2.3,35.2,61.2,36.2,96.1,0.187,21.03,12.93,13.87,0,0,1,0.0,0.0,2,69.4,0.8815
3522.9,92.4,23.6,57.6,57.6,27.3,86.4,0.541,1.55,0.19,10.85,5,0,0,92.4,93.6,3,6.6,0.9633
1040.2,0.0,1.8,34.6,34.9,34.6,107.4,0.856,6.16,2.76,14.03,0,0,1,0.0,0.0,1,32.1,0.7362
5698.9,71.6,48.8,93.7,90.3,35.7,81.8,0.341,1.67,2.27,14.19,2,0,0,71.6,70.6,0,859.0,0.0172
2948.1,23.7,21.3,45.5,47.2,31.0,89.7,0.412,1.58,0.08,10.24,1,0,0,23.7,24.1,3,40.2,0.8259
2593.7,31.8,13.9,42.0,43.8,35.1,88.4,0.685,0.42,1.5,14.17,2,0,0,31.8,31.8,0,1146.0,0.0399
2473.7,30.5,12.5,59.3,61.3,36.8,95.2,0.743,2.22,-0.55,14.27,2,0,0,30.5,31.0,0,1071.3,0.044
1055.3,0.0,2.3,37.2,33.8,45.9,110.8,0.864,7.45,5.66,13.84,0,0,0,0.0,0.0,1,22.3,0.8208
4100.6,51.3,72.8,84.6,98.0,33.2,96.9,0.173,22.08,14.4,13.72,2,0,0,51.3,51.9,2,32.7,0.6629
3052.9,81.6,31.1,62.4,63.8,32.8,83.5,0.487,2.3,1.3,11.05,5,0,0,81.6,83.0,3,7.5,0.8572
3206.7,39.8,18.1,40.7,37.6,31.6,97.1,0.35,2.2,1.77,13.84,2,0,0,39.8,39.6,0,1305.7,0.0771
1937.3,14.2,7.3,48.2,70.3,38.9,95.3,0.121,23.3,15.89,13.8,1,0,0,14.2,13.9,2,25.1,0.6723
1021.0,0.0,2.1,36.5,36.6,38.1,117.3,0.749,7.27,3.83,13.69,0,0,1,0.0,0.0,1,39.0,0.7835
1022.6,0.0,2.4,35.7,34.7,36.0,86.5,0.192,0.45,2.58,14.19,0,0,0,0.0,0.0,0,743.8,0.0489
3389.2,86.9,28.0,61.6,62.5,27.6,95.3,0.206,3.94,3.1,14.12,5,0,0,86.9,86.3,0,1375.1,0.0535
2356.1,28.7,21.7,37.3,40.7,28.5,91.1,0.197,2.11,2.86,14.3,2,0,0,28.7,28.9,0,1097.2,0.0564
1063.3,0.0,2.3,38.9,36.6,30.0,88.7,0.815,2.67,0.44,14.07,0,0,0,0.0,0.0,0,1112.1,0.0357
1023.7,0.0,1.9,30.6,33.0,34.3,86.6,0.586,2.02,1.15,9.99,0,0,0,0.0,0.0,3,14.6,0.8321
3804.0,96.1,27.8,71.9,69.1,37.9,117.5,0.777,5.65,2.83,13.76,5,0,0,96.1,97.5,1,30.4,0.8872
2579.0,33.2,17.2,48.8,49.6,47.0,117.2,0.725,7.44,4.24,13.77,2,0,0,33.2,33.8,1,55.3,0.7382
1084.5,0.0,1.9,34.0,34.1,37.6,88.1,0.508,2.8,2.04,10.5,0,0,0,0.0,0.0,3,5.9,0.9707
3112.0,84.5,30.6,66.9,65.5,35.9,87.0,0.35,-0.29,2.46,14.33,5,0,0,84.5,84.7,0,744.0,0.0641
3813.0,74.0,20.5,70.8,98.0,28.4,88.7,0.143,18.08,10.65,13.71,4,0,0,74.0,74.4,2,110.0,0.9192
2690.6,32.4,15.5,50.4,50.6,30.6,91.5,0.346,0.62,1.38,14.11,2,0,0,32.4,33.0,0,991.0,0.0691
2144.6,23.7,7.0,50.6,76.9,33.1,95.9,0.113,20.33,14.78,13.99,2,0,0,23.7,24.0,2,118.0,0.674
2968.5,48.1,11.9,53.6,51.9,32.9,85.4,0.26,2.78,2.19,14.36,3,0,0,48.1,48.6,0,898.1,0.0115
5038.8,84.8,53.9,75.0,73.6,35.5,87.0,0.298,0.68,1.24,10.16,3,0,0,84.8,84.7,3,22.3,0.8072
3201.0,85.7,23.2,60.7,59.3,36.1,90.2,0.837,2.27,1.79,14.27,5,0,0,85.7,87.2,0,708.6,0.0313
4023.2,104.3,16.2,55.8,58.3,33.7,86.3,0.182,-0.14,0.48,14.21,5,0,0,104.3,106.3,0,1149.6,0.0552
850.9,0.0,2.0,36.2,64.2,27.1,93.7,0.112,17.27,13.99,14.16,0,0,0,0.0,0.0,2,71.6,0.7234
4165.3,72.8,77.1,82.0,82.3,32.8,84.9,0.316,1.96,1.79,14.13,3,0,0,72.8,72.9,0,721.8,0.0429
2157.9,16.9,8.8,54.8,56.3,35.5,119.7,0.807,7.35,3.01,13.65,1,0,0,16.9,16.8,1,19.1,0.9321
3415.8,75.6,23.7,61.6,62.0,29.3,87.6,0.81,1.13,1.92,14.18,4,0,0,75.6,74.4,0,930.9,0.0759
3762.1,99.5,33.8,66.0,66.0,35.6,121.4,0.703,9.27,4.83,13.97,5,0,0,99.5,99.5,1,25.3,0.8273
2526.7,43.1,15.1,44.6,44.5,32.3,84.5,0.193,3.26,1.24,14.33,3,0,0,43.1,43.9,0,1319.2,0.0519
1827.1,32.9,7.7,55.1,59.4,34.1,82.4,0.756,1.57,0.75,14.23,3,0,0,32.9,33.1,0,1476.4,0.0379
1056.5,0.0,2.4,30.8,31.2,26.5,90.7,0.225,2.86,1.61,14.02,0,0,0,0.0,0.0,0,1168.3,0.0287
3275.5,87.8,30.4,64.0,65.2,37.5,88.7,0.252,2.71,1.63,14.23,5,0,0,87.8,89.3,0,1331.0,0.0622
1054.3,0.0,2.4,35.6,33.7,35.8,84.1,0.845,1.0,1.39,14.03,0,0,0,0.0,0.0,0,701.0,0.0726
1049.6,0.0,2.2,33.3,35.7,28.7,86.1,0.185,0.63,2.21,14.21,0,0,0,0.0,0.0,0,897.4,0.0279
3655.6,96.6,24.9,69.3,67.8,34.0,95.5,0.231,-0.9,-0.06,13.94,5,0,0,96.6,98.3,0,723.0,0.0127
1034.7,0.0,2.2,32.1,31.6,37.7,86.9,0.79,3.47,1.57,14.11,0,0,0,0.0,0.0,0,1104.7,0.0168
2698.8,60.4,28.7,61.4,63.1,34.9,86.6,0.708,2.6,0.88,14.06,4,0,0,60.4,61.1,0,1398.0,0.0183
1141.8,0.0,1.8,33.1,64.2,36.7,95.9,0.129,16.18,13.31,14.02,0,0,0,0.0,0.0,2,43.9,0.7391
2907.9,35.4,15.4,38.3,36.4,27.2,89.1,0.322,3.8,0.32,13.97,2,0,0,35.4,35.3,0,1129.8,0.0158
3060.6,68.2,33.8,62.6,60.7,38.0,83.5,0.719,1.14,2.08,14.16,4,0,0,68.2,68.0,0,725.7,0.0341
2779.3,20.9,13.1,58.4,58.3,41.9,121.3,0.668,8.27,3.1,13.68,1,0,0,20.9,20.6,1,45.0,0.8919
1703.3,19.6,11.9,56.5,54.2,33.2,92.8,0.198,0.83,0.83,14.17,2,0,0,19.6,19.6,0,954.3,0.0448
1026.1,0.0,1.8,34.6,33.7,44.2,113.3,0.74,7.59,6.48,13.82,0,0,0,0.0,0.0,1,46.1,0.7482
3063.4,82.8,32.6,59.2,61.5,27.7,85.0,0.308,0.31,0.74,14.28,5,0,0,82.8,84.4,0,892.9,0.057
1042.7,0.0,2.5,34.9,35.1,28.7,87.3,0.831,-0.21,0.35,14.11,0,0,0,0.0,0.0,0,977.8,0.0403
2591.7,30.8,15.6,51.0,51.2,31.7,90.6,0.222,-0.15,1.3,13.93,2,0,0,30.8,31.2,0,1416.6,0.0126
2042.7,22.3,9.5,58.4,60.5,41.2,124.8,0.678,10.65,5.19,13.94,2,0,0,22.3,22.3,1,70.9,0.7362
1023.4,0.0,2.1,40.1,35.7,45.0,115.8,0.787,6.53,5.25,13.77,0,0,0,0.0,0.0,1,13.5,0.8922
3097.2,81.7,17.3,63.6,63.7,28.1,90.4,0.274,2.8,1.05,14.3,5,0,0,81.7,82.6,0,1025.7,0.0372
1086.4,0.0,2.3,37.6,35.7,31.1,91.7,0.683,1.29,0.92,14.11,0,0,0,0.0,0.0,0,1378.2,0.0171
3404.9,89.7,34.3,62.9,60.4,30.8,86.0,0.233,1.02,0.53,10.67,5,0,0,89.7,91.4,3,33.9,0.8352
2722.7,44.1,20.3,49.9,46.9,29.8,88.0,0.209,2.39,1.83,14.08,3,0,0,44.1,44.3,0,1246.4,0.047
3352.9,59.1,74.4,86.7,88.0,36.8,90.6,0.687,1.48,2.72,14.19,3,0,0,59.1,58.5,0,1173.0,0.0264
4537.5,55.7,57.7,86.2,86.2,28.9,84.8,0.382,3.08,1.04,10.12,2,0,0,55.7,54.9,3,20.5,0.8219
1067.7,0.0,2.0,36.6,35.0,46.1,118.8,0.795,8.17,3.97,14.03,0,0,1,0.0,0.0,1,11.7,0.838
2791.4,33.0,10.5,58.5,57.6,28.7,84.4,0.265,2.71,1.57,14.31,2,0,0,33.0,33.3,0,811.1,0.0219
2490.1,27.4,10.8,56.5,80.9,36.2,97.8,0.132,25.05,13.76,14.05,2,0,0,27.4,27.4,2,105.5,0.7991
2538.8,47.2,18.9,47.1,75.5,36.1,101.2,0.147,16.69,12.03,13.89,3,0,0,47.2,46.7,2,26.7,0.9157
1674.6,18.5,16.2,54.4,56.8,34.5,87.3,0.826,2.57,1.99,14.21,2,0,0,18.5,18.8,0,820.0,0.0623
2897.7,21.8,19.2,40.7,42.8,30.4,86.8,0.693,1.43,0.36,14.13,1,0,0,21.8,21.8,0,708.1,0.0623
1828.5,16.3,20.9,48.7,44.8,34.7,89.8,0.73,2.2,2.66,14.04,1,0,0,16.3,16.2,0,1042.4,0.0711
1032.0,0.0,1.9,34.1,34.3,31.4,86.9,0.428,1.98,1.16,10.48,0,0,0,0.0,0.0,3,16.0,0.8007
1060.1,0.0,2.3,37.0,34.8,49.0,119.1,0.847,10.68,4.12,13.73,0,0,1,0.0,0.0,1,66.8,0.8151
1081.9,0.0,2.1,30.2,32.8,34.0,83.0,0.285,1.01,1.08,14.05,0,0,0,0.0,0.0,0,1108.6,0.0357
2701.6,76.7,30.9,65.8,97.4,34.4,99.2,0.15,18.48,10.96,13.8,5,0,0,76.7,76.2,2,67.5,0.7665
3428.0,85.6,14.4,70.0,68.9,34.6,89.0,0.192,3.96,1.52,14.01,5,0,0,85.6,86.9,0,778.6,0.0608
4112.8,86.3,17.1,67.8,65.6,36.9,85.4,0.819,1.16,1.88,13.94,4,0,0,86.3,87.1,0,1436.5,0.0615
1013.6,0.0,1.9,34.8,33.1,33.7,83.1,0.869,5.04,1.45,14.24,0,0,0,0.0,0.0,0,1035.8,0.0177
2009.7,22.9,8.3,42.7,43.2,32.9,86.3,0.682,0.79,2.36,14.3,2,0,0,22.9,22.9,0,1396.3,0.0456
2096.5,14.1,21.6,46.2,67.8,37.4,94.5,0.167,22.23,11.82,14.2,1,0,0,14.1,13.9,2,88.8,0.7431
2750.3,69.9,33.1,62.4,63.3,29.5,96.8,0.795,2.97,2.02,14.05,5,0,0,69.9,71.0,0,1341.4,0.0623
1256.1,0.0,2.0,31.9,54.7,31.5,94.6,0.152,18.17,12.89,14.14,0,0,0,0.0,0.0,2,105.5,0.8887
1067.4,0.0,2.2,31.9,32.3,31.5,83.7,0.798,3.76,2.07,14.07,0,0,0,0.0,0.0,0,740.9,0.0169
2273.6,17.5,11.7,54.2,52.6,33.1,86.0,0.321,0.29,1.28,14.04,1,0,0,17.5,17.2,0,1161.6,0.0723
4414.8,54.0,66.1,84.2,84.3,31.5,84.9,0.248,0.1,1.28,10.08,2,0,0,54.0,54.7,3,9.1,0.9347
2156.6,27.7,16.6,57.6,54.5,34.4,85.7,0.346,2.58,1.69,14.46,2,0,0,27.7,27.7,0,839.1,0.0362
3098.5,63.9,18.8,66.1,66.0,33.0,83.8,0.755,2.74,1.01,14.05,4,0,0,63.9,65.1,0,1101.4,0.0426
2716.6,44.6,9.9,47.7,46.1,33.6,87.8,0.833,0.68,1.32,14.04,3,0,0,44.6,43.9,0,794.0,0.055
2868.7,78.1,28.0,70.9,94.3,36.6,99.5,0.123,14.18,12.58,13.85,5,0,0,78.1,79.1,2,30.8,0.8042
1061.4,0.0,2.4,36.7,36.4,32.6,86.2,0.722,2.99,1.46,13.98,0,0,1,0.0,0.0,0,1235.5,0.0329
2836.1,45.4,15.0,41.8,42.0,39.0,84.3,0.182,1.82,3.88,14.08,3,0,0,45.4,45.6,0,1485.0,0.026
1054.8,0.0,2.0,33.6,31.9,35.7,86.7,0.692,1.83,1.97,14.02,0,0,1,0.0,0.0,0,800.1,0.0752
1083.9,0.0,2.1,28.3,30.4,27.1,87.4,0.878,5.03,2.29,13.97,0,0,0,0.0,0.0,0,1395.7,0.0654
4153.9,77.3,61.3,80.8,98.0,38.5,95.9,0.105,21.09,13.69,13.75,3,0,0,77.3,77.9,2,103.7,0.7064
1053.9,0.0,2.1,33.5,34.6,27.9,86.7,0.249,0.37,1.71,14.04,0,0,0,0.0,0.0,0,1397.8,0.0152
1028.6,0.0,2.3,32.3,31.1,30.5,87.2,0.753,1.46,1.63,14.13,0,0,0,0.0,0.0,0,795.8,0.0244
1059.2,0.0,2.0,31.1,32.3,28.4,85.5,0.206,1.07,2.38,14.0,0,0,0,0.0,0.0,0,758.5,0.0171
1024.1,0.0,2.0,34.9,32.0,33.7,85.5,0.794,2.49,0.37,14.11,0,0,1,0.0,0.0,0,720.6,0.0793
1075.7,0.0,2.1,37.2,34.3,37.5,86.7,0.206,-2.43,2.86,10.0,0,0,0,0.0,0.0,3,29.9,0.8903
2790.1,63.1,29.4,57.0,58.4,28.3,88.2,0.297,2.15,0.8,14.23,4,0,0,63.1,62.3,0,1042.0,0.0226
3437.5,90.5,30.0,50.0,52.3,35.9,88.2,0.465,-1.38,2.97,10.35,5,0,0,90.5,88.8,3,20.0,0.8135
2317.4,27.1,15.5,57.1,56.4,30.5,90.0,0.72,1.45,1.15,14.06,2,0,0,27.1,27.3,0,1172.1,0.0602
2174.9,15.7,16.8,54.3,55.6,32.1,88.5,0.704,3.1,1.08,14.09,1,0,0,15.7,15.8,0,930.5,0.0156
850.0,0.0,1.9,33.6,57.0,35.3,101.1,0.105,22.06,15.32,14.3,0,0,0,0.0,0.0,2,45.1,0.7468
4788.3,79.2,68.3,77.1,76.6,30.4,88.9,0.783,1.44,2.99,14.3,3,0,0,79.2,80.5,0,1378.7,0.0152
1027.6,0.0,1.8,33.9,32.7,44.8,122.5,0.818,8.45,4.04,13.94,0,0,0,0.0,0.0,1,68.7,0.8928
2436.9,38.5,7.4,45.3,45.5,27.5,83.6,0.573,1.49,1.6,11.39,3,0,0,38.5,39.0,3,34.2,0.8038
1039.4,0.0,2.0,35.7,36.5,36.9,89.1,0.227,3.43,1.85,13.9,0,0,0,0.0,0.0,0,713.5,0.0422
2885.8,33.7,8.6,45.2,44.7,33.5,85.4,0.693,3.55,2.06,14.04,2,0,0,33.7,33.5,0,1396.8,0.0401
2232.7,27.5,20.6,61.4,60.7,45.8,108.4,0.785,6.03,4.11,13.81,2,0,0,27.5,27.3,1,45.6,0.8895
2881.2,36.5,15.2,48.2,48.0,37.7,81.6,0.314,4.8,1.74,14.17,2,0,0,36.5,37.1,0,1324.6,0.0467
3742.2,80.6,21.1,60.7,61.2,34.4,88.7,0.792,0.77,1.75,13.99,4,0,0,80.6,80.0,0,1366.8,0.075
3942.6,106.6,26.6,58.5,62.1,28.1,87.4,0.274,-0.61,2.79,14.15,5,0,0,106.6,105.9,0,1128.1,0.0798
2968.3,73.6,14.7,61.3,63.6,30.1,86.7,0.745,1.92,1.62,14.1,5,0,0,73.6,73.5,0,758.9,0.016
4032.8,65.7,46.6,80.9,98.0,32.0,94.1,0.155,12.53,14.6,14.02,3,0,0,65.7,66.1,2,83.2,0.8568
3324.2,89.7,28.4,54.9,57.0,34.5,87.8,0.28,-0.01,1.3,14.18,5,0,0,89.7,90.7,0,1041.0,0.0584
3515.1,92.4,29.4,59.7,61.0,32.0,86.6,0.185,5.05,0.55,13.98,5,0,0,92.4,90.7,0,774.7,0.029
2070.9,27.6,11.7,39.8,37.0,49.3,116.4,0.802,6.05,3.45,13.66,2,0,0,27.6,27.5,1,49.9,0.7378
1062.7,0.0,2.3,31.2,29.5,27.7,83.8,0.335,1.74,0.92,14.06,0,0,0,0.0,0.0,0,1192.8,0.0568
1036.0,0.0,2.1,27.8,29.3,37.5,85.3,0.259,2.09,2.33,14.03,0,0,1,0.0,0.0,0,1278.3,0.0627
850.0,0.0,1.9,30.4,61.5,38.5,95.3,0.109,16.41,13.91,13.97,0,0,0,0.0,0.0,2,102.2,0.7618
1100.6,0.0,2.2,37.9,36.3,39.0,86.8,0.194,-0.52,2.07,13.96,0,0,0,0.0,0.0,0,960.7,0.0264
2298.0,39.9,16.4,47.4,75.7,30.8,91.3,0.137,19.17,12.34,14.16,3,0,0,39.9,39.6,2,42.4,0.7162
3258.0,55.8,18.9,42.2,68.4,30.8,87.0,0.155,22.8,14.45,13.93,3,0,0,55.8,55.7,2,118.1,0.8929
2163.6,24.3,16.3,54.6,55.7,34.9,89.4,0.866,1.43,1.82,14.18,2,0,0,24.3,24.1,0,849.4,0.0661
5022.5,57.2,60.8,82.3,79.5,31.6,91.5,0.781,0.3,1.5,14.34,2,0,0,57.2,57.1,0,1132.4,0.0124
2624.7,30.1,21.0,43.5,42.6,30.7,89.9,0.714,1.88,2.64,14.04,2,0,0,30.1,29.9,0,1120.8,0.0181
2636.7,44.3,19.4,56.2,56.4,28.1,91.8,0.221,3.28,2.89,14.18,3,0,0,44.3,43.9,0,1360.8,0.0347
2768.2,21.7,7.1,52.6,80.5,29.4,95.4,0.104,22.61,13.07,13.77,1,0,0,21.7,22.0,2,39.1,0.9184
1127.4,0.0,2.1,32.6,55.5,28.7,97.4,0.056,17.74,16.18,14.07,0,0,0,0.0,0.0,2,92.1,0.8259
2070.2,22.6,6.5,42.3,43.3,36.3,92.6,0.273,2.63,1.06,14.03,2,0,0,22.6,22.4,0,1299.3,0.0474
2722.4,68.2,15.9,51.4,52.2,38.8,111.7,0.876,8.31,4.46,13.92,5,0,0,68.2,67.7,1,58.0,0.7601
1000.8,0.0,2.5,32.8,34.0,32.9,85.9,0.638,-0.92,-0.54,11.04,0,0,0,0.0,0.0,3,31.0,0.9896
3594.3,96.7,22.1,64.3,63.6,33.5,81.9,0.315,0.2,1.9,9.7,5,0,0,96.7,98.6,3,32.4,0.8611
1737.0,15.7,13.4,45.8,44.0,31.1,89.2,0.869,1.45,1.15,14.13,1,0,0,15.7,15.4,0,725.0,0.0779
2828.7,44.7,11.3,54.3,56.0,31.9,88.0,0.33,0.79,1.82,14.29,3,0,0,44.7,43.9,0,1012.3,0.0666
5142.1,86.9,61.1,73.2,71.1,28.5,89.7,0.185,2.8,0.6,14.16,3,0,0,86.9,88.6,0,1343.6,0.0356
1039.3,0.0,2.4,40.2,39.0,31.4,85.3,0.239,7.18,0.79,11.23,0,0,1,0.0,0.0,3,29.9,0.8067
1758.3,19.6,12.8,38.0,40.2,32.1,94.1,0.716,2.76,1.27,14.16,2,0,0,19.6,19.4,0,1257.9,0.0767
1057.1,0.0,2.0,28.3,29.8,35.5,87.9,0.739,3.86,1.58,14.02,0,0,0,0.0,0.0,0,804.2,0.0288
2483.4,30.6,9.3,51.9,49.6,35.9,82.0,0.237,0.94,2.34,14.13,2,0,0,30.6,30.7,0,1071.4,0.0497
2331.2,27.5,20.1,55.9,57.5,28.7,79.7,0.306,3.01,0.91,14.07,2,0,0,27.5,27.8,0,939.2,0.052
2877.3,36.9,21.4,47.8,45.6,26.7,90.3,0.22,2.2,0.37,14.2,2,0,0,36.9,37.4,0,860.7,0.0528
3027.8,65.6,14.2,64.6,68.6,26.4,92.1,0.54,3.43,1.01,9.71,4,0,0,65.6,66.4,3,7.3,0.9194
1088.8,0.0,2.3,32.1,31.1,33.7,87.8,0.837,3.05,1.53,14.13,0,0,0,0.0,0.0,0,1322.8,0.056
1092.2,0.0,1.9,37.6,36.2,35.8,84.5,0.791,1.84,2.11,14.15,0,0,0,0.0,0.0,0,1314.4,0.038
1049.5,0.0,2.5,35.3,38.1,30.8,86.4,0.746,-0.72,1.09,13.98,0,0,0,0.0,0.0,0,1059.3,0.025
1776.7,29.1,18.6,48.8,49.3,28.0,85.6,0.34,1.52,1.74,14.11,3,0,0,29.1,29.5,0,1398.6,0.0416
3464.1,92.5,26.4,58.1,58.4,33.5,91.3,0.278,1.97,-0.02,14.16,5,0,0,92.5,92.4,0,727.1,0.0578
2365.1,29.5,20.0,56.0,53.5,25.4,93.0,0.724,2.94,-0.16,13.97,2,0,0,29.5,29.5,0,1273.8,0.0634
2638.1,42.8,14.1,43.7,41.4,31.5,88.6,0.188,2.16,2.34,14.35,3,0,0,42.8,43.3,0,945.0,0.0169
2995.5,79.4,28.3,68.9,66.4,27.9,89.9,0.299,1.11,1.82,14.11,5,0,0,79.4,78.5,0,1023.5,0.0603
3519.3,75.6,29.2,58.2,60.8,27.1,84.6,0.185,4.46,0.86,13.99,4,0,0,75.6,76.4,0,792.3,0.0167
2816.5,34.1,19.9,54.3,52.6,30.5,89.3,0.269,2.28,1.11,14.29,2,0,0,34.1,34.5,0,889.1,0.0593
1035.9,0.0,1.9,35.5,36.9,28.7,88.7,0.401,-1.57,0.33,10.57,0,0,0,0.0,0.0,3,16.6,0.9328
2795.1,23.4,14.0,48.7,52.0,32.6,86.0,0.498,0.88,0.95,11.0,1,0,0,23.4,23.4,3,38.6,0.8798
1038.1,0.0,2.5,27.6,30.4,28.5,85.0,0.761,2.73,2.48,14.1,0,0,0,0.0,0.0,0,735.3,0.0336
2692.6,20.8,7.0,47.9,47.0,34.5,85.3,0.692,-0.92,1.9,14.29,1,0,0,20.8,21.1,0,869.3,0.0526
3132.8,81.6,14.7,58.1,57.4,29.4,85.9,0.685,0.82,1.67,11.26,5,0,0,81.6,81.9,3,18.7,0.8608
2261.4,26.9,14.1,53.3,55.2,36.6,87.4,0.868,2.36,1.5,14.23,2,0,0,26.9,27.3,0,746.8,0.0221
3384.9,87.3,18.1,55.6,83.6,28.7,97.2,0.159,15.41,12.57,13.93,5,0,0,87.3,88.2,2,72.0,0.7454
2568.3,20.6,21.3,47.5,45.5,31.6,91.7,0.69,2.03,1.9,9.82,1,0,0,20.6,20.9,3,4.2,0.8627
3357.5,72.3,24.0,61.5,65.4,27.1,82.8,0.706,3.07,0.83,14.03,4,0,0,72.3,73.2,0,966.3,0.046
4171.4,49.2,57.6,88.7,90.7,38.7,90.0,0.774,1.85,1.95,14.22,2,0,0,49.2,49.3,0,966.2,0.0139
1095.7,0.0,2.2,36.9,34.0,31.7,92.3,0.363,1.52,1.27,11.0,0,0,1,0.0,0.0,3,29.9,0.8843
3979.4,102.8,18.3,62.3,63.5,36.8,86.1,0.335,-0.37,-0.09,14.13,5,0,0,102.8,103.0,0,1324.4,0.0286
1101.0,14.1,19.4,33.4,36.1,31.8,91.3,0.871,0.17,1.36,14.07,2,0,0,14.1,14.2,0,1373.6,0.016
2831.9,45.6,12.9,55.8,53.8,36.9,94.7,0.802,3.51,3.26,14.21,3,0,0,45.6,45.5,0,1107.9,0.0151
2163.0,15.4,19.0,42.2,44.6,30.1,87.0,0.19,0.34,1.52,13.92,1,0,0,15.4,15.6,0,879.1,0.0512
2831.3,23.4,9.8,46.0,45.4,43.4,123.1,0.834,5.18,3.6,13.34,1,0,0,23.4,23.8,1,21.0,0.7235
2230.0,35.8,16.1,56.9,58.6,46.7,112.6,0.897,1.45,6.79,13.84,3,0,0,35.8,35.3,1,22.4,0.8226
1975.1,16.2,21.2,48.3,47.4,28.2,87.2,0.497,2.08,2.23,9.97,1,0,0,16.2,16.5,3,28.2,0.8677
1099.6,0.0,2.0,35.2,33.7,32.4,83.5,0.257,1.54,1.06,13.91,0,0,1,0.0,0.0,0,968.8,0.069
2140.1,15.3,11.7,44.4,46.9,39.2,84.2,0.681,3.89,1.87,14.32,1,0,0,15.3,15.1,0,1409.1,0.0213
2877.4,35.2,9.8,59.5,57.0,29.5,88.8,0.828,2.56,1.1,14.09,2,0,0,35.2,34.8,0,1467.7,0.0584
1718.8,20.9,19.6,43.7,43.5,31.2,86.4,0.226,1.82,2.09,14.01,2,0,0,20.9,21.0,0,1169.9,0.0562
1020.1,0.0,2.1,30.0,32.5,27.8,87.5,0.203,3.06,1.15,13.95,0,0,0,0.0,0.0,0,1391.5,0.0617
2420.3,29.9,6.2,44.3,42.2,27.5,83.1,0.234,-0.13,2.05,10.49,2,0,0,29.9,29.3,3,41.7,0.8142
2546.9,18.1,12.7,45.2,66.1,30.1,89.2,0.068,18.23,13.95,13.89,1,0,0,18.1,17.9,2,82.4,0.6608
3588.3,94.9,24.2,57.0,58.7,36.4,93.5,0.331,1.88,1.92,14.04,5,0,0,94.9,93.8,0,972.9,0.0358
3602.3,80.7,18.5,61.2,61.7,44.6,111.2,0.712,9.17,4.9,13.79,4,0,0,80.7,79.8,1,22.1,0.8582
2715.0,33.7,7.9,55.2,56.0,32.7,87.8,0.697,0.89,1.1,14.25,2,0,0,33.7,33.2,0,1331.4,0.0152
3983.0,103.3,30.1,60.8,61.1,35.9,85.3,0.326,1.83,1.31,14.19,5,0,0,103.3,104.0,0,1458.5,0.0412
3990.9,81.7,52.6,88.3,86.4,44.0,116.1,0.707,8.48,5.68,13.49,4,0,0,81.7,80.3,1,74.5,0.852
2137.5,25.3,11.1,41.9,43.4,32.3,90.1,0.261,4.26,2.78,14.06,2,0,0,25.3,25.7,0,939.2,0.031
1723.3,19.7,16.0,51.6,49.0,31.7,93.9,0.546,-0.16,0.26,10.53,2,0,0,19.7,20.0,3,39.8,0.8048
3600.5,95.2,23.7,66.9,67.3,47.0,118.7,0.714,8.11,4.21,13.95,5,0,0,95.2,95.3,1,36.0,0.8485
4260.7,51.2,54.6,79.1,78.4,33.2,89.7,0.849,2.98,1.01,14.25,2,0,0,51.2,51.9,0,1444.7,0.0516
4082.0,88.1,57.6,74.0,98.0,30.8,91.2,0.121,19.66,12.08,13.97,4,0,0,88.1,87.9,2,36.4,0.7098
1872.8,32.1,7.8,45.1,46.2,32.0,90.0,0.828,0.54,1.2,14.08,3,0,0,32.1,32.8,0,1459.2,0.057
1021.8,0.0,2.1,35.7,36.8,35.8,87.6,0.777,2.52,2.06,13.99,0,0,1,0.0,0.0,0,1096.6,0.0763
2625.1,42.7,21.4,41.1,40.8,26.5,84.9,0.226,0.55,1.23,14.24,3,0,0,42.7,42.4,0,1126.4,0.053
2697.0,23.2,11.7,48.2,48.8,33.5,88.5,0.302,0.38,0.7,13.99,1,0,0,23.2,23.6,0,1465.3,0.0227
2956.7,22.9,18.2,41.1,66.2,33.1,94.5,0.154,16.14,15.8,13.93,1,0,0,22.9,22.7,2,68.4,0.8794
1025.9,0.0,2.2,27.8,28.4,34.7,89.2,0.239,3.45,2.41,13.95,0,0,0,0.0,0.0,0,1274.4,0.0252
1935.7,37.4,11.4,43.3,71.9,34.2,97.7,0.061,16.48,17.44,14.07,3,0,0,37.4,37.1,2,75.4,0.7761
2145.6,27.4,19.6,49.2,48.6,31.6,84.5,0.209,4.46,1.26,14.01,2,0,0,27.4,27.9,0,1264.1,0.0575
3323.4,54.2,46.7,88.4,89.9,37.3,81.6,0.262,1.61,1.92,14.2,3,0,0,54.2,54.5,0,1282.2,0.0127
1014.6,0.0,2.4,28.0,58.1,38.0,91.2,0.094,18.89,13.88,13.83,0,0,1,0.0,0.0,2,88.2,0.7397
1764.7,28.0,16.9,45.1,48.5,30.1,85.2,0.788,0.01,2.43,14.24,3,0,0,28.0,28.6,0,732.4,0.0153
2100.4,34.5,7.1,47.1,43.6,33.2,86.9,0.733,0.68,2.22,14.16,3,0,0,34.5,34.3,0,707.4,0.0566
4656.4,61.3,79.1,80.0,81.1,30.0,91.3,0.721,1.45,-0.25,14.04,2,0,0,61.3,62.4,0,881.0,0.0601
1014.8,0.0,2.1,31.3,31.0,30.2,87.1,0.335,-0.11,0.69,14.14,0,0,0,0.0,0.0,0,1375.0,0.0479
1055.0,0.0,1.9,28.8,30.6,37.6,82.9,0.298,1.14,0.68,13.88,0,0,0,0.0,0.0,0,820.3,0.0791
2553.0,30.4,17.4,55.5,57.3,43.1,111.5,0.756,6.91,4.58,13.54,2,0,0,30.4,30.3,1,46.6,0.8816
2577.2,17.6,11.9,48.6,48.6,35.2,85.1,0.323,1.9,2.31,14.12,1,0,0,17.6,17.5,0,1209.1,0.0112
2337.2,27.5,19.2,37.1,38.1,29.1,89.6,0.214,3.3,1.13,14.29,2,0,0,27.5,27.2,0,817.7,0.058
1056.9,0.0,2.2,34.8,36.5,36.7,78.4,0.439,-0.98,-0.02,10.4,0,0,0,0.0,0.0,3,44.2,0.8166
1564.4,11.4,21.3,48.9,50.0,36.0,90.7,0.277,0.3,-0.19,14.23,1,0,0,11.4,11.5,0,808.0,0.021
1215.2,0.0,1.9,33.8,53.0,34.8,91.6,0.162,19.68,16.79,14.29,0,0,0,0.0,0.0,2,89.9,0.8762
1022.6,0.0,2.3,28.9,32.7,27.6,86.6,0.875,3.55,2.45,14.12,0,0,0,0.0,0.0,0,1207.7,0.0725
3458.5,92.7,27.2,67.2,67.7,30.3,84.4,0.262,-0.92,1.0,13.92,5,0,0,92.7,94.4,0,724.9,0.0337
2881.2,45.3,13.0,39.8,66.9,35.3,88.1,0.151,21.23,14.21,13.75,3,0,0,45.3,45.3,2,37.7,0.7909
1554.4,18.5,16.6,47.1,48.7,30.4,87.6,0.275,0.99,2.36,14.21,2,0,0,18.5,18.8,0,836.3,0.0327
3192.5,69.0,34.7,60.4,62.5,40.3,114.5,0.801,8.99,4.11,13.74,4,0,0,69.0,67.9,1,49.4,0.9393
2332.3,37.3,10.0,41.3,43.1,31.6,84.4,0.262,3.79,1.34,14.01,3,0,0,37.3,36.8,0,721.2,0.0543
1031.2,0.0,2.5,36.2,36.1,31.4,85.5,0.187,1.58,0.76,14.06,0,0,1,0.0,0.0,0,815.3,0.0195
3002.7,63.9,20.4,56.0,56.1,40.5,88.6,0.861,0.99,0.91,14.24,4,0,0,63.9,64.5,0,775.5,0.0246
1962.8,26.5,15.6,54.9,54.4,27.9,89.5,0.812,0.65,1.71,14.2,2,0,0,26.5,26.6,0,1130.8,0.0269
2896.9,44.7,6.0,48.3,79.0,33.0,95.3,0.089,19.77,14.88,13.71,3,0,0,44.7,44.2,2,101.8,0.9135
3223.3,86.3,17.0,58.9,57.4,37.2,90.9,0.296,1.5,0.04,14.15,5,0,0,86.3,86.6,0,1139.8,0.0444
2631.7,21.0,19.9,48.8,48.3,30.1,87.8,0.317,0.71,1.1,10.72,1,0,0,21.0,21.1,3,20.4,0.9173
1866.9,31.3,11.8,40.0,40.4,34.9,89.1,0.529,-0.84,2.29,10.97,3,0,0,31.3,31.9,3,6.5,0.8417
4532.6,51.0,64.5,82.3,81.2,29.8,83.8,0.265,1.36,0.84,14.17,2,0,0,51.0,50.8,0,1199.3,0.0494
3442.5,88.7,32.0,59.2,59.6,29.9,83.4,0.315,2.44,1.8,14.29,5,0,0,88.7,88.3,0,798.6,0.0311
2634.4,33.3,11.9,49.5,66.2,35.2,93.7,0.055,15.43,13.59,14.09,2,0,0,33.3,33.8,2,77.6,0.7331
1023.5,0.0,2.1,37.8,38.2,34.8,89.5,0.474,-0.32,0.31,9.85,0,0,1,0.0,0.0,3,22.6,0.8588
1867.9,31.2,17.0,46.6,47.5,35.2,87.0,0.199,0.85,1.05,14.04,3,0,0,31.2,31.1,0,1459.5,0.0367
2732.0,43.3,12.9,37.8,39.3,29.8,85.7,0.83,2.12,1.95,14.21,3,0,0,43.3,43.3,0,784.7,0.0327
3534.7,91.8,23.3,65.3,66.1,30.6,88.3,0.341,1.17,1.06,14.01,5,0,0,91.8,90.3,0,888.7,0.0481
2275.8,27.8,7.4,60.3,56.6,46.3,117.9,0.744,4.3,5.88,13.92,2,0,0,27.8,28.3,1,34.5,0.946
2671.5,21.8,20.6,36.9,38.7,29.6,89.8,0.878,-0.34,0.61,14.25,1,0,0,21.8,22.1,0,1096.1,0.0611
1020.3,0.0,2.4,29.7,29.8,37.0,116.1,0.894,4.95,2.93,13.8,0,0,0,0.0,0.0,1,71.4,0.8087
3832.3,85.3,27.2,71.7,70.8,28.1,93.6,0.293,1.99,1.95,14.02,4,0,0,85.3,86.2,0,1116.6,0.0416
2631.9,31.1,14.7,51.4,53.8,39.1,88.5,0.246,1.95,2.51,14.0,2,0,0,31.1,31.6,0,1230.1,0.044
2902.0,47.7,9.7,51.3,49.7,27.0,91.1,0.822,0.51,0.6,14.07,3,0,0,47.7,47.4,0,720.5,0.0625
1007.0,0.0,1.8,29.9,34.0,27.6,84.6,0.69,2.48,2.38,14.04,0,0,0,0.0,0.0,0,1299.3,0.0296
3628.4,73.8,24.7,55.4,55.4,37.8,84.9,0.864,2.15,2.03,14.26,4,0,0,73.8,74.3,0,1389.3,0.0559
1085.6,0.0,2.2,38.0,38.1,34.2,84.5,0.339,0.83,0.47,14.14,0,0,1,0.0,0.0,0,1102.1,0.0283
1058.8,0.0,2.3,32.4,32.6,37.4,86.8,0.335,1.41,1.23,13.92,0,0,0,0.0,0.0,0,1187.7,0.0108
3364.2,90.3,24.8,59.5,61.6,31.3,86.3,0.252,2.43,1.4,13.96,5,0,0,90.3,92.0,0,1235.5,0.0674
3612.6,76.1,34.2,60.1,62.2,33.8,86.8,0.715,-0.39,1.87,14.22,4,0,0,76.1,74.8,0,1172.7,0.0489
2490.4,28.9,21.4,53.9,56.1,36.5,90.6,0.587,3.92,1.37,9.94,2,0,0,28.9,29.0,3,19.9,0.8478
5064.6,60.2,78.3,68.5,74.4,28.0,85.8,0.731,2.18,1.61,14.19,2,0,0,60.2,59.3,0,781.2,0.016
2264.0,28.4,16.2,58.1,59.9,29.7,93.5,0.871,0.68,1.0,14.05,2,0,0,28.4,28.5,0,1268.8,0.0334
1047.3,0.0,1.9,36.7,37.8,33.5,86.6,0.214,3.38,1.65,13.94,0,0,0,0.0,0.0,0,1028.3,0.0747
3228.1,67.0,23.1,52.6,55.2,28.6,88.4,0.394,-0.92,1.49,10.2,4,0,0,67.0,66.2,3,36.9,0.8015
4216.8,67.8,40.9,97.9,93.4,31.6,85.4,0.778,-0.27,2.29,14.25,3,0,0,67.8,68.7,0,720.5,0.035
3740.6,100.6,30.9,56.9,57.4,45.3,119.1,0.722,5.03,3.8,14.2,5,0,0,100.6,100.8,1,57.3,0.9397
3197.0,84.1,31.1,61.5,57.8,35.7,112.6,0.723,7.0,5.5,13.91,5,0,0,84.1,84.4,1,61.7,0.7977
3784.4,100.4,33.3,64.0,63.8,39.0,121.9,0.83,6.51,4.06,13.84,5,0,0,100.4,98.7,1,28.2,0.7628
1016.8,0.0,2.1,35.7,37.7,31.1,84.9,0.291,3.34,0.56,14.05,0,0,0,0.0,0.0,0,1104.0,0.041
1018.0,0.0,1.9,35.1,35.8,39.1,124.6,0.873,8.45,3.48,13.76,0,0,0,0.0,0.0,1,28.5,0.9194
1043.9,0.0,2.3,31.9,32.8,27.3,91.0,0.284,2.67,0.04,14.07,0,0,0,0.0,0.0,0,1080.9,0.0159
1054.4,0.0,2.1,35.0,34.4,28.7,85.5,0.187,3.18,1.82,13.99,0,0,0,0.0,0.0,0,749.7,0.0636
2381.0,39.8,12.1,50.7,50.4,40.9,111.3,0.824,0.94,1.75,13.54,3,0,0,39.8,40.5,1,11.0,0.8266
2589.9,19.8,9.3,59.3,59.8,37.1,82.1,0.742,3.27,2.2,14.25,1,0,0,19.8,19.5,0,1395.6,0.0503
4037.1,94.7,48.6,71.3,94.2,34.2,93.6,0.199,19.57,16.46,13.8,4,0,0,94.7,96.5,2,109.6,0.8019
1075.1,0.0,1.9,29.7,29.4,29.5,84.7,0.332,2.06,1.45,14.08,0,0,0,0.0,0.0,0,1469.0,0.0239
887.8,0.0,1.8,34.1,53.8,38.7,92.6,0.074,17.17,15.45,13.83,0,0,0,0.0,0.0,2,92.5,0.747
2813.3,35.6,14.1,57.3,55.7,38.6,89.6,0.315,3.88,1.86,14.09,2,0,0,35.6,35.3,0,758.8,0.049
3585.9,93.4,22.2,56.8,56.4,31.7,90.8,0.792,2.28,0.05,14.26,5,0,0,93.4,94.3,0,1496.4,0.0598
1036.4,0.0,1.9,34.6,34.7,38.9,85.5,0.283,-0.15,-0.03,14.25,0,0,0,0.0,0.0,0,1163.9,0.0566
2418.3,18.7,9.5,40.0,42.6,28.9,85.5,0.316,3.08,1.24,10.93,1,0,0,18.7,18.3,3,19.6,0.9802
2608.2,30.0,21.7,44.9,45.5,28.6,87.2,0.245,2.97,1.57,14.09,2,0,0,30.0,30.2,0,1297.2,0.0577
2831.3,33.0,12.4,51.9,51.8,30.0,88.1,0.213,-0.64,0.33,14.12,2,0,0,33.0,33.2,0,707.1,0.0255
1092.5,0.0,2.2,33.8,32.6,27.5,88.1,0.272,1.18,0.41,13.97,0,0,0,0.0,0.0,0,1365.9,0.051
2645.1,21.1,12.2,49.6,47.9,41.8,118.4,0.893,8.33,4.84,13.81,1,0,0,21.1,21.0,1,57.2,0.7632
1028.8,0.0,2.2,29.6,30.5,35.7,82.6,0.289,2.08,1.68,14.03,0,0,0,0.0,0.0,0,992.1,0.0756
1973.2,14.5,14.0,58.0,59.4,32.6,85.9,0.816,1.93,1.76,14.06,1,0,0,14.5,14.6,0,834.4,0.0482
2847.7,35.9,11.0,47.1,48.5,32.2,85.4,0.319,1.8,2.54,14.16,2,0,0,35.9,35.2,0,1104.6,0.0494
3687.0,97.1,30.5,59.5,60.7,28.7,86.7,0.741,1.68,1.01,14.19,5,0,0,97.1,98.1,0,903.0,0.0296
3243.3,86.2,30.9,58.6,61.1,26.7,81.8,0.79,3.85,1.86,14.31,5,0,0,86.2,87.3,0,1455.3,0.0649
2519.0,41.2,9.5,37.8,36.9,26.0,91.4,0.247,1.99,1.29,14.1,3,0,0,41.2,40.9,0,817.7,0.0774
4169.2,51.9,40.7,87.2,89.1,41.3,111.1,0.849,7.22,3.03,13.65,2,0,0,51.9,52.7,1,65.5,0.8571
1038.8,0.0,2.1,31.2,36.2,35.9,86.9,0.265,0.82,0.13,14.03,0,0,0,0.0,0.0,0,705.6,0.0555
1013.3,0.0,2.2,32.9,33.1,34.3,84.7,0.737,2.86,3.56,13.96,0,0,0,0.0,0.0,0,958.0,0.0324
1098.2,0.0,2.4,33.6,35.7,33.6,90.6,0.331,2.5,0.89,14.09,0,0,0,0.0,0.0,0,1189.9,0.0411
1090.2,0.0,1.8,38.5,36.4,35.7,87.4,0.523,1.82,1.93,11.46,0,0,0,0.0,0.0,3,45.0,0.9523
2252.2,35.0,14.9,47.6,50.0,29.8,86.1,0.304,2.75,1.68,10.35,3,0,0,35.0,34.9,3,17.6,0.9405
3111.6,65.4,32.0,59.4,85.1,27.5,96.4,0.148,12.1,14.19,13.69,4,0,0,65.4,66.3,2,35.6,0.8027
2141.3,18.0,14.4,47.4,48.7,27.0,82.8,0.216,6.03,2.3,14.07,1,0,0,18.0,18.2,0,812.8,0.0209
2614.6,21.4,16.7,52.0,51.4,37.3,91.7,0.684,2.2,2.5,14.06,1,0,0,21.4,21.3,0,1286.7,0.0334
1047.2,0.0,2.3,34.3,34.6,34.8,82.0,0.818,2.41,1.04,13.92,0,0,1,0.0,0.0,0,900.3,0.027
3567.4,93.3,23.4,68.8,67.1,32.0,83.0,0.328,4.4,2.26,14.09,5,0,0,93.3,93.4,0,1267.0,0.0495
3503.9,92.0,24.9,46.9,47.7,27.4,91.4,0.329,0.79,1.28,14.19,5,0,0,92.0,91.6,0,728.7,0.0664
1024.2,0.0,2.4,35.0,67.3,37.9,85.4,0.195,17.78,13.78,14.0,0,0,0,0.0,0.0,2,71.6,0.8852
2266.0,16.3,17.7,53.6,80.2,38.0,97.0,0.168,21.13,12.66,14.03,1,0,0,16.3,16.2,2,109.5,0.8577
3771.2,95.5,23.9,61.8,88.0,27.4,88.4,0.195,20.05,15.15,14.05,5,0,0,95.5,94.7,2,72.5,0.839
4418.0,49.9,78.7,80.5,77.6,27.8,85.6,0.188,3.15,0.96,14.12,2,0,0,49.9,49.6,0,1105.9,0.0626
3695.7,99.4,32.4,61.7,59.2,47.7,112.8,0.655,9.14,3.9,13.91,5,0,0,99.4,100.8,1,30.9,0.9321
2836.3,77.5,17.2,57.7,57.1,32.0,86.4,0.18,-1.62,1.39,13.95,5,0,0,77.5,78.6,0,884.5,0.0372
1034.7,0.0,1.8,35.8,36.3,37.1,85.1,0.766,-0.27,1.29,14.19,0,0,0,0.0,0.0,0,1332.6,0.0126
2838.0,49.7,12.5,44.3,41.5,37.0,114.1,0.732,3.39,4.26,13.64,3,0,0,49.7,50.3,1,41.5,0.7311
2008.6,23.9,19.8,37.8,37.7,29.8,91.7,0.269,3.6,1.57,14.28,2,0,0,23.9,23.5,0,819.7,0.0641
1055.8,0.0,1.9,30.8,30.3,25.8,85.5,0.203,3.06,0.47,14.04,0,0,0,0.0,0.0,0,1488.8,0.041
3152.0,67.1,34.1,63.3,63.8,30.8,84.1,0.256,0.7,1.13,14.36,4,0,0,67.1,66.0,0,1325.2,0.0344
1089.0,0.0,2.1,32.8,34.2,45.0,113.3,0.887,8.37,2.81,13.71,0,0,0,0.0,0.0,1,58.6,0.9001
3580.7,77.1,15.9,55.5,87.5,32.6,91.2,0.189,15.98,12.59,13.93,4,0,0,77.1,76.7,2,84.4,0.8134
1027.3,0.0,2.1,27.4,29.2,30.3,84.4,0.213,3.01,2.04,14.08,0,0,0,0.0,0.0,0,1037.8,0.0466
2699.5,40.5,13.7,49.5,68.2,37.4,100.7,0.064,22.89,14.06,13.86,3,0,0,40.5,40.4,2,45.4,0.6793
1037.9,0.0,2.1,27.3,27.8,38.3,88.0,0.731,1.19,1.88,14.1,0,0,1,0.0,0.0,0,1006.5,0.0327
1229.6,15.2,20.5,48.0,48.1,28.5,85.4,0.281,3.78,0.87,14.12,2,0,0,15.2,15.3,0,825.0,0.0229
2422.4,28.3,12.6,40.0,40.6,41.0,115.2,0.758,7.68,3.82,13.69,2,0,0,28.3,28.6,1,19.8,0.9191
4268.0,92.1,64.5,86.0,82.1,45.2,116.9,0.692,7.85,5.41,13.96,4,0,0,92.1,92.8,1,42.3,0.8395
1780.5,28.0,19.7,45.1,46.2,35.8,88.8,0.468,-1.57,1.41,9.31,3,0,0,28.0,27.7,3,29.4,0.9513
3035.3,51.3,17.6,41.6,44.0,31.1,86.2,0.235,1.09,1.0,14.09,3,0,0,51.3,50.3,0,732.6,0.0185
4593.5,54.9,48.9,80.8,80.0,42.5,117.3,0.772,7.79,2.01,13.75,2,0,0,54.9,55.0,1,68.7,0.7671
1039.7,0.0,2.1,33.3,32.6,38.5,118.0,0.704,4.34,4.43,13.77,0,0,0,0.0,0.0,1,12.5,0.9553
1102.0,0.0,2.0,35.7,35.4,33.1,88.6,0.593,1.94,0.64,10.16,0,0,0,0.0,0.0,3,32.0,0.8251
1027.5,0.0,2.3,35.0,36.0,33.8,84.0,0.769,2.82,3.54,13.94,0,0,0,0.0,0.0,0,854.9,0.0276
2885.1,22.3,14.7,42.4,70.8,38.0,90.1,0.136,19.76,10.86,14.03,1,0,0,22.3,22.5,2,62.8,0.7464
1026.3,0.0,2.2,31.0,31.5,29.3,86.3,0.206,4.75,1.68,13.92,0,0,0,0.0,0.0,0,878.8,0.0172
1057.6,0.0,1.8,35.1,33.7,34.2,89.5,0.779,3.21,1.98,13.95,0,0,0,0.0,0.0,0,823.6,0.0366
4175.6,51.8,41.9,85.6,86.7,34.7,91.4,0.201,3.51,1.34,14.22,2,0,0,51.8,52.4,0,1063.4,0.0228
2992.2,62.9,21.2,64.2,64.6,33.2,89.0,0.723,2.34,0.35,14.33,4,0,0,62.9,63.7,0,909.1,0.0389
1073.9,0.0,2.0,32.2,33.8,27.2,84.1,0.23,2.32,1.51,14.05,0,0,0,0.0,0.0,0,1018.0,0.0498
2194.8,16.1,9.9,44.2,73.8,34.3,91.1,0.121,15.42,15.75,13.73,1,0,0,16.1,15.9,2,93.6,0.8061
2912.5,24.0,10.9,48.4,46.4,34.4,88.4,0.224,1.97,0.48,14.15,1,0,0,24.0,24.4,0,705.9,0.0354
2720.2,57.6,29.1,72.4,72.6,38.2,121.3,0.782,7.34,4.97,14.05,4,0,0,57.6,58.1,1,29.4,0.7801
1056.7,0.0,2.0,34.7,33.6,34.1,90.0,0.746,-1.12,0.62,14.16,0,0,0,0.0,0.0,0,1292.3,0.029
1099.3,0.0,2.2,30.4,31.7,38.5,86.6,0.784,1.3,1.7,14.03,0,0,0,0.0,0.0,0,839.7,0.0159
1093.0,0.0,2.3,34.9,34.7,38.3,85.5,0.243,-1.3,1.12,14.22,0,0,0,0.0,0.0,0,930.3,0.0448
2984.1,80.3,30.3,56.7,55.6,26.4,91.4,0.687,1.63,0.75,13.92,5,0,0,80.3,81.0,0,1125.8,0.0106
1030.0,0.0,2.3,28.0,31.3,31.0,88.0,0.193,2.7,3.28,14.05,0,0,0,0.0,0.0,0,947.8,0.0347
1070.8,0.0,2.1,35.3,33.4,31.5,85.6,0.83,4.11,1.16,14.17,0,0,0,0.0,0.0,0,984.1,0.0112
1059.9,0.0,2.5,28.6,29.0,38.2,89.1,0.767,1.79,1.48,14.06,0,0,0,0.0,0.0,0,1078.0,0.0414
2735.9,23.7,20.7,46.1,49.5,29.5,91.8,0.708,1.52,2.64,14.2,1,0,0,23.7,24.1,0,1175.1,0.048
1111.8,0.0,2.4,32.6,35.2,31.8,86.5,0.249,2.07,1.38,13.96,0,0,0,0.0,0.0,0,1259.9,0.033
2508.0,28.3,13.7,33.8,32.8,35.5,97.8,0.257,1.41,1.41,14.2,2,0,0,28.3,28.9,0,767.0,0.0519
4106.1,108.8,17.5,61.8,64.0,33.0,86.3,0.282,0.53,1.06,14.15,5,0,0,108.8,107.2,0,1359.2,0.0594
3618.5,92.0,28.6,56.8,58.2,27.9,86.5,0.505,0.04,2.23,10.18,5,0,0,92.0,91.5,3,15.6,0.839
1037.8,0.0,2.3,30.2,49.9,35.9,94.0,0.091,17.71,14.6,13.93,0,0,0,0.0,0.0,2,74.3,0.7705
3655.3,93.8,28.8,51.5,56.1,38.3,115.1,0.739,9.82,3.29,13.63,5,0,0,93.8,92.1,1,63.8,0.9396
2852.4,61.7,19.3,69.6,70.3,37.4,80.6,0.795,1.34,1.15,13.92,4,0,0,61.7,62.7,0,1028.5,0.0149
1082.5,0.0,2.0,31.8,56.0,35.0,97.8,0.127,23.07,9.05,14.32,0,0,0,0.0,0.0,2,85.2,0.8242
2070.7,24.9,14.0,53.1,83.0,33.9,91.6,0.14,28.44,15.86,13.8,2,0,0,24.9,24.7,2,52.7,0.6691
2559.6,67.0,29.1,64.6,88.9,34.0,88.4,0.074,25.48,10.63,13.88,5,0,0,67.0,68.0,2,35.9,0.8173
3288.3,86.1,23.7,61.5,60.7,37.2,94.2,0.699,3.81,2.06,14.06,5,0,0,86.1,86.5,0,836.0,0.0355
1054.4,0.0,1.8,31.7,30.5,34.8,116.0,0.748,5.96,3.06,13.8,0,0,1,0.0,0.0,1,57.1,0.8841
2486.6,30.6,17.1,55.3,73.6,27.6,100.4,0.107,22.17,11.79,14.22,2,0,0,30.6,31.1,2,107.2,0.811
3428.8,72.0,17.0,56.7,53.9,36.6,87.0,0.236,3.23,1.99,14.15,4,0,0,72.0,71.1,0,1488.4,0.0618
3341.3,89.5,25.2,54.1,56.1,39.0,116.6,0.763,6.15,3.51,13.57,5,0,0,89.5,89.0,1,51.5,0.7559
3606.0,77.4,25.9,64.3,62.7,27.6,84.0,0.85,2.71,2.85,14.14,4,0,0,77.4,76.3,0,1183.8,0.0595
2927.5,33.1,7.5,52.9,52.6,32.4,86.4,0.755,1.03,1.03,14.29,2,0,0,33.1,32.9,0,1256.0,0.0509
2326.5,26.4,13.9,44.3,41.4,34.3,89.1,0.828,1.16,1.83,14.09,2,0,0,26.4,26.8,0,1313.7,0.0343
1043.6,0.0,2.4,32.3,32.1,34.8,112.4,0.708,9.27,5.86,13.8,0,0,0,0.0,0.0,1,44.3,0.906
2140.2,17.3,19.0,43.5,41.6,29.7,87.2,0.19,3.06,2.82,14.21,1,0,0,17.3,17.1,0,1021.6,0.0236
2598.9,29.7,10.7,50.1,49.7,35.3,84.3,0.749,2.48,0.22,14.12,2,0,0,29.7,29.8,0,881.3,0.0303
2764.3,31.9,21.4,52.2,56.0,30.3,86.7,0.299,0.48,1.34,14.07,2,0,0,31.9,31.5,0,1115.2,0.0303
3623.7,95.2,14.4,68.1,68.9,29.2,86.5,0.848,2.75,1.09,14.24,5,0,0,95.2,95.1,0,1265.9,0.0283
1055.0,0.0,2.4,37.6,35.1,35.2,85.6,0.683,2.7,2.83,14.05,0,0,0,0.0,0.0,0,1131.6,0.0168
3385.1,68.7,30.0,63.2,64.0,38.3,112.0,0.897,9.54,2.77,14.15,4,0,0,68.7,67.7,1,45.6,0.7331
1048.0,0.0,2.3,32.8,51.4,37.9,95.9,0.07,19.59,14.44,13.82,0,0,0,0.0,0.0,2,94.3,0.9189
2701.6,45.2,9.0,49.4,51.3,32.8,93.1,0.237,4.32,1.07,14.06,3,0,0,45.2,44.4,0,975.4,0.049
3907.1,61.7,48.7,86.7,86.5,30.6,83.8,0.857,-0.02,0.83,14.38,3,0,0,61.7,62.6,0,1195.2,0.0698
3006.2,49.2,9.1,55.2,55.8,33.7,91.2,0.203,0.04,2.18,14.26,3,0,0,49.2,48.6,0,824.2,0.0369
3336.7,92.7,30.4,63.5,92.9,36.0,99.0,0.06,19.64,13.63,14.04,5,0,0,92.7,93.1,2,49.1,0.6956
1935.1,32.1,16.0,43.6,47.3,36.9,90.5,0.774,1.56,2.45,14.27,3,0,0,32.1,32.7,0,1230.6,0.0193
2585.6,31.0,15.1,40.1,39.0,30.4,86.0,0.316,1.91,1.69,14.03,2,0,0,31.0,31.1,0,1002.3,0.0732
1065.2,0.0,2.1,28.0,28.6,26.5,86.4,0.802,-0.22,0.86,13.98,0,0,0,0.0,0.0,0,978.3,0.0272
2030.6,25.8,6.9,51.5,49.8,39.2,117.1,0.695,9.31,5.6,13.82,2,0,0,25.8,26.0,1,42.8,0.7485
3380.4,87.6,15.7,59.4,92.9,30.7,97.1,0.059,15.53,13.41,13.98,5,0,0,87.6,89.0,2,63.2,0.9192
1907.1,16.0,15.6,50.7,69.6,31.1,91.6,0.175,23.24,14.54,14.09,1,0,0,16.0,15.9,2,88.2,0.8188
2752.7,43.4,16.4,36.1,37.9,39.0,123.9,0.661,8.9,3.94,13.71,3,0,0,43.4,42.8,1,71.4,0.8023
1025.7,0.0,2.1,32.7,31.9,30.0,90.3,0.23,0.94,1.17,13.92,0,0,0,0.0,0.0,0,1063.6,0.0466
2663.3,21.0,12.4,44.1,44.1,31.5,93.6,0.181,2.8,0.2,14.23,1,0,0,21.0,21.2,0,836.2,0.0217
3417.5,72.6,26.8,56.2,58.2,32.6,83.1,0.25,2.16,0.35,14.14,4,0,0,72.6,72.5,0,1010.1,0.0462
2749.2,32.2,7.8,47.3,47.8,30.9,90.7,0.767,1.63,0.47,14.0,2,0,0,32.2,32.0,0,720.7,0.0751
2657.6,31.6,19.6,52.9,51.6,27.1,94.1,0.86,3.17,0.2,14.13,2,0,0,31.6,31.1,0,764.3,0.0392
1980.5,32.5,14.0,45.7,48.8,33.4,92.6,0.784,3.78,1.2,14.16,3,0,0,32.5,32.2,0,894.9,0.0331
2078.5,24.5,20.0,58.1,57.4,32.6,85.2,0.27,2.55,1.81,14.33,2,0,0,24.5,24.2,0,1020.9,0.0666
1067.7,0.0,1.9,25.6,27.4,28.4,86.7,0.648,2.47,1.9,9.89,0,0,0,0.0,0.0,3,35.1,0.9882
3408.9,89.5,19.3,58.3,57.5,33.3,117.1,0.796,8.93,2.1,13.87,5,0,0,89.5,88.3,1,30.0,0.8597
2504.6,31.1,8.6,44.6,67.4,36.5,90.3,0.096,11.49,10.97,13.86,2,0,0,31.1,31.3,2,60.0,0.7512
2995.7,22.8,21.1,46.8,47.4,40.2,118.2,0.822,4.91,6.18,13.43,1,0,0,22.8,23.3,1,19.6,0.8444
1966.7,22.9,17.9,48.6,48.1,32.4,86.4,0.704,-1.24,1.44,14.22,2,0,0,22.9,23.3,0,1384.9,0.0452
3227.9,82.4,29.7,53.8,54.5,41.8,117.7,0.78,5.74,2.98,13.93,5,0,0,82.4,83.3,1,48.5,0.8966
1000.7,0.0,1.9,34.5,33.7,29.9,86.1,0.274,1.8,1.27,14.09,0,0,0,0.0,0.0,0,843.4,0.0592
2558.7,44.6,19.3,38.9,37.7,43.1,120.6,0.817,7.08,2.52,14.12,3,0,0,44.6,45.4,1,27.3,0.813
1039.8,0.0,1.8,36.6,32.9,29.6,87.0,0.278,1.89,0.94,13.95,0,0,0,0.0,0.0,0,1088.6,0.0655
2024.7,23.6,17.7,63.3,63.8,35.7,88.6,0.208,-0.68,0.71,9.99,2,0,0,23.6,23.6,3,11.0,0.9551
2438.1,18.7,14.4,43.8,44.2,29.5,89.4,0.818,-0.53,1.35,14.22,1,0,0,18.7,18.5,0,768.0,0.0409
2367.4,38.6,10.3,52.9,53.5,27.5,92.2,0.196,-0.2,0.25,14.24,3,0,0,38.6,38.6,0,1091.2,0.019
3047.8,81.8,30.0,75.7,71.8,29.6,90.0,0.458,-0.63,1.82,9.84,5,0,0,81.8,82.7,3,26.1,0.9727
3571.0,94.1,29.2,66.5,63.9,33.4,80.1,0.218,1.87,3.04,14.14,5,0,0,94.1,95.5,0,915.7,0.0274
3398.7,69.7,31.8,62.4,61.3,44.0,115.0,0.777,8.62,5.43,13.95,4,0,0,69.7,70.0,1,52.4,0.9446
2459.0,29.0,20.7,48.7,49.5,43.6,120.1,0.729,6.21,4.32,13.77,2,0,0,29.0,29.5,1,52.8,0.808
2914.2,22.7,11.2,55.5,85.4,31.8,95.1,0.08,20.56,14.29,14.27,1,0,0,22.7,22.7,2,79.2,0.6762
1812.9,24.7,9.2,42.3,43.7,33.9,90.0,0.372,1.71,0.28,10.14,2,0,0,24.7,25.1,3,6.0,0.8936
3716.9,98.0,19.4,62.3,65.0,32.0,87.7,0.661,0.63,0.11,10.91,5,0,0,98.0,97.9,3,28.3,0.9728
2244.9,34.8,19.3,55.5,54.3,37.3,87.3,0.288,3.26,1.68,14.07,3,0,0,34.8,35.5,0,993.0,0.0357
2814.0,31.7,19.6,54.3,77.5,32.8,92.7,0.129,20.73,11.71,14.03,2,0,0,31.7,31.6,2,93.0,0.6599
3724.9,98.7,28.9,61.4,62.0,49.7,120.7,0.671,3.55,2.05,13.45,5,0,0,98.7,98.6,1,43.2,0.861
2565.2,41.9,9.4,42.7,38.5,46.7,113.8,0.872,4.99,3.58,13.88,3,0,0,41.9,41.4,1,10.6,0.774
1016.5,0.0,2.0,31.8,33.3,34.7,83.8,0.313,2.46,1.05,14.04,0,0,0,0.0,0.0,0,1169.0,0.0209
2714.2,30.7,12.7,46.1,47.3,32.5,110.8,0.808,5.76,3.23,13.83,2,0,0,30.7,30.1,1,39.6,0.7676
2887.5,75.3,33.6,55.9,56.5,36.8,88.5,0.628,-0.45,0.86,11.03,5,0,0,75.3,76.7,3,9.0,0.9484
1715.8,18.7,13.2,49.4,45.8,29.3,85.8,0.696,1.36,2.17,10.62,2,0,0,18.7,18.6,3,27.1,0.8972
1051.6,0.0,2.4,32.2,31.6,29.0,85.6,0.273,-1.29,2.64,14.24,0,0,0,0.0,0.0,0,1483.4,0.0583
1012.7,0.0,2.1,33.5,34.6,35.5,88.4,0.838,-0.21,2.33,14.16,0,0,0,0.0,0.0,0,1216.8,0.0428
3538.4,93.6,34.2,61.5,60.3,29.7,89.7,0.684,1.59,1.45,14.02,5,0,0,93.6,95.3,0,807.2,0.0504
4193.9,91.6,70.1,86.8,98.0,33.2,96.0,0.168,20.64,12.24,14.02,4,0,0,91.6,91.9,2,80.8,0.7425
1495.9,18.5,9.4,48.8,50.0,44.8,116.8,0.681,8.07,3.98,13.81,2,0,0,18.5,18.2,1,57.7,0.7505
4568.4,54.3,81.4,76.2,77.3,32.4,86.3,0.722,0.94,0.19,14.3,2,0,0,54.3,55.3,0,1449.6,0.016
2793.2,33.5,6.2,41.8,44.6,28.2,86.4,0.218,1.26,3.12,14.17,2,0,0,33.5,33.6,0,794.2,0.0625
1946.2,24.0,19.6,40.7,44.0,36.1,88.0,0.876,0.59,1.58,14.04,2,0,0,24.0,24.0,0,1493.8,0.0343
2636.3,45.6,17.0,37.9,37.0,29.2,87.3,0.86,0.03,1.5,14.28,3,0,0,45.6,46.0,0,1092.2,0.0276
1058.3,0.0,2.3,31.6,32.2,34.5,87.6,0.423,2.24,-0.11,10.89,0,0,1,0.0,0.0,3,20.5,0.8712
1037.1,0.0,2.2,35.2,36.0,39.0,118.8,0.812,9.71,4.7,13.84,0,0,0,0.0,0.0,1,33.6,0.8376
2139.5,34.4,20.5,49.3,47.2,38.2,93.1,0.209,2.04,2.52,14.15,3,0,0,34.4,33.8,0,1462.6,0.0391
2435.8,42.0,19.0,50.3,50.9,30.1,84.4,0.256,0.92,2.31,13.97,3,0,0,42.0,41.7,0,1252.8,0.0281
3026.7,66.4,25.0,74.8,74.8,35.6,81.5,0.818,0.48,0.03,14.15,4,0,0,66.4,66.8,0,1151.4,0.0644
1048.0,0.0,2.1,33.5,32.3,26.4,86.2,0.201,3.86,0.89,10.71,0,0,0,0.0,0.0,3,9.9,0.9739
4146.1,71.4,44.5,88.4,83.9,28.1,92.3,0.705,3.38,1.92,14.11,3,0,0,71.4,70.8,0,1375.1,0.029
1010.7,0.0,2.2,36.2,36.6,41.6,86.9,0.725,2.61,0.94,13.91,0,0,0,0.0,0.0,0,923.4,0.046
2255.5,19.0,21.8,46.5,48.8,33.2,87.4,0.85,-1.97,1.12,14.05,1,0,0,19.0,19.0,0,1399.0,0.0172
1018.1,0.0,2.3,31.7,30.7,39.6,121.4,0.736,10.3,4.47,13.71,0,0,1,0.0,0.0,1,48.4,0.7769
2243.4,37.7,17.3,40.2,42.5,47.5,119.8,0.782,7.78,5.12,13.65,3,0,0,37.7,38.4,1,31.3,0.8658
1053.9,0.0,2.2,33.7,34.2,44.7,119.4,0.799,5.02,5.41,13.91,0,0,0,0.0,0.0,1,33.8,0.8247
2503.0,30.0,17.1,39.8,41.7,37.4,90.9,0.84,3.99,2.22,14.08,2,0,0,30.0,30.2,0,866.4,0.0617
2971.8,34.5,11.8,42.1,42.1,36.8,85.2,0.751,1.24,0.92,14.14,2,0,0,34.5,34.8,0,1489.9,0.0201
1031.5,0.0,2.2,35.5,34.4,35.6,83.6,0.284,2.14,1.8,13.98,0,0,0,0.0,0.0,0,1201.9,0.0552
1039.1,0.0,2.3,40.6,36.2,46.9,114.8,0.836,7.54,6.96,13.74,0,0,0,0.0,0.0,1,19.9,0.7628
1978.8,23.0,20.0,42.0,40.9,35.5,86.4,0.819,-2.15,1.43,14.13,2,0,0,23.0,22.8,0,1340.1,0.0148
3192.9,54.7,20.4,47.8,46.3,38.3,91.8,0.348,2.09,0.82,14.23,3,0,0,54.7,53.6,0,851.8,0.0412
2164.4,35.8,12.6,48.9,66.1,36.4,93.5,0.168,22.24,10.21,14.11,3,0,0,35.8,36.3,2,22.4,0.786
850.0,0.0,2.2,36.2,64.2,29.6,100.7,0.087,20.69,15.09,13.97,0,0,0,0.0,0.0,2,44.8,0.6693
2919.7,75.1,21.1,54.5,55.8,38.7,85.7,0.766,1.06,1.82,14.2,5,0,0,75.1,76.5,0,1309.6,0.0348
3472.6,74.2,19.6,60.0,58.7,27.0,88.4,0.23,0.16,1.96,14.1,4,0,0,74.2,74.1,0,1373.2,0.041
1072.9,0.0,1.9,34.0,33.3,28.1,87.3,0.792,0.68,1.29,13.92,0,0,0,0.0,0.0,0,859.2,0.0426
1025.6,0.0,2.3,34.8,36.2,37.4,119.2,0.811,8.48,3.63,13.8,0,0,0,0.0,0.0,1,10.6,0.9563
2171.2,27.1,16.5,39.7,60.5,30.5,86.2,0.055,14.92,12.62,13.99,2,0,0,27.1,27.1,2,32.1,0.754
1038.8,0.0,1.8,33.9,32.5,33.2,86.9,0.283,2.2,0.79,14.13,0,0,0,0.0,0.0,0,1305.7,0.076
1048.3,0.0,1.8,31.1,34.4,31.9,87.4,0.714,4.24,1.56,14.11,0,0,0,0.0,0.0,0,1372.4,0.0304
3398.3,70.5,21.0,61.1,90.1,37.5,97.5,0.125,19.74,14.43,13.96,4,0,0,70.5,71.0,2,98.0,0.7406
1158.7,0.0,2.4,37.1,67.5,34.3,89.2,0.112,18.0,13.39,14.11,0,0,0,0.0,0.0,2,119.7,0.8877
3267.2,66.1,23.6,67.2,65.1,35.6,83.5,0.347,0.2,1.26,14.23,4,0,0,66.1,66.7,0,796.9,0.0179
1010.7,0.0,1.9,34.0,33.9,35.7,80.1,0.754,0.72,2.17,14.07,0,0,0,0.0,0.0,0,1430.6,0.0718
3365.3,90.6,33.1,66.4,65.5,29.0,88.0,0.321,-1.06,0.28,14.51,5,0,0,90.6,91.6,0,1010.0,0.0151
3861.4,85.9,27.7,61.2,60.2,26.7,86.9,0.218,1.06,0.58,14.25,4,0,0,85.9,84.8,0,1268.6,0.0601
2649.8,67.8,26.3,60.9,61.2,37.2,87.0,0.41,2.61,1.1,10.36,5,0,0,67.8,66.6,3,7.6,0.8372
1224.7,0.0,2.3,32.5,54.2,29.4,92.5,0.137,15.88,16.02,14.07,0,0,0,0.0,0.0,2,99.6,0.9132
3412.7,95.0,25.4,65.0,94.2,37.2,91.2,0.165,16.61,13.02,13.95,5,0,0,95.0,96.5,2,81.8,0.7925
1062.9,0.0,1.9,31.1,33.0,31.1,84.6,0.2,3.47,1.68,14.12,0,0,0,0.0,0.0,0,1315.4,0.0484
1582.6,20.6,7.9,49.1,69.9,35.2,89.3,0.17,21.48,11.9,14.05,2,0,0,20.6,20.6,2,84.7,0.8598
3182.5,67.2,27.4,62.7,63.4,27.3,89.7,0.298,1.57,0.37,14.03,4,0,0,67.2,67.0,0,922.1,0.0241
1027.4,0.0,2.3,37.2,36.1,36.3,83.6,0.213,5.79,1.48,14.06,0,0,0,0.0,0.0,0,795.0,0.0268
4373.0,51.8,48.0,81.7,84.4,39.2,89.9,0.772,0.83,1.22,14.16,2,0,0,51.8,51.5,0,1443.8,0.0599
1051.5,0.0,2.2,39.6,40.2,28.1,87.9,0.334,0.06,0.72,14.09,0,0,1,0.0,0.0,0,831.6,0.0634
1201.2,0.0,2.1,36.4,62.2,34.8,95.7,0.072,14.09,11.61,13.93,0,0,1,0.0,0.0,2,96.9,0.6598
5240.7,113.4,51.8,73.6,73.7,34.5,87.8,0.199,2.21,1.42,14.17,4,0,0,113.4,114.9,0,1473.1,0.0149
1061.0,0.0,1.9,34.9,36.6,34.7,83.7,0.846,-0.51,1.31,14.1,0,0,1,0.0,0.0,0,746.8,0.0616
3511.5,92.3,27.2,62.5,61.1,33.1,92.2,0.828,1.63,1.35,14.31,5,0,0,92.3,91.4,0,1128.8,0.0563
2385.1,28.2,11.1,45.8,46.3,27.9,87.8,0.848,2.02,2.52,14.07,2,0,0,28.2,28.7,0,1083.2,0.0108
3971.9,63.7,74.4,79.5,80.1,37.6,92.3,0.34,-0.22,0.99,14.04,3,0,0,63.7,63.6,0,954.9,0.0243
4848.8,62.2,60.9,77.5,79.9,26.6,85.0,0.748,0.74,1.38,14.03,2,0,0,62.2,61.6,0,876.8,0.0148
1100.8,0.0,2.4,37.9,69.3,35.9,96.6,0.06,22.22,12.97,13.91,0,0,1,0.0,0.0,2,76.0,0.6602
4098.5,51.3,50.3,79.8,79.6,34.8,86.4,0.76,1.46,1.37,14.3,2,0,0,51.3,51.4,0,1006.8,0.0386
2554.1,42.3,11.8,50.5,52.1,31.3,88.9,0.786,1.29,1.67,13.87,3,0,0,42.3,42.0,0,1134.5,0.0201
2226.3,25.1,15.8,39.8,41.3,27.6,95.1,0.225,3.96,2.33,14.12,2,0,0,25.1,24.8,0,1224.1,0.0228
3942.6,77.6,24.2,59.9,93.6,31.8,93.2,0.177,16.31,12.34,13.81,4,0,0,77.6,79.1,2,112.5,0.7512
1037.7,0.0,2.4,27.4,30.4,30.1,86.8,0.761,-0.13,0.95,13.98,0,0,0,0.0,0.0,0,725.2,0.0215
1038.4,0.0,2.3,35.2,35.8,30.6,88.5,0.278,3.06,-0.38,14.06,0,0,1,0.0,0.0,0,1252.4,0.0737
3309.7,38.6,12.2,46.2,50.3,38.8,87.2,0.755,-1.42,3.34,14.14,2,0,0,38.6,38.4,0,1411.3,0.0401
2269.5,23.1,10.2,59.2,54.5,36.2,91.0,0.82,-0.24,0.17,14.18,2,0,0,23.1,23.5,0,1204.2,0.0244
1044.6,0.0,1.8,30.3,32.6,33.2,89.2,0.23,2.64,1.41,14.08,0,0,0,0.0,0.0,0,1493.7,0.0678
1090.6,0.0,2.2,31.9,31.9,44.8,107.9,0.777,8.24,2.4,13.89,0,0,0,0.0,0.0,1,42.7,0.7676
3709.1,98.4,21.7,67.0,66.2,45.2,109.4,0.879,5.62,5.18,13.48,5,0,0,98.4,99.2,1,23.7,0.7733
3394.3,90.5,24.9,69.2,70.8,33.0,90.8,0.201,1.64,2.61,14.08,5,0,0,90.5,91.1,0,843.0,0.0284
1561.1,16.7,18.7,49.3,47.9,38.6,115.0,0.752,9.02,5.41,14.13,2,0,0,16.7,16.7,1,66.0,0.9081
2021.5,25.4,20.7,48.6,48.7,37.7,115.3,0.737,9.04,4.14,14.03,2,0,0,25.4,25.3,1,24.4,0.7857
2276.6,30.1,9.9,50.9,51.4,30.7,90.2,0.323,-0.51,0.58,14.28,2,0,0,30.1,30.2,0,1043.1,0.052
2570.2,43.9,20.9,59.4,58.7,30.3,85.8,0.754,0.89,0.85,14.11,3,0,0,43.9,43.3,0,1320.7,0.0758
1038.9,0.0,1.8,30.7,33.7,35.5,85.7,0.262,1.55,0.99,14.01,0,0,0,0.0,0.0,0,1180.4,0.0249
1033.9,0.0,1.8,36.4,35.9,32.9,87.9,0.712,2.35,0.98,13.93,0,0,1,0.0,0.0,0,1047.4,0.0487
2386.5,39.5,8.2,46.6,49.4,41.0,121.6,0.867,4.12,4.62,14.08,3,0,0,39.5,40.0,1,59.0,0.7528
910.4,0.0,2.0,36.5,65.0,31.0,93.6,0.183,13.91,12.3,13.98,0,0,0,0.0,0.0,2,71.6,0.8615
1023.3,0.0,2.0,29.4,30.1,28.9,85.8,0.534,2.32,0.36,10.78,0,0,1,0.0,0.0,3,41.0,0.8821
1052.0,0.0,2.1,35.3,36.0,43.9,114.3,0.671,5.88,4.13,13.82,0,0,0,0.0,0.0,1,15.3,0.7557
2264.5,38.6,10.7,39.9,38.5,37.7,94.2,0.855,1.3,1.15,13.92,3,0,0,38.6,38.2,0,784.5,0.0605
2676.5,70.5,27.4,57.2,56.3,37.5,83.4,0.281,1.01,0.44,14.21,5,0,0,70.5,69.8,0,1444.3,0.0431
1791.2,33.5,14.9,35.4,66.3,31.3,95.6,0.2,18.54,15.65,14.17,3,0,0,33.5,33.4,2,44.9,0.8024
1033.0,0.0,2.3,33.6,34.5,31.8,89.8,0.222,0.91,1.85,14.16,0,0,1,0.0,0.0,0,1100.9,0.0253
4573.4,56.5,80.0,82.4,82.9,38.2,117.7,0.749,9.53,5.74,13.82,2,0,0,56.5,55.9,1,24.9,0.8981
2582.5,40.5,6.0,43.2,67.6,30.3,88.3,0.057,15.08,14.96,13.94,3,0,0,40.5,41.0,2,32.3,0.699
3011.1,77.6,24.6,53.1,56.1,36.0,115.7,0.716,6.73,5.75,13.69,5,0,0,77.6,77.5,1,37.1,0.7995
974.7,0.0,2.0,35.7,60.1,32.7,97.5,0.126,16.83,16.25,13.9,0,0,0,0.0,0.0,2,78.5,0.799
2004.1,16.9,19.5,55.9,52.8,39.2,89.7,0.223,2.2,0.76,14.27,1,0,0,16.9,16.7,0,1222.8,0.0442
1039.8,0.0,2.5,30.3,33.1,41.8,119.7,0.705,5.94,3.55,14.03,0,0,0,0.0,0.0,1,37.4,0.8201
1207.2,0.0,2.3,37.9,61.0,33.2,91.7,0.088,17.83,14.86,13.92,0,0,0,0.0,0.0,2,33.3,0.8595
1094.7,0.0,2.1,40.2,33.6,38.1,84.9,0.736,0.83,0.51,14.06,0,0,0,0.0,0.0,0,717.6,0.0795
3570.9,93.1,31.1,64.1,63.5,39.2,111.9,0.899,7.82,4.96,13.37,5,0,0,93.1,92.2,1,58.7,0.745
2340.9,25.8,19.7,46.5,46.9,34.9,93.9,0.811,0.96,0.98,14.03,2,0,0,25.8,25.9,0,1323.4,0.0739
2270.4,26.3,12.8,48.5,45.1,36.0,86.4,0.223,-0.29,1.39,10.49,2,0,0,26.3,26.0,3,27.1,0.8346
3152.9,87.8,18.5,63.1,61.5,29.2,87.2,0.242,0.7,0.46,14.01,5,0,0,87.8,87.3,0,916.1,0.0709
1001.8,0.0,2.2,32.7,32.5,32.3,87.8,0.794,3.24,1.21,14.04,0,0,0,0.0,0.0,0,754.6,0.0203
3381.0,89.3,19.3,60.6,59.1,34.1,89.2,0.865,-0.21,1.84,14.2,5,0,0,89.3,89.9,0,716.6,0.0555
3483.3,73.5,22.3,64.9,62.8,39.6,117.4,0.85,7.82,2.29,13.87,4,0,0,73.5,72.7,1,46.5,0.7603
2532.4,44.1,9.7,38.6,37.6,30.5,81.3,0.799,2.04,2.82,14.14,3,0,0,44.1,43.7,0,770.7,0.0595
1048.9,0.0,2.3,35.6,33.6,31.6,89.3,0.181,2.94,1.86,14.09,0,0,0,0.0,0.0,0,886.7,0.0174
3788.1,80.7,26.4,62.0,64.9,40.0,84.3,0.228,4.01,0.2,14.26,4,0,0,80.7,79.1,0,1370.9,0.0395
3546.2,90.1,32.0,63.5,63.4,35.0,89.2,0.576,0.58,0.34,10.53,5,0,0,90.1,91.5,3,13.6,0.9341
2394.4,40.2,19.7,51.4,55.0,35.5,89.8,0.319,1.28,1.44,14.33,3,0,0,40.2,40.7,0,978.8,0.019
4266.1,89.3,28.7,61.9,62.3,35.7,82.9,0.804,3.46,1.53,14.29,4,0,0,89.3,88.2,0,938.9,0.0687
1886.0,12.2,6.2,51.8,75.5,32.5,96.9,0.112,20.64,15.1,14.09,1,0,0,12.2,12.4,2,55.6,0.7285
1007.0,0.0,2.2,37.4,32.6,30.0,81.4,0.778,1.52,0.63,13.99,0,0,0,0.0,0.0,0,1061.0,0.044
2392.7,40.1,20.7,47.9,49.2,31.5,84.5,0.493,5.35,1.67,10.27,3,0,0,40.1,39.5,3,41.4,0.8461
1064.6,0.0,2.3,35.7,35.5,33.3,87.8,0.199,0.73,1.03,13.97,0,0,0,0.0,0.0,0,1293.5,0.0166
2457.2,18.6,21.7,35.6,37.0,40.0,120.4,0.737,6.92,3.18,13.89,1,0,0,18.6,18.5,1,9.0,0.8443
4107.5,64.3,40.8,85.6,84.6,39.3,87.0,0.738,0.57,1.59,14.28,3,0,0,64.3,65.1,0,1095.1,0.0513
1022.4,0.0,2.3,35.2,31.9,31.5,81.7,0.297,2.62,3.4,13.93,0,0,0,0.0,0.0,0,1321.5,0.0737
2291.2,27.5,21.2,48.4,48.9,35.0,111.5,0.822,9.5,3.54,13.6,2,0,0,27.5,27.3,1,59.7,0.9596
1046.2,0.0,2.1,32.3,33.7,36.6,77.9,0.823,0.15,1.25,13.96,0,0,0,0.0,0.0,0,1446.2,0.0512
4275.5,95.5,75.5,92.4,98.0,36.7,98.3,0.068,20.39,11.65,13.61,4,0,0,95.5,97.1,2,95.8,0.8724
2731.5,72.4,20.7,67.1,65.6,28.1,89.0,0.873,1.35,1.31,14.16,5,0,0,72.4,72.4,0,898.6,0.0462
1755.8,23.6,21.9,51.2,48.5,36.0,84.7,0.735,0.89,1.36,14.17,2,0,0,23.6,23.7,0,1264.5,0.0399
3459.0,89.7,17.8,51.9,54.2,29.9,90.3,0.181,0.83,1.06,14.07,5,0,0,89.7,88.7,0,984.4,0.022
5549.1,70.0,50.9,75.1,74.9,36.6,82.8,0.593,1.33,2.02,10.35,2,0,0,70.0,69.8,3,36.3,0.9574
4400.5,73.1,51.2,87.9,87.7,37.8,90.1,0.226,-1.77,2.63,14.0,3,0,0,73.1,71.9,0,1470.6,0.0251
4299.5,57.1,50.0,89.0,87.4,35.4,93.1,0.295,2.21,2.98,14.16,2,0,0,57.1,56.2,0,715.6,0.0631
1075.8,0.0,1.9,30.5,31.1,36.0,86.1,0.295,1.62,0.16,14.24,0,0,0,0.0,0.0,0,888.2,0.0501
2355.3,29.5,11.4,46.6,45.2,35.6,90.4,0.738,2.41,2.35,14.12,2,0,0,29.5,29.7,0,1324.4,0.0618
1937.5,32.0,21.6,39.0,39.2,36.8,77.3,0.299,1.25,0.7,14.12,3,0,0,32.0,32.4,0,1010.8,0.0771
2327.0,27.0,10.8,54.0,54.2,40.7,87.3,0.348,0.55,2.49,10.47,2,0,0,27.0,27.1,3,13.9,0.8053
2805.8,73.5,33.7,67.9,66.8,28.2,87.7,0.345,4.26,2.63,14.32,5,0,0,73.5,74.4,0,1000.2,0.0555
1271.1,0.0,1.9,37.2,64.1,33.1,98.9,0.198,22.73,14.81,14.24,0,0,0,0.0,0.0,2,31.2,0.8988
1079.9,0.0,2.1,32.4,35.3,34.3,86.2,0.184,0.92,1.21,13.98,0,0,0,0.0,0.0,0,933.1,0.0554
2704.6,72.1,26.2,62.1,62.8,47.4,112.9,0.729,8.03,3.32,13.9,5,0,0,72.1,73.2,1,34.5,0.9191
4123.8,70.4,55.3,84.2,86.4,34.6,88.2,0.353,-3.27,0.96,10.71,3,0,0,70.4,70.9,3,7.1,0.8684
1001.7,0.0,2.2,31.2,32.7,32.9,88.8,0.267,0.54,1.83,13.99,0,0,0,0.0,0.0,0,1212.6,0.031
4770.3,78.9,78.4,86.6,85.1,33.7,90.3,0.603,-2.41,0.49,10.26,3,0,0,78.9,77.4,3,21.8,0.8276
2582.1,41.0,13.2,40.6,42.0,39.1,85.4,0.754,1.02,2.03,14.03,3,0,0,41.0,41.0,0,915.5,0.0281
2459.2,27.3,14.4,34.1,35.6,35.0,87.1,0.41,2.25,-0.3,11.2,2,0,0,27.3,27.4,3,35.4,0.8614
2550.6,18.2,7.3,41.4,41.8,43.9,120.6,0.878,6.63,3.79,14.19,1,0,0,18.2,18.0,1,17.9,0.7487
2720.8,32.5,8.6,37.7,37.4,28.8,86.5,0.248,3.55,1.91,14.08,2,0,0,32.5,32.7,0,1145.3,0.0523
4134.6,84.4,77.7,77.2,80.1,31.4,87.0,0.785,4.03,0.39,14.06,4,0,0,84.4,84.6,0,738.4,0.0749
1027.1,0.0,2.4,39.1,39.0,31.4,86.6,0.808,-0.18,2.72,14.05,0,0,0,0.0,0.0,0,1385.1,0.0414
1068.9,0.0,1.9,34.2,32.7,25.9,92.0,0.256,2.98,1.7,13.93,0,0,0,0.0,0.0,0,1068.2,0.0481
1073.7,0.0,2.1,32.2,33.1,29.8,83.0,0.324,3.73,0.27,14.0,0,0,1,0.0,0.0,0,1092.5,0.0728
2195.8,16.4,21.2,49.9,50.8,33.6,83.9,0.233,2.87,1.18,14.26,1,0,0,16.4,16.4,0,822.1,0.0137
3108.3,47.3,12.5,42.1,43.6,32.8,90.6,0.332,0.14,1.63,14.08,3,0,0,47.3,47.9,0,1021.9,0.0453
1013.2,0.0,2.3,28.0,61.7,37.5,91.1,0.158,21.27,16.74,14.16,0,0,0,0.0,0.0,2,71.2,0.8297
2361.4,28.4,20.9,41.2,42.7,34.2,86.8,0.205,2.56,2.07,14.1,2,0,0,28.4,28.4,0,1255.2,0.0623
1055.7,0.0,1.9,37.7,36.9,29.9,84.4,0.854,1.12,1.73,14.02,0,0,0,0.0,0.0,0,983.6,0.0721
3315.0,92.1,27.0,57.7,59.6,39.2,112.9,0.79,2.88,4.41,13.85,5,0,0,92.1,91.6,1,39.6,0.948
3819.7,80.0,26.5,60.5,60.6,28.8,92.2,0.195,3.03,2.44,14.16,4,0,0,80.0,80.9,0,821.7,0.0605
1066.4,0.0,2.4,35.8,31.5,35.2,81.8,0.686,2.8,1.27,14.09,0,0,0,0.0,0.0,0,1383.1,0.0772
2437.0,27.3,10.0,52.6,52.7,26.2,85.4,0.292,-0.71,0.99,14.06,2,0,0,27.3,26.8,0,882.8,0.0692
1030.4,0.0,2.3,32.0,34.3,31.9,84.5,0.642,1.96,1.94,10.38,0,0,1,0.0,0.0,3,7.1,0.968
1095.1,0.0,2.3,32.3,64.1,34.7,91.4,0.197,19.12,15.06,13.86,0,0,1,0.0,0.0,2,100.2,0.8887
2279.3,37.8,11.4,47.7,50.0,35.3,94.4,0.246,1.46,1.03,14.23,3,0,0,37.8,37.1,0,965.8,0.0507
1033.9,0.0,2.3,31.0,31.0,45.5,110.5,0.885,10.07,3.62,14.03,0,0,0,0.0,0.0,1,45.1,0.8583
2345.9,27.9,9.6,53.5,51.2,34.0,92.9,0.213,1.2,2.76,13.96,2,0,0,27.9,27.8,0,1126.0,0.0173
1034.5,0.0,2.4,35.3,35.1,51.6,123.6,0.862,11.82,3.15,13.95,0,0,0,0.0,0.0,1,66.4,0.8481
1038.4,0.0,2.3,35.3,34.4,42.5,121.7,0.666,10.61,2.6,13.77,0,0,0,0.0,0.0,1,62.5,0.931
1034.0,0.0,2.3,31.0,34.6,44.3,114.2,0.885,7.58,3.78,13.83,0,0,1,0.0,0.0,1,24.8,0.8702
3070.1,24.8,20.5,50.7,49.9,31.3,88.8,0.725,0.36,-0.04,14.02,1,0,0,24.8,24.5,0,1140.8,0.0267
1921.7,22.7,20.6,59.7,59.7,35.1,86.2,0.855,-1.98,0.78,14.34,2,0,0,22.7,22.4,0,1116.0,0.0751
4526.0,52.9,43.7,80.6,81.1,35.9,86.7,0.729,0.88,2.69,14.05,2,0,0,52.9,53.7,0,1197.2,0.0571
3175.6,77.2,22.1,63.5,85.9,30.0,94.0,0.16,17.4,14.9,14.31,4,0,0,77.2,77.7,2,89.9,0.8605
2573.0,42.9,16.1,43.0,40.8,38.0,81.6,0.725,1.63,1.14,14.12,3,0,0,42.9,42.3,0,1095.4,0.0754
4645.0,77.1,49.8,92.6,98.0,37.7,97.6,0.195,10.67,13.33,14.11,3,0,0,77.1,76.0,2,48.3,0.8235
3565.9,71.9,21.9,64.0,64.8,33.6,80.9,0.282,-1.2,0.3,10.01,4,0,0,71.9,70.7,3,16.4,0.8645
1003.4,0.0,1.8,36.7,38.3,28.0,80.6,0.762,0.98,0.43,14.17,0,0,1,0.0,0.0,0,1461.8,0.07
1030.9,0.0,1.9,40.4,38.3,38.3,117.1,0.838,7.54,2.22,13.85,0,0,0,0.0,0.0,1,64.6,0.8204
1063.7,0.0,1.9,34.0,32.6,42.5,114.8,0.666,7.27,3.77,13.69,0,0,0,0.0,0.0,1,22.9,0.749
2139.5,35.1,15.3,46.0,46.4,33.8,87.4,0.228,-2.9,0.46,10.47,3,0,0,35.1,35.4,3,12.0,0.9329
1054.6,0.0,1.9,36.9,35.8,37.9,83.6,0.385,0.03,0.34,11.38,0,0,0,0.0,0.0,3,23.3,0.9589
4875.0,82.5,50.4,77.4,74.8,43.6,113.3,0.677,6.39,5.58,13.84,3,0,0,82.5,82.0,1,66.8,0.8637
4900.5,81.4,76.6,82.1,80.2,34.9,88.5,0.233,2.64,2.68,14.32,3,0,0,81.4,81.8,0,1273.5,0.0218
3385.6,71.6,29.2,60.9,84.1,29.3,92.5,0.193,17.95,14.78,13.73,4,0,0,71.6,71.0,2,68.6,0.8403
2228.8,15.3,14.9,62.6,60.9,29.5,81.3,0.314,2.12,-0.3,14.32,1,0,0,15.3,15.0,0,1134.2,0.0343
3694.8,90.9,30.6,63.7,83.9,27.3,97.3,0.125,17.5,16.54,13.91,5,0,0,90.9,91.9,2,41.5,0.9177
3303.5,37.2,69.6,88.9,86.8,26.0,87.9,0.357,-0.47,0.85,10.94,2,0,0,37.2,36.8,3,8.0,0.8081
2470.9,20.2,12.7,51.3,48.1,37.2,91.5,0.685,0.05,1.12,14.2,1,0,0,20.2,20.2,0,1045.7,0.0702
2494.5,20.3,12.4,57.6,58.9,38.7,115.4,0.772,12.32,1.3,13.76,1,0,0,20.3,20.1,1,25.8,0.7657
1048.0,0.0,2.1,38.9,35.1,26.5,85.7,0.258,0.69,1.81,14.09,0,0,0,0.0,0.0,0,749.3,0.0781
1030.1,0.0,2.4,31.5,31.7,29.5,85.9,0.258,0.87,2.38,14.08,0,0,1,0.0,0.0,0,831.3,0.0586
1917.1,22.2,20.3,45.0,44.7,32.0,88.0,0.684,-0.08,-0.58,14.23,2,0,0,22.2,22.3,0,738.6,0.0773
3691.1,74.3,28.6,58.5,83.8,38.1,94.8,0.114,21.82,12.53,14.19,4,0,0,74.3,74.6,2,85.7,0.8416
1787.7,29.2,7.9,44.6,45.9,30.1,90.7,0.488,0.36,1.37,11.15,3,0,0,29.2,29.2,3,21.5,0.802
1043.7,0.0,1.8,31.4,33.6,37.4,86.7,0.545,-0.04,1.43,10.34,0,0,1,0.0,0.0,3,43.7,0.806
2453.9,20.7,17.3,46.8,44.7,34.2,93.1,0.848,1.55,1.18,14.21,1,0,0,20.7,20.7,0,792.6,0.0763
2902.1,62.3,28.5,59.9,79.8,35.3,89.3,0.11,22.81,12.24,14.02,4,0,0,62.3,63.0,2,20.4,0.6596
3295.9,70.9,17.3,49.3,49.3,34.2,110.8,0.804,8.33,3.18,14.07,4,0,0,70.9,72.3,1,35.4,0.7405
2070.1,17.9,15.2,48.7,46.6,32.2,88.0,0.262,2.76,1.35,14.24,1,0,0,17.9,18.3,0,1034.1,0.0211
2020.2,25.3,7.1,43.4,43.1,31.8,96.8,0.709,0.62,1.81,14.22,2,0,0,25.3,25.8,0,1290.5,0.0275
3523.0,89.3,29.3,69.6,67.6,35.6,84.7,0.273,1.02,1.89,14.27,5,0,0,89.3,88.9,0,1334.4,0.0141
2304.3,36.4,17.7,36.8,38.8,38.9,82.7,0.695,3.78,0.8,10.94,3,0,0,36.4,36.5,3,31.2,0.8676
3297.8,85.4,33.9,71.7,70.5,40.1,123.4,0.796,8.86,5.25,13.94,5,0,0,85.4,84.8,1,65.6,0.7355
2389.4,28.1,18.7,45.3,44.4,37.8,114.2,0.884,7.37,2.26,13.68,2,0,0,28.1,28.1,1,53.4,0.9397
1066.0,0.0,2.3,31.6,32.9,33.1,84.2,0.284,1.34,0.32,13.97,0,0,0,0.0,0.0,0,844.6,0.0383
2616.5,31.4,19.6,41.4,40.4,43.0,116.1,0.746,6.27,4.13,14.06,2,0,0,31.4,30.9,1,74.8,0.9121
2403.4,19.4,15.1,55.4,55.8,33.3,83.2,0.787,0.74,1.8,14.18,1,0,0,19.4,19.3,0,1195.2,0.0519
3306.0,39.4,8.3,44.1,43.9,32.2,84.7,0.755,-0.4,1.08,14.24,2,0,0,39.4,38.9,0,1202.5,0.077
3299.6,90.2,18.5,59.5,59.8,48.7,117.3,0.71,9.38,3.99,13.86,5,0,0,90.2,89.1,1,63.6,0.742
1013.1,0.0,2.5,34.2,33.6,31.4,81.4,0.777,0.39,1.97,14.01,0,0,0,0.0,0.0,0,1075.1,0.0323
2787.7,18.8,14.7,46.4,74.4,30.9,94.3,0.166,15.93,11.45,13.76,1,0,0,18.8,18.6,2,26.8,0.9107
2713.3,32.1,15.6,58.8,59.7,36.2,91.7,0.247,1.26,-0.07,14.1,2,0,0,32.1,32.3,0,775.3,0.0407
2848.2,23.9,6.4,44.8,42.0,44.2,119.5,0.782,4.29,2.53,14.3,1,0,0,23.9,24.1,1,58.9,0.8095
3210.1,86.1,28.4,72.2,75.3,28.1,85.2,0.185,2.38,0.38,14.21,5,0,0,86.1,87.3,0,1078.1,0.0453
3851.2,79.3,29.2,59.8,58.2,37.7,84.0,0.82,-0.28,0.83,14.22,4,0,0,79.3,80.3,0,1127.7,0.0568
3274.6,86.5,16.4,68.4,70.1,36.1,89.4,0.809,-0.15,1.35,14.17,5,0,0,86.5,85.2,0,1405.9,0.0688
3406.6,87.0,22.1,62.6,63.7,31.5,84.6,0.683,2.59,1.75,14.2,5,0,0,87.0,87.0,0,1191.3,0.0207
2340.2,42.2,21.1,47.2,50.8,35.5,81.9,0.365,5.86,1.36,9.68,3,0,0,42.2,42.0,3,17.9,0.8853
1970.4,21.8,17.9,47.1,47.7,35.3,86.7,0.196,-0.75,0.99,14.07,2,0,0,21.8,21.8,0,867.0,0.022
2577.7,39.0,16.0,41.3,68.6,35.1,98.1,0.151,18.15,14.67,13.78,3,0,0,39.0,39.3,2,38.8,0.8611
2756.6,44.3,11.2,41.8,41.5,32.6,84.2,0.676,-1.98,2.16,9.87,3,0,0,44.3,44.2,3,32.1,0.937
2415.9,20.3,9.6,50.7,49.5,28.6,85.0,0.752,3.95,1.83,14.38,1,0,0,20.3,20.0,0,1177.3,0.0707
2434.0,26.6,8.2,48.6,45.9,32.4,94.1,0.785,1.55,1.49,14.11,2,0,0,26.6,26.7,0,742.0,0.0184
1039.2,0.0,2.3,35.9,34.5,46.7,114.2,0.747,9.15,4.18,13.74,0,0,0,0.0,0.0,1,28.3,0.8315
1056.0,0.0,2.0,37.1,35.3,36.6,90.2,0.506,2.96,1.46,11.21,0,0,0,0.0,0.0,3,13.7,0.9169
1023.2,0.0,2.0,30.3,31.8,31.3,82.8,0.385,-1.02,0.12,10.74,0,0,0,0.0,0.0,3,28.1,0.987
2195.7,27.2,6.8,47.4,47.5,38.1,87.4,0.701,-0.11,1.21,14.13,2,0,0,27.2,27.0,0,1459.1,0.0537
3229.5,69.7,21.5,53.7,82.2,25.6,95.8,0.116,15.97,13.65,13.93,4,0,0,69.7,69.3,2,50.4,0.7751
1026.1,0.0,2.2,36.0,36.0,30.9,84.8,0.709,2.84,2.52,13.99,0,0,1,0.0,0.0,0,1474.7,0.0215
1933.4,12.5,19.1,45.6,46.0,29.4,85.8,0.529,0.37,0.75,10.51,1,0,0,12.5,12.5,3,15.0,0.9656
3042.0,52.0,10.5,53.4,52.5,33.7,87.9,0.304,0.42,1.5,10.28,3,0,0,52.0,52.4,3,30.3,0.8219
1099.7,0.0,2.2,39.8,34.7,31.4,83.5,0.184,0.69,2.09,14.07,0,0,1,0.0,0.0,0,1108.1,0.0476
2012.2,24.2,12.3,55.4,50.7,33.7,82.1,0.243,3.58,1.19,14.03,2,0,0,24.2,24.5,0,1486.6,0.0791
2098.6,36.3,6.1,46.2,45.1,30.4,90.2,0.718,-0.61,1.53,13.95,3,0,0,36.3,35.6,0,1099.9,0.0792
2912.9,80.0,25.0,69.4,69.5,32.2,83.2,0.831,-1.15,2.03,14.04,5,0,0,80.0,79.7,0,1351.7,0.0426
1983.5,34.0,13.5,44.7,68.0,30.3,94.6,0.193,18.48,8.86,13.97,3,0,0,34.0,33.8,2,65.2,0.6836
2322.2,38.2,6.7,48.9,50.5,34.8,85.2,0.877,3.62,1.19,14.19,3,0,0,38.2,38.2,0,911.4,0.0343
3874.8,85.1,14.7,61.4,63.0,31.0,89.0,0.264,0.23,1.12,14.13,4,0,0,85.1,84.4,0,1484.2,0.0678
1037.5,0.0,2.1,36.2,34.2,34.1,83.7,0.86,1.01,1.33,14.18,0,0,0,0.0,0.0,0,913.8,0.0566
2712.0,22.6,10.1,46.0,46.0,32.1,87.3,0.691,-0.07,1.87,10.55,1,0,0,22.6,22.4,3,39.6,0.9197
2086.4,37.1,11.4,42.0,41.4,48.2,121.2,0.756,8.81,3.34,13.74,3,0,0,37.1,36.4,1,18.0,0.8257
3208.5,84.1,19.4,66.0,63.3,26.6,90.5,0.767,1.64,1.84,14.03,5,0,0,84.1,84.2,0,764.8,0.0678
3585.0,76.3,20.6,66.7,67.0,34.8,85.8,0.856,4.43,1.67,14.18,4,0,0,76.3,75.7,0,1497.2,0.0491
4638.2,56.0,45.6,94.0,90.8,34.5,87.2,0.604,1.5,3.84,10.19,2,0,0,56.0,56.2,3,41.0,0.9577
1265.8,0.0,2.0,32.0,53.9,28.7,99.6,0.067,21.36,16.54,14.07,0,0,0,0.0,0.0,2,23.2,0.8062
4484.8,95.9,81.6,88.9,90.9,32.4,86.3,0.212,-0.29,1.36,14.22,4,0,0,95.9,96.4,0,1383.8,0.027
2169.5,16.5,9.3,49.9,51.1,31.4,83.8,0.829,2.73,0.7,14.16,1,0,0,16.5,16.7,0,1424.2,0.0797
1088.5,0.0,2.3,34.1,34.1,28.5,88.7,0.23,2.36,1.32,14.05,0,0,1,0.0,0.0,0,1491.7,0.059
2371.7,27.8,14.0,52.0,51.7,33.4,79.0,0.777,2.09,1.58,14.37,2,0,0,27.8,27.9,0,895.2,0.0765
3444.3,90.7,30.4,62.2,60.5,28.8,92.1,0.311,0.76,1.64,14.1,5,0,0,90.7,89.8,0,1209.7,0.0498
2192.3,34.1,20.6,42.0,39.6,37.2,84.0,0.519,0.36,1.73,10.87,3,0,0,34.1,33.9,3,19.6,0.9842
1044.6,0.0,2.3,32.6,33.6,34.5,82.6,0.747,2.45,1.78,14.2,0,0,0,0.0,0.0,0,1469.8,0.0549
5776.2,63.3,63.9,80.8,98.0,36.5,97.7,0.074,18.03,12.72,13.77,2,0,0,63.3,62.9,2,115.6,0.7094
2249.5,14.6,12.4,50.0,47.1,36.2,86.6,0.782,0.02,1.69,14.3,1,0,0,14.6,14.8,0,1477.9,0.0266
3479.5,76.4,22.1,61.4,60.6,36.1,119.0,0.856,6.06,5.76,13.74,4,0,0,76.4,76.6,1,28.3,0.7729
3411.6,26.7,19.1,38.2,43.0,41.1,128.5,0.808,11.01,2.93,14.1,1,0,0,26.7,26.8,1,44.0,0.7923
3794.9,99.7,21.5,61.7,60.7,36.8,83.5,0.214,0.46,1.77,14.17,5,0,0,99.7,101.4,0,1171.9,0.0454
2962.0,50.4,21.2,44.9,45.0,34.2,81.4,0.294,2.71,1.98,14.18,3,0,0,50.4,50.5,0,999.6,0.0339
1074.9,0.0,2.4,32.7,33.4,39.7,116.7,0.687,7.23,4.47,13.71,0,0,1,0.0,0.0,1,22.9,0.741
3558.1,92.7,22.2,58.4,59.0,30.0,87.8,0.315,2.9,0.46,14.41,5,0,0,92.7,91.6,0,1419.6,0.0586
2849.9,45.5,18.1,48.3,49.8,37.3,87.1,0.756,-0.02,1.46,14.0,3,0,0,45.5,45.8,0,1074.9,0.0455
2699.2,33.2,6.3,43.1,41.6,34.4,86.3,0.788,0.43,2.18,14.27,2,0,0,33.2,33.8,0,936.2,0.0614
2890.8,34.6,12.6,51.4,49.1,28.4,87.6,0.553,1.1,1.39,10.87,2,0,0,34.6,34.6,3,42.3,0.9557
1023.4,0.0,2.3,44.2,39.9,25.7,86.2,0.778,0.82,1.34,14.17,0,0,0,0.0,0.0,0,770.5,0.0196
2193.3,24.3,17.3,46.5,67.2,26.3,96.2,0.068,20.92,11.37,13.74,2,0,0,24.3,23.9,2,36.2,0.8006
1057.0,0.0,1.9,33.8,37.1,38.1,86.3,0.792,1.1,1.23,14.08,0,0,1,0.0,0.0,0,979.9,0.059
1155.5,0.0,2.4,33.4,59.7,36.9,98.1,0.191,28.58,12.6,14.13,0,0,0,0.0,0.0,2,67.0,0.9055
3329.7,72.9,16.7,52.1,55.1,29.3,88.2,0.752,1.83,1.05,14.23,4,0,0,72.9,71.6,0,1228.0,0.0373
3663.5,73.5,26.3,61.8,86.0,35.2,96.1,0.11,11.51,16.57,13.89,4,0,0,73.5,73.3,2,103.5,0.8093
3338.5,88.0,29.2,63.4,61.4,34.3,87.6,0.775,2.3,1.75,14.14,5,0,0,88.0,89.7,0,1078.2,0.0196
1028.9,0.0,1.9,37.7,35.4,40.1,110.7,0.732,12.75,3.32,13.83,0,0,0,0.0,0.0,1,41.5,0.8367
2177.7,34.9,10.1,46.8,46.0,46.6,113.4,0.842,7.13,3.92,13.9,3,0,0,34.9,35.2,1,40.2,0.9424
3580.8,96.3,29.7,57.9,62.2,27.2,88.0,0.343,1.62,2.29,14.37,5,0,0,96.3,95.1,0,1142.3,0.0239
4055.5,86.8,62.9,89.7,85.5,29.7,87.5,0.867,4.91,0.28,14.18,4,0,0,86.8,87.3,0,1158.4,0.0422
1035.0,0.0,2.2,33.5,33.8,38.6,84.9,0.312,3.11,0.03,14.16,0,0,0,0.0,0.0,0,1079.2,0.0671
5301.3,86.3,68.5,69.9,70.9,38.1,86.4,0.297,4.97,1.33,14.13,3,0,0,86.3,86.8,0,753.5,0.0519
2781.8,32.8,19.2,47.7,70.7,33.5,94.8,0.143,18.14,16.92,13.88,2,0,0,32.8,33.2,2,94.9,0.7788
2172.2,15.5,16.8,41.8,44.7,30.8,90.3,0.227,2.86,1.43,13.96,1,0,0,15.5,15.7,0,757.5,0.0653
1052.7,0.0,2.4,32.0,32.0,34.6,91.8,0.771,1.04,0.25,13.91,0,0,0,0.0,0.0,0,1273.9,0.0396
3824.0,81.4,20.9,58.8,59.2,40.6,119.1,0.736,6.29,5.49,13.78,4,0,0,81.4,82.3,1,35.8,0.7238
2392.1,29.8,15.1,50.8,53.3,27.7,89.1,0.682,3.59,0.81,14.11,2,0,0,29.8,29.7,0,1096.3,0.0426
3071.5,80.9,16.8,63.3,65.1,29.2,92.4,0.684,4.7,1.88,14.04,5,0,0,80.9,79.8,0,1065.0,0.0287
3849.7,41.7,75.5,82.4,82.7,32.4,86.0,0.344,3.08,0.94,14.16,2,0,0,41.7,42.4,0,1060.3,0.0537
2666.3,19.7,14.8,57.2,58.4,33.2,89.9,0.551,4.1,0.64,10.96,1,0,0,19.7,19.8,3,11.8,0.8471
1853.1,25.1,12.4,45.8,64.2,36.1,87.1,0.125,25.68,14.72,13.95,2,0,0,25.1,25.1,2,23.0,0.6694
4815.4,61.4,65.0,87.3,98.0,31.9,95.4,0.089,10.61,12.76,14.01,2,0,0,61.4,61.1,2,38.6,0.651
4468.0,72.8,82.3,72.6,73.5,36.3,86.3,0.789,1.6,1.91,14.16,3,0,0,72.8,72.1,0,1099.6,0.0635
1286.5,0.0,2.1,33.1,66.7,26.7,96.8,0.153,23.22,14.58,13.83,0,0,0,0.0,0.0,2,65.0,0.6975
2590.8,44.5,21.8,62.1,60.8,35.7,89.8,0.226,1.0,0.37,14.14,3,0,0,44.5,44.1,0,1275.1,0.0144
3293.9,70.3,15.4,55.7,52.6,31.1,86.9,0.186,1.59,1.04,14.09,4,0,0,70.3,70.5,0,953.2,0.0321
3839.7,100.7,26.0,62.3,61.3,33.7,92.6,0.693,3.46,0.24,14.19,5,0,0,100.7,98.6,0,1085.2,0.0797
2220.5,33.9,6.4,39.8,38.6,28.8,84.7,0.263,2.41,1.72,14.34,3,0,0,33.9,33.6,0,1036.9,0.0364
2443.9,19.1,21.7,49.5,48.2,31.5,84.5,0.869,0.98,1.54,14.1,1,0,0,19.1,19.1,0,956.6,0.0718
1527.5,24.8,11.8,42.3,39.9,33.3,88.7,0.283,3.66,2.84,14.3,3,0,0,24.8,25.1,0,1108.7,0.0264
2112.6,26.8,13.7,56.6,54.7,33.5,88.1,0.197,4.0,1.05,14.16,2,0,0,26.8,26.6,0,1351.4,0.0504
2331.5,17.9,11.1,33.2,35.2,32.7,87.9,0.275,1.0,1.73,14.17,1,0,0,17.9,18.1,0,1127.9,0.0108
3656.2,96.4,30.3,60.6,56.8,37.2,113.3,0.656,3.44,1.86,13.75,5,0,0,96.4,97.7,1,36.4,0.9397
3357.0,89.2,18.1,67.8,69.3,31.4,81.0,0.784,1.59,1.36,14.35,5,0,0,89.2,88.1,0,1195.0,0.0207
1073.5,0.0,2.4,36.8,38.3,43.4,116.8,0.794,7.76,4.09,13.77,0,0,0,0.0,0.0,1,62.7,0.9587
4764.8,82.1,80.8,82.2,81.1,28.9,81.5,0.78,2.15,3.1,14.32,3,0,0,82.1,82.0,0,860.2,0.022
3783.3,100.6,18.4,61.4,90.3,28.2,88.4,0.102,21.69,12.63,13.74,5,0,0,100.6,100.4,2,28.7,0.8634
1055.0,0.0,2.4,32.7,33.6,31.1,85.9,0.191,2.58,1.33,14.04,0,0,0,0.0,0.0,0,1008.8,0.0436
2402.2,32.3,17.2,39.6,41.3,35.8,84.5,0.319,2.15,1.43,14.18,2,0,0,32.3,32.1,0,1451.7,0.0681
2845.7,59.3,23.0,60.4,60.3,29.3,84.7,0.216,5.55,1.29,13.94,4,0,0,59.3,60.3,0,907.5,0.0696
2363.7,19.5,7.7,55.6,53.6,47.6,112.9,0.841,6.47,3.31,13.72,1,0,0,19.5,19.3,1,60.2,0.8847
2222.7,34.8,10.5,48.2,75.4,28.8,98.1,0.134,24.61,12.82,13.59,3,0,0,34.8,34.4,2,96.5,0.7291
1035.7,0.0,2.0,35.7,36.2,36.2,85.8,0.339,0.79,3.07,13.98,0,0,1,0.0,0.0,0,735.3,0.07
2642.4,19.4,9.6,53.2,57.0,28.4,87.8,0.712,0.05,1.71,14.23,1,0,0,19.4,19.4,0,829.5,0.0257
2393.9,30.5,13.4,42.7,70.3,27.7,103.9,0.128,22.08,15.89,14.39,2,0,0,30.5,30.9,2,54.3,0.6861
2689.4,43.5,16.6,41.4,41.3,39.1,116.5,0.699,6.97,3.73,13.64,3,0,0,43.5,43.4,1,14.6,0.9518
4046.3,70.8,63.9,76.3,78.2,29.9,84.4,0.221,3.21,0.02,14.4,3,0,0,70.8,69.8,0,729.7,0.0493
1083.5,0.0,2.1,37.5,38.2,32.6,86.3,0.797,2.65,2.86,14.0,0,0,0,0.0,0.0,0,1065.5,0.053
4449.1,51.5,81.0,81.9,83.1,33.8,88.0,0.787,1.87,2.19,14.07,2,0,0,51.5,52.5,0,1209.1,0.0697
2896.7,33.3,14.7,52.5,53.3,35.8,111.3,0.686,6.64,4.5,13.98,2,0,0,33.3,33.8,1,41.0,0.7426
2819.4,33.8,19.9,41.6,42.3,36.7,87.6,0.267,0.03,3.37,14.11,2,0,0,33.8,33.8,0,1179.5,0.0607
1610.4,25.3,20.2,43.9,44.5,29.4,85.3,0.257,-1.09,0.98,9.66,3,0,0,25.3,25.6,3,38.7,0.8053
2869.4,59.8,25.6,56.6,59.3,28.6,89.4,0.3,2.95,2.22,14.1,4,0,0,59.8,60.4,0,850.8,0.0793
2742.1,23.6,10.3,54.2,53.3,28.7,80.3,0.333,3.73,1.06,14.32,1,0,0,23.6,23.2,0,920.7,0.0294
3531.0,92.8,15.4,50.6,54.0,28.6,80.4,0.77,0.97,1.18,14.3,5,0,0,92.8,94.3,0,742.5,0.0759
2629.2,32.6,15.9,50.9,50.9,25.6,83.9,0.586,1.04,3.23,11.29,2,0,0,32.6,32.2,3,35.6,0.843
3470.4,94.4,25.2,70.4,88.4,33.2,90.2,0.122,21.48,15.36,13.66,5,0,0,94.4,94.3,2,96.0,0.7598
2777.5,46.1,11.1,44.5,45.8,29.0,85.2,0.344,1.19,0.82,14.17,3,0,0,46.1,46.4,0,719.8,0.0415
1058.7,0.0,2.5,33.3,33.8,47.4,120.4,0.771,5.19,4.69,13.82,0,0,0,0.0,0.0,1,63.8,0.9091
2225.5,26.5,20.9,52.6,50.9,33.9,85.0,0.25,1.17,1.41,14.16,2,0,0,26.5,26.7,0,1175.5,0.0161
1015.4,0.0,2.3,34.9,35.4,35.1,90.7,0.335,2.21,1.86,14.11,0,0,0,0.0,0.0,0,1353.8,0.0454
1078.2,0.0,2.4,31.7,32.3,29.5,87.5,0.728,-0.49,0.7,14.1,0,0,0,0.0,0.0,0,1456.2,0.0503
2844.9,60.4,15.8,64.2,66.8,29.5,85.7,0.273,-1.11,-0.1,14.19,4,0,0,60.4,61.0,0,1442.7,0.0411
1070.4,0.0,2.1,40.8,40.5,28.2,90.7,0.242,0.21,1.0,14.18,0,0,0,0.0,0.0,0,1284.2,0.0786
3644.3,77.7,33.9,62.8,61.5,37.1,85.1,0.22,-1.39,0.51,10.48,4,0,0,77.7,76.9,3,22.0,0.8815
3319.1,74.1,22.8,68.2,66.8,35.6,83.8,0.745,2.46,0.78,14.19,4,0,0,74.1,73.0,0,777.6,0.0739
3314.1,84.4,19.0,65.9,64.0,34.1,88.0,0.545,4.82,1.23,10.66,5,0,0,84.4,84.6,3,21.6,0.8108
3202.3,68.7,30.8,60.6,62.5,37.7,85.3,0.711,4.75,1.08,14.2,4,0,0,68.7,68.9,0,1145.3,0.0184
1052.9,0.0,2.1,36.8,36.1,42.6,109.5,0.707,3.7,2.08,13.6,0,0,1,0.0,0.0,1,67.1,0.9018
1026.2,0.0,2.4,36.9,35.7,33.8,85.6,0.236,0.86,1.34,13.98,0,0,0,0.0,0.0,0,1134.4,0.0301
2536.2,30.5,18.9,38.6,39.7,29.9,84.8,0.69,1.8,0.88,14.19,2,0,0,30.5,31.0,0,901.7,0.0102
4575.0,75.3,46.5,84.8,86.1,30.7,90.5,0.872,0.89,0.45,14.28,3,0,0,75.3,76.0,0,1381.9,0.0743
3023.2,80.1,19.7,61.8,59.8,36.7,88.9,0.234,1.96,3.08,14.38,5,0,0,80.1,79.1,0,776.9,0.0216
1977.9,31.6,17.7,49.1,46.6,39.4,114.3,0.762,7.01,3.26,13.58,3,0,0,31.6,32.0,1,28.0,0.9513
1383.3,12.3,15.6,41.2,42.2,28.7,82.8,0.183,1.6,2.01,14.08,1,0,0,12.3,12.1,0,757.8,0.0776
4604.8,50.6,81.7,71.6,98.0,35.9,98.7,0.082,25.24,14.5,14.11,2,0,0,50.6,51.6,2,21.7,0.9153
2472.1,29.4,19.5,43.3,45.0,30.4,95.7,0.838,2.03,1.57,14.14,2,0,0,29.4,29.0,0,1048.0,0.0673
1784.0,22.0,19.8,49.0,48.0,33.7,86.7,0.817,3.37,1.49,14.09,2,0,0,22.0,22.0,0,1197.2,0.0376
3032.5,78.2,23.8,60.5,57.2,31.5,88.9,0.744,1.85,0.83,13.95,5,0,0,78.2,77.0,0,917.3,0.0397
2486.5,40.0,15.4,49.4,46.5,32.6,84.5,0.532,-1.85,0.04,10.52,3,0,0,40.0,40.3,3,11.9,0.9061
2683.6,33.7,7.3,41.8,47.9,39.9,115.3,0.711,11.47,3.97,13.7,2,0,0,33.7,33.1,1,33.7,0.8598
3607.8,94.1,14.7,55.8,56.5,29.7,82.4,0.284,2.56,1.63,14.19,5,0,0,94.1,95.8,0,863.4,0.0647
2094.4,35.0,13.3,61.2,57.4,35.6,94.7,0.732,0.69,2.44,14.17,3,0,0,35.0,35.4,0,831.3,0.0419
4471.2,94.9,78.8,79.0,73.8,28.6,90.6,0.827,-0.12,1.13,13.98,4,0,0,94.9,96.6,0,1244.5,0.0734
1034.9,0.0,1.9,30.4,30.9,36.2,86.4,0.697,-2.55,1.43,11.43,0,0,0,0.0,0.0,3,42.9,0.9511
3392.2,89.8,33.1,56.4,55.8,48.5,123.1,0.876,8.52,6.46,14.32,5,0,0,89.8,91.0,1,44.5,0.9165
1086.3,0.0,2.0,33.6,32.1,30.1,84.7,0.695,-0.48,0.82,14.05,0,0,0,0.0,0.0,0,1095.7,0.0257
2214.0,20.2,17.8,49.8,50.9,28.2,92.1,0.767,0.26,0.68,13.9,1,0,0,20.2,20.3,0,994.0,0.0799
2589.2,42.7,17.6,39.5,41.6,33.2,86.6,0.841,-0.21,0.09,14.05,3,0,0,42.7,42.3,0,1125.5,0.0242
1047.8,0.0,2.4,34.1,33.8,31.4,88.6,0.345,2.8,2.22,10.97,0,0,0,0.0,0.0,3,25.3,0.8744
2385.0,27.9,14.7,45.6,43.4,33.4,88.8,0.337,0.72,1.76,13.94,2,0,0,27.9,28.1,0,866.6,0.0152
1922.5,32.1,13.8,38.5,37.7,44.5,110.0,0.894,6.08,2.09,13.94,3,0,0,32.1,31.9,1,15.4,0.9064
3123.2,50.6,14.0,41.2,42.9,29.4,91.1,0.192,-2.33,0.7,14.1,3,0,0,50.6,50.9,0,1286.1,0.04
2761.6,75.6,31.7,54.6,54.8,47.7,115.5,0.761,10.06,3.83,14.17,5,0,0,75.6,76.4,1,52.0,0.7283
2396.1,36.6,21.7,40.2,69.3,28.0,92.5,0.163,18.72,11.79,13.89,3,0,0,36.6,35.9,2,37.7,0.7526
5106.7,60.7,73.4,85.3,84.2,39.2,114.9,0.793,14.43,3.9,14.11,2,0,0,60.7,60.6,1,59.4,0.8306
1079.7,0.0,2.1,32.2,35.0,40.4,125.5,0.751,8.08,2.92,13.99,0,0,0,0.0,0.0,1,68.9,0.8504
3934.4,50.7,61.6,80.9,98.0,31.2,89.8,0.19,13.13,14.81,13.59,2,0,0,50.7,50.9,2,31.2,0.8112
3599.5,99.0,29.4,67.0,65.5,32.2,86.4,0.775,2.74,3.28,14.25,5,0,0,99.0,100.5,0,1252.7,0.0121
1059.3,0.0,2.0,33.5,35.6,29.0,84.1,0.265,2.94,0.72,14.05,0,0,0,0.0,0.0,0,730.1,0.0605
1005.4,0.0,2.5,29.6,31.9,32.4,89.5,0.291,1.58,1.76,14.13,0,0,0,0.0,0.0,0,1405.6,0.0553
2546.4,29.7,14.2,50.0,50.0,31.8,92.8,0.55,4.38,0.22,9.91,2,0,0,29.7,29.6,3,43.8,0.9854
2178.5,18.1,7.8,52.8,51.7,37.6,97.5,0.286,3.13,2.63,14.13,1,0,0,18.1,18.4,0,1476.2,0.0558
5009.4,107.3,65.2,80.9,81.1,41.3,112.8,0.859,8.64,2.26,14.18,4,0,0,107.3,108.5,1,29.5,0.8174
3284.8,45.2,72.0,78.5,79.4,48.3,111.1,0.717,6.76,4.67,13.87,2,0,0,45.2,44.7,1,47.1,0.7421
2443.5,28.6,22.0,46.1,48.3,35.9,87.8,0.711,4.21,1.79,14.35,2,0,0,28.6,28.9,0,1487.7,0.0268
4095.9,50.6,46.4,84.8,83.4,40.3,87.9,0.236,1.5,2.18,14.22,2,0,0,50.6,49.7,0,1165.2,0.028
4753.5,59.1,81.6,78.2,78.6,31.3,86.4,0.743,3.15,1.7,14.31,2,0,0,59.1,58.3,0,1040.8,0.0331
1127.8,0.0,1.8,34.9,37.1,37.7,88.5,0.692,3.54,2.15,13.87,0,0,0,0.0,0.0,0,1224.1,0.0519
2767.0,71.1,21.1,64.7,64.3,34.1,85.3,0.236,2.58,0.93,14.22,5,0,0,71.1,70.2,0,1162.8,0.022
1043.6,0.0,2.4,34.0,32.9,28.4,87.2,0.308,3.35,0.57,13.97,0,0,1,0.0,0.0,0,1420.1,0.0109
3962.6,105.4,29.8,61.4,86.2,28.1,95.5,0.14,16.66,10.4,13.8,5,0,0,105.4,105.6,2,23.9,0.7259
1997.6,12.3,11.4,42.5,42.9,36.8,83.5,0.555,2.02,0.71,10.01,1,0,0,12.3,12.4,3,22.3,0.8215
2890.0,74.1,31.9,55.7,57.3,26.3,80.2,0.229,2.35,2.3,14.2,5,0,0,74.1,73.0,0,896.6,0.0728
1913.0,33.3,9.6,42.5,42.6,39.1,90.0,0.183,0.44,1.93,14.26,3,0,0,33.3,33.3,0,725.6,0.0241
2229.7,26.3,12.8,48.8,48.5,37.6,86.8,0.813,3.32,0.81,14.07,2,0,0,26.3,25.8,0,1416.2,0.0643
3765.8,80.0,33.7,53.9,52.2,48.1,115.5,0.666,5.85,3.7,13.74,4,0,0,80.0,81.2,1,49.7,0.914
1130.7,0.0,1.9,37.1,62.9,38.3,94.5,0.11,24.42,16.52,14.01,0,0,0,0.0,0.0,2,89.2,0.6805
2317.7,38.8,11.4,51.5,47.2,30.0,88.1,0.856,2.6,2.31,14.23,3,0,0,38.8,38.4,0,1150.2,0.0397
4324.4,92.0,33.2,67.6,64.3,27.8,90.0,0.817,3.29,0.66,14.22,4,0,0,92.0,90.4,0,1135.7,0.0371
3815.2,105.7,22.7,55.8,75.4,26.4,88.0,0.091,18.25,14.43,14.15,5,0,0,105.7,104.0,2,50.7,0.7057
1979.5,14.8,17.5,37.3,36.7,40.5,114.8,0.795,5.88,4.3,13.81,1,0,0,14.8,14.7,1,40.5,0.8628
3469.6,94.3,30.4,56.2,57.3,35.1,87.0,0.245,2.38,2.71,14.23,5,0,0,94.3,92.8,0,1234.0,0.0114
3296.1,85.8,32.2,59.9,59.0,37.1,119.4,0.738,9.69,4.33,13.73,5,0,0,85.8,86.3,1,61.1,0.7541
1068.1,0.0,2.4,34.0,35.0,31.2,86.7,0.868,2.41,1.66,14.04,0,0,0,0.0,0.0,0,1066.5,0.0605
3088.0,80.2,23.0,56.2,55.0,33.4,86.9,0.702,2.74,0.6,14.12,5,0,0,80.2,80.2,0,1196.5,0.0385
2126.5,17.1,14.1,48.5,77.1,34.0,92.7,0.052,24.74,16.67,13.54,1,0,0,17.1,17.4,2,91.9,0.6702
1796.6,18.1,7.5,45.6,76.2,27.5,97.0,0.168,17.29,15.08,13.82,1,0,0,18.1,18.4,2,60.4,0.6674
2070.1,24.1,19.8,50.7,48.6,31.5,83.7,0.275,-0.74,1.72,14.13,2,0,0,24.1,23.6,0,1471.0,0.0256
2925.8,48.5,16.2,48.1,48.4,28.3,91.2,0.407,-1.0,0.86,10.33,3,0,0,48.5,48.9,3,43.7,0.9211
2556.3,22.5,20.3,46.6,47.8,35.1,86.4,0.279,0.29,1.7,14.32,1,0,0,22.5,22.6,0,893.3,0.0318
3252.8,27.4,20.1,55.7,85.6,25.4,92.0,0.086,16.26,14.01,13.86,1,0,0,27.4,27.0,2,75.6,0.7661
2277.4,37.8,17.3,41.7,42.7,31.6,88.5,0.874,1.39,2.16,14.17,3,0,0,37.8,37.4,0,934.2,0.0678
2890.6,23.2,16.6,37.4,61.9,36.0,97.1,0.199,24.14,16.29,13.7,1,0,0,23.2,23.2,2,31.8,0.6839
1033.7,0.0,2.4,39.3,38.0,32.5,85.6,0.355,-0.4,0.52,11.0,0,0,0,0.0,0.0,3,28.0,0.9133
2472.8,30.6,7.4,52.7,48.1,26.3,92.4,0.833,0.46,1.55,14.16,2,0,0,30.6,30.8,0,985.3,0.0151
1029.3,0.0,2.3,35.7,36.6,32.4,84.6,0.372,1.62,1.25,10.64,0,0,0,0.0,0.0,3,6.3,0.8495
4104.1,87.2,33.0,68.7,96.0,28.0,91.4,0.054,22.59,13.2,13.46,4,0,0,87.2,86.9,2,51.4,0.6956
3060.2,83.6,14.8,60.2,78.2,35.8,90.7,0.179,19.41,13.5,14.01,5,0,0,83.6,82.6,2,32.6,0.762
3608.1,74.9,34.7,66.5,65.0,29.1,85.8,0.823,0.79,0.61,14.16,4,0,0,74.9,75.7,0,1181.4,0.0206
997.7,0.0,2.0,30.8,60.7,31.0,96.3,0.181,24.39,15.38,13.97,0,0,0,0.0,0.0,2,104.9,0.7351
1212.0,0.0,2.4,35.1,59.4,36.1,97.7,0.066,17.49,12.6,14.02,0,0,0,0.0,0.0,2,48.4,0.7315
2064.9,24.9,13.3,49.6,46.6,28.2,83.5,0.34,1.0,1.16,14.04,2,0,0,24.9,24.9,0,1101.1,0.0134
2742.8,60.0,22.3,61.5,64.2,37.8,85.2,0.277,1.97,0.41,10.49,4,0,0,60.0,60.1,3,9.0,0.9681
2515.1,30.3,17.3,28.9,28.9,27.4,84.8,0.783,0.1,1.36,14.03,2,0,0,30.3,30.4,0,1481.0,0.0111
4172.0,70.7,79.5,92.5,91.7,29.7,88.2,0.783,0.91,2.1,14.34,3,0,0,70.7,71.7,0,1334.6,0.071
1085.6,0.0,2.5,32.1,29.5,39.1,85.7,0.695,4.95,0.92,14.01,0,0,0,0.0,0.0,0,1103.0,0.0291
1066.3,0.0,1.9,34.6,35.3,28.8,85.5,0.738,2.41,1.95,14.07,0,0,0,0.0,0.0,0,760.0,0.0198
1053.4,0.0,2.2,33.0,30.2,43.3,119.6,0.827,3.73,5.14,13.81,0,0,0,0.0,0.0,1,37.4,0.8177
2364.2,44.5,17.2,49.1,49.8,40.2,90.0,0.213,2.6,1.39,14.09,3,0,0,44.5,44.7,0,1236.5,0.0174
2680.1,21.5,11.7,52.4,52.1,31.5,83.3,0.502,3.59,0.07,11.22,1,0,0,21.5,21.9,3,31.4,0.8866
3483.4,42.5,12.6,49.9,48.1,29.2,89.1,0.34,0.91,1.68,14.3,2,0,0,42.5,43.2,0,1409.2,0.0297
3650.8,99.9,27.8,51.5,51.6,29.0,85.1,0.848,1.41,0.49,14.19,5,0,0,99.9,100.8,0,808.6,0.0409
1826.3,24.7,7.3,58.0,57.0,26.6,90.5,0.312,-0.42,1.86,14.26,2,0,0,24.7,24.9,0,810.9,0.0281
2791.4,21.2,10.9,48.5,48.0,26.7,78.5,0.713,1.29,1.66,14.14,1,0,0,21.2,21.3,0,838.2,0.0581
2045.0,35.2,20.1,51.7,51.7,35.6,89.9,0.57,0.08,0.39,9.94,3,0,0,35.2,35.9,3,16.1,0.9602
2796.0,22.0,7.6,46.9,49.5,46.3,121.1,0.683,8.32,6.97,13.77,1,0,0,22.0,21.8,1,24.4,0.8471
4095.4,59.3,41.7,79.0,98.0,37.7,95.3,0.062,17.37,14.12,13.71,3,0,0,59.3,60.3,2,84.8,0.7004
1059.6,0.0,2.2,32.8,31.6,34.5,85.8,0.35,1.26,1.05,13.97,0,0,0,0.0,0.0,0,1326.5,0.0698
1023.8,0.0,2.0,37.5,35.6,33.0,83.4,0.321,0.84,2.71,13.99,0,0,0,0.0,0.0,0,808.6,0.0514
1663.0,20.7,16.4,44.6,44.4,28.1,88.3,0.303,1.04,0.93,14.09,2,0,0,20.7,20.5,0,914.6,0.0567
3421.8,93.7,20.9,56.3,55.0,31.8,83.7,0.348,1.65,1.83,14.15,5,0,0,93.7,93.0,0,1231.3,0.0698
3432.6,88.8,26.2,58.5,59.9,32.7,83.1,0.201,5.48,0.76,14.08,5,0,0,88.8,88.8,0,707.1,0.0772
3694.0,79.7,14.2,52.8,56.2,35.1,115.1,0.823,8.77,3.39,13.99,4,0,0,79.7,80.1,1,18.1,0.7936
1022.2,0.0,2.1,37.9,36.7,26.5,84.2,0.796,2.09,1.55,14.23,0,0,0,0.0,0.0,0,832.9,0.0178
3684.8,96.8,23.0,70.1,88.7,30.1,95.0,0.195,13.76,14.58,13.99,5,0,0,96.8,97.3,2,21.2,0.7945
3773.7,81.5,22.7,67.0,69.5,36.6,83.5,0.287,-0.92,1.26,14.38,4,0,0,81.5,81.0,0,777.8,0.0701
3096.1,68.4,32.0,61.3,59.6,34.3,89.1,0.193,2.09,2.28,14.06,4,0,0,68.4,68.9,0,1069.8,0.0785
1565.9,26.3,8.2,50.4,50.5,39.3,114.6,0.692,6.42,2.61,13.44,3,0,0,26.3,26.0,1,49.1,0.7862
3093.2,66.0,25.0,47.6,48.4,34.0,91.8,0.866,2.51,0.95,14.23,4,0,0,66.0,65.4,0,747.5,0.0207
3525.7,73.9,22.7,62.4,87.7,28.9,91.2,0.135,15.33,10.22,14.04,4,0,0,73.9,73.8,2,104.0,0.807
3461.9,73.3,15.2,59.9,60.9,46.1,113.2,0.738,7.83,3.92,13.79,4,0,0,73.3,72.6,1,21.3,0.8124
4726.8,77.2,80.9,90.0,89.4,38.0,89.6,0.812,4.98,1.76,14.27,3,0,0,77.2,77.8,0,1205.4,0.031
2403.0,40.0,7.3,44.1,44.2,29.5,89.9,0.649,-0.59,0.07,10.18,3,0,0,40.0,40.3,3,18.4,0.8062
1043.5,0.0,2.3,35.2,37.1,32.1,85.8,0.878,3.15,3.15,13.95,0,0,0,0.0,0.0,0,1387.7,0.0168
3362.4,87.3,33.2,44.6,46.7,36.1,88.7,0.79,-0.34,1.44,14.29,5,0,0,87.3,86.9,0,967.2,0.0621
1058.9,0.0,1.9,33.2,34.5,37.1,112.5,0.738,7.02,3.0,13.8,0,0,0,0.0,0.0,1,64.1,0.935
1806.6,23.9,6.1,40.8,39.4,31.3,88.8,0.715,1.89,1.93,14.13,2,0,0,23.9,24.1,0,813.8,0.0182
1116.1,0.0,2.4,34.8,57.7,30.3,94.3,0.189,16.82,15.61,14.08,0,0,0,0.0,0.0,2,107.8,0.7938
4007.1,67.0,54.7,81.6,98.0,37.9,90.1,0.137,14.89,14.78,13.96,3,0,0,67.0,67.8,2,57.2,0.8239
2709.3,43.6,21.0,43.3,44.8,32.7,83.0,0.284,0.31,1.86,10.71,3,0,0,43.6,42.9,3,27.3,0.9821
4117.2,69.3,57.5,87.7,86.0,37.2,85.3,0.82,0.77,-0.24,14.1,3,0,0,69.3,68.5,0,827.6,0.0771
2526.7,21.7,17.4,56.1,51.6,30.2,90.7,0.781,2.64,2.19,14.2,1,0,0,21.7,21.9,0,1005.7,0.0223
2765.2,31.1,21.6,45.9,65.8,34.0,92.6,0.159,22.95,12.57,13.7,2,0,0,31.1,31.4,2,101.0,0.8413
2547.9,18.0,10.1,59.8,56.5,33.9,82.7,0.711,3.4,2.62,14.21,1,0,0,18.0,18.0,0,1281.7,0.0248
3357.7,71.8,24.5,64.7,65.0,29.1,87.2,0.829,0.89,0.49,14.09,4,0,0,71.8,71.3,0,921.3,0.0136
1065.9,0.0,1.8,34.9,34.7,32.4,82.2,0.216,0.48,1.64,14.01,0,0,0,0.0,0.0,0,1483.7,0.0533
1049.5,0.0,1.8,38.5,37.6,32.9,85.4,0.735,2.84,1.45,14.05,0,0,0,0.0,0.0,0,1103.9,0.0552
3880.1,100.1,25.3,69.4,69.3,30.0,90.4,0.706,-0.06,2.35,14.38,5,0,0,100.1,102.0,0,1440.6,0.0318
3510.3,76.0,33.6,56.6,78.9,30.3,97.2,0.059,19.55,13.81,13.91,4,0,0,76.0,74.6,2,26.1,0.8786
1029.3,0.0,2.4,38.2,67.5,36.3,97.8,0.163,22.81,13.47,14.0,0,0,1,0.0,0.0,2,47.2,0.719
3346.6,69.5,30.3,51.1,54.8,27.5,91.0,0.218,0.89,1.39,13.88,4,0,0,69.5,68.7,0,865.6,0.0424
2302.4,28.7,21.4,42.6,40.6,28.2,94.1,0.799,-1.34,1.78,14.27,2,0,0,28.7,28.6,0,1429.5,0.0393
1773.3,12.2,7.1,46.6,45.4,33.4,85.2,0.706,-0.69,0.88,13.97,1,0,0,12.2,12.1,0,1198.0,0.0652
850.0,0.0,1.9,33.7,60.0,32.5,99.4,0.122,22.57,13.4,13.84,0,0,0,0.0,0.0,2,103.7,0.7845
3596.9,75.7,17.7,70.5,70.5,32.1,89.8,0.745,3.05,1.45,14.09,4,0,0,75.7,74.9,0,808.8,0.0175
2216.6,35.1,18.3,38.6,41.1,41.1,112.9,0.739,7.69,5.5,13.96,3,0,0,35.1,35.3,1,67.7,0.7951
1915.0,24.7,18.4,48.3,46.7,29.1,85.6,0.858,1.81,1.8,14.19,2,0,0,24.7,24.9,0,1254.6,0.0181
2850.7,21.6,7.7,47.4,47.7,48.4,110.1,0.667,9.86,4.05,13.64,1,0,0,21.6,22.0,1,70.9,0.7722
3201.8,86.7,25.4,65.3,66.1,38.9,87.7,0.321,1.65,0.97,14.12,5,0,0,86.7,85.9,0,1218.6,0.0691
2693.8,18.1,13.1,44.4,72.6,31.3,88.6,0.074,18.15,12.23,13.93,1,0,0,18.1,18.4,2,69.4,0.9191
1061.7,0.0,2.2,27.3,28.0,34.5,84.5,0.267,3.79,0.47,14.09,0,0,0,0.0,0.0,0,1330.3,0.0189
2046.4,34.5,8.5,39.6,40.5,41.9,122.5,0.824,11.5,2.56,13.74,3,0,0,34.5,34.9,1,26.9,0.9302
1079.2,0.0,2.0,33.5,33.6,36.5,85.8,0.864,1.23,2.29,14.11,0,0,1,0.0,0.0,0,1376.1,0.0523
2252.8,26.7,7.9,50.7,48.5,40.9,115.2,0.715,6.01,4.39,14.0,2,0,0,26.7,27.1,1,62.0,0.8421
2529.9,29.0,19.1,52.4,74.3,35.8,95.7,0.063,21.48,12.77,13.95,2,0,0,29.0,29.5,2,67.2,0.8921
3906.5,98.4,23.6,62.4,62.7,28.4,81.5,0.237,-1.05,1.92,14.13,5,0,0,98.4,100.2,0,1323.7,0.0326
2654.8,19.4,9.8,52.0,74.0,30.7,95.7,0.124,14.47,12.76,14.07,1,0,0,19.4,19.4,2,58.7,0.7235
1585.5,18.9,15.5,32.9,31.9,33.6,81.3,0.278,3.56,0.97,14.11,2,0,0,18.9,19.1,0,1224.8,0.0303
3689.6,94.7,27.1,65.0,63.0,26.8,79.6,0.191,0.26,2.67,14.1,5,0,0,94.7,96.1,0,1002.5,0.0595
1023.7,0.0,2.1,34.5,33.3,38.0,87.4,0.222,0.32,3.19,14.12,0,0,0,0.0,0.0,0,1144.1,0.057
2496.4,41.2,10.8,47.0,47.7,36.8,88.4,0.801,2.45,0.3,14.12,3,0,0,41.2,40.4,0,764.6,0.0643
3322.5,90.9,19.4,63.2,63.3,41.4,115.9,0.889,10.38,4.54,13.97,5,0,0,90.9,91.6,1,15.3,0.8898
2786.3,34.5,19.2,46.0,74.6,26.7,88.5,0.135,12.92,11.44,13.86,2,0,0,34.5,34.5,2,79.8,0.8908
3483.6,94.0,23.4,59.4,59.5,35.5,87.8,0.796,3.62,2.16,14.26,5,0,0,94.0,94.4,0,793.7,0.0619
2266.4,15.0,21.6,45.7,45.5,25.0,86.8,0.26,0.47,0.47,14.23,1,0,0,15.0,14.9,0,894.6,0.0675
3703.0,100.2,22.9,49.2,71.7,32.8,99.3,0.118,21.33,13.29,13.58,5,0,0,100.2,98.9,2,46.8,0.8107
3426.7,73.9,29.4,63.1,64.7,38.6,83.6,0.499,0.71,0.67,10.29,4,0,0,73.9,74.1,3,29.1,0.8909
2711.2,55.9,34.3,70.7,67.8,37.0,87.0,0.184,3.33,1.12,14.25,4,0,0,55.9,55.8,0,1126.0,0.012
2168.3,34.2,8.1,40.8,41.4,27.5,85.0,0.494,0.18,0.4,9.49,3,0,0,34.2,34.7,3,35.0,0.8197
2525.1,43.1,8.4,43.5,42.9,35.1,86.4,0.694,2.4,2.25,13.99,3,0,0,43.1,42.6,0,1219.2,0.0196
2919.7,64.9,29.6,61.3,62.9,36.1,83.5,0.867,1.88,0.36,14.12,4,0,0,64.9,63.6,0,959.4,0.0267
5332.1,88.5,69.4,90.5,98.0,34.7,100.5,0.139,24.04,12.56,13.89,3,0,0,88.5,86.8,2,51.2,0.7913
2232.9,37.5,21.6,45.4,46.2,36.0,87.6,0.19,0.98,1.1,14.36,3,0,0,37.5,37.1,0,871.0,0.0562
3368.1,91.8,28.5,58.7,58.1,36.2,82.3,0.297,0.84,1.62,14.09,5,0,0,91.8,93.1,0,1249.5,0.0446
2260.5,37.2,14.0,48.4,47.6,36.3,86.7,0.701,1.5,1.6,13.99,3,0,0,37.2,37.4,0,1143.0,0.0553
3131.2,20.0,13.0,45.0,66.4,36.7,88.6,0.094,23.88,13.76,13.98,1,0,0,20.0,20.3,2,87.5,0.6554
2828.8,18.3,21.4,54.7,80.5,26.2,86.2,0.117,20.04,12.97,13.9,1,0,0,18.3,18.2,2,37.7,0.6537
2380.5,18.2,14.2,34.2,36.7,35.0,84.0,0.202,1.6,0.48,14.14,1,0,0,18.2,18.0,0,1103.4,0.0129
2887.8,77.3,33.1,61.4,56.8,27.6,88.6,0.744,1.3,0.49,14.32,5,0,0,77.3,77.4,0,1430.1,0.0624
1055.1,0.0,2.5,35.9,36.0,31.1,88.2,0.769,2.08,2.0,13.92,0,0,0,0.0,0.0,0,958.5,0.0248
4004.9,69.4,81.0,78.0,77.8,32.6,88.4,0.267,1.95,1.57,13.98,3,0,0,69.4,70.4,0,1474.2,0.017
1006.3,0.0,1.8,33.8,34.8,30.5,82.8,0.188,3.84,1.97,14.08,0,0,0,0.0,0.0,0,837.4,0.0578
3688.8,45.7,56.6,78.4,98.0,35.6,100.6,0.072,18.56,14.4,13.79,2,0,0,45.7,45.8,2,106.8,0.8935
2963.9,77.9,27.2,70.6,71.5,34.4,90.5,0.321,2.49,2.76,14.12,5,0,0,77.9,78.5,0,1274.4,0.0393
2014.4,23.0,15.7,47.7,47.3,26.2,93.9,0.784,2.03,1.06,14.16,2,0,0,23.0,22.7,0,1388.2,0.0392
4169.1,49.5,70.6,78.2,78.5,39.5,86.8,0.86,1.21,0.7,14.36,2,0,0,49.5,49.2,0,742.2,0.0277
4274.9,93.2,55.5,71.6,68.3,38.6,89.6,0.696,2.21,2.38,14.27,4,0,0,93.2,91.3,0,909.7,0.046
1014.8,0.0,2.4,29.9,33.9,32.3,91.2,0.292,-1.84,-2.12,10.22,0,0,0,0.0,0.0,3,20.1,0.8393
1037.8,0.0,2.1,36.8,35.6,28.5,89.7,0.255,4.0,2.63,13.86,0,0,0,0.0,0.0,0,872.6,0.0484
2281.4,28.1,10.3,47.9,50.1,33.1,89.3,0.253,0.99,2.28,14.17,2,0,0,28.1,28.5,0,723.9,0.0456
3486.9,93.2,17.3,55.5,57.2,37.0,83.6,0.227,1.69,0.83,14.04,5,0,0,93.2,91.7,0,1492.0,0.0646
1063.3,0.0,2.3,28.3,27.7,36.7,86.5,0.236,2.94,1.31,14.1,0,0,0,0.0,0.0,0,719.4,0.0708
2073.0,24.4,13.4,37.3,38.8,30.7,89.7,0.731,1.17,2.19,13.81,2,0,0,24.4,24.8,0,1470.4,0.0413
1063.8,0.0,2.3,34.0,34.0,27.3,87.6,0.341,2.01,3.09,14.11,0,0,0,0.0,0.0,0,972.4,0.0179
3726.9,80.2,24.4,59.6,60.8,27.8,93.3,0.218,1.31,1.72,14.09,4,0,0,80.2,80.1,0,909.2,0.0441
4498.9,75.8,82.5,72.6,74.0,37.1,82.7,0.254,0.27,1.52,14.03,3,0,0,75.8,74.8,0,800.2,0.0455
3849.9,78.0,27.0,56.0,54.6,35.6,87.3,0.684,1.3,1.66,14.37,4,0,0,78.0,78.6,0,1267.8,0.0278
993.2,0.0,2.0,33.3,33.9,39.6,86.5,0.236,2.82,2.2,14.08,0,0,0,0.0,0.0,0,1465.2,0.0307
2244.8,14.6,12.3,34.2,35.6,27.7,88.4,0.353,-1.16,2.58,11.08,1,0,0,14.6,14.8,3,6.8,0.9091
1889.4,24.1,11.7,37.0,36.6,34.2,79.4,0.309,0.74,0.68,14.22,2,0,0,24.1,23.9,0,1338.0,0.0577
2757.9,70.7,23.3,64.3,65.3,32.8,86.2,0.722,1.21,1.51,14.18,5,0,0,70.7,71.4,0,1333.8,0.0577
1900.0,22.2,17.5,42.3,41.5,33.0,92.8,0.755,-1.06,1.74,14.03,2,0,0,22.2,22.6,0,1185.6,0.0546
4512.2,98.3,78.1,85.6,84.6,30.3,88.3,0.718,3.34,0.43,14.13,4,0,0,98.3,96.7,0,944.3,0.0627
1107.0,0.0,1.9,32.8,53.3,29.3,95.8,0.086,18.31,14.24,13.91,0,0,0,0.0,0.0,2,55.1,0.7938
3262.4,84.3,30.1,58.3,60.2,37.4,87.3,0.714,2.2,1.22,13.95,5,0,0,84.3,84.5,0,832.5,0.0355
3076.6,68.2,23.3,63.2,63.4,38.2,121.4,0.681,1.53,4.57,13.86,4,0,0,68.2,67.9,1,31.9,0.7464
3046.5,79.9,29.5,70.2,69.8,29.8,86.2,0.194,4.14,1.51,14.21,5,0,0,79.9,79.1,0,1433.5,0.0426
1055.3,0.0,1.9,34.1,35.8,38.9,86.5,0.687,1.84,0.94,14.1,0,0,0,0.0,0.0,0,1199.2,0.0347
1430.6,0.0,2.1,32.0,59.3,31.1,99.2,0.094,17.06,16.23,14.23,0,0,0,0.0,0.0,2,58.3,0.7366
1031.7,0.0,2.3,34.8,34.3,28.5,84.9,0.194,3.81,1.16,14.01,0,0,1,0.0,0.0,0,987.0,0.0771
3887.0,82.2,32.6,54.9,53.7,38.0,91.6,0.841,3.36,-0.13,14.3,4,0,0,82.2,83.6,0,1406.9,0.0309
1018.3,0.0,2.1,34.2,32.9,35.5,88.0,0.205,3.72,3.29,13.96,0,0,0,0.0,0.0,0,1344.7,0.0503
3122.3,64.9,27.5,52.6,53.2,40.4,110.0,0.779,9.87,3.39,14.06,4,0,0,64.9,64.0,1,60.6,0.7551
2438.6,19.3,20.1,49.2,48.4,30.5,85.2,0.756,3.57,1.61,14.03,1,0,0,19.3,18.9,0,1251.5,0.048
956.2,0.0,2.0,39.3,66.5,35.7,94.5,0.152,26.92,9.98,14.06,0,0,0,0.0,0.0,2,56.3,0.8357
4310.8,72.1,54.4,83.0,83.0,33.3,88.9,0.867,5.23,0.43,14.07,3,0,0,72.1,73.4,0,1300.8,0.0138
993.0,0.0,2.5,37.5,68.5,36.8,100.3,0.111,21.98,14.01,13.74,0,0,0,0.0,0.0,2,64.7,0.8273
1023.1,0.0,2.2,31.8,30.9,29.3,86.3,0.211,-0.73,2.36,13.99,0,0,1,0.0,0.0,0,866.0,0.0209
3146.9,51.9,16.2,52.1,49.6,43.7,117.4,0.834,11.55,3.32,13.76,3,0,0,51.9,52.9,1,24.8,0.8748
2762.7,35.7,21.1,46.6,49.0,31.2,90.0,0.344,0.78,1.9,14.0,2,0,0,35.7,36.3,0,903.3,0.0737
3623.9,93.6,25.2,53.2,54.5,34.7,91.4,0.393,0.7,1.13,10.9,5,0,0,93.6,94.5,3,24.1,0.9074
2989.4,76.4,16.3,66.8,65.2,30.1,81.3,0.815,-0.23,1.34,14.43,5,0,0,76.4,77.9,0,1014.4,0.0483
3981.8,103.6,29.5,58.7,57.5,28.8,91.4,0.76,0.84,1.34,14.14,5,0,0,103.6,102.6,0,1174.0,0.0763
2662.1,33.7,9.9,51.7,50.1,31.8,82.6,0.265,2.31,1.75,14.24,2,0,0,33.7,34.2,0,918.7,0.0587
2958.8,45.7,20.2,55.8,55.0,39.7,92.2,0.254,0.86,0.79,13.99,3,0,0,45.7,46.0,0,1287.7,0.0779
1087.1,0.0,2.4,35.6,34.7,35.8,89.9,0.313,0.92,2.11,14.03,0,0,1,0.0,0.0,0,985.6,0.067
4950.8,84.5,49.5,86.2,84.8,29.3,86.9,0.35,0.52,2.02,9.47,3,0,0,84.5,83.5,3,12.2,0.8153
1049.7,0.0,2.1,32.1,32.7,36.0,86.0,0.313,0.99,1.36,10.46,0,0,0,0.0,0.0,3,15.9,0.8835
2756.1,45.0,12.2,40.0,38.2,30.5,86.5,0.742,2.78,2.23,14.08,3,0,0,45.0,45.1,0,950.0,0.0485
4061.1,70.4,47.5,85.9,82.1,33.7,86.5,0.526,3.07,1.5,10.26,3,0,0,70.4,71.4,3,29.1,0.8441
3715.5,100.7,33.1,56.2,57.5,27.8,90.1,0.267,1.39,2.44,14.12,5,0,0,100.7,99.4,0,858.9,0.0632
2123.1,27.6,13.2,47.8,47.7,29.7,82.5,0.32,0.85,1.38,14.22,2,0,0,27.6,27.8,0,1490.2,0.0274
1042.8,0.0,2.0,39.1,36.5,44.8,114.3,0.817,7.76,2.63,13.79,0,0,0,0.0,0.0,1,36.7,0.7816
1029.0,0.0,1.9,39.8,34.7,32.5,116.0,0.668,6.42,2.39,13.82,0,0,1,0.0,0.0,1,63.6,0.8236
2824.0,60.0,33.1,67.2,63.4,29.6,88.5,0.579,1.48,0.68,11.01,4,0,0,60.0,60.3,3,13.1,0.8362
2160.8,26.7,11.8,41.0,42.2,32.4,91.1,0.725,5.21,2.5,14.25,2,0,0,26.7,26.7,0,1024.7,0.065
2297.6,16.9,14.1,31.1,37.3,36.5,114.5,0.768,5.03,2.3,14.19,1,0,0,16.9,16.9,1,30.4,0.8075
991.6,0.0,2.3,32.3,34.0,39.0,86.1,0.195,1.93,1.57,14.14,0,0,0,0.0,0.0,0,948.7,0.0202
1068.3,0.0,1.9,34.6,33.4,36.2,89.7,0.87,0.7,1.36,13.94,0,0,1,0.0,0.0,0,1396.6,0.0368
2080.1,34.0,8.2,48.5,48.4,26.6,94.8,0.196,1.9,0.78,14.18,3,0,0,34.0,34.4,0,989.4,0.0593
2135.9,15.4,21.9,45.7,46.6,37.8,87.1,0.376,0.62,2.48,10.81,1,0,0,15.4,15.1,3,24.2,0.9431
850.0,0.0,2.4,32.9,54.5,36.0,96.2,0.159,22.38,16.44,14.1,0,0,0,0.0,0.0,2,79.4,0.7936
2775.8,29.1,8.0,53.2,71.9,32.2,94.6,0.138,16.04,13.92,14.01,2,0,0,29.1,29.7,2,53.0,0.7304
1011.3,0.0,2.1,36.3,36.5,33.2,84.1,0.214,-1.67,1.25,13.98,0,0,0,0.0,0.0,0,1468.4,0.0326
3281.3,67.5,28.6,58.6,60.6,37.8,84.0,0.252,2.26,1.24,14.17,4,0,0,67.5,66.5,0,862.0,0.0657
1040.6,0.0,1.8,35.9,31.6,37.4,83.8,0.282,2.48,2.35,14.04,0,0,1,0.0,0.0,0,1217.9,0.0735
2300.7,36.6,6.3,54.9,55.2,34.9,80.6,0.214,3.38,2.14,14.1,3,0,0,36.6,37.0,0,1435.6,0.0549
2852.3,74.8,22.4,63.4,63.0,27.3,90.6,0.7,1.14,0.28,14.17,5,0,0,74.8,75.9,0,1278.5,0.0138
3025.1,62.7,15.8,57.6,84.6,30.1,101.0,0.146,18.76,16.52,14.01,4,0,0,62.7,61.4,2,52.6,0.6569
1067.7,0.0,2.2,37.3,33.6,29.0,81.3,0.26,0.61,1.34,14.16,0,0,0,0.0,0.0,0,1409.7,0.0474
2268.4,36.2,18.3,43.7,43.6,36.7,88.0,0.789,2.85,2.48,14.14,3,0,0,36.2,36.3,0,796.5,0.0118
2410.0,27.0,15.5,41.8,40.9,32.3,92.4,0.853,0.34,1.24,14.19,2,0,0,27.0,26.9,0,1267.4,0.0486
1047.6,0.0,2.0,33.9,32.0,31.6,89.3,0.759,2.31,1.95,14.01,0,0,0,0.0,0.0,0,782.8,0.0606
1070.6,0.0,2.5,34.3,34.5,36.9,87.1,0.696,2.35,1.44,14.11,0,0,0,0.0,0.0,0,1079.0,0.03
3382.4,91.0,18.5,64.2,66.5,30.5,81.5,0.636,1.15,0.16,10.39,5,0,0,91.0,92.3,3,22.0,0.8558
3242.6,54.6,14.1,42.4,43.0,45.1,118.7,0.655,8.04,2.3,13.91,3,0,0,54.6,55.1,1,40.5,0.8987
3103.2,89.2,26.5,54.4,82.3,31.3,99.9,0.175,18.46,13.18,13.77,5,0,0,89.2,88.1,2,77.5,0.8233
2399.2,38.5,16.4,59.7,54.9,32.6,86.0,0.687,0.92,1.74,14.11,3,0,0,38.5,38.6,0,785.3,0.0762
2697.3,19.0,18.3,58.2,57.9,35.3,84.5,0.325,0.37,1.36,13.98,1,0,0,19.0,19.0,0,859.3,0.0555
2891.6,46.3,16.1,55.7,54.4,31.5,89.2,0.196,1.14,1.23,13.93,3,0,0,46.3,46.5,0,992.5,0.044
2353.9,39.0,8.9,53.4,82.9,27.8,90.9,0.073,16.18,13.63,13.95,3,0,0,39.0,38.3,2,94.2,0.665
4539.4,54.6,45.4,77.5,98.0,30.0,97.6,0.133,21.29,12.37,14.19,2,0,0,54.6,53.9,2,100.3,0.7207
2777.6,45.4,18.4,51.8,52.5,35.8,88.3,0.255,3.05,0.74,14.05,3,0,0,45.4,45.6,0,1283.4,0.07
4016.3,109.0,27.1,57.2,56.8,39.8,89.8,0.282,1.23,1.38,13.95,5,0,0,109.0,111.0,0,1224.2,0.0551
2513.5,28.8,8.2,43.4,45.1,27.1,84.8,0.799,0.32,0.87,14.15,2,0,0,28.8,28.5,0,954.8,0.0499
1022.0,0.0,2.1,32.0,33.5,43.0,112.3,0.662,1.52,5.33,13.36,0,0,0,0.0,0.0,1,18.9,0.9433
4136.7,67.1,68.0,86.0,89.8,26.2,82.0,0.396,-2.82,2.44,10.85,3,0,0,67.1,65.9,3,29.8,0.8123
2211.1,19.3,17.0,45.2,44.8,27.6,91.3,0.749,1.65,2.34,14.1,1,0,0,19.3,19.4,0,837.8,0.0597
2777.5,34.1,17.5,52.9,51.1,25.9,89.5,0.775,1.08,0.92,14.27,2,0,0,34.1,34.2,0,743.5,0.0645
3776.8,81.3,63.1,80.1,83.1,32.1,87.7,0.765,4.53,1.01,14.11,4,0,0,81.3,81.9,0,1195.7,0.0351
1040.6,0.0,2.0,35.8,36.3,30.3,90.5,0.227,1.97,1.42,13.85,0,0,0,0.0,0.0,0,1040.0,0.0537
1048.7,0.0,1.9,36.6,32.8,30.8,84.7,0.834,4.41,1.18,14.03,0,0,0,0.0,0.0,0,1347.9,0.0421
2211.5,15.9,13.3,39.2,39.8,36.9,81.6,0.758,4.3,1.2,14.12,1,0,0,15.9,15.8,0,878.3,0.0743
2195.8,16.1,19.7,55.7,56.6,41.3,120.9,0.812,10.93,4.48,14.07,1,0,0,16.1,16.0,1,51.1,0.8281
1071.0,0.0,2.1,35.3,36.2,44.1,118.0,0.87,5.7,5.6,13.97,0,0,0,0.0,0.0,1,57.6,0.8603
3825.4,100.8,25.9,64.0,63.9,28.0,86.6,0.188,-0.75,1.47,14.26,5,0,0,100.8,99.4,0,958.8,0.0598
2232.0,39.8,13.3,45.6,72.3,35.8,96.2,0.085,22.34,13.84,13.93,3,0,0,39.8,39.5,2,83.0,0.8892
1711.7,19.1,17.0,41.8,41.3,36.4,93.3,0.205,3.97,1.68,13.94,2,0,0,19.1,18.7,0,959.4,0.047
3087.1,50.1,8.2,45.3,45.5,35.2,89.9,0.209,1.5,1.14,14.31,3,0,0,50.1,50.3,0,1261.3,0.067
2319.7,36.6,17.7,49.0,49.6,31.7,90.7,0.72,0.85,0.71,14.05,3,0,0,36.6,36.5,0,892.1,0.0753
1401.6,10.6,17.7,52.1,51.6,28.2,86.4,0.825,1.93,2.35,14.11,1,0,0,10.6,10.6,0,770.4,0.0622
3191.5,27.1,9.0,44.5,44.7,37.3,84.1,0.704,1.36,1.68,14.27,1,0,0,27.1,27.0,0,806.0,0.021
1073.3,0.0,2.4,31.6,34.3,32.6,87.2,0.725,2.98,3.0,14.0,0,0,0,0.0,0.0,0,1154.1,0.0644
1032.2,0.0,2.2,35.9,33.6,35.2,85.7,0.237,3.37,2.19,14.11,0,0,1,0.0,0.0,0,762.4,0.0381
1061.6,0.0,1.9,33.6,33.3,28.7,88.4,0.269,-1.47,0.12,10.64,0,0,1,0.0,0.0,3,13.2,0.927
1053.0,0.0,1.9,33.1,31.2,28.8,83.6,0.742,0.1,0.39,14.04,0,0,1,0.0,0.0,0,999.9,0.0613
2618.0,21.1,7.4,49.3,52.7,30.6,91.6,0.31,1.93,1.65,14.07,1,0,0,21.1,21.3,0,1099.0,0.0395
3407.0,40.9,7.6,50.7,49.9,33.5,93.9,0.329,4.72,2.9,14.05,2,0,0,40.9,40.7,0,869.9,0.0734
975.1,0.0,1.9,35.6,33.4,43.6,112.7,0.702,5.79,3.59,13.88,0,0,0,0.0,0.0,1,62.3,0.7439
1062.1,0.0,2.2,36.0,31.6,27.6,83.3,0.854,0.82,1.66,14.02,0,0,1,0.0,0.0,0,1307.4,0.0568
3527.5,95.3,25.3,67.5,90.0,29.1,87.3,0.122,16.97,15.43,13.91,5,0,0,95.3,95.0,2,83.2,0.8024
2179.1,36.2,9.8,51.3,46.9,29.5,87.2,0.227,0.91,1.41,14.07,3,0,0,36.2,36.8,0,1007.5,0.0545
3981.2,61.7,68.5,79.3,77.2,32.6,88.5,0.274,2.27,2.15,14.19,3,0,0,61.7,61.2,0,879.0,0.0418
3128.8,66.7,19.2,61.9,59.5,33.5,88.4,0.827,2.72,2.12,14.33,4,0,0,66.7,65.6,0,1374.6,0.0792
2642.4,19.1,12.8,63.5,59.8,29.9,84.8,0.317,3.18,1.66,14.18,1,0,0,19.1,19.4,0,1080.8,0.0583
4471.1,73.7,66.1,90.7,87.6,35.9,84.0,0.266,3.42,0.05,14.01,3,0,0,73.7,73.5,0,972.3,0.0304
1050.9,0.0,2.3,39.9,36.7,32.0,87.9,0.835,-2.01,0.92,14.06,0,0,0,0.0,0.0,0,756.7,0.0713
3512.9,93.6,34.3,66.0,65.0,30.9,88.5,0.184,5.18,0.57,14.3,5,0,0,93.6,95.1,0,938.0,0.0442
3092.4,81.5,28.7,64.2,67.2,36.7,89.1,0.848,2.35,1.94,14.13,5,0,0,81.5,81.9,0,1044.1,0.0149
3561.8,95.4,30.4,62.0,64.9,33.8,89.3,0.852,3.78,1.67,14.06,5,0,0,95.4,93.6,0,1281.2,0.0266
2889.7,48.7,17.8,43.0,39.5,28.1,86.4,0.251,3.8,-0.24,11.11,3,0,0,48.7,48.6,3,44.0,0.8942
2644.4,32.5,8.7,52.1,52.1,28.1,90.0,0.309,-0.68,0.53,14.14,2,0,0,32.5,32.0,0,848.3,0.0242
3367.3,82.0,25.1,64.1,86.8,35.5,98.0,0.147,15.93,9.88,13.9,5,0,0,82.0,83.6,2,31.7,0.8545
1009.6,0.0,2.4,34.4,61.8,33.7,97.6,0.115,17.81,16.1,13.75,0,0,0,0.0,0.0,2,102.6,0.8876
3359.5,76.0,30.8,56.7,54.9,32.4,90.9,0.713,2.71,1.38,14.26,4,0,0,76.0,76.3,0,822.7,0.0678
1000.1,0.0,2.1,35.2,33.9,29.0,88.3,0.329,0.76,2.07,14.09,0,0,0,0.0,0.0,0,777.5,0.0412
1914.2,21.6,19.3,41.3,38.8,30.5,88.5,0.833,1.5,0.91,14.15,2,0,0,21.6,21.4,0,1183.9,0.0731
2054.6,36.1,19.5,45.4,46.6,39.7,114.9,0.839,13.19,4.32,13.86,3,0,0,36.1,35.7,1,34.9,0.7295
2776.7,34.6,16.7,48.6,47.2,43.6,116.3,0.748,8.95,4.56,13.86,2,0,0,34.6,34.6,1,68.0,0.7652
935.2,0.0,1.8,41.7,56.0,31.9,93.4,0.071,20.75,14.64,13.99,0,0,0,0.0,0.0,2,20.5,0.9047
2941.5,46.7,16.5,47.3,42.1,29.8,88.2,0.613,3.61,0.74,10.34,3,0,0,46.7,47.5,3,24.1,0.8334
1033.4,0.0,2.3,31.5,34.7,43.8,119.6,0.792,7.19,3.23,13.85,0,0,1,0.0,0.0,1,74.9,0.8763
3205.4,40.8,16.9,49.9,51.3,37.6,86.0,0.723,0.8,0.77,14.14,2,0,0,40.8,41.6,0,1464.1,0.0492
2338.5,25.9,15.9,47.4,48.0,32.4,91.0,0.205,2.85,0.38,14.36,2,0,0,25.9,25.7,0,1428.4,0.0561
2213.6,17.6,7.9,45.1,76.0,35.6,91.3,0.147,15.27,14.74,13.87,1,0,0,17.6,17.7,2,55.5,0.8994
2697.2,22.4,13.6,58.3,57.6,33.2,92.6,0.825,3.61,2.7,14.41,1,0,0,22.4,22.4,0,945.5,0.0686
2616.5,29.9,8.5,43.3,44.7,34.3,90.3,0.341,0.95,1.46,14.06,2,0,0,29.9,29.5,0,943.1,0.0263
4345.8,74.2,70.0,84.6,87.4,37.4,117.7,0.784,5.42,4.38,13.97,3,0,0,74.2,72.8,1,67.8,0.9587
2111.8,34.8,15.1,51.8,50.0,32.9,90.4,0.286,2.74,3.32,14.34,3,0,0,34.8,35.4,0,1364.5,0.0248
5248.2,61.1,67.9,84.7,85.6,31.7,93.3,0.62,4.25,2.6,10.48,2,0,0,61.1,60.1,3,6.7,0.8457
1109.1,0.0,2.4,32.4,29.4,45.7,125.1,0.709,7.75,4.53,13.7,0,0,0,0.0,0.0,1,14.8,0.7396
2128.4,25.3,10.3,45.4,40.9,36.1,88.7,0.784,2.2,1.39,14.04,2,0,0,25.3,25.0,0,740.1,0.0177
3602.6,93.2,18.2,76.0,73.3,27.3,80.3,0.6,-0.35,1.83,9.68,5,0,0,93.2,91.5,3,25.3,0.8657
2305.6,27.1,6.5,52.0,50.7,34.6,85.2,0.877,0.37,2.1,14.2,2,0,0,27.1,27.4,0,1379.4,0.0544
1040.2,0.0,1.9,37.2,38.6,24.7,88.3,0.764,3.58,1.04,14.13,0,0,0,0.0,0.0,0,1144.8,0.0445
1839.7,23.6,20.5,57.8,56.8,31.9,85.7,0.797,1.72,3.04,14.21,2,0,0,23.6,23.7,0,1039.0,0.0675
3453.9,71.6,34.5,60.7,59.6,33.6,88.6,0.235,2.53,1.42,14.29,4,0,0,71.6,70.2,0,1023.4,0.0179
2846.6,63.1,17.4,57.7,57.3,32.9,85.0,0.335,3.64,2.48,14.24,4,0,0,63.1,64.2,0,896.7,0.0339
4107.4,105.0,17.7,66.6,64.4,33.6,88.4,0.311,1.96,1.19,14.27,5,0,0,105.0,104.2,0,1024.1,0.0477
1063.8,0.0,1.8,34.2,35.0,38.2,87.7,0.222,-0.02,1.02,14.05,0,0,1,0.0,0.0,0,1379.6,0.0556
3550.2,97.4,26.7,66.3,66.0,35.7,89.4,0.747,2.95,1.11,14.28,5,0,0,97.4,98.7,0,1126.9,0.0638
2136.2,27.3,17.3,48.7,73.9,38.5,96.5,0.197,20.3,9.56,13.8,2,0,0,27.3,27.4,2,72.5,0.736
879.1,0.0,1.9,30.6,58.9,37.5,94.8,0.072,21.14,17.32,14.34,0,0,0,0.0,0.0,2,48.3,0.8346
2920.1,49.5,7.2,60.5,59.4,34.9,91.4,0.2,3.8,0.95,14.11,3,0,0,49.5,49.3,0,1030.8,0.0614
2885.8,49.1,9.2,40.2,42.7,37.2,90.3,0.824,0.95,0.8,14.35,3,0,0,49.1,48.9,0,826.1,0.0158
3724.5,46.4,43.7,85.0,87.0,30.3,86.3,0.847,-0.23,0.79,14.06,2,0,0,46.4,46.4,0,1233.1,0.0792
2470.5,19.9,13.1,43.6,44.4,33.8,88.6,0.817,3.98,3.04,14.31,1,0,0,19.9,19.8,0,1289.3,0.0486
3599.1,76.5,24.8,67.6,94.1,38.3,98.1,0.189,13.81,10.25,14.14,4,0,0,76.5,76.8,2,118.1,0.9111
3721.9,101.1,20.1,55.2,56.1,38.8,116.7,0.734,8.4,3.27,14.14,5,0,0,101.1,99.8,1,17.9,0.7486
1034.4,0.0,2.4,30.7,33.9,26.6,86.1,0.791,0.95,1.45,14.07,0,0,0,0.0,0.0,0,904.8,0.0789
3632.0,94.8,25.5,61.1,59.4,32.5,85.7,0.688,0.2,1.69,14.2,5,0,0,94.8,93.1,0,885.2,0.0631
1042.1,0.0,2.0,33.7,31.4,28.0,86.9,0.316,-2.27,2.98,14.0,0,0,0,0.0,0.0,0,764.3,0.046
2177.6,15.1,15.9,45.8,45.0,41.3,113.6,0.697,12.34,5.99,14.02,1,0,0,15.1,15.0,1,67.9,0.7986
3469.6,90.1,15.7,58.4,57.6,27.1,94.4,0.216,1.37,2.15,14.26,5,0,0,90.1,89.7,0,1322.5,0.028
2419.5,28.8,10.9,45.2,47.0,33.7,89.6,0.277,0.33,1.96,10.18,2,0,0,28.8,28.9,3,19.6,0.8453
2303.8,26.1,12.0,35.8,57.3,34.1,103.2,0.088,14.81,13.62,13.65,2,0,0,26.1,25.9,2,66.4,0.789
1042.4,0.0,1.9,32.9,32.6,36.5,81.8,0.302,2.36,1.6,13.95,0,0,0,0.0,0.0,0,1488.9,0.0537
3859.3,81.4,82.7,79.8,77.9,27.7,91.8,0.296,0.08,0.55,14.21,4,0,0,81.4,81.0,0,1334.0,0.0628
2241.1,18.4,6.9,40.6,44.4,29.3,83.3,0.626,-2.38,2.9,11.18,1,0,0,18.4,18.5,3,7.8,0.8345
1992.4,34.1,10.4,38.9,39.2,27.2,90.6,0.245,3.3,1.06,14.19,3,0,0,34.1,33.6,0,1341.9,0.0274
2400.0,29.9,21.3,57.6,59.2,33.0,88.5,0.717,1.53,1.68,14.33,2,0,0,29.9,29.6,0,1195.1,0.0142
2095.9,32.7,16.4,46.1,48.3,29.3,84.8,0.777,0.5,1.74,14.15,3,0,0,32.7,33.1,0,1373.5,0.0549
1127.5,0.0,2.4,35.8,64.7,30.7,89.5,0.178,16.4,13.33,13.77,0,0,0,0.0,0.0,2,84.7,0.9084
4704.2,59.8,61.6,77.3,79.6,38.0,122.3,0.851,10.01,3.42,14.35,2,0,0,59.8,60.5,1,18.3,0.8888
3678.0,98.9,14.8,66.4,65.4,46.1,108.7,0.698,6.85,1.95,14.11,5,0,0,98.9,98.9,1,30.7,0.8013
4861.0,56.1,61.0,82.5,98.0,37.6,97.4,0.139,23.53,17.02,13.83,2,0,0,56.1,55.5,2,86.7,0.6973
3375.8,62.0,81.7,86.0,98.0,29.9,97.5,0.126,20.65,12.48,13.81,3,0,0,62.0,61.8,2,88.5,0.6757
1058.4,0.0,2.5,28.9,34.3,34.9,89.4,0.417,5.53,-0.27,9.84,0,0,0,0.0,0.0,3,31.8,0.9659
3573.1,75.8,16.1,62.0,63.0,38.0,86.9,0.281,-0.15,2.15,14.28,4,0,0,75.8,75.9,0,1238.2,0.0639
1865.9,20.8,21.1,57.5,59.9,33.2,86.1,0.692,0.47,2.53,14.16,2,0,0,20.8,20.8,0,1471.6,0.0459
3772.3,98.4,15.6,68.4,69.9,49.3,114.7,0.701,8.42,3.86,13.73,5,0,0,98.4,98.5,1,25.4,0.8414
1860.9,33.5,12.9,53.9,78.6,29.1,94.6,0.149,16.9,14.29,13.75,3,0,0,33.5,33.4,2,101.8,0.6791
1003.3,0.0,2.1,35.2,35.9,40.4,115.1,0.858,8.38,4.57,13.85,0,0,0,0.0,0.0,1,52.0,0.8433
1048.9,0.0,2.1,31.8,32.7,38.3,82.9,0.698,2.0,2.36,13.9,0,0,0,0.0,0.0,0,1157.4,0.0281
3120.6,69.8,33.7,64.3,89.8,33.9,89.1,0.084,22.26,15.42,14.06,4,0,0,69.8,70.6,2,77.0,0.7789
3107.6,80.1,31.2,61.9,60.1,39.6,111.6,0.762,5.36,5.76,13.74,5,0,0,80.1,80.2,1,27.5,0.8836
1043.5,0.0,2.2,32.3,31.6,31.2,84.5,0.28,2.68,2.44,14.05,0,0,0,0.0,0.0,0,745.9,0.0722
1931.4,15.8,19.5,63.2,59.6,35.9,88.0,0.34,4.09,2.71,14.09,1,0,0,15.8,15.8,0,1282.4,0.0606
2829.5,19.9,20.2,56.8,58.6,32.6,89.1,0.694,1.39,2.13,14.27,1,0,0,19.9,20.1,0,1108.5,0.0625
2624.0,21.0,6.7,45.5,48.4,27.4,86.8,0.221,2.29,0.73,14.2,1,0,0,21.0,21.1,0,852.7,0.0383
2207.1,15.9,15.5,43.9,43.9,31.0,85.6,0.841,4.0,1.18,13.97,1,0,0,15.9,16.2,0,1164.9,0.0484
3766.8,99.3,30.6,69.0,72.0,31.2,85.2,0.206,2.66,1.53,14.28,5,0,0,99.3,99.7,0,1461.4,0.0735
1049.9,0.0,2.1,34.1,34.3,29.1,86.1,0.306,1.53,2.5,13.98,0,0,0,0.0,0.0,0,877.4,0.0441
3732.0,95.8,23.7,69.6,68.7,40.4,117.8,0.807,6.68,4.69,13.75,5,0,0,95.8,94.0,1,9.7,0.9302
2125.4,18.2,19.6,56.8,56.8,45.1,124.2,0.739,7.54,3.62,13.9,1,0,0,18.2,18.5,1,32.6,0.7469
2542.2,66.5,29.9,67.6,88.5,30.1,81.5,0.112,18.39,12.81,13.81,5,0,0,66.5,65.4,2,78.1,0.9094
3180.6,81.0,27.5,66.9,66.3,37.6,94.2,0.292,1.16,1.25,14.08,5,0,0,81.0,82.2,0,1086.2,0.0668
2527.0,41.5,13.5,53.0,54.5,32.3,91.0,0.866,1.82,1.17,14.35,3,0,0,41.5,42.3,0,1359.1,0.0183
3254.6,90.5,29.0,58.8,78.2,29.9,98.8,0.088,17.67,14.0,14.2,5,0,0,90.5,91.4,2,36.0,0.679
1018.6,0.0,2.3,37.3,37.3,29.0,85.3,0.871,-1.36,2.1,14.08,0,0,0,0.0,0.0,0,848.7,0.0538
4269.3,71.7,65.4,77.1,79.7,34.0,83.1,0.508,-0.51,0.78,9.65,3,0,0,71.7,71.1,3,36.5,0.9695
2031.7,28.4,8.1,47.2,69.0,29.1,80.1,0.1,21.75,13.7,13.76,2,0,0,28.4,28.9,2,64.6,0.8431
3156.2,67.5,27.0,62.9,60.9,35.2,82.0,0.214,2.31,2.04,14.11,4,0,0,67.5,66.5,0,918.1,0.062
1040.3,0.0,2.2,36.3,39.0,32.5,90.6,0.366,2.44,1.81,10.54,0,0,1,0.0,0.0,3,35.7,0.9561
3166.5,66.4,28.0,64.4,65.6,34.2,84.9,0.2,0.22,1.54,14.18,4,0,0,66.4,66.6,0,1350.6,0.0108
2109.9,24.1,18.3,53.8,52.7,36.5,92.6,0.237,0.97,1.65,14.42,2,0,0,24.1,24.4,0,1314.5,0.0413
2123.6,17.9,13.8,50.5,49.4,41.8,118.6,0.753,6.27,4.18,13.8,1,0,0,17.9,18.3,1,25.9,0.86
3799.8,62.6,74.1,81.8,84.2,28.7,93.4,0.869,1.12,0.98,14.13,3,0,0,62.6,62.2,0,1370.8,0.019
4166.3,53.6,71.2,85.3,83.7,34.2,84.4,0.209,-1.52,0.82,10.05,2,0,0,53.6,52.9,3,30.6,0.9454
1028.2,0.0,2.3,28.4,30.0,38.1,86.3,0.81,1.41,1.87,13.98,0,0,1,0.0,0.0,0,1005.8,0.0103
2188.2,23.5,11.5,53.4,53.2,26.9,91.2,0.699,4.27,2.07,14.27,2,0,0,23.5,23.2,0,1000.6,0.0331
3343.8,85.7,26.9,58.1,57.2,35.0,91.7,0.706,3.8,2.1,14.18,5,0,0,85.7,84.2,0,1147.5,0.0789
2660.3,18.9,19.4,35.5,32.3,43.2,106.1,0.675,6.61,1.45,13.53,1,0,0,18.9,18.8,1,26.7,0.756
2098.0,18.8,13.4,48.8,49.5,34.3,81.8,0.311,2.95,1.77,14.23,1,0,0,18.8,19.1,0,1015.1,0.046
1931.4,17.5,13.3,51.7,52.2,30.8,89.1,0.334,3.25,1.27,14.02,1,0,0,17.5,17.4,0,985.0,0.0665
850.0,0.0,2.2,39.4,66.3,35.3,90.3,0.12,19.8,15.16,14.29,0,0,0,0.0,0.0,2,96.3,0.912
2507.0,28.0,14.6,45.6,47.2,30.9,87.0,0.347,-0.18,0.64,14.1,2,0,0,28.0,27.6,0,776.1,0.0577
2564.7,28.8,15.5,55.8,76.7,28.8,94.4,0.066,17.69,20.11,14.12,2,0,0,28.8,28.6,2,83.9,0.7573
3816.2,67.7,72.2,74.9,71.7,35.7,86.7,0.25,0.72,2.94,14.17,3,0,0,67.7,69.0,0,1359.2,0.0727
4613.0,80.7,70.3,91.6,98.0,33.8,94.4,0.108,13.64,13.44,13.87,3,0,0,80.7,80.6,2,112.3,0.7594
1049.7,0.0,2.3,35.4,36.0,49.4,112.9,0.75,5.11,5.21,14.23,0,0,0,0.0,0.0,1,57.2,0.8002
3566.0,91.1,25.0,60.9,61.8,29.0,87.2,0.761,3.46,3.15,14.19,5,0,0,91.1,90.7,0,1449.3,0.0325
3451.8,91.7,20.6,67.4,63.8,37.6,82.5,0.835,1.17,1.99,14.04,5,0,0,91.7,91.1,0,938.9,0.0112
989.7,0.0,2.0,29.3,50.8,28.7,89.2,0.138,16.28,14.21,14.25,0,0,0,0.0,0.0,2,115.0,0.7076
1039.5,0.0,2.0,32.1,32.8,27.1,86.5,0.287,-0.47,1.78,14.05,0,0,0,0.0,0.0,0,1444.2,0.0124
1012.0,0.0,1.9,33.5,31.7,33.7,84.4,0.259,4.83,1.03,10.3,0,0,0,0.0,0.0,3,10.0,0.923
3284.8,89.2,33.7,67.3,67.1,30.7,83.7,0.329,0.09,1.21,14.15,5,0,0,89.2,90.2,0,1454.2,0.0407
1078.5,0.0,2.0,31.9,33.5,28.1,88.2,0.273,0.14,1.78,13.99,0,0,0,0.0,0.0,0,1421.4,0.0569
3099.2,79.9,17.8,59.0,57.6,36.5,91.2,0.251,-0.38,1.66,14.09,5,0,0,79.9,80.0,0,1474.1,0.0139
2009.9,26.6,14.6,47.5,46.9,27.9,86.7,0.265,-0.82,0.61,11.42,2,0,0,26.6,26.9,3,24.1,0.9713
3257.3,54.9,47.8,72.9,72.6,29.5,92.8,0.306,-0.88,2.16,14.12,3,0,0,54.9,55.6,0,907.2,0.0297
1160.1,0.0,2.3,30.7,54.5,28.6,93.4,0.17,17.87,11.71,14.02,0,0,0,0.0,0.0,2,52.4,0.8007
3097.5,23.6,19.7,44.9,71.5,38.0,97.4,0.193,22.52,16.61,13.68,1,0,0,23.6,23.9,2,43.0,0.8783
2987.2,21.6,13.4,39.9,39.3,34.1,92.7,0.285,1.83,0.64,14.26,1,0,0,21.6,21.7,0,1159.9,0.032
3446.5,92.2,29.6,75.4,75.4,29.6,79.1,0.718,0.22,2.12,14.02,5,0,0,92.2,91.4,0,826.0,0.0628
4673.7,97.8,81.4,88.3,88.7,45.4,115.3,0.673,6.5,5.23,14.02,4,0,0,97.8,99.7,1,20.3,0.8899
3143.1,66.7,21.7,53.5,52.6,27.7,88.8,0.266,1.14,1.79,14.13,4,0,0,66.7,66.1,0,1170.2,0.0743
850.0,0.0,2.5,34.4,64.5,35.7,91.8,0.119,25.02,13.5,14.16,0,0,0,0.0,0.0,2,67.4,0.8788
1024.8,0.0,2.2,30.7,28.3,35.9,82.1,0.233,2.55,2.65,14.05,0,0,1,0.0,0.0,0,1441.4,0.0429
1056.6,0.0,2.3,36.9,37.6,36.6,89.2,0.314,3.47,1.27,14.19,0,0,0,0.0,0.0,0,1168.1,0.0368
2326.0,24.2,14.0,58.6,85.5,33.8,92.0,0.075,18.59,13.47,14.0,2,0,0,24.2,24.3,2,93.6,0.7543
5201.2,61.9,77.1,86.6,87.0,36.2,87.2,0.742,1.2,0.78,14.25,2,0,0,61.9,61.7,0,941.2,0.0234
5292.7,85.9,46.1,72.7,74.8,27.8,88.2,0.85,3.2,1.87,14.12,3,0,0,85.9,86.2,0,1315.1,0.0406
1079.9,0.0,2.0,35.0,35.4,38.3,90.1,0.252,1.81,0.96,14.01,0,0,0,0.0,0.0,0,1447.7,0.0463
3515.5,90.5,24.6,64.2,65.3,34.3,96.4,0.243,0.73,0.73,14.36,5,0,0,90.5,91.5,0,1289.1,0.0793
3379.5,91.4,23.3,64.2,66.7,30.6,85.3,0.197,2.43,1.66,14.18,5,0,0,91.4,91.7,0,769.8,0.0516
3612.1,94.5,22.5,58.0,82.5,30.0,95.7,0.109,20.37,13.19,13.88,5,0,0,94.5,92.8,2,68.8,0.8053
2494.0,31.1,8.7,41.5,39.6,32.4,83.7,0.737,2.5,2.64,14.25,2,0,0,31.1,31.5,0,1048.6,0.0346
2658.6,31.9,11.3,44.4,45.1,30.1,86.6,0.829,-0.72,0.59,14.02,2,0,0,31.9,31.4,0,1381.0,0.0534
1047.9,0.0,2.0,34.9,37.9,35.2,103.9,0.673,9.79,2.9,13.55,0,0,0,0.0,0.0,1,38.8,0.8683
1024.3,0.0,2.0,30.8,33.2,32.8,83.9,0.856,2.22,2.38,13.99,0,0,0,0.0,0.0,0,1326.8,0.0147
3328.4,86.6,17.4,70.9,69.8,32.0,86.0,0.832,4.91,1.84,14.09,5,0,0,86.6,85.4,0,777.9,0.0342
2478.0,30.3,7.0,46.8,47.3,29.5,81.6,0.628,1.4,1.58,10.61,2,0,0,30.3,30.7,3,13.3,0.8094
2638.2,32.1,14.6,55.2,54.8,39.0,110.7,0.897,1.33,4.05,14.03,2,0,0,32.1,31.6,1,57.1,0.7437
2334.9,27.1,10.1,57.1,58.1,29.9,88.4,0.206,2.2,2.42,14.21,2,0,0,27.1,27.1,0,884.0,0.0656
1034.6,0.0,2.1,33.4,34.6,39.1,105.4,0.672,2.79,6.31,14.09,0,0,0,0.0,0.0,1,52.1,0.9272
5692.1,91.9,40.8,81.7,82.1,26.7,88.8,0.702,3.5,3.47,14.23,3,0,0,91.9,92.2,0,1230.6,0.0511
3106.5,66.7,28.9,63.0,58.7,42.2,117.4,0.771,9.22,7.29,13.83,4,0,0,66.7,66.4,1,37.0,0.8507
2493.9,20.3,14.5,40.9,46.8,27.2,85.2,0.739,0.96,2.41,14.06,1,0,0,20.3,20.1,0,742.4,0.0634
3486.0,93.1,30.8,56.9,55.0,31.9,98.3,0.829,2.22,1.59,14.12,5,0,0,93.1,92.3,0,1000.4,0.0153
5456.3,85.7,46.0,84.2,80.9,30.8,89.2,0.221,4.99,1.58,14.15,3,0,0,85.7,84.7,0,795.7,0.037
1038.2,0.0,1.8,35.5,33.7,35.1,84.2,0.335,0.12,1.61,14.12,0,0,0,0.0,0.0,0,1174.1,0.0525
2798.5,58.8,26.4,64.3,61.4,30.8,85.3,0.322,3.18,0.11,14.08,4,0,0,58.8,59.0,0,1422.4,0.0315
4119.2,109.3,21.3,68.0,67.5,30.7,85.2,0.653,0.43,2.13,10.51,5,0,0,109.3,108.5,3,42.2,0.9009
2487.9,43.5,20.9,39.4,43.4,28.9,89.3,0.876,2.12,2.76,14.38,3,0,0,43.5,43.7,0,1470.6,0.0429
2892.6,35.4,6.2,56.9,58.7,30.3,88.9,0.29,-0.15,1.9,14.01,2,0,0,35.4,35.5,0,1283.2,0.0491
2616.8,30.8,20.8,55.7,57.7,34.7,85.6,0.84,3.53,1.44,14.36,2,0,0,30.8,31.3,0,1175.9,0.0658
2242.5,24.2,15.7,46.1,44.0,36.4,85.6,0.346,1.31,0.71,14.17,2,0,0,24.2,24.5,0,1146.7,0.0629
2615.0,67.3,21.8,58.2,58.6,41.1,109.5,0.72,10.08,4.54,13.97,5,0,0,67.3,68.3,1,41.4,0.946
1094.0,0.0,2.5,29.6,30.5,35.2,91.1,0.315,1.79,2.09,14.04,0,0,0,0.0,0.0,0,1192.3,0.0522
1038.7,0.0,2.0,35.0,36.5,31.5,83.7,0.24,-0.38,1.95,13.95,0,0,0,0.0,0.0,0,1299.3,0.0303
3577.4,93.9,19.9,65.4,63.8,28.1,87.1,0.303,2.05,2.6,14.14,5,0,0,93.9,93.1,0,1212.9,0.037
3917.3,104.6,31.6,58.9,60.3,38.9,115.1,0.846,5.41,4.06,13.6,5,0,0,104.6,103.6,1,9.6,0.8987
3035.7,36.5,8.7,48.2,47.6,35.8,87.7,0.265,2.62,2.05,14.03,2,0,0,36.5,36.5,0,1109.5,0.0125
2164.4,36.6,12.9,52.4,53.6,35.2,86.5,0.793,2.79,1.04,14.38,3,0,0,36.6,37.3,0,1490.3,0.051
2395.7,18.1,11.1,53.5,55.6,27.7,100.4,0.722,1.58,2.17,14.02,1,0,0,18.1,18.3,0,789.0,0.0287
1047.2,0.0,2.0,34.3,33.0,32.6,83.6,0.791,1.52,1.73,14.02,0,0,1,0.0,0.0,0,921.2,0.0527
1066.6,0.0,2.1,37.2,35.6,37.1,86.5,0.338,0.13,1.53,14.2,0,0,0,0.0,0.0,0,1301.3,0.065
1049.2,0.0,2.0,41.5,37.9,41.3,119.8,0.834,7.42,5.13,13.8,0,0,1,0.0,0.0,1,64.2,0.9328
5080.5,62.6,59.8,82.4,81.6,43.6,113.0,0.803,5.94,2.35,13.66,2,0,0,62.6,63.2,1,72.8,0.7638
3344.1,72.8,26.1,69.3,97.5,35.3,100.4,0.147,16.16,12.7,13.94,4,0,0,72.8,74.3,2,30.5,0.7315
1033.0,0.0,2.0,35.9,35.9,30.8,85.5,0.809,0.46,1.68,14.14,0,0,0,0.0,0.0,0,1436.4,0.0787
3855.7,103.4,21.4,64.4,65.2,28.8,88.6,0.213,0.32,0.59,14.11,5,0,0,103.4,104.6,0,1022.2,0.0466
1065.4,0.0,2.3,33.5,35.9,33.1,85.3,0.692,0.59,0.59,13.98,0,0,0,0.0,0.0,0,1041.0,0.08
1051.3,0.0,2.0,30.9,31.8,30.1,88.3,0.504,5.35,2.3,11.59,0,0,1,0.0,0.0,3,21.0,0.9893
2490.7,39.4,8.6,56.0,54.7,28.9,95.3,0.83,2.45,1.58,14.1,3,0,0,39.4,39.4,0,1013.5,0.0421
5711.8,93.4,78.5,64.1,65.3,40.2,121.4,0.897,7.64,3.46,14.05,3,0,0,93.4,93.0,1,40.3,0.7878
3979.2,81.6,21.8,59.7,63.1,34.2,86.1,0.77,-0.32,1.31,14.14,4,0,0,81.6,82.6,0,1237.3,0.0427
1656.1,20.3,21.6,56.3,56.0,36.1,84.7,0.776,-2.72,1.9,14.34,2,0,0,20.3,20.1,0,1058.0,0.0218
2179.8,27.8,19.3,50.7,51.7,36.7,91.2,0.831,2.98,1.87,13.89,2,0,0,27.8,28.2,0,946.4,0.0375
3850.2,79.9,51.4,81.1,82.3,31.8,82.6,0.82,3.17,1.85,14.35,4,0,0,79.9,80.1,0,1399.0,0.0728
2057.4,25.2,9.5,47.4,50.4,37.6,84.4,0.231,-2.19,2.06,10.17,2,0,0,25.2,25.7,3,26.8,0.8052
2804.2,19.8,12.7,54.4,54.3,35.7,87.9,0.417,1.77,2.49,10.97,1,0,0,19.8,20.1,3,36.1,0.9666
3072.8,63.3,17.3,53.8,54.3,36.3,92.4,0.186,1.33,2.63,13.93,4,0,0,63.3,63.8,0,1366.2,0.0415
1759.0,28.9,9.4,50.6,50.1,33.7,90.0,0.299,-0.92,1.6,14.21,3,0,0,28.9,28.6,0,1274.6,0.0723
2888.6,48.5,18.6,46.1,46.9,38.6,87.4,0.26,-0.36,1.66,10.75,3,0,0,48.5,49.3,3,23.1,0.9315
1750.0,13.9,17.2,44.1,45.7,43.4,117.2,0.662,4.47,5.4,13.47,1,0,0,13.9,13.9,1,55.1,0.8866
3359.3,68.9,17.1,68.2,68.1,33.9,83.7,0.708,2.46,3.12,14.15,4,0,0,68.9,68.9,0,1438.9,0.0411
1048.0,0.0,2.5,36.9,35.2,32.7,83.5,0.336,2.72,1.39,14.12,0,0,0,0.0,0.0,0,821.6,0.0515
3225.9,83.8,24.1,72.3,70.5,38.9,84.8,0.699,2.47,-0.17,14.1,5,0,0,83.8,83.3,0,1079.2,0.077
3426.4,59.2,6.7,33.3,38.0,31.8,86.3,0.323,3.31,2.3,14.14,3,0,0,59.2,60.3,0,836.4,0.0615
3099.8,80.8,33.6,55.2,57.2,34.7,81.5,0.8,2.18,2.36,13.86,5,0,0,80.8,79.6,0,1224.4,0.0781
2701.7,41.9,16.5,52.2,53.4,29.1,87.1,0.736,4.61,0.69,14.14,3,0,0,41.9,42.1,0,1238.8,0.0582
1032.7,0.0,2.3,31.4,29.6,34.4,84.5,0.684,0.09,3.65,14.05,0,0,0,0.0,0.0,0,884.2,0.0209
3429.1,92.3,22.4,66.4,62.0,38.6,90.7,0.312,3.37,1.78,13.91,5,0,0,92.3,93.1,0,1044.3,0.0524
1041.5,0.0,1.9,33.2,30.8,27.9,85.3,0.187,2.54,1.5,14.06,0,0,1,0.0,0.0,0,1354.2,0.0647
1024.9,0.0,2.3,36.5,61.7,34.6,93.3,0.141,15.16,15.38,13.65,0,0,0,0.0,0.0,2,69.1,0.8474
2861.3,77.7,20.0,62.0,62.3,37.1,111.7,0.689,8.99,6.17,13.75,5,0,0,77.7,77.6,1,25.4,0.7807
2033.9,24.7,14.3,51.8,51.3,28.0,88.9,0.328,3.37,-0.02,14.16,2,0,0,24.7,24.3,0,781.5,0.0752
2454.0,31.5,11.8,44.1,43.8,33.4,88.6,0.67,2.71,-1.21,11.01,2,0,0,31.5,30.9,3,14.1,0.8671
2178.1,36.1,19.7,40.7,42.7,35.3,84.5,0.27,-0.26,3.31,11.13,3,0,0,36.1,36.5,3,25.5,0.8178
1067.6,0.0,1.9,32.4,35.9,35.6,92.8,0.708,1.4,0.75,13.99,0,0,1,0.0,0.0,0,1229.2,0.0284
2345.0,19.7,15.2,48.2,50.2,38.8,78.8,0.281,2.17,2.4,14.14,1,0,0,19.7,19.3,0,1035.7,0.0659
1062.7,0.0,2.3,35.2,35.4,48.2,111.9,0.68,10.19,4.85,13.61,0,0,0,0.0,0.0,1,24.3,0.8584
850.0,0.0,2.1,36.2,58.6,33.9,93.0,0.145,16.24,11.84,13.94,0,0,0,0.0,0.0,2,58.7,0.7603
2405.2,27.9,17.9,54.7,57.2,38.9,85.5,0.577,1.62,1.75,10.09,2,0,0,27.9,27.7,3,5.2,0.9136
3010.5,80.7,34.5,61.7,86.3,31.4,91.0,0.107,26.37,13.39,14.07,5,0,0,80.7,80.1,2,120.0,0.863
2855.7,46.9,15.6,39.8,42.1,39.9,109.5,0.754,8.09,1.82,13.88,3,0,0,46.9,47.1,1,9.0,0.8161
4702.6,76.6,47.7,83.5,84.1,34.2,90.6,0.785,3.83,2.34,14.12,3,0,0,76.6,75.3,0,1435.6,0.0529
2528.1,29.8,16.9,45.8,48.7,33.1,90.8,0.282,1.01,1.63,14.38,2,0,0,29.8,30.3,0,1148.0,0.0413
1819.9,30.0,9.6,44.8,46.0,26.9,92.4,0.338,1.22,1.43,14.2,3,0,0,30.0,30.4,0,1442.6,0.0649
4500.0,76.5,65.8,90.3,91.0,37.6,99.9,0.746,1.33,1.51,14.32,3,0,0,76.5,76.9,0,1265.4,0.056
1047.2,0.0,2.4,31.9,34.7,40.6,122.1,0.693,6.32,2.58,13.8,0,0,1,0.0,0.0,1,28.9,0.9349
1940.8,21.8,19.1,43.6,44.8,37.0,86.3,0.712,2.17,0.99,14.27,2,0,0,21.8,21.7,0,891.7,0.024
2081.1,34.9,13.3,38.9,44.5,33.8,120.4,0.746,8.53,4.83,14.09,3,0,0,34.9,34.5,1,19.6,0.9013
2755.7,24.0,18.0,45.3,44.7,34.6,89.7,0.789,3.14,1.49,14.15,1,0,0,24.0,23.8,0,972.6,0.0459
3346.8,87.1,25.5,68.6,66.1,28.5,95.5,0.753,0.47,1.12,14.2,5,0,0,87.1,87.7,0,1200.9,0.0273
3485.7,73.7,21.2,66.3,68.3,37.6,92.1,0.765,2.56,2.23,14.14,4,0,0,73.7,74.5,0,946.2,0.0743
2733.3,35.2,13.1,40.8,41.9,30.0,86.7,0.868,1.74,0.68,14.2,2,0,0,35.2,35.7,0,1469.5,0.046
2476.0,19.9,12.4,33.9,56.7,27.7,90.6,0.07,23.93,13.71,14.03,1,0,0,19.9,19.7,2,91.6,0.8157
2371.3,18.4,12.5,51.6,52.2,35.5,116.7,0.701,12.48,5.44,13.69,1,0,0,18.4,18.2,1,42.5,0.9259
2418.4,27.8,13.5,41.7,42.7,34.9,90.1,0.6,0.13,-1.07,10.9,2,0,0,27.8,27.5,3,26.5,0.8469
2046.1,32.9,12.4,50.3,52.6,37.8,90.4,0.785,3.32,1.6,14.12,3,0,0,32.9,33.5,0,1231.2,0.0197
2640.1,21.3,6.3,39.7,40.8,33.1,91.3,0.299,3.43,1.98,14.08,1,0,0,21.3,21.6,0,1411.1,0.0509
1056.7,0.0,2.5,30.3,32.0,30.0,86.8,0.263,1.15,2.16,14.13,0,0,0,0.0,0.0,0,1274.8,0.0672
2517.7,28.3,11.7,37.3,38.8,39.3,94.8,0.182,1.64,1.74,14.1,2,0,0,28.3,28.1,0,1114.5,0.0692
1609.5,24.8,14.1,57.5,82.1,38.3,95.6,0.144,19.75,16.37,13.84,2,0,0,24.8,24.7,2,55.6,0.6714
3635.8,92.6,21.6,51.4,54.3,45.0,116.6,0.741,11.33,2.36,13.61,5,0,0,92.6,93.3,1,25.2,0.9205
3151.2,48.9,17.7,51.0,74.0,33.8,93.0,0.156,22.3,10.95,14.12,3,0,0,48.9,49.3,2,109.2,0.6928
1007.9,0.0,2.2,33.8,32.6,36.0,90.4,0.761,3.58,1.74,14.17,0,0,0,0.0,0.0,0,753.9,0.0353
3121.9,82.6,30.2,53.1,70.9,35.5,91.4,0.143,20.04,14.33,13.65,5,0,0,82.6,83.7,2,33.7,0.8192
3392.5,87.6,27.7,61.8,59.7,36.4,83.9,0.273,0.42,3.26,14.06,5,0,0,87.6,88.1,0,806.0,0.0632
850.0,0.0,2.1,34.3,62.3,29.9,88.5,0.056,24.38,10.67,13.97,0,0,0,0.0,0.0,2,112.6,0.7926
1029.7,0.0,2.4,35.2,33.9,30.3,81.5,0.322,0.63,2.26,14.03,0,0,0,0.0,0.0,0,1233.9,0.0147
2947.3,33.7,19.5,52.2,54.0,34.6,93.0,0.272,-0.84,0.1,14.34,2,0,0,33.7,34.1,0,1291.6,0.0552
1055.8,0.0,2.2,31.0,32.6,33.4,82.5,0.211,1.74,1.97,14.17,0,0,0,0.0,0.0,0,1499.9,0.0507
2818.8,22.1,11.5,53.4,53.9,37.7,84.4,0.34,-0.64,0.76,10.63,1,0,0,22.1,21.7,3,13.6,0.877
3458.4,90.5,23.2,58.2,59.2,30.4,90.9,0.324,-1.3,0.95,13.97,5,0,0,90.5,89.5,0,1022.0,0.0683
3375.5,73.7,20.5,63.0,61.3,38.0,91.9,0.706,4.34,2.68,14.24,4,0,0,73.7,73.8,0,1281.9,0.0497
3438.0,90.2,18.7,68.8,84.9,37.0,89.0,0.064,16.8,15.32,14.11,5,0,0,90.2,92.0,2,69.0,0.8166
4038.0,106.6,30.8,61.4,57.2,30.0,89.6,0.744,2.13,0.99,14.28,5,0,0,106.6,104.7,0,1272.5,0.0754
3400.3,40.3,43.4,80.4,80.7,32.0,89.5,0.242,0.52,2.31,14.35,2,0,0,40.3,40.3,0,1361.1,0.0642
3974.6,83.8,49.8,84.7,88.4,37.2,84.9,0.267,2.74,1.97,14.03,4,0,0,83.8,85.1,0,1320.3,0.0171
1059.8,0.0,1.8,34.3,36.4,31.1,84.3,0.734,3.51,0.47,14.24,0,0,1,0.0,0.0,0,1131.7,0.0633
3495.5,93.8,21.0,52.5,57.1,38.6,84.9,0.505,0.48,1.71,10.5,5,0,0,93.8,95.3,3,12.1,0.9512
1020.8,0.0,1.8,30.8,65.5,31.8,89.8,0.103,24.04,14.44,13.91,0,0,0,0.0,0.0,2,39.9,0.8087
2681.1,43.0,12.0,48.7,48.5,29.0,88.1,0.297,2.44,1.86,14.25,3,0,0,43.0,42.5,0,1434.9,0.0424
1035.0,0.0,2.2,35.7,34.3,35.3,91.1,0.548,-0.04,-0.27,10.62,0,0,0,0.0,0.0,3,32.6,0.9825
2677.0,20.9,12.3,57.3,52.8,37.4,91.6,0.759,2.81,1.67,14.13,1,0,0,20.9,21.1,0,890.9,0.0265
2725.2,44.6,10.5,54.8,54.3,36.3,87.7,0.314,1.78,0.81,13.96,3,0,0,44.6,44.2,0,1307.9,0.0303
3669.7,80.5,24.8,68.3,65.5,29.9,90.6,0.255,1.92,0.66,14.21,4,0,0,80.5,79.8,0,916.7,0.057
2331.2,17.4,9.6,57.8,59.3,34.2,82.9,0.186,1.25,2.21,13.98,1,0,0,17.4,17.6,0,1319.6,0.0439
1046.6,0.0,2.1,21.7,25.7,32.7,86.8,0.202,3.27,1.11,14.09,0,0,0,0.0,0.0,0,1062.5,0.0363
2835.7,33.0,14.7,52.4,53.1,30.6,84.6,0.432,3.06,1.24,11.09,2,0,0,33.0,32.5,3,34.3,0.8268
3507.0,76.4,27.3,59.1,90.2,32.4,96.8,0.186,13.84,14.34,14.26,4,0,0,76.4,76.4,2,91.8,0.8525
3539.5,74.4,20.4,61.0,60.7,36.2,89.2,0.833,3.62,2.87,14.15,4,0,0,74.4,75.5,0,1353.4,0.0483
1081.0,0.0,2.3,38.3,36.6,28.2,86.7,0.292,3.05,1.18,14.03,0,0,0,0.0,0.0,0,1332.8,0.0731
3951.5,102.5,18.3,62.8,63.7,45.7,111.5,0.885,5.05,3.2,13.87,5,0,0,102.5,102.1,1,14.1,0.9472
1026.2,0.0,2.2,39.8,39.1,37.5,89.3,0.229,-2.52,0.01,9.99,0,0,0,0.0,0.0,3,38.5,0.8564
2249.7,27.3,18.6,40.9,69.1,34.2,92.9,0.165,17.69,15.9,13.75,2,0,0,27.3,27.1,2,69.8,0.8799
1058.1,0.0,2.5,33.4,31.3,34.1,87.7,0.841,0.51,0.86,14.05,0,0,0,0.0,0.0,0,903.8,0.0117
948.8,0.0,2.5,34.5,61.8,29.4,97.0,0.166,17.27,14.09,13.86,0,0,0,0.0,0.0,2,71.8,0.6559
2951.7,62.7,21.0,60.9,62.5,28.5,90.9,0.863,1.85,1.09,14.07,4,0,0,62.7,62.6,0,789.1,0.0564
3770.3,99.0,24.3,56.6,57.3,30.8,79.4,0.314,1.17,2.06,14.1,5,0,0,99.0,99.4,0,724.2,0.0474
5461.0,91.4,53.4,64.0,69.6,28.1,87.3,0.743,3.6,3.36,14.21,3,0,0,91.4,91.5,0,1448.3,0.0726
3175.2,27.0,16.7,44.4,40.3,30.8,87.8,0.205,0.33,1.42,14.08,1,0,0,27.0,26.9,0,1149.0,0.0375
3746.5,95.3,23.9,62.4,62.3,26.6,87.5,0.837,0.17,2.12,14.03,5,0,0,95.3,96.0,0,917.1,0.0151
1077.0,0.0,2.0,34.4,31.7,30.9,90.6,0.189,1.66,1.58,14.05,0,0,0,0.0,0.0,0,1345.1,0.0246
3297.0,85.4,18.3,69.7,67.9,32.3,89.8,0.868,0.78,1.73,14.24,5,0,0,85.4,83.9,0,1238.5,0.0633
2640.0,43.9,7.1,44.7,46.0,38.9,115.7,0.743,6.74,5.02,13.71,3,0,0,43.9,43.7,1,28.5,0.8219
2790.4,33.7,12.1,41.5,41.0,29.2,91.6,0.274,1.56,1.86,14.04,2,0,0,33.7,33.2,0,1387.9,0.0279
1073.2,0.0,2.1,32.1,32.3,34.3,84.6,0.316,0.62,0.2,13.83,0,0,0,0.0,0.0,0,730.8,0.0342
980.7,0.0,2.4,34.6,33.9,36.2,87.4,0.798,0.6,0.1,13.97,0,0,0,0.0,0.0,0,1229.9,0.0745
2751.1,58.5,31.1,61.8,63.0,36.6,91.1,0.583,-1.01,2.25,9.95,4,0,0,58.5,57.4,3,19.4,0.8185
4642.3,96.5,57.0,86.0,85.9,32.7,83.1,0.25,3.68,1.9,14.01,4,0,0,96.5,94.9,0,1433.7,0.0558
3654.7,52.4,41.4,82.5,84.0,27.6,90.3,0.328,3.43,1.92,14.09,3,0,0,52.4,51.6,0,1267.2,0.0545
1084.8,0.0,2.1,34.8,32.0,29.8,80.1,0.844,1.59,1.47,14.07,0,0,0,0.0,0.0,0,1480.2,0.0283
3204.1,70.3,18.5,59.6,87.3,28.1,88.5,0.199,21.73,14.53,13.69,4,0,0,70.3,69.8,2,106.6,0.697
1104.2,0.0,2.4,37.5,35.9,28.8,84.8,0.498,1.26,0.67,10.41,0,0,0,0.0,0.0,3,37.8,0.8718
3655.1,79.0,14.2,65.4,65.1,35.1,87.4,0.287,1.61,1.42,14.12,4,0,0,79.0,80.5,0,1156.3,0.0272
2328.5,17.4,7.5,35.7,35.3,37.8,91.4,0.229,3.35,0.22,14.16,1,0,0,17.4,17.7,0,1189.6,0.0116
3905.9,102.8,32.7,66.9,65.5,30.4,91.2,0.647,-0.98,1.34,9.87,5,0,0,102.8,102.2,3,22.0,0.8806
2781.3,45.1,20.8,44.0,44.3,35.7,86.7,0.822,3.97,1.93,14.11,3,0,0,45.1,45.3,0,912.3,0.037
3418.2,94.0,25.1,60.0,61.3,44.1,118.6,0.749,5.55,6.29,13.74,5,0,0,94.0,93.9,1,50.8,0.9458
3412.1,43.6,59.0,88.2,88.1,37.7,85.3,0.318,1.79,0.97,14.1,2,0,0,43.6,42.9,0,984.9,0.0444
2122.3,28.4,7.6,40.2,40.6,33.3,92.1,0.879,3.02,0.96,14.05,2,0,0,28.4,28.8,0,1337.3,0.0186
1003.5,0.0,1.8,35.6,33.7,30.1,91.1,0.84,4.55,1.88,14.07,0,0,0,0.0,0.0,0,1204.1,0.0603
2832.7,21.2,15.8,58.4,59.6,28.8,88.4,0.336,0.74,0.86,14.05,1,0,0,21.2,21.0,0,991.8,0.0224
2503.6,29.9,15.9,44.5,42.5,41.8,118.3,0.828,8.95,2.39,13.9,2,0,0,29.9,30.1,1,15.6,0.7548
1053.3,0.0,2.0,34.0,34.0,29.2,86.8,0.535,-0.55,0.57,10.33,0,0,0,0.0,0.0,3,29.2,0.9741
4111.6,52.9,82.9,82.9,83.9,30.1,81.3,0.725,1.9,2.35,13.93,2,0,0,52.9,53.9,0,1440.9,0.038
1253.3,0.0,1.9,33.2,56.1,35.1,93.8,0.054,21.07,9.51,13.8,0,0,0,0.0,0.0,2,30.2,0.6805
4245.6,47.2,66.0,75.0,77.3,29.7,89.3,0.795,3.69,1.5,14.19,2,0,0,47.2,48.1,0,734.7,0.017
4169.4,108.8,29.8,69.7,69.6,26.8,85.4,0.717,3.85,1.71,14.17,5,0,0,108.8,109.7,0,896.4,0.0744
1071.6,0.0,2.0,34.4,34.3,29.4,85.2,0.186,0.47,2.75,14.2,0,0,0,0.0,0.0,0,717.0,0.0691
1086.0,0.0,2.4,30.6,32.4,29.5,85.5,0.505,4.33,0.5,10.34,0,0,0,0.0,0.0,3,5.6,0.8778
2127.7,16.8,12.3,46.9,70.5,39.0,91.8,0.079,18.93,13.72,13.66,1,0,0,16.8,16.9,2,107.6,0.6547
1050.8,0.0,2.4,39.6,35.2,38.3,110.3,0.668,8.21,2.48,14.14,0,0,0,0.0,0.0,1,31.0,0.944
2834.0,45.7,11.8,43.0,58.5,33.3,93.3,0.167,20.86,12.38,14.22,3,0,0,45.7,45.2,2,42.8,0.7157
1327.8,24.2,12.4,49.5,48.1,43.3,110.1,0.739,5.38,2.56,13.72,3,0,0,24.2,24.6,1,42.8,0.8837
5153.9,83.6,44.6,64.0,65.9,29.6,84.8,0.621,-2.84,0.9,11.16,3,0,0,83.6,83.3,3,21.0,0.8485
3092.4,84.9,30.4,61.4,62.1,38.4,110.7,0.775,5.63,5.28,13.92,5,0,0,84.9,85.2,1,26.8,0.853
3856.4,100.0,34.7,57.9,58.0,37.5,85.3,0.253,0.05,2.68,10.62,5,0,0,100.0,99.1,3,13.6,0.8286
3050.8,79.9,21.2,66.7,65.8,36.9,86.7,0.751,0.71,0.28,14.2,5,0,0,79.9,80.0,0,1393.2,0.0188
1074.2,0.0,1.8,34.6,33.0,28.7,86.4,0.269,2.39,1.05,14.1,0,0,0,0.0,0.0,0,1072.5,0.0207
3451.5,91.7,26.0,66.0,64.4,32.9,88.9,0.187,3.09,1.2,14.15,5,0,0,91.7,90.3,0,1327.0,0.0372
1051.1,0.0,1.9,34.2,34.2,33.8,86.7,0.318,1.63,2.47,14.06,0,0,0,0.0,0.0,0,1024.5,0.0226
3668.6,80.8,15.2,65.8,64.8,28.8,89.5,0.333,-0.35,0.69,14.2,4,0,0,80.8,82.2,0,1437.9,0.0284
2342.0,29.7,17.9,43.1,42.3,29.9,89.8,0.705,3.01,1.07,14.19,2,0,0,29.7,30.3,0,1229.8,0.0699
1060.7,0.0,2.3,32.5,34.7,45.9,109.4,0.708,3.1,5.15,13.87,0,0,1,0.0,0.0,1,58.4,0.942
3034.8,63.6,19.7,67.4,68.3,36.9,90.8,0.27,0.25,1.67,14.24,4,0,0,63.6,64.5,0,1201.9,0.0625
3620.6,94.3,18.0,65.0,64.4,38.0,89.2,0.187,2.42,1.1,13.86,5,0,0,94.3,93.2,0,900.5,0.0377
2597.7,44.0,15.1,40.5,38.9,35.3,83.9,0.732,2.99,1.71,14.05,3,0,0,44.0,44.3,0,1180.7,0.06
3993.7,104.5,32.1,54.1,55.1,27.9,89.5,0.605,0.59,0.4,10.44,5,0,0,104.5,104.8,3,23.2,0.9616
3098.0,82.2,23.6,53.2,53.5,27.3,89.3,0.833,2.88,3.12,13.9,5,0,0,82.2,83.0,0,1195.6,0.0144
1029.3,0.0,1.9,34.3,35.2,31.0,81.3,0.85,-1.22,2.52,14.03,0,0,0,0.0,0.0,0,1166.5,0.0696
1101.2,0.0,1.9,38.3,39.7,35.0,115.0,0.817,10.93,3.97,13.94,0,0,0,0.0,0.0,1,31.5,0.7406
995.2,0.0,2.4,30.8,33.7,47.8,106.0,0.863,6.74,3.78,13.72,0,0,0,0.0,0.0,1,68.6,0.8707
2515.8,31.0,11.7,44.6,45.2,35.4,86.6,0.742,3.5,0.52,14.38,2,0,0,31.0,30.4,0,1131.3,0.0467
3460.5,90.2,17.3,64.9,61.5,35.5,91.5,0.848,2.81,1.77,14.21,5,0,0,90.2,91.7,0,1271.8,0.0718
2754.2,45.0,21.3,49.7,53.9,37.0,83.5,0.218,1.53,1.86,14.27,3,0,0,45.0,44.2,0,1419.7,0.0454
2673.5,56.7,33.2,60.6,66.5,28.4,90.3,0.674,-1.53,2.04,10.93,4,0,0,56.7,57.4,3,35.9,0.8544
1057.3,0.0,2.3,34.7,34.1,28.3,87.7,0.251,2.21,1.87,14.11,0,0,0,0.0,0.0,0,1106.8,0.0613
1051.4,0.0,2.3,32.2,32.8,27.4,81.7,0.31,4.96,1.57,13.96,0,0,0,0.0,0.0,0,818.8,0.0615
1644.2,20.8,15.8,50.2,50.7,39.5,83.9,0.845,1.96,0.71,14.36,2,0,0,20.8,20.8,0,1161.8,0.072
2664.6,33.3,15.7,53.8,53.0,39.7,88.5,0.347,-0.1,1.27,14.24,2,0,0,33.3,33.6,0,1334.8,0.0496
850.0,0.0,2.5,38.4,58.0,38.5,90.7,0.115,20.92,18.53,13.71,0,0,0,0.0,0.0,2,118.6,0.9168
3569.7,95.0,34.7,53.9,54.9,29.7,90.3,0.798,-0.31,1.34,14.01,5,0,0,95.0,95.2,0,752.9,0.0415
1040.3,0.0,2.0,34.5,32.6,30.0,87.8,0.715,2.75,1.32,14.02,0,0,0,0.0,0.0,0,984.8,0.0619
5433.9,89.2,64.4,88.1,87.9,36.0,84.3,0.184,0.46,0.81,14.13,3,0,0,89.2,89.4,0,840.5,0.0647
2301.5,19.1,11.0,42.6,43.0,33.8,87.7,0.199,1.19,1.13,14.13,1,0,0,19.1,19.4,0,778.2,0.0475
4077.4,69.8,75.0,87.1,89.5,30.8,90.2,0.249,0.5,-0.46,14.14,3,0,0,69.8,71.0,0,757.8,0.0758
2630.5,30.4,20.7,55.1,72.3,34.9,91.4,0.115,21.05,12.26,14.07,2,0,0,30.4,30.9,2,61.9,0.9069
3394.8,92.8,23.6,70.9,91.2,25.9,95.0,0.125,17.11,15.87,14.15,5,0,0,92.8,91.1,2,113.2,0.8324
2293.9,26.1,17.8,37.5,40.6,28.7,84.0,0.397,1.28,1.61,10.2,2,0,0,26.1,26.3,3,32.1,0.9817
3521.3,73.1,22.3,52.3,80.9,33.0,89.0,0.126,17.41,19.02,13.92,4,0,0,73.1,74.4,2,41.3,0.8657
4816.6,100.6,42.5,82.9,85.1,44.7,119.3,0.659,5.74,3.99,14.15,4,0,0,100.6,101.5,1,17.0,0.8216
3733.6,98.9,14.0,71.7,66.9,37.6,88.1,0.698,0.46,2.21,13.97,5,0,0,98.9,99.6,0,904.6,0.0308
3498.8,71.8,18.5,61.3,83.0,37.0,95.2,0.088,18.42,13.9,13.89,4,0,0,71.8,71.0,2,105.1,0.7611
1985.2,22.1,6.4,61.1,78.6,29.7,102.4,0.116,19.27,13.79,13.83,2,0,0,22.1,22.2,2,22.2,0.7201
3657.6,84.7,72.9,79.8,98.0,27.8,94.7,0.056,25.36,16.14,14.12,4,0,0,84.7,85.6,2,68.4,0.8587
2202.6,15.7,7.1,50.2,51.7,36.9,87.5,0.713,-1.24,1.69,14.3,1,0,0,15.7,15.7,0,1380.0,0.0452
1080.1,0.0,2.3,32.0,31.9,30.9,88.7,0.306,1.39,0.43,13.99,0,0,0,0.0,0.0,0,1151.0,0.0784
3238.4,23.8,9.6,54.5,82.9,31.8,92.5,0.154,25.38,15.35,14.27,1,0,0,23.8,23.4,2,118.7,0.8301
3448.3,91.9,27.0,69.6,68.2,43.6,120.1,0.756,3.46,3.66,13.9,5,0,0,91.9,90.4,1,23.5,0.93
1032.7,0.0,1.9,32.3,32.8,28.2,85.6,0.511,-3.35,0.87,10.13,0,0,0,0.0,0.0,3,41.3,0.8936
2338.9,39.8,6.6,40.3,41.2,32.7,86.4,0.701,-0.58,1.63,13.98,3,0,0,39.8,39.7,0,843.0,0.048
1737.1,12.9,11.5,50.4,51.0,35.9,85.3,0.182,2.24,1.95,14.18,1,0,0,12.9,12.7,0,1360.7,0.02
3711.7,96.0,29.6,62.6,63.9,38.1,85.6,0.297,0.94,1.38,14.12,5,0,0,96.0,96.8,0,1255.9,0.0174
2586.6,68.0,31.4,67.2,93.4,28.2,101.2,0.162,24.96,17.46,14.0,5,0,0,68.0,67.3,2,109.6,0.8534
2304.7,18.1,14.4,55.4,55.2,33.7,86.1,0.78,3.08,2.73,14.1,1,0,0,18.1,17.7,0,1240.3,0.0253
1072.6,0.0,2.1,30.7,33.4,31.4,84.9,0.289,0.77,0.76,14.15,0,0,0,0.0,0.0,0,1190.4,0.0607
2302.2,27.2,15.8,37.8,40.3,28.8,86.4,0.659,0.78,0.83,10.68,2,0,0,27.2,27.1,3,4.6,0.9021
3089.7,84.0,17.9,64.0,64.0,33.8,86.9,0.249,2.78,1.2,13.92,5,0,0,84.0,85.0,0,1009.7,0.0593
3409.9,69.3,19.2,61.7,92.9,30.0,94.3,0.121,26.65,18.24,14.27,4,0,0,69.3,69.7,2,72.2,0.7955
2712.8,20.5,19.9,39.7,41.8,35.1,90.0,0.73,1.84,1.42,14.22,1,0,0,20.5,20.4,0,1063.5,0.0395
3798.8,90.3,15.0,62.7,82.9,36.7,91.6,0.176,22.2,14.95,14.2,5,0,0,90.3,90.9,2,88.2,0.7736
2788.4,46.5,10.6,44.3,43.8,34.8,88.9,0.824,2.62,2.25,14.06,3,0,0,46.5,46.9,0,1423.7,0.0359
2088.1,16.3,13.2,47.6,49.5,29.8,84.6,0.27,2.83,2.21,9.88,1,0,0,16.3,16.5,3,16.0,0.9646
1985.4,17.6,13.1,52.1,50.6,29.2,86.4,0.442,1.42,1.67,9.76,1,0,0,17.6,17.9,3,9.8,0.8969
2740.6,34.6,12.8,49.8,49.9,31.2,86.5,0.681,2.49,1.87,14.22,2,0,0,34.6,34.7,0,1498.1,0.025
2708.6,61.1,27.7,66.2,63.9,32.0,93.9,0.831,1.84,2.18,14.3,4,0,0,61.1,61.0,0,1319.0,0.0416
2153.0,35.5,18.3,46.6,45.4,30.9,86.0,0.834,2.33,1.11,14.18,3,0,0,35.5,35.9,0,1163.7,0.0586
2615.5,29.6,16.9,39.4,41.1,49.5,114.5,0.719,7.55,2.61,13.88,2,0,0,29.6,30.1,1,50.7,0.8503
2218.4,18.7,9.1,35.6,56.4,31.1,98.1,0.194,14.31,15.35,14.12,1,0,0,18.7,18.4,2,37.7,0.6754
3875.8,82.6,17.5,54.6,53.8,33.8,90.4,0.253,1.18,1.87,14.46,4,0,0,82.6,82.6,0,837.0,0.0777
2807.6,21.1,18.6,39.4,40.2,43.5,115.9,0.796,4.57,5.95,13.8,1,0,0,21.1,20.8,1,65.7,0.7992
2197.0,36.6,16.7,46.1,45.2,36.0,94.1,0.231,1.77,1.24,14.15,3,0,0,36.6,36.3,0,1478.8,0.0198
5394.4,65.5,52.0,73.9,98.0,31.8,94.7,0.117,21.26,17.23,13.7,2,0,0,65.5,66.1,2,43.4,0.8042
3638.9,74.7,33.2,51.6,55.6,31.6,87.1,0.538,-3.35,2.41,10.61,4,0,0,74.7,73.6,3,38.2,0.9747
1057.1,0.0,2.3,31.0,31.8,31.2,80.9,0.806,2.21,1.94,13.9,0,0,0,0.0,0.0,0,1081.4,0.0526
1499.8,18.8,21.1,48.4,47.8,39.2,89.5,0.218,4.01,1.69,14.2,2,0,0,18.8,18.5,0,1405.8,0.0281
1057.0,0.0,2.1,27.4,32.7,27.6,87.6,0.194,1.11,3.14,14.03,0,0,0,0.0,0.0,0,1205.7,0.0281
3083.6,26.3,15.8,45.1,43.6,32.1,88.4,0.849,3.17,1.36,14.25,1,0,0,26.3,26.1,0,898.2,0.0679
3067.8,60.2,17.4,52.1,56.6,29.4,88.5,0.324,4.83,1.69,14.17,4,0,0,60.2,60.5,0,1222.0,0.065
1637.1,26.8,12.8,43.2,45.0,28.9,86.3,0.329,4.0,2.92,14.17,3,0,0,26.8,26.3,0,1262.5,0.0587
3415.0,89.1,25.7,56.9,56.8,28.2,88.3,0.274,4.0,1.35,14.37,5,0,0,89.1,89.7,0,709.5,0.0127
1584.7,21.4,18.5,55.8,54.1,36.7,82.9,0.746,3.14,1.39,14.24,2,0,0,21.4,21.7,0,1388.5,0.0119
2614.7,19.2,15.0,52.5,50.7,27.0,85.4,0.782,2.12,2.17,14.15,1,0,0,19.2,18.9,0,734.9,0.0724
1062.4,0.0,2.0,33.3,33.0,37.6,82.1,0.267,0.71,1.69,14.07,0,0,1,0.0,0.0,0,1307.9,0.036
1057.7,0.0,2.0,36.1,35.3,37.6,86.9,0.831,0.99,3.01,13.97,0,0,0,0.0,0.0,0,1156.6,0.0536
2199.0,27.5,21.6,49.9,76.4,27.4,94.8,0.13,14.84,16.72,14.07,2,0,0,27.5,27.0,2,86.5,0.874
2785.6,46.3,20.7,44.6,43.8,41.4,110.1,0.789,9.14,2.82,14.0,3,0,0,46.3,46.4,1,33.2,0.8766
2662.9,30.5,16.7,50.1,53.8,36.4,84.5,0.742,0.16,0.4,14.09,2,0,0,30.5,29.9,0,794.9,0.0175
2424.8,20.5,16.8,44.1,45.6,28.1,84.2,0.273,2.46,1.41,14.32,1,0,0,20.5,20.8,0,868.6,0.0173
1515.0,27.0,19.8,47.7,75.3,29.4,96.0,0.07,24.29,14.52,13.92,3,0,0,27.0,26.8,2,36.8,0.7652
4478.2,92.6,64.9,80.4,81.5,31.5,87.8,0.342,0.47,3.5,10.23,4,0,0,92.6,91.7,3,11.7,0.8228
2445.6,28.0,6.6,62.2,60.5,37.2,85.0,0.22,2.24,1.12,14.04,2,0,0,28.0,27.9,0,864.4,0.0716
4891.8,102.0,52.6,86.5,82.7,31.4,91.1,0.755,-1.05,1.64,14.0,4,0,0,102.0,100.2,0,717.5,0.0335
3164.0,83.0,15.9,61.5,58.4,29.7,86.9,0.193,1.36,2.62,14.07,5,0,0,83.0,82.1,0,1305.7,0.0406
1069.9,0.0,2.4,31.9,31.9,29.8,86.2,0.298,2.04,0.97,14.09,0,0,1,0.0,0.0,0,1301.7,0.0492
3806.0,95.9,30.1,68.3,66.3,35.4,90.6,0.265,-0.7,2.67,14.25,5,0,0,95.9,96.4,0,832.2,0.0587
3213.5,82.8,16.0,67.2,65.3,30.1,88.4,0.255,3.31,1.37,14.18,5,0,0,82.8,82.7,0,1075.4,0.0515
4636.8,101.2,49.9,84.9,85.0,37.1,119.0,0.881,10.13,2.35,14.01,4,0,0,101.2,101.7,1,63.7,0.8808
1037.9,0.0,1.9,33.4,32.5,30.6,83.6,0.337,1.87,1.37,14.07,0,0,0,0.0,0.0,0,1282.4,0.0522
1066.9,0.0,1.8,34.6,35.9,27.7,87.4,0.817,0.83,3.21,13.87,0,0,0,0.0,0.0,0,1012.7,0.0483
1060.1,0.0,2.0,36.3,34.4,38.8,87.4,0.718,1.28,1.89,14.0,0,0,0,0.0,0.0,0,971.9,0.0294
1034.9,0.0,2.1,33.8,32.1,37.8,86.5,0.292,0.35,3.06,13.99,0,0,0,0.0,0.0,0,1428.0,0.0546
1056.4,0.0,1.8,35.4,33.7,28.0,85.0,0.844,4.31,1.41,14.2,0,0,0,0.0,0.0,0,1013.7,0.0431
4884.1,104.6,61.5,81.9,82.8,38.5,82.9,0.866,1.34,2.16,14.18,4,0,0,104.6,104.0,0,897.6,0.0261
4145.9,51.5,59.1,86.3,98.0,32.3,92.5,0.094,13.48,17.47,14.02,2,0,0,51.5,50.9,2,48.1,0.7457
3613.0,93.9,18.0,57.2,57.3,31.5,89.0,0.862,-0.71,2.29,14.02,5,0,0,93.9,93.6,0,982.1,0.0248
1046.6,0.0,1.9,34.8,35.1,35.6,115.0,0.884,6.91,3.7,14.0,0,0,0,0.0,0.0,1,13.5,0.9271
2675.5,46.9,9.7,55.9,53.3,36.9,83.8,0.396,4.49,1.48,10.91,3,0,0,46.9,47.3,3,15.5,0.8529
2950.8,23.1,17.4,64.8,61.2,36.3,90.0,0.321,1.0,0.39,14.25,1,0,0,23.1,23.0,0,964.5,0.0367
3099.0,81.4,24.4,60.5,59.8,29.1,84.6,0.339,2.66,1.92,14.07,5,0,0,81.4,82.2,0,1131.3,0.0375
2977.8,35.1,14.8,39.8,42.6,27.5,91.4,0.292,0.29,1.23,14.24,2,0,0,35.1,35.0,0,1238.7,0.0286
850.0,0.0,2.1,33.4,54.0,29.5,94.7,0.053,20.76,13.17,14.0,0,0,1,0.0,0.0,2,91.5,0.6838
1850.7,22.8,18.8,46.7,46.6,31.2,86.1,0.53,1.05,0.61,10.27,2,0,0,22.8,22.7,3,37.4,0.8753
3368.4,35.4,56.9,86.5,85.8,40.0,117.5,0.85,7.93,5.13,13.64,2,0,0,35.4,35.4,1,64.8,0.9349
3826.4,102.2,25.1,64.7,65.7,38.4,79.3,0.229,3.22,1.69,14.21,5,0,0,102.2,103.9,0,1420.6,0.0146
4653.0,77.2,83.4,80.0,83.3,42.8,108.0,0.793,6.66,3.74,13.75,3,0,0,77.2,75.9,1,45.8,0.767
2023.9,16.4,7.4,64.0,58.5,29.0,89.6,0.784,-3.02,2.34,14.14,1,0,0,16.4,16.5,0,1309.5,0.0638
2259.7,37.6,15.2,58.7,58.1,29.0,88.4,0.207,1.07,1.0,14.08,3,0,0,37.6,37.7,0,1372.8,0.0389
1069.9,0.0,1.8,32.6,33.5,33.2,86.0,0.807,-1.81,1.17,14.08,0,0,0,0.0,0.0,0,1115.7,0.0333
1030.1,0.0,2.4,34.3,36.8,30.2,88.1,0.683,1.99,1.17,14.01,0,0,0,0.0,0.0,0,1253.1,0.0377
1965.8,35.6,21.7,59.5,83.3,27.1,94.7,0.175,20.17,14.52,14.28,3,0,0,35.6,35.8,2,41.7,0.8189
4481.5,74.4,71.7,80.1,82.5,30.5,88.7,0.685,1.38,1.16,14.14,3,0,0,74.4,75.1,0,712.5,0.0317
2605.6,42.6,19.4,53.0,53.6,36.4,84.1,0.322,2.69,2.14,13.99,3,0,0,42.6,41.9,0,996.4,0.0373
2369.9,39.8,16.6,51.5,51.8,38.4,84.7,0.285,4.88,2.25,14.21,3,0,0,39.8,39.0,0,1252.3,0.03
3643.4,90.2,23.9,58.9,85.4,31.3,96.2,0.161,21.8,8.5,13.77,5,0,0,90.2,90.4,2,94.2,0.7551
1066.6,0.0,2.2,29.7,31.9,42.3,113.7,0.792,4.83,4.83,13.75,0,0,0,0.0,0.0,1,59.7,0.8572
2796.3,74.8,34.8,57.7,58.7,30.8,88.5,0.214,1.51,2.04,13.82,5,0,0,74.8,75.5,0,1398.4,0.0314
2618.2,19.9,19.0,44.3,45.1,32.5,88.6,0.326,2.49,0.82,14.21,1,0,0,19.9,19.8,0,861.1,0.0559
4073.8,89.8,77.8,79.6,79.7,35.3,84.5,0.823,0.67,0.88,14.03,4,0,0,89.8,88.9,0,1165.0,0.0555
2479.9,19.0,20.7,47.9,49.5,27.7,86.1,0.337,1.64,1.62,10.74,1,0,0,19.0,18.7,3,43.7,0.9589
2589.3,27.8,15.8,39.0,38.7,33.7,85.2,0.328,1.88,1.81,14.2,2,0,0,27.8,27.9,0,839.9,0.0256
2444.9,40.6,17.9,53.5,50.8,30.0,88.8,0.75,1.15,0.65,14.3,3,0,0,40.6,40.2,0,1252.5,0.0132
1059.3,0.0,2.5,35.6,36.4,32.7,85.5,0.709,4.11,0.14,14.12,0,0,0,0.0,0.0,0,1430.1,0.0354
2211.1,26.7,19.7,51.9,52.4,32.1,92.4,0.341,1.02,2.9,14.2,2,0,0,26.7,27.0,0,1178.9,0.0112
3453.1,76.7,27.0,77.1,92.5,32.1,91.1,0.062,24.94,11.87,14.06,4,0,0,76.7,76.0,2,54.9,0.6644
3026.2,79.4,15.8,60.8,60.8,36.7,84.4,0.236,0.36,1.33,14.15,5,0,0,79.4,80.0,0,1372.2,0.0525
1076.7,0.0,2.4,34.2,34.1,28.3,82.9,0.829,4.91,2.94,13.96,0,0,0,0.0,0.0,0,1311.9,0.0433
3941.8,86.3,33.4,49.3,48.0,36.5,83.5,0.205,1.4,0.71,14.27,4,0,0,86.3,86.8,0,744.2,0.0462
4018.2,46.5,48.4,69.6,67.0,38.7,88.1,0.284,1.98,1.03,13.99,2,0,0,46.5,45.8,0,1275.3,0.0441
3540.1,97.1,33.3,67.7,64.1,35.2,86.7,0.429,1.11,0.57,10.49,5,0,0,97.1,95.9,3,18.6,0.9554
4253.0,70.8,76.0,82.8,83.2,37.7,93.7,0.764,0.48,1.55,14.34,3,0,0,70.8,70.9,0,1062.8,0.0284
2295.7,28.3,17.5,47.9,71.5,38.3,94.3,0.16,15.09,12.74,14.08,2,0,0,28.3,28.4,2,114.7,0.7916
2186.9,25.7,10.1,48.0,78.1,29.6,94.2,0.053,13.7,12.96,13.73,2,0,0,25.7,25.2,2,112.9,0.6951
2358.2,40.2,7.6,49.4,53.5,37.5,83.9,0.697,1.93,1.51,14.16,3,0,0,40.2,39.6,0,1264.8,0.0784
4766.4,58.2,63.5,88.2,87.0,33.9,88.3,0.767,1.57,1.54,13.87,2,0,0,58.2,57.8,0,1147.7,0.0274
2622.4,44.7,18.0,49.7,50.9,30.0,94.4,0.336,3.34,2.28,14.02,3,0,0,44.7,45.0,0,1130.4,0.0615
3068.1,51.5,15.6,47.5,46.2,46.4,112.4,0.789,6.94,4.5,14.01,3,0,0,51.5,50.9,1,44.6,0.7535
1731.9,14.9,9.1,33.7,33.3,29.8,85.1,0.33,0.21,1.04,14.11,1,0,0,14.9,15.2,0,1462.6,0.0315
1051.5,0.0,2.4,36.5,36.7,37.1,84.4,0.775,4.88,1.3,14.13,0,0,0,0.0,0.0,0,954.3,0.0405
3532.8,40.1,49.3,82.0,82.1,32.8,87.0,0.704,1.18,1.21,14.35,2,0,0,40.1,39.4,0,923.0,0.0766
989.2,0.0,1.9,34.3,36.0,43.0,110.7,0.768,9.11,3.98,14.18,0,0,1,0.0,0.0,1,67.0,0.9024
3481.2,93.2,21.9,62.9,62.0,31.7,85.1,0.809,1.11,1.14,14.27,5,0,0,93.2,94.6,0,1332.9,0.0195
1047.5,0.0,2.1,34.3,35.8,35.6,91.2,0.247,2.58,1.0,14.0,0,0,0,0.0,0.0,0,1355.2,0.011
1046.2,0.0,2.1,34.6,34.3,31.8,86.8,0.186,-0.44,2.02,13.97,0,0,0,0.0,0.0,0,1012.4,0.0735
1030.2,0.0,2.2,28.9,29.5,38.9,83.4,0.304,-0.38,0.75,14.02,0,0,0,0.0,0.0,0,1230.9,0.0636
4851.7,53.7,69.5,81.2,98.0,29.3,98.4,0.156,16.66,12.42,14.07,2,0,0,53.7,53.5,2,97.6,0.7517
2890.3,32.2,6.9,42.7,43.1,38.7,89.7,0.699,1.43,3.06,14.37,2,0,0,32.2,32.7,0,844.9,0.0232
1951.3,15.5,20.7,46.6,79.9,28.7,97.2,0.108,12.8,14.51,14.11,1,0,0,15.5,15.7,2,73.7,0.8837
2140.9,33.7,18.3,59.8,57.6,46.1,112.5,0.705,4.4,5.34,13.71,3,0,0,33.7,34.3,1,52.5,0.9585
2330.4,27.9,21.5,49.8,47.2,36.5,87.1,0.817,2.98,2.13,13.95,2,0,0,27.9,28.4,0,945.8,0.0722
2571.5,22.0,12.6,39.3,41.1,35.8,114.5,0.686,9.8,4.19,13.8,1,0,0,22.0,22.0,1,69.3,0.8348
4039.6,65.6,84.9,79.9,83.1,34.9,86.8,0.712,5.03,1.57,14.12,3,0,0,65.6,64.8,0,1181.3,0.0552
1069.4,0.0,2.2,34.0,33.7,30.8,84.6,0.829,1.51,1.02,13.92,0,0,0,0.0,0.0,0,1051.7,0.0434
4212.3,73.1,79.7,88.1,88.0,43.6,111.7,0.882,7.39,3.87,13.86,3,0,0,73.1,73.0,1,16.8,0.7646
4282.9,55.9,48.1,71.0,68.3,35.4,90.3,0.744,1.36,0.96,14.11,2,0,0,55.9,55.6,0,1135.3,0.0265
2774.9,33.3,22.0,55.6,53.2,46.6,109.0,0.864,7.42,4.92,14.28,2,0,0,33.3,33.9,1,24.2,0.9178
2676.0,22.7,6.9,56.0,53.5,36.7,87.6,0.341,3.02,0.19,14.15,1,0,0,22.7,22.4,0,1255.6,0.0376
4435.6,71.5,45.1,78.7,79.8,31.3,91.9,0.6,3.96,1.43,10.69,3,0,0,71.5,71.0,3,25.5,0.9096
1045.3,0.0,2.3,38.1,36.4,32.5,86.1,0.337,2.83,2.89,14.2,0,0,0,0.0,0.0,0,845.0,0.0473
3310.2,86.1,27.0,65.7,63.5,37.2,89.5,0.791,1.57,2.18,14.06,5,0,0,86.1,86.6,0,1263.4,0.0592
3046.3,22.6,21.8,52.9,54.3,30.1,84.1,0.181,1.78,2.32,14.1,1,0,0,22.6,22.7,0,1146.4,0.0418
1079.1,0.0,2.3,34.1,65.3,34.1,95.3,0.179,19.82,13.47,13.72,0,0,0,0.0,0.0,2,66.2,0.6995
1124.3,0.0,2.2,34.3,55.8,31.1,92.7,0.166,16.07,16.76,13.97,0,0,0,0.0,0.0,2,21.6,0.804
1736.4,28.7,20.6,55.6,57.3,37.0,80.6,0.19,4.24,1.44,14.2,3,0,0,28.7,29.3,0,713.3,0.0427
2054.9,41.7,15.4,44.2,65.9,39.4,88.8,0.182,14.77,16.68,13.94,3,0,0,41.7,42.4,2,84.4,0.8359
3791.6,62.9,61.9,79.1,79.3,28.7,90.9,0.232,3.44,3.05,14.02,3,0,0,62.9,62.5,0,1047.9,0.011
4553.0,54.4,47.7,77.2,78.3,28.1,91.3,0.263,3.53,2.22,14.11,2,0,0,54.4,55.5,0,919.6,0.0285
1068.0,0.0,2.1,34.5,58.9,27.4,99.2,0.192,22.63,14.69,14.14,0,0,0,0.0,0.0,2,73.3,0.7674
1692.6,14.7,12.1,47.1,72.7,36.2,92.9,0.088,18.25,13.97,13.95,1,0,0,14.7,14.8,2,76.8,0.6672
1082.7,0.0,2.2,32.5,30.9,36.8,117.8,0.826,12.12,4.25,14.03,0,0,0,0.0,0.0,1,47.7,0.7207
1519.5,11.2,12.6,42.3,69.6,28.9,98.4,0.196,17.65,12.85,14.16,1,0,0,11.2,10.9,2,36.8,0.6911
3572.5,95.3,26.4,60.0,61.4,38.0,83.2,0.249,3.58,2.56,14.02,5,0,0,95.3,95.8,0,714.8,0.0634
899.6,0.0,2.2,33.2,62.2,29.8,93.3,0.176,24.31,12.09,13.89,0,0,0,0.0,0.0,2,114.3,0.7933
2353.7,26.5,17.1,48.7,45.9,38.8,92.5,0.845,2.75,1.57,14.12,2,0,0,26.5,26.1,0,879.2,0.0325
1077.1,0.0,2.0,31.4,30.8,30.9,89.3,0.33,2.55,1.67,14.16,0,0,0,0.0,0.0,0,1430.9,0.0348
4369.9,72.7,80.0,75.1,74.1,31.6,84.3,0.214,3.55,2.59,14.08,3,0,0,72.7,73.2,0,1099.2,0.065
2154.6,25.8,18.9,44.2,44.3,39.3,86.2,0.344,4.17,-0.55,13.98,2,0,0,25.8,25.7,0,874.3,0.0189
3874.5,80.7,19.4,60.1,59.6,36.6,86.8,0.843,5.56,1.84,14.12,4,0,0,80.7,79.3,0,1233.6,0.0443
1038.8,0.0,2.0,33.0,33.6,27.4,86.0,0.715,2.8,1.69,14.16,0,0,1,0.0,0.0,0,1301.3,0.0603
2254.1,34.9,7.6,32.7,37.8,29.2,88.1,0.8,2.09,1.29,14.17,3,0,0,34.9,35.4,0,1344.6,0.0656
1110.3,0.0,2.4,29.1,30.0,38.0,86.6,0.802,0.3,2.38,14.12,0,0,0,0.0,0.0,0,894.8,0.016
2649.0,18.9,10.8,47.9,44.8,35.2,87.4,0.874,2.49,2.94,14.13,1,0,0,18.9,18.8,0,1479.3,0.062
4253.1,47.5,72.2,77.0,78.4,34.6,86.1,0.3,-0.85,2.65,14.18,2,0,0,47.5,48.4,0,1395.0,0.0273
2569.4,32.3,16.6,47.8,48.8,39.0,91.0,0.248,1.45,1.25,14.25,2,0,0,32.3,31.7,0,1180.5,0.0457
3439.8,90.0,25.9,62.1,62.5,46.7,115.1,0.869,11.79,3.37,14.08,5,0,0,90.0,90.7,1,60.4,0.8635
1098.3,0.0,2.2,30.1,60.6,29.9,94.4,0.173,23.63,17.26,13.71,0,0,0,0.0,0.0,2,70.1,0.7049
1969.7,17.7,19.5,51.7,72.3,31.6,91.6,0.198,19.99,12.89,13.93,1,0,0,17.7,17.6,2,84.6,0.8415
2839.5,73.1,33.3,57.3,55.0,28.2,91.8,0.822,2.89,0.85,14.11,5,0,0,73.1,74.5,0,1066.0,0.0528
3144.4,50.5,12.1,48.6,46.0,33.4,119.1,0.845,8.72,2.47,14.05,3,0,0,50.5,50.2,1,38.1,0.8357
1033.7,0.0,2.0,38.3,38.3,29.4,84.7,0.818,2.77,1.61,14.01,0,0,0,0.0,0.0,0,1423.1,0.0338
1043.6,0.0,2.2,31.4,30.8,33.7,86.4,0.241,0.91,2.09,13.98,0,0,0,0.0,0.0,0,924.2,0.0541
3880.5,102.2,32.7,55.6,52.7,32.4,92.3,0.198,3.38,3.54,14.02,5,0,0,102.2,103.2,0,1419.4,0.0775
3542.4,87.2,21.1,59.2,77.8,36.7,89.4,0.075,21.18,12.33,14.06,5,0,0,87.2,87.9,2,78.1,0.7189
1042.3,0.0,1.8,33.5,35.3,33.0,89.6,0.856,0.98,1.6,13.96,0,0,0,0.0,0.0,0,1154.6,0.0673
2649.4,20.1,11.1,45.3,41.8,33.0,90.1,0.742,-0.82,0.36,14.01,1,0,0,20.1,20.5,0,1070.1,0.0541
2371.1,18.6,8.1,46.5,47.1,29.6,88.9,0.258,4.26,2.22,14.23,1,0,0,18.6,18.4,0,1303.2,0.011
3308.5,87.0,16.7,54.4,74.4,30.1,98.2,0.116,20.12,14.89,13.96,5,0,0,87.0,86.3,2,108.4,0.7808
3510.5,90.0,18.0,57.2,59.2,39.1,122.8,0.703,9.41,5.16,14.12,5,0,0,90.0,90.2,1,48.7,0.8271
3062.6,63.1,16.0,63.2,65.0,34.1,87.1,0.304,1.59,1.39,14.2,4,0,0,63.1,62.9,0,1178.3,0.0632
1024.8,0.0,1.9,33.8,30.7,26.7,83.7,0.786,2.34,-0.25,13.94,0,0,0,0.0,0.0,0,1247.8,0.0666
3400.6,92.4,20.5,69.0,65.7,37.9,91.1,0.285,2.15,1.79,14.22,5,0,0,92.4,93.1,0,1393.1,0.0135
3388.8,86.6,20.6,59.2,59.3,46.2,111.4,0.804,8.42,4.55,14.04,5,0,0,86.6,87.0,1,59.3,0.9129
1023.7,0.0,2.2,35.9,33.6,36.6,83.3,0.253,2.33,0.88,13.98,0,0,0,0.0,0.0,0,717.1,0.0619
850.0,0.0,2.0,33.5,57.1,30.4,87.4,0.134,16.42,12.24,14.25,0,0,0,0.0,0.0,2,33.3,0.9089
1083.8,0.0,1.9,31.1,31.9,37.6,92.8,0.682,0.09,1.22,14.05,0,0,0,0.0,0.0,0,725.2,0.0627
4710.9,76.9,45.1,80.7,81.8,37.9,116.4,0.758,6.61,3.77,13.92,3,0,0,76.9,77.9,1,31.2,0.8146
3250.1,85.6,22.3,55.2,56.6,30.1,91.9,0.309,2.87,1.51,14.14,5,0,0,85.6,86.2,0,823.4,0.0233
2360.2,30.0,8.6,51.8,52.2,31.5,90.3,0.857,1.06,1.44,14.15,2,0,0,30.0,30.3,0,1406.8,0.0294
2711.0,31.3,16.3,49.3,49.2,31.2,82.9,0.818,1.66,0.78,14.03,2,0,0,31.3,31.8,0,1061.5,0.0717
1891.9,24.0,10.0,47.0,47.4,30.2,89.5,0.715,3.2,0.82,13.98,2,0,0,24.0,24.2,0,946.1,0.0674
1084.5,0.0,2.2,33.5,35.2,33.5,86.7,0.24,1.57,2.43,14.01,0,0,0,0.0,0.0,0,965.3,0.062
2177.4,27.2,10.8,38.6,61.0,34.2,89.9,0.197,22.08,17.01,13.89,2,0,0,27.2,27.3,2,33.4,0.7225
3309.9,88.7,15.8,59.5,59.6,37.3,88.2,0.265,1.94,1.79,14.14,5,0,0,88.7,90.2,0,1276.6,0.0493
1056.8,0.0,2.3,29.4,29.5,47.9,110.3,0.691,4.65,3.99,13.64,0,0,0,0.0,0.0,1,25.0,0.8174
3196.5,84.1,33.1,62.3,92.7,39.5,96.1,0.063,20.34,15.27,13.95,5,0,0,84.1,84.7,2,106.2,0.8761
4510.2,57.8,64.0,77.7,79.3,35.1,83.3,0.739,1.59,0.94,14.15,2,0,0,57.8,57.2,0,1216.4,0.0724
2620.6,32.3,9.1,44.7,46.0,42.9,114.0,0.844,3.44,3.79,13.91,2,0,0,32.3,32.5,1,70.8,0.8982
1033.9,0.0,2.1,32.7,31.0,37.6,115.3,0.699,8.73,5.35,13.61,0,0,1,0.0,0.0,1,71.3,0.8984
2220.6,36.6,13.3,52.4,51.2,34.9,94.1,0.316,0.19,2.56,14.25,3,0,0,36.6,37.1,0,841.8,0.0723
3962.6,55.4,83.8,80.1,98.0,30.1,92.2,0.083,27.75,13.71,13.77,2,0,0,55.4,54.5,2,97.5,0.8059
1035.5,0.0,2.0,33.0,31.1,32.7,82.5,0.771,1.41,1.82,14.16,0,0,0,0.0,0.0,0,1120.6,0.0552
1024.6,0.0,2.2,31.2,32.2,37.6,84.1,0.788,2.66,2.28,14.05,0,0,0,0.0,0.0,0,1040.4,0.0353
2618.1,45.1,16.3,48.7,45.9,41.9,120.0,0.882,12.3,4.72,13.85,3,0,0,45.1,45.7,1,18.6,0.7457
3215.5,27.7,8.6,46.7,48.0,27.1,86.0,0.86,0.24,1.68,14.17,1,0,0,27.7,27.5,0,776.7,0.0408
1040.7,0.0,1.8,35.0,35.9,33.4,86.5,0.789,3.69,3.68,14.1,0,0,0,0.0,0.0,0,1217.7,0.0709
3259.1,24.4,9.8,39.9,40.4,33.7,85.2,0.286,5.8,2.63,13.9,1,0,0,24.4,24.6,0,1483.3,0.07
958.9,0.0,1.9,33.9,63.2,30.5,90.0,0.194,19.12,15.21,13.97,0,0,0,0.0,0.0,2,62.1,0.9092
3496.1,93.7,27.2,52.8,54.2,28.8,87.1,0.615,2.1,3.18,9.79,5,0,0,93.7,93.5,3,11.3,0.9305
3509.3,72.8,27.2,56.8,60.6,35.1,83.8,0.748,2.36,2.06,14.15,4,0,0,72.8,73.6,0,894.5,0.0346
1059.4,0.0,2.2,32.1,32.9,44.6,118.1,0.752,8.17,2.81,13.76,0,0,0,0.0,0.0,1,49.4,0.9457
3118.3,23.2,19.6,56.4,54.8,37.7,85.9,0.678,1.47,1.56,10.35,1,0,0,23.2,23.6,3,40.1,0.8537
3272.1,85.7,33.9,61.5,60.0,34.6,95.5,0.854,0.73,0.78,14.37,5,0,0,85.7,86.4,0,925.4,0.0392
2110.9,27.6,11.0,45.3,47.9,35.0,88.6,0.337,1.65,0.59,14.09,2,0,0,27.6,27.2,0,785.6,0.0714
3108.3,49.5,17.1,45.5,42.4,41.6,110.2,0.762,7.13,2.85,13.77,3,0,0,49.5,50.3,1,56.2,0.8269
2192.4,37.8,20.1,46.1,63.9,32.4,95.2,0.097,13.42,16.71,14.0,3,0,0,37.8,37.6,2,37.6,0.7298
2791.3,74.8,30.1,63.3,91.4,31.2,88.8,0.117,18.85,13.44,14.07,5,0,0,74.8,74.9,2,43.5,0.7536
1054.0,0.0,2.0,32.2,36.7,35.7,85.0,0.249,0.79,1.7,14.13,0,0,0,0.0,0.0,0,931.6,0.0453
1032.8,0.0,1.9,39.7,38.5,26.1,84.7,0.779,2.2,3.05,14.0,0,0,1,0.0,0.0,0,1384.4,0.0298
2590.1,31.0,13.8,54.9,55.1,32.8,84.9,0.804,2.66,0.72,14.14,2,0,0,31.0,30.5,0,1040.5,0.0662
1060.1,0.0,2.3,28.0,29.4,31.0,90.2,0.854,2.18,2.83,14.09,0,0,0,0.0,0.0,0,1115.7,0.0496
2823.8,35.4,19.6,49.6,48.5,31.9,89.7,0.687,3.7,1.55,14.1,2,0,0,35.4,35.9,0,1120.6,0.0296
1853.3,20.2,10.6,47.5,71.3,29.4,93.2,0.19,18.96,15.14,13.89,2,0,0,20.2,20.3,2,59.3,0.7435
1064.0,0.0,1.9,33.2,31.2,29.1,84.4,0.733,2.19,1.35,14.08,0,0,0,0.0,0.0,0,707.3,0.073
2805.6,18.9,9.9,39.1,67.9,35.3,95.0,0.078,17.43,10.56,13.88,1,0,0,18.9,18.6,2,55.3,0.869
2527.8,40.2,8.1,51.4,49.3,29.2,89.4,0.188,-1.35,0.95,13.97,3,0,0,40.2,40.7,0,1455.9,0.0702
2613.9,41.3,6.5,36.5,38.6,36.5,84.1,0.264,2.13,2.04,14.11,3,0,0,41.3,40.8,0,826.5,0.0644
1065.3,0.0,2.2,35.6,35.3,35.0,89.1,0.314,2.61,1.08,14.12,0,0,0,0.0,0.0,0,986.7,0.0661
3286.3,35.6,82.7,79.4,79.9,32.5,83.0,0.784,0.12,0.96,14.11,2,0,0,35.6,35.9,0,788.0,0.077
4552.0,74.9,59.8,84.3,82.4,37.8,90.6,0.797,0.7,1.56,13.95,3,0,0,74.9,75.1,0,1240.7,0.0662
1079.9,0.0,2.3,36.1,37.2,37.5,80.2,0.465,-1.43,1.42,10.0,0,0,0,0.0,0.0,3,23.6,0.8628
3908.9,50.2,44.6,85.7,98.0,36.0,97.2,0.072,25.35,12.65,14.04,2,0,0,50.2,51.0,2,46.1,0.833
3494.8,78.1,34.0,67.2,66.4,34.3,90.5,0.293,4.9,0.19,14.03,4,0,0,78.1,78.3,0,1140.1,0.0272
2350.5,40.0,18.3,45.2,46.5,37.3,89.7,0.34,1.91,2.04,14.13,3,0,0,40.0,39.4,0,805.0,0.0366
1012.1,0.0,1.8,34.8,33.9,37.2,86.8,0.633,1.8,1.67,10.99,0,0,0,0.0,0.0,3,10.0,0.8435
2229.4,34.0,18.0,47.1,46.8,38.6,88.7,0.187,-1.16,2.66,13.96,3,0,0,34.0,33.7,0,735.6,0.0273
2706.2,22.3,13.1,49.3,49.5,38.4,91.1,0.824,1.43,2.37,14.16,1,0,0,22.3,22.7,0,1076.9,0.0248
2118.2,27.1,7.2,45.1,44.8,31.4,89.7,0.238,3.06,2.9,14.05,2,0,0,27.1,27.3,0,1187.7,0.0445
2851.3,31.8,12.1,51.7,50.6,31.0,89.6,0.54,-1.58,3.9,10.37,2,0,0,31.8,31.9,3,22.1,0.8582
3451.5,87.6,14.8,60.5,61.1,33.6,85.2,0.333,1.92,1.06,14.15,5,0,0,87.6,88.3,0,1179.2,0.0594
2517.9,18.5,8.6,45.6,49.6,34.2,93.7,0.733,3.12,2.03,14.21,1,0,0,18.5,18.8,0,931.5,0.0791
3396.2,93.4,29.1,68.5,68.3,32.6,84.6,0.684,-0.08,0.53,10.36,5,0,0,93.4,92.7,3,36.3,0.917
2286.0,27.4,12.3,51.3,53.2,32.3,87.7,0.847,-0.61,2.41,14.21,2,0,0,27.4,27.7,0,1128.6,0.0595
3554.9,78.0,17.3,63.1,62.7,37.9,91.6,0.335,-0.11,2.45,14.06,4,0,0,78.0,78.2,0,902.5,0.0148
3748.4,99.9,16.8,58.6,57.8,32.9,85.5,0.257,2.74,0.74,13.98,5,0,0,99.9,98.2,0,717.1,0.0635
3332.4,91.4,34.1,50.8,78.0,30.8,90.0,0.2,19.18,14.41,14.02,5,0,0,91.4,90.7,2,118.7,0.917
1037.7,0.0,1.9,36.7,35.5,33.2,87.7,0.336,0.43,2.83,13.96,0,0,0,0.0,0.0,0,1343.1,0.0713
1011.2,0.0,1.9,30.6,32.3,35.2,90.1,0.42,0.84,2.11,10.5,0,0,0,0.0,0.0,3,31.1,0.9552
2401.0,29.5,12.4,40.9,42.0,44.7,114.4,0.876,4.83,3.12,14.21,2,0,0,29.5,29.0,1,15.2,0.7853
2920.4,77.5,32.6,54.7,54.4,34.5,89.2,0.336,3.6,1.74,14.12,5,0,0,77.5,76.1,0,1204.2,0.0615
2960.1,78.4,16.8,65.2,66.2,39.2,90.4,0.444,0.86,0.25,10.92,5,0,0,78.4,77.9,3,14.8,0.976
3323.2,70.2,24.7,70.3,65.8,36.4,91.8,0.248,2.33,1.29,14.17,4,0,0,70.2,70.8,0,950.0,0.0247
3192.0,83.8,19.6,65.6,65.9,30.4,83.3,0.204,0.34,0.44,14.11,5,0,0,83.8,83.5,0,974.1,0.0526
3654.7,93.8,24.8,55.2,56.5,28.2,91.3,0.35,2.38,0.51,14.11,5,0,0,93.8,92.2,0,753.6,0.0277
3868.4,85.7,19.8,62.6,61.2,38.2,86.0,0.72,4.87,0.89,14.31,4,0,0,85.7,85.9,0,1091.0,0.061
1059.9,0.0,2.2,28.4,30.3,39.5,86.3,0.693,3.38,2.56,14.05,0,0,0,0.0,0.0,0,887.4,0.0377
3513.7,91.3,23.1,64.3,63.0,37.0,84.8,0.837,-0.46,0.82,14.18,5,0,0,91.3,89.9,0,1328.3,0.0452
3507.1,77.1,19.7,58.0,59.8,38.6,86.4,0.282,4.76,0.67,14.09,4,0,0,77.1,77.2,0,1094.8,0.055
5033.5,102.5,48.8,81.2,98.0,31.2,90.7,0.149,20.53,14.56,14.15,4,0,0,102.5,101.6,2,52.3,0.718
1056.8,0.0,2.4,33.6,34.2,38.2,90.8,0.817,4.69,2.2,14.11,0,0,0,0.0,0.0,0,1307.5,0.0668
2721.9,31.3,20.4,42.0,41.1,37.5,88.0,0.201,1.28,1.46,10.48,2,0,0,31.3,30.9,3,41.6,0.9338
3511.7,94.0,25.9,63.8,65.8,32.4,88.8,0.228,3.08,1.57,14.35,5,0,0,94.0,95.6,0,1131.2,0.0343
2438.0,20.0,21.1,54.6,52.3,30.1,90.4,0.706,2.59,2.35,14.03,1,0,0,20.0,19.9,0,1366.4,0.018
1526.0,13.5,15.6,42.2,41.4,26.1,94.4,0.234,2.53,2.09,14.2,1,0,0,13.5,13.6,0,1160.9,0.0399
3449.0,72.1,30.1,57.0,58.0,31.2,89.5,0.838,2.71,2.09,14.11,4,0,0,72.1,72.0,0,1053.6,0.0358
3291.6,67.7,15.9,75.4,75.0,29.8,94.2,0.704,-1.06,2.15,14.09,4,0,0,67.7,67.6,0,1105.2,0.0594
4588.6,62.2,66.8,81.0,98.0,32.0,96.7,0.089,15.53,14.16,13.9,2,0,0,62.2,63.0,2,66.5,0.7201
2488.8,42.3,9.8,50.7,45.7,31.7,88.0,0.692,0.64,2.59,11.28,3,0,0,42.3,42.3,3,35.6,0.8856
2150.4,17.0,18.9,50.5,48.2,31.5,86.0,0.43,3.95,3.0,11.03,1,0,0,17.0,17.2,3,28.5,0.9723
2942.7,76.1,16.1,59.4,59.5,36.2,90.5,0.331,-1.6,1.27,14.23,5,0,0,76.1,77.1,0,906.9,0.0414
2892.5,31.2,7.1,36.5,58.3,30.5,98.2,0.143,23.22,13.04,13.82,2,0,0,31.2,30.7,2,61.7,0.6886
2993.2,82.2,21.5,58.9,61.9,38.8,85.6,0.765,1.92,0.82,14.02,5,0,0,82.2,81.7,0,1213.2,0.077
2650.2,31.2,13.0,54.3,53.2,33.5,88.0,0.774,3.52,1.45,14.24,2,0,0,31.2,31.4,0,983.1,0.0677
3856.0,104.8,17.9,68.3,86.4,32.5,96.6,0.196,25.57,15.51,13.83,5,0,0,104.8,104.0,2,100.6,0.8107
1035.5,0.0,2.2,33.6,36.2,40.5,115.5,0.817,10.79,3.41,13.64,0,0,0,0.0,0.0,1,68.7,0.9452
2464.2,21.6,12.0,50.7,52.9,29.2,88.4,0.702,1.51,1.75,14.1,1,0,0,21.6,22.0,0,1230.1,0.0777
2901.0,79.1,25.7,70.5,70.8,29.3,91.1,0.337,2.55,2.05,14.03,5,0,0,79.1,80.0,0,1156.1,0.0142
1706.0,11.3,16.8,47.0,46.1,26.9,84.0,0.845,0.88,1.69,14.25,1,0,0,11.3,11.2,0,1041.3,0.0246
3377.3,72.2,18.0,70.6,68.8,41.0,110.9,0.702,8.19,3.37,13.57,4,0,0,72.2,70.8,1,9.7,0.9217
3574.4,92.4,17.3,52.7,54.2,34.9,88.6,0.706,-0.88,1.84,14.13,5,0,0,92.4,92.2,0,827.5,0.0471
1008.5,0.0,2.1,37.3,36.2,38.6,87.1,0.401,1.01,1.53,10.67,0,0,0,0.0,0.0,3,34.2,0.8728
3449.0,90.4,17.7,61.0,58.1,29.8,88.9,0.31,2.27,1.13,14.16,5,0,0,90.4,90.9,0,1238.0,0.0466
4612.9,99.0,42.4,72.1,73.8,37.2,89.4,0.784,0.66,1.04,13.98,4,0,0,99.0,99.8,0,869.9,0.0514
2739.3,32.2,12.6,49.8,52.2,39.0,88.7,0.224,2.59,1.64,14.26,2,0,0,32.2,31.7,0,1167.8,0.0421
1910.5,16.0,15.9,55.6,57.4,28.2,86.7,0.87,1.75,1.28,14.18,1,0,0,16.0,16.2,0,1056.1,0.0278
2574.2,43.2,6.6,52.5,50.3,39.2,92.3,0.207,2.17,1.08,14.27,3,0,0,43.2,42.9,0,1477.7,0.0686
1067.2,0.0,2.3,32.6,32.9,36.2,112.9,0.781,9.99,3.53,14.28,0,0,0,0.0,0.0,1,32.1,0.9468
3317.4,63.1,18.9,57.8,85.7,32.2,97.2,0.114,23.13,16.5,13.73,4,0,0,63.1,61.9,2,37.9,0.6927
1032.3,0.0,2.2,34.1,34.8,30.0,84.0,0.497,4.58,0.62,10.37,0,0,0,0.0,0.0,3,36.4,0.8281
2521.5,28.7,11.7,48.9,70.3,35.9,91.2,0.107,22.97,13.47,14.1,2,0,0,28.7,29.2,2,92.7,0.899
1222.5,0.0,2.0,31.0,60.4,33.6,93.6,0.174,21.42,13.79,13.94,0,0,0,0.0,0.0,2,103.2,0.7966
1089.0,0.0,1.9,30.6,32.2,33.2,84.0,0.826,3.55,1.73,14.1,0,0,0,0.0,0.0,0,754.3,0.0253
3907.3,95.9,31.0,56.0,86.6,33.3,98.0,0.184,23.75,16.04,14.09,5,0,0,95.9,95.6,2,61.0,0.7747
3871.6,50.8,61.2,78.5,76.6,39.9,88.8,0.834,-0.67,1.37,13.98,2,0,0,50.8,50.9,0,1239.0,0.0587
1052.3,0.0,2.2,32.8,32.4,38.4,86.8,0.193,1.92,1.47,14.11,0,0,0,0.0,0.0,0,823.2,0.0521
1067.7,0.0,2.4,35.4,35.3,32.5,86.3,0.769,2.77,1.26,13.93,0,0,0,0.0,0.0,0,1439.2,0.0167
1506.7,24.0,9.2,41.2,42.2,29.5,90.3,0.223,0.33,-0.2,14.16,3,0,0,24.0,23.9,0,1273.8,0.0621
2486.2,29.7,19.9,45.3,46.8,28.9,90.4,0.3,1.99,1.62,14.17,2,0,0,29.7,29.5,0,740.1,0.0419
3263.4,87.5,28.0,61.2,62.9,39.2,88.7,0.373,1.65,1.28,10.5,5,0,0,87.5,86.5,3,21.6,0.9157
2104.1,34.2,8.0,41.0,41.2,37.2,87.4,0.771,-0.08,2.58,14.1,3,0,0,34.2,33.6,0,1348.2,0.0382
4954.3,53.3,78.4,84.8,86.1,30.3,91.6,0.343,2.49,1.4,14.35,2,0,0,53.3,53.7,0,1418.8,0.0385
2352.2,30.4,8.2,43.3,42.5,38.9,80.0,0.213,2.85,0.72,14.2,2,0,0,30.4,30.1,0,1363.2,0.0563
1023.3,0.0,2.5,34.5,33.9,29.3,88.0,0.846,3.67,2.12,14.14,0,0,1,0.0,0.0,0,1227.0,0.024
2350.3,38.3,7.0,51.6,53.7,32.8,81.9,0.299,3.19,1.07,13.92,3,0,0,38.3,38.6,0,1386.5,0.0672
2460.4,27.6,11.4,52.8,52.9,32.6,93.7,0.348,2.63,1.02,14.15,2,0,0,27.6,27.0,0,1303.2,0.0785
3305.1,86.5,26.2,58.6,56.7,37.3,82.9,0.756,4.72,2.53,14.11,5,0,0,86.5,86.7,0,1032.6,0.0433
2705.7,44.9,11.1,38.6,37.6,33.6,84.4,0.845,0.92,2.65,14.14,3,0,0,44.9,44.0,0,1476.9,0.0423
2359.6,31.6,15.1,47.2,67.9,35.3,88.3,0.144,24.93,14.71,13.95,2,0,0,31.6,31.7,2,111.6,0.8327
1059.2,0.0,2.0,33.0,34.6,36.0,116.7,0.712,7.56,3.28,14.04,0,0,0,0.0,0.0,1,29.4,0.9248
2730.2,34.5,6.1,50.3,48.8,27.3,88.4,0.767,1.71,2.66,14.16,2,0,0,34.5,34.4,0,1141.5,0.0129
1053.7,0.0,2.0,38.4,34.7,37.5,82.4,0.239,2.86,2.42,14.1,0,0,0,0.0,0.0,0,1438.1,0.0259
1031.3,0.0,2.3,32.9,33.3,29.8,88.9,0.275,2.79,1.79,13.89,0,0,0,0.0,0.0,0,1022.3,0.0198
4318.1,53.5,52.2,86.6,98.0,27.8,92.6,0.111,16.74,10.53,13.98,2,0,0,53.5,54.3,2,116.3,0.8626
1022.4,0.0,1.9,34.6,35.8,35.5,82.7,0.31,2.01,0.94,13.88,0,0,0,0.0,0.0,0,1404.7,0.0421
1005.9,0.0,2.2,36.4,35.4,31.1,84.4,0.816,-0.2,0.73,14.08,0,0,0,0.0,0.0,0,829.6,0.0209
2510.8,26.0,9.6,48.4,72.4,33.0,90.2,0.11,20.91,17.06,13.74,2,0,0,26.0,25.6,2,101.1,0.8133
2128.9,17.6,9.6,42.6,44.2,38.0,83.0,0.786,2.54,1.86,14.38,1,0,0,17.6,17.5,0,892.7,0.0355
2870.3,19.8,8.9,54.6,53.3,40.6,92.5,0.332,-1.19,1.23,14.09,1,0,0,19.8,19.5,0,1149.9,0.032
3353.3,88.0,30.1,63.4,63.3,29.1,92.4,0.214,1.73,1.63,14.07,5,0,0,88.0,87.0,0,1109.4,0.0708
2546.9,28.1,6.1,52.2,55.4,32.1,88.6,0.551,-4.15,0.8,10.12,2,0,0,28.1,28.4,3,12.1,0.8849
2565.4,41.2,20.3,57.8,87.4,34.1,92.1,0.081,17.03,15.01,13.95,3,0,0,41.2,41.7,2,113.6,0.7532
4355.5,54.2,82.8,85.2,84.7,44.3,117.9,0.857,5.86,5.16,13.86,2,0,0,54.2,54.6,1,52.5,0.8225
1071.3,0.0,2.3,30.1,32.6,32.2,87.2,0.289,2.34,0.86,13.98,0,0,0,0.0,0.0,0,819.8,0.0466
1083.9,0.0,2.0,33.0,34.3,32.7,85.3,0.877,2.94,2.33,14.08,0,0,0,0.0,0.0,0,1402.6,0.0329
1060.2,0.0,2.0,33.4,34.9,33.9,87.4,0.647,4.66,1.02,9.78,0,0,0,0.0,0.0,3,20.0,0.8719
2908.1,78.6,30.2,58.3,58.1,30.2,82.0,0.507,0.7,0.3,10.42,5,0,0,78.6,78.5,3,12.8,0.9013
1029.0,0.0,2.2,35.6,36.4,32.2,90.1,0.688,-0.55,2.69,14.09,0,0,0,0.0,0.0,0,1396.8,0.0565
1159.8,0.0,2.0,36.0,68.9,31.2,98.3,0.103,22.32,20.11,13.81,0,0,0,0.0,0.0,2,49.9,0.6622
1047.9,0.0,2.0,33.9,35.0,28.9,86.4,0.828,3.96,2.0,14.0,0,0,0,0.0,0.0,0,744.4,0.0563
2483.1,46.5,12.2,35.2,36.2,31.2,83.7,0.703,1.72,2.15,14.19,3,0,0,46.5,47.1,0,958.0,0.0365
1045.8,0.0,2.1,33.3,31.7,43.0,112.5,0.743,9.18,4.95,13.92,0,0,0,0.0,0.0,1,9.9,0.7671
3333.7,90.0,31.1,53.2,51.6,28.2,88.4,0.78,4.1,1.17,14.12,5,0,0,90.0,91.5,0,946.7,0.065
2432.5,31.4,14.0,53.0,51.1,30.7,83.0,0.536,2.92,1.84,10.28,2,0,0,31.4,32.0,3,40.1,0.8125
4063.5,86.8,50.7,75.4,78.6,36.8,92.1,0.744,1.99,0.71,14.05,4,0,0,86.8,85.9,0,1050.1,0.031
3904.5,100.3,28.2,56.8,56.1,35.3,84.2,0.827,0.96,1.12,14.17,5,0,0,100.3,100.7,0,1316.5,0.0729
3613.5,76.8,19.3,62.7,62.9,38.7,86.7,0.257,1.77,2.21,10.68,4,0,0,76.8,78.2,3,21.5,0.8276
2559.4,20.6,8.9,43.7,42.7,39.0,87.8,0.34,3.67,2.63,10.43,1,0,0,20.6,20.4,3,26.1,0.8789
2194.4,37.7,17.2,42.0,40.6,29.8,87.4,0.299,4.28,2.39,14.14,3,0,0,37.7,38.2,0,805.0,0.022
2150.8,27.1,8.8,46.1,47.6,25.9,87.4,0.765,2.1,0.82,14.06,2,0,0,27.1,26.8,0,872.1,0.0244
2833.7,73.3,19.7,58.1,58.0,47.5,111.9,0.784,7.37,3.98,13.89,5,0,0,73.3,72.2,1,44.2,0.9229
4116.1,109.2,24.8,59.9,62.2,35.6,86.5,0.286,1.95,1.75,14.09,5,0,0,109.2,111.1,0,1112.2,0.0673
2456.5,16.9,9.6,50.6,48.9,33.3,87.9,0.676,0.43,1.21,11.13,1,0,0,16.9,16.7,3,27.9,0.8899
1046.7,0.0,2.4,37.5,34.2,29.1,88.7,0.252,-1.33,1.81,11.07,0,0,0,0.0,0.0,3,36.3,0.8205
3204.7,85.2,21.5,65.7,65.6,36.6,98.0,0.809,2.78,1.87,13.86,5,0,0,85.2,85.8,0,1083.9,0.0326
4865.7,59.6,40.4,79.7,78.2,30.3,92.1,0.243,2.14,0.19,14.17,2,0,0,59.6,58.5,0,919.3,0.0496
2448.8,41.2,14.8,62.1,63.8,28.8,89.0,0.322,3.53,1.29,14.16,3,0,0,41.2,41.9,0,1261.5,0.0545
1035.2,0.0,2.0,31.9,32.0,36.0,89.8,0.212,0.5,1.43,10.27,0,0,0,0.0,0.0,3,41.7,0.8653
2126.3,24.7,13.4,50.1,46.8,27.0,92.4,0.217,0.23,1.92,14.07,2,0,0,24.7,24.5,0,804.1,0.0143
2310.3,16.1,16.9,46.6,46.4,35.9,87.1,0.82,0.45,1.05,14.09,1,0,0,16.1,16.1,0,1479.9,0.0579
3418.5,88.4,16.5,63.0,62.5,36.2,87.7,0.338,0.65,0.59,14.12,5,0,0,88.4,88.7,0,1224.7,0.0328
1069.2,0.0,2.1,30.0,31.1,34.2,87.2,0.748,3.0,0.29,14.02,0,0,1,0.0,0.0,0,1362.1,0.0631
2258.7,16.1,13.0,44.7,45.9,30.9,87.0,0.736,1.59,2.02,14.17,1,0,0,16.1,16.4,0,1096.9,0.028
2377.3,27.7,9.0,36.3,36.4,30.7,85.7,0.284,3.15,1.19,14.21,2,0,0,27.7,28.3,0,1342.6,0.0749
2406.2,39.2,13.5,57.1,56.8,27.4,88.8,0.565,2.86,2.16,9.61,3,0,0,39.2,39.6,3,38.1,0.8271
2718.9,32.4,13.5,53.8,55.1,34.6,88.1,0.243,-0.76,2.03,11.09,2,0,0,32.4,32.6,3,21.8,0.8859
1080.7,0.0,2.1,35.2,53.9,36.9,96.8,0.17,22.14,14.0,13.84,0,0,1,0.0,0.0,2,91.8,0.7533
2514.4,23.2,19.2,56.6,53.1,36.7,82.2,0.196,3.71,1.31,14.23,1,0,0,23.2,23.1,0,917.1,0.0563
3061.6,65.0,17.3,56.5,57.0,27.6,88.3,0.845,2.27,1.08,14.02,4,0,0,65.0,65.9,0,811.5,0.0672
3691.4,96.7,34.6,57.0,55.5,41.7,119.4,0.882,6.13,5.62,13.67,5,0,0,96.7,95.3,1,42.1,0.8364
3325.5,86.3,19.9,70.1,68.2,29.3,91.2,0.28,0.1,1.71,14.16,5,0,0,86.3,86.8,0,984.9,0.0143
3290.5,89.5,21.6,62.1,63.9,38.8,91.5,0.38,-1.87,-0.04,10.09,5,0,0,89.5,89.2,3,36.3,0.839
3311.2,74.1,21.9,60.6,60.0,38.6,110.4,0.754,9.85,3.38,13.32,4,0,0,74.1,74.6,1,55.1,0.7716
3043.3,81.3,21.7,61.6,62.2,33.5,90.7,0.336,0.84,1.26,14.15,5,0,0,81.3,80.3,0,791.6,0.0657
3512.3,77.1,18.5,52.0,52.3,34.4,85.2,0.368,1.29,-1.18,10.56,4,0,0,77.1,78.0,3,6.5,0.8675
2248.9,24.8,14.0,41.8,44.0,37.2,89.4,0.372,1.0,0.03,11.28,2,0,0,24.8,25.2,3,7.8,0.8779
2747.5,20.4,6.2,57.8,59.1,32.4,89.3,0.181,2.82,1.55,14.01,1,0,0,20.4,20.6,0,1107.3,0.0615
2748.1,31.3,11.3,49.4,50.3,32.6,85.3,0.743,0.42,0.75,14.0,2,0,0,31.3,31.2,0,939.8,0.0619
2071.1,24.7,10.8,46.5,47.6,31.3,87.6,0.345,0.49,1.78,14.12,2,0,0,24.7,24.8,0,1234.0,0.041
3029.8,65.3,20.6,55.9,58.2,32.5,80.3,0.789,0.19,1.73,14.27,4,0,0,65.3,66.0,0,808.9,0.0145
1032.6,0.0,2.2,32.6,31.9,33.0,86.3,0.739,1.8,1.37,14.11,0,0,0,0.0,0.0,0,1426.3,0.0153
4261.3,50.7,45.3,78.6,81.4,30.6,86.2,0.331,5.77,0.84,14.28,2,0,0,50.7,51.2,0,1385.7,0.0453
2077.7,36.4,14.4,58.3,57.4,29.0,85.0,0.241,3.76,1.44,10.61,3,0,0,36.4,35.7,3,35.0,0.9022
2309.1,28.9,16.8,54.3,52.0,32.0,87.4,0.756,3.17,2.52,14.24,2,0,0,28.9,29.1,0,962.9,0.0362
3314.7,70.7,33.8,55.6,55.6,27.3,86.0,0.279,-0.57,1.31,14.24,4,0,0,70.7,71.8,0,930.4,0.0164
2089.3,36.0,10.1,52.5,55.5,42.8,112.9,0.708,6.77,5.04,13.93,3,0,0,36.0,36.0,1,22.4,0.8859
3190.6,84.8,29.2,62.2,61.6,31.7,87.8,0.832,1.24,0.58,14.41,5,0,0,84.8,84.7,0,875.2,0.0521
1122.8,0.0,2.2,33.8,58.1,34.7,101.0,0.161,16.43,13.29,14.02,0,0,0,0.0,0.0,2,58.9,0.8797
1064.9,0.0,2.0,30.0,32.1,35.2,87.8,0.817,-0.41,2.07,14.1,0,0,0,0.0,0.0,0,1050.6,0.0233
2403.2,20.1,17.5,53.7,53.0,30.7,86.0,0.697,2.2,0.93,14.33,1,0,0,20.1,19.7,0,1106.9,0.0572
3671.6,63.0,78.6,86.4,88.1,38.4,91.8,0.277,3.42,0.92,14.18,3,0,0,63.0,63.2,0,1203.9,0.0444
3720.2,91.8,19.2,63.9,84.9,35.1,94.5,0.127,23.09,16.96,13.87,5,0,0,91.8,93.4,2,86.9,0.7698
1071.8,0.0,2.4,40.6,37.3,37.1,85.6,0.202,2.39,2.36,14.09,0,0,1,0.0,0.0,0,702.5,0.0584
1193.2,0.0,2.3,36.4,57.4,31.0,95.9,0.08,27.98,13.57,13.65,0,0,0,0.0,0.0,2,75.1,0.7688
2885.3,23.7,12.1,47.5,44.8,32.2,86.2,0.32,2.37,1.85,14.05,1,0,0,23.7,23.3,0,1095.3,0.0749
4538.5,73.5,78.1,77.7,77.6,33.9,98.3,0.327,3.61,2.58,14.06,3,0,0,73.5,73.6,0,1456.8,0.0219
1054.7,0.0,2.1,28.5,32.5,26.3,85.5,0.326,0.24,-0.01,14.0,0,0,0,0.0,0.0,0,781.7,0.0545
2673.9,68.4,30.9,71.8,70.0,27.7,87.9,0.658,2.61,0.76,10.56,5,0,0,68.4,69.8,3,20.7,0.8244
2426.3,41.9,15.8,54.5,53.6,30.8,83.9,0.62,2.04,2.21,10.91,3,0,0,41.9,41.8,3,4.4,0.8741
3697.4,96.5,28.4,59.6,58.6,27.9,89.5,0.338,1.14,1.55,14.11,5,0,0,96.5,95.9,0,1032.7,0.0254
3599.2,75.3,30.5,61.6,63.6,29.3,90.7,0.235,0.51,0.35,14.05,4,0,0,75.3,76.6,0,1388.8,0.0419
2930.1,65.1,25.2,65.0,63.8,32.2,91.8,0.231,1.84,1.34,14.02,4,0,0,65.1,66.0,0,990.0,0.0783
3007.9,80.1,27.0,64.5,65.5,30.2,81.9,0.703,2.11,2.54,14.04,5,0,0,80.1,79.7,0,1367.3,0.0487
3097.3,82.2,33.9,63.9,61.1,31.0,93.6,0.327,2.04,2.13,14.31,5,0,0,82.2,82.1,0,890.0,0.0457
2732.1,45.7,9.5,48.4,49.3,30.9,84.1,0.509,2.15,1.73,10.28,3,0,0,45.7,46.3,3,9.4,0.8955
1725.8,14.6,12.3,42.8,41.2,29.3,87.5,0.63,2.24,1.06,10.05,1,0,0,14.6,14.7,3,34.2,0.9385
2891.0,35.9,21.5,44.9,44.3,26.7,87.0,0.248,3.76,0.99,14.21,2,0,0,35.9,36.1,0,1111.9,0.0341
1048.2,0.0,2.3,35.1,32.1,26.6,87.3,0.215,2.49,0.36,14.08,0,0,0,0.0,0.0,0,1125.7,0.0337
3391.2,74.6,58.4,84.3,98.0,36.5,97.1,0.076,14.15,13.58,13.91,4,0,0,74.6,75.4,2,32.2,0.719
1198.6,0.0,2.1,33.4,64.1,28.1,95.5,0.084,20.48,12.24,13.59,0,0,0,0.0,0.0,2,111.2,0.6947
4684.6,59.4,56.8,84.2,83.2,28.7,83.3,0.844,2.87,1.35,14.19,2,0,0,59.4,58.5,0,1170.4,0.0502
2469.9,29.1,7.7,56.6,56.5,37.7,86.7,0.26,1.21,2.82,14.44,2,0,0,29.1,29.1,0,859.1,0.0372
2080.0,24.6,20.4,52.6,53.1,28.0,89.1,0.341,2.22,0.5,14.17,2,0,0,24.6,24.5,0,1175.0,0.0165
3450.4,91.3,33.7,49.5,53.1,33.3,82.7,0.239,6.33,2.24,14.24,5,0,0,91.3,90.8,0,1059.9,0.0457
1038.0,0.0,1.9,32.9,31.3,35.4,90.2,0.297,4.74,1.44,13.98,0,0,0,0.0,0.0,0,732.0,0.0132
2391.0,38.9,13.1,47.1,46.2,30.6,84.2,0.182,3.97,1.89,14.07,3,0,0,38.9,38.9,0,758.9,0.0484
2737.3,19.9,17.8,47.9,49.0,44.6,114.3,0.748,11.69,4.25,13.94,1,0,0,19.9,20.1,1,47.0,0.8357
3048.1,36.2,7.5,49.3,47.0,30.8,84.8,0.254,2.89,1.99,13.95,2,0,0,36.2,36.1,0,1058.0,0.0348
3926.8,66.5,53.4,81.4,83.4,28.5,80.7,0.347,-0.82,0.37,14.02,3,0,0,66.5,65.6,0,1486.2,0.0248
4397.7,87.6,80.5,88.0,88.1,40.6,89.9,0.294,0.8,0.1,14.29,4,0,0,87.6,88.9,0,1274.4,0.0688
2278.8,35.7,6.9,50.0,73.0,27.6,99.3,0.121,22.57,15.21,14.35,3,0,0,35.7,35.7,2,70.0,0.7202
3040.1,84.9,22.4,63.7,90.5,34.7,90.4,0.193,17.03,15.43,13.93,5,0,0,84.9,84.4,2,42.7,0.7527
1073.4,0.0,2.1,29.2,34.9,30.5,85.9,0.296,-0.86,1.69,14.01,0,0,0,0.0,0.0,0,742.5,0.0322
1076.4,0.0,2.0,37.2,33.5,31.5,87.9,0.797,2.71,1.99,14.13,0,0,0,0.0,0.0,0,779.1,0.0401
4062.8,50.5,50.2,79.2,77.8,30.1,84.8,0.475,3.23,0.59,10.89,2,0,0,50.5,50.6,3,38.3,0.8353
1070.8,0.0,2.1,39.8,38.1,36.2,88.5,0.273,-0.34,1.56,13.98,0,0,0,0.0,0.0,0,830.3,0.0748
2780.6,21.4,7.4,56.5,56.6,31.5,85.4,0.307,0.44,0.9,14.13,1,0,0,21.4,21.3,0,930.0,0.0724
4708.7,60.1,82.4,83.5,86.6,29.0,85.4,0.829,-0.13,2.13,14.16,2,0,0,60.1,59.1,0,1417.1,0.0259
2530.3,41.7,9.2,61.6,61.2,33.1,88.6,0.708,0.61,2.69,14.26,3,0,0,41.7,42.4,0,880.1,0.046
2128.9,15.7,7.6,48.7,49.2,27.9,91.1,0.713,1.87,0.9,14.18,1,0,0,15.7,16.0,0,1447.6,0.0775
2554.1,22.5,11.7,45.0,44.8,38.1,83.9,0.494,1.81,1.3,10.62,1,0,0,22.5,22.2,3,12.4,0.8344
4924.2,79.1,56.9,79.8,84.2,40.9,117.8,0.829,6.77,6.93,13.84,3,0,0,79.1,79.4,1,73.1,0.7299
1083.5,0.0,2.1,34.2,34.2,37.3,85.4,0.304,0.51,1.46,14.0,0,0,0,0.0,0.0,0,890.1,0.0575
1049.4,0.0,1.8,35.8,34.7,34.3,93.7,0.578,-1.15,0.45,10.93,0,0,0,0.0,0.0,3,21.1,0.9157
2287.4,37.7,6.1,45.6,46.6,28.1,81.7,0.256,1.6,3.27,14.05,3,0,0,37.7,38.0,0,1363.0,0.0348
1018.9,0.0,2.4,29.6,32.6,31.3,87.9,0.25,0.26,0.25,14.07,0,0,0,0.0,0.0,0,777.1,0.0323
3669.3,95.5,33.2,62.8,61.2,34.1,92.9,0.7,1.9,2.16,14.21,5,0,0,95.5,97.3,0,1282.1,0.0499
3556.7,97.4,15.3,68.5,69.4,36.3,117.5,0.824,2.5,6.41,13.9,5,0,0,97.4,96.6,1,21.1,0.8104
3616.4,95.6,32.9,58.3,61.4,30.9,87.0,0.242,0.37,1.12,14.01,5,0,0,95.6,94.4,0,793.1,0.0469
3470.6,92.8,18.9,65.5,65.2,36.6,92.2,0.69,2.69,3.21,14.05,5,0,0,92.8,92.0,0,1335.9,0.0274
2284.4,27.2,16.1,63.6,61.1,43.2,111.3,0.831,8.31,4.02,13.81,2,0,0,27.2,27.1,1,45.3,0.7718
2542.4,28.7,8.8,45.8,46.2,39.8,115.7,0.823,4.08,3.27,13.8,2,0,0,28.7,28.8,1,68.5,0.8903
1048.9,0.0,2.4,35.9,37.3,49.7,119.5,0.843,10.22,4.82,13.29,0,0,0,0.0,0.0,1,73.1,0.8067
3223.5,83.2,22.7,65.4,64.4,35.0,92.3,0.87,2.88,1.02,14.22,5,0,0,83.2,84.7,0,763.3,0.0113
3106.3,79.9,30.3,67.2,64.3,28.1,87.3,0.785,0.3,2.64,14.27,5,0,0,79.9,81.5,0,823.5,0.0417
1049.2,0.0,2.3,37.4,37.0,31.4,79.8,0.256,2.72,2.31,14.15,0,0,0,0.0,0.0,0,784.1,0.0528
1059.0,0.0,1.9,35.9,36.2,26.9,82.9,0.703,0.79,3.96,13.92,0,0,0,0.0,0.0,0,1489.8,0.0253
2043.7,16.2,18.0,50.3,47.5,29.6,88.4,0.623,-1.73,0.94,10.73,1,0,0,16.2,16.0,3,17.4,0.8579
3739.7,79.1,20.7,62.7,64.7,33.2,88.9,0.728,3.04,1.55,14.31,4,0,0,79.1,77.6,0,1194.5,0.0115
2377.8,32.6,14.2,50.9,51.7,29.2,87.3,0.295,-0.01,1.92,14.1,2,0,0,32.6,32.7,0,1404.7,0.0554
2542.6,21.4,19.0,44.6,78.1,38.4,90.1,0.173,14.94,14.24,14.02,1,0,0,21.4,21.5,2,68.9,0.7213
2975.4,36.5,18.7,45.0,42.9,33.6,90.4,0.295,1.18,1.55,14.13,2,0,0,36.5,36.2,0,1497.1,0.0668
3607.4,95.5,34.0,58.0,59.9,34.2,86.6,0.246,1.92,3.08,14.21,5,0,0,95.5,94.4,0,964.0,0.0193
2942.1,20.5,15.5,36.5,64.1,35.2,95.7,0.11,14.56,11.73,13.86,1,0,0,20.5,20.3,2,100.1,0.8455
3263.2,51.5,20.4,46.2,76.5,30.0,88.1,0.065,17.6,13.0,14.12,3,0,0,51.5,50.7,2,40.3,0.6569
2471.9,40.5,14.2,47.4,47.1,41.3,113.7,0.739,10.35,4.81,13.66,3,0,0,40.5,39.7,1,52.0,0.7409
2682.2,43.3,18.2,51.1,52.0,38.3,89.7,0.232,3.83,2.08,13.96,3,0,0,43.3,43.5,0,1073.5,0.0582
1051.5,0.0,2.0,38.2,34.9,38.0,86.3,0.768,1.96,2.2,14.1,0,0,0,0.0,0.0,0,1492.4,0.0487
2159.8,26.6,12.6,45.8,68.8,38.4,88.5,0.139,19.86,11.65,13.96,2,0,0,26.6,26.8,2,44.2,0.8807
3562.3,77.7,33.2,62.0,62.3,35.2,85.4,0.793,1.59,1.17,14.13,4,0,0,77.7,76.6,0,1368.8,0.0767
3475.6,92.6,29.0,60.3,59.8,34.3,91.2,0.29,0.41,0.99,14.24,5,0,0,92.6,91.0,0,1370.7,0.0699
2847.4,20.2,19.0,48.8,73.5,27.7,89.8,0.168,24.54,13.24,13.84,1,0,0,20.2,19.9,2,65.6,0.8127
3659.6,80.0,30.8,61.2,58.2,38.9,88.5,0.204,2.45,1.82,13.89,4,0,0,80.0,78.5,0,725.3,0.0398
2974.5,34.3,10.8,45.4,72.2,27.4,97.0,0.092,24.6,14.25,14.06,2,0,0,34.3,33.6,2,100.6,0.8099
2036.8,26.4,11.4,40.8,41.0,34.1,88.6,0.201,0.92,0.13,14.11,2,0,0,26.4,26.5,0,1117.3,0.0629
2034.6,26.1,14.4,50.9,51.5,37.3,89.3,0.844,-0.61,2.15,14.0,2,0,0,26.1,25.8,0,1282.3,0.0619
2781.1,31.9,11.1,44.1,47.9,32.0,79.7,0.215,4.24,1.72,14.12,2,0,0,31.9,31.8,0,1090.8,0.025
2311.1,15.3,8.2,49.4,81.0,28.7,102.4,0.071,26.77,9.37,13.82,1,0,0,15.3,15.5,2,99.2,0.8474
3763.1,98.5,14.7,69.1,69.3,28.2,94.2,0.282,-0.05,0.0,14.05,5,0,0,98.5,96.8,0,1091.7,0.0416
2542.3,41.7,16.7,36.8,40.7,34.3,93.6,0.688,0.98,0.7,14.08,3,0,0,41.7,41.6,0,942.0,0.0274
1022.8,0.0,2.0,37.8,37.0,42.3,112.0,0.861,9.81,4.37,14.12,0,0,0,0.0,0.0,1,47.7,0.7676
4604.4,76.4,63.1,78.6,76.1,40.8,105.6,0.843,6.41,4.69,13.87,3,0,0,76.4,77.7,1,60.7,0.8744
4559.6,73.4,56.1,83.0,82.7,39.9,83.6,0.559,0.12,1.36,11.3,3,0,0,73.4,72.4,3,37.3,0.9341
1031.4,0.0,1.8,42.1,38.0,31.1,81.7,0.242,0.69,2.02,14.15,0,0,0,0.0,0.0,0,864.0,0.0345
1034.4,0.0,1.8,27.9,29.8,37.6,85.2,0.847,2.3,1.52,14.03,0,0,0,0.0,0.0,0,1029.5,0.0339
1123.7,0.0,2.4,33.8,35.2,34.7,85.7,0.332,1.92,-0.39,10.04,0,0,0,0.0,0.0,3,5.8,0.8725
1039.8,0.0,2.1,35.8,34.9,46.3,114.7,0.761,4.63,4.54,13.85,0,0,0,0.0,0.0,1,41.2,0.8135
1032.0,0.0,2.0,33.4,32.8,35.9,83.6,0.327,-0.36,2.81,14.08,0,0,0,0.0,0.0,0,821.2,0.0377
3929.0,45.4,84.9,86.9,87.0,30.0,92.6,0.702,1.94,1.03,14.35,2,0,0,45.4,44.8,0,1135.3,0.0435
2448.0,19.9,7.1,61.5,91.8,34.3,93.7,0.146,18.97,13.25,14.11,1,0,0,19.9,19.5,2,118.4,0.8341
4698.7,81.3,56.6,84.5,83.2,32.8,80.1,0.245,1.13,1.75,14.07,3,0,0,81.3,79.8,0,1405.3,0.0654
2092.9,22.6,15.7,47.4,47.7,46.3,114.2,0.861,9.4,3.28,14.2,2,0,0,22.6,22.9,1,38.5,0.9077
3493.2,75.2,33.0,66.7,66.2,35.7,88.9,0.244,1.28,0.95,14.17,4,0,0,75.2,75.1,0,1052.1,0.0241
4197.5,87.7,63.5,72.4,71.5,28.7,86.9,0.826,4.32,2.95,14.23,4,0,0,87.7,88.5,0,1271.7,0.0692
3247.4,82.3,30.0,69.3,67.9,44.7,103.4,0.707,3.97,5.48,14.02,5,0,0,82.3,83.0,1,69.1,0.9338
4138.8,46.4,49.5,69.0,70.0,38.9,90.4,0.205,3.5,2.18,14.19,2,0,0,46.4,46.2,0,1306.1,0.0656
1026.0,0.0,2.0,33.1,32.8,26.2,83.6,0.822,0.79,2.37,14.09,0,0,0,0.0,0.0,0,1498.2,0.0163
2834.0,33.3,11.7,47.7,48.6,32.9,84.6,0.831,0.51,1.22,14.24,2,0,0,33.3,33.4,0,932.4,0.0514
2702.4,20.1,11.9,41.9,41.9,38.1,87.7,0.822,5.49,0.28,14.13,1,0,0,20.1,19.9,0,734.8,0.0328
3289.9,85.3,22.5,65.1,65.5,42.4,118.2,0.726,9.62,4.78,13.76,5,0,0,85.3,85.6,1,51.5,0.8751
2706.3,19.8,11.9,42.6,67.2,29.1,93.4,0.131,27.64,15.18,14.26,1,0,0,19.8,19.8,2,71.7,0.7499
2505.5,28.9,17.5,52.7,70.9,35.7,98.6,0.052,23.36,12.49,13.93,2,0,0,28.9,29.2,2,58.4,0.7114
2603.4,43.3,21.1,57.8,58.3,28.9,87.0,0.185,3.79,-0.17,14.26,3,0,0,43.3,44.0,0,1483.2,0.0238
1026.8,0.0,2.1,33.2,31.7,36.9,82.0,0.228,4.76,2.07,13.98,0,0,0,0.0,0.0,0,1213.0,0.0551
3563.8,60.1,21.9,42.4,42.6,28.2,87.5,0.307,0.9,1.62,14.0,3,0,0,60.1,58.9,0,1306.9,0.0241
2260.8,16.8,12.8,51.2,51.9,31.3,82.6,0.621,-1.16,2.73,10.86,1,0,0,16.8,16.9,3,30.5,0.9882
1999.9,22.4,16.5,42.0,65.6,26.8,93.5,0.158,21.56,13.98,14.02,2,0,0,22.4,22.4,2,35.0,0.8272
3991.4,81.4,18.3,62.1,85.7,37.0,86.1,0.123,19.12,12.05,14.36,4,0,0,81.4,80.7,2,93.2,0.842
2278.6,26.7,20.6,47.5,48.2,34.8,88.7,0.181,1.51,-0.08,14.12,2,0,0,26.7,26.7,0,1198.5,0.0315
2539.5,41.8,12.2,59.1,56.7,26.4,88.8,0.851,2.72,2.65,14.03,3,0,0,41.8,41.1,0,1116.0,0.0498
1091.7,0.0,1.8,28.2,30.5,29.0,89.8,0.209,0.9,1.88,14.07,0,0,0,0.0,0.0,0,857.3,0.0406
2218.7,25.6,21.9,47.4,46.9,36.2,85.7,0.695,-0.12,1.53,13.94,2,0,0,25.6,25.8,0,761.8,0.0414
2329.0,39.0,13.4,59.2,60.8,34.4,87.1,0.334,1.69,-0.02,14.27,3,0,0,39.0,38.4,0,887.5,0.0281
2278.1,37.9,9.5,45.0,44.8,35.6,87.3,0.63,1.72,-0.51,10.76,3,0,0,37.9,37.2,3,25.5,0.8882
2606.8,44.2,22.0,44.2,44.9,33.7,92.0,0.781,0.8,1.38,14.05,3,0,0,44.2,43.5,0,848.9,0.05
3138.5,37.6,8.2,51.2,49.3,29.2,88.6,0.732,1.58,1.89,14.22,2,0,0,37.6,37.0,0,1372.9,0.0321
1041.2,0.0,1.9,35.6,36.5,29.7,85.2,0.841,2.47,1.7,13.97,0,0,0,0.0,0.0,0,899.2,0.0361
2449.8,35.9,15.9,66.9,64.6,30.3,87.1,0.448,0.07,1.29,10.25,3,0,0,35.9,36.6,3,39.0,0.8782
1060.5,0.0,2.5,30.5,33.9,32.8,90.8,0.291,3.95,1.7,14.18,0,0,0,0.0,0.0,0,873.7,0.077
2496.3,21.4,20.9,38.2,35.5,33.5,118.4,0.779,1.86,3.19,13.55,1,0,0,21.4,21.7,1,67.1,0.8496
3588.0,79.8,18.9,50.3,53.1,30.1,84.3,0.523,2.22,0.4,10.98,4,0,0,79.8,79.2,3,43.9,0.8021
2998.8,77.7,26.3,72.7,73.9,32.6,84.3,0.231,1.48,1.46,14.22,5,0,0,77.7,78.5,0,857.6,0.0797
3094.7,80.5,21.2,58.9,57.3,45.4,117.2,0.67,9.05,4.47,13.92,5,0,0,80.5,81.4,1,41.4,0.8175
1835.5,23.7,17.3,52.7,54.5,32.1,84.1,0.824,2.03,1.1,14.16,2,0,0,23.7,24.0,0,758.4,0.0343
4290.5,50.6,74.5,60.8,65.5,38.4,87.6,0.839,2.05,0.2,14.29,2,0,0,50.6,51.0,0,1171.9,0.0713
850.0,0.0,2.0,31.2,57.0,32.6,92.3,0.077,23.29,11.54,14.11,0,0,0,0.0,0.0,2,78.5,0.7743
4015.1,81.8,74.2,82.0,98.0,31.6,90.0,0.115,18.7,15.46,13.95,4,0,0,81.8,80.7,2,72.7,0.861
3871.6,83.6,19.5,70.8,70.3,29.8,87.0,0.72,0.32,1.99,14.08,4,0,0,83.6,85.1,0,988.3,0.0457
2248.3,16.6,18.7,41.9,41.6,38.4,84.1,0.188,1.57,1.21,14.12,1,0,0,16.6,16.8,0,1213.4,0.0225
1066.1,0.0,2.3,37.7,36.0,34.0,86.7,0.349,2.84,0.7,14.07,0,0,0,0.0,0.0,0,901.3,0.0218
1047.0,0.0,2.3,36.4,36.4,31.3,87.5,0.309,1.82,1.67,14.03,0,0,0,0.0,0.0,0,982.3,0.0411
1045.6,0.0,1.9,30.8,32.3,38.3,83.6,0.272,2.47,1.28,14.04,0,0,0,0.0,0.0,0,1137.8,0.0114
2536.5,40.5,14.7,56.5,52.5,29.1,92.6,0.332,3.59,1.98,14.15,3,0,0,40.5,39.8,0,1465.8,0.0542
2289.8,34.2,14.5,48.4,51.2,33.1,89.8,0.293,4.36,0.87,14.23,3,0,0,34.2,34.8,0,1374.3,0.0454
1111.9,0.0,1.9,36.3,63.1,35.3,97.3,0.198,23.48,13.45,14.1,0,0,1,0.0,0.0,2,71.9,0.6613
4824.9,59.6,66.2,82.8,86.8,30.8,94.0,0.283,0.88,-0.35,14.17,2,0,0,59.6,60.4,0,1115.1,0.0575
2544.5,42.2,10.0,45.2,45.5,29.2,90.4,0.254,5.04,1.56,14.23,3,0,0,42.2,41.8,0,924.9,0.0782
1065.2,0.0,2.4,32.8,33.7,36.2,86.6,0.72,1.05,1.52,14.11,0,0,0,0.0,0.0,0,1011.0,0.0371
1836.7,22.2,19.9,47.1,70.4,27.0,90.2,0.105,19.37,13.85,14.02,2,0,0,22.2,22.1,2,99.7,0.8489
1892.3,25.0,18.9,36.0,39.3,36.0,89.7,0.205,0.39,2.27,14.08,2,0,0,25.0,25.4,0,869.6,0.0366
2249.6,20.1,17.5,41.2,44.5,35.4,90.4,0.219,0.74,1.67,14.09,1,0,0,20.1,19.7,0,1466.0,0.0643
2173.8,25.8,20.7,34.4,37.3,30.3,89.8,0.239,2.32,1.26,14.28,2,0,0,25.8,26.0,0,1102.2,0.0791
957.3,0.0,2.4,35.2,31.7,41.5,114.8,0.831,5.22,5.68,13.81,0,0,0,0.0,0.0,1,51.5,0.8841
1018.6,0.0,2.3,31.2,30.1,30.6,85.5,0.7,5.16,1.62,14.04,0,0,0,0.0,0.0,0,1266.4,0.0271
3213.5,36.3,21.4,43.3,71.9,35.5,96.6,0.156,21.47,10.31,13.85,2,0,0,36.3,36.4,2,99.0,0.8377
3750.7,79.5,27.8,59.0,57.8,28.4,85.5,0.424,2.81,1.77,11.38,4,0,0,79.5,78.4,3,44.7,0.9516
850.0,0.0,2.5,24.2,50.8,40.9,92.8,0.088,20.16,12.19,13.85,0,0,0,0.0,0.0,2,109.6,0.7564
3042.5,35.8,8.9,49.7,48.7,43.9,124.2,0.734,7.33,5.72,13.77,2,0,0,35.8,35.5,1,9.7,0.9101
3882.2,87.6,19.2,63.8,64.4,34.0,89.6,0.806,1.94,1.91,14.19,4,0,0,87.6,88.0,0,1139.3,0.0507
3892.9,83.3,17.0,68.4,65.6,29.4,95.2,0.844,2.03,2.3,14.02,4,0,0,83.3,83.8,0,809.2,0.0669
1062.2,0.0,2.4,33.6,35.2,32.9,78.7,0.687,1.82,-0.16,10.07,0,0,0,0.0,0.0,3,12.0,0.8937
1062.3,0.0,1.9,36.8,34.6,32.7,87.0,0.219,2.59,1.74,13.86,0,0,0,0.0,0.0,0,1433.1,0.0279
1032.6,0.0,2.2,32.0,32.5,37.3,82.7,0.196,2.09,0.82,14.14,0,0,0,0.0,0.0,0,1203.0,0.0455
2352.7,18.3,10.5,40.8,43.9,37.6,122.1,0.864,6.93,3.95,14.03,1,0,0,18.3,18.5,1,20.3,0.9493
1051.0,0.0,2.5,30.8,31.2,26.7,81.8,0.736,1.98,1.88,13.92,0,0,0,0.0,0.0,0,820.6,0.0112
2459.9,39.5,8.4,42.7,42.0,37.8,85.5,0.205,1.2,0.4,14.02,3,0,0,39.5,38.7,0,1490.8,0.0115
2019.2,20.9,15.9,43.7,44.1,32.6,85.5,0.811,2.19,0.76,14.03,2,0,0,20.9,20.9,0,913.3,0.0416
2182.4,35.2,16.4,46.1,45.6,32.2,90.2,0.279,0.93,1.25,13.88,3,0,0,35.2,34.7,0,1337.2,0.0462
2740.0,21.6,13.8,54.3,72.8,39.1,91.3,0.061,20.07,12.84,14.11,1,0,0,21.6,22.0,2,30.7,0.7938
3860.8,103.7,23.4,53.5,53.5,30.2,87.2,0.296,1.47,1.25,14.06,5,0,0,103.7,104.5,0,734.3,0.0687
3096.9,51.1,8.3,48.4,47.6,35.2,89.3,0.708,-0.25,1.95,14.27,3,0,0,51.1,50.1,0,806.2,0.0784
2170.1,38.8,7.5,59.9,60.3,39.3,92.2,0.218,2.85,1.39,14.13,3,0,0,38.8,39.2,0,756.0,0.0776
1054.4,0.0,1.9,34.9,34.3,46.2,112.4,0.803,11.44,2.15,13.98,0,0,0,0.0,0.0,1,50.1,0.8183
2366.4,27.0,15.4,40.3,60.1,34.3,93.6,0.194,20.77,12.99,13.77,2,0,0,27.0,27.3,2,73.1,0.7055
3332.5,90.0,20.5,58.1,57.0,34.3,79.1,0.762,3.27,1.42,14.0,5,0,0,90.0,90.1,0,1426.5,0.0643
1058.4,0.0,2.3,30.9,30.3,39.3,116.8,0.789,7.62,2.98,13.66,0,0,0,0.0,0.0,1,41.5,0.9204
1026.0,0.0,2.2,34.6,35.4,29.6,87.7,0.716,1.54,1.54,14.14,0,0,1,0.0,0.0,0,843.2,0.0326
2493.1,29.4,17.3,52.2,48.0,31.9,86.8,0.642,-3.73,1.06,10.39,2,0,0,29.4,29.0,3,39.7,0.8489
2693.1,43.7,10.9,39.6,37.8,36.1,89.5,0.213,-1.05,0.42,14.22,3,0,0,43.7,43.5,0,991.1,0.012
3157.1,80.1,15.8,62.8,63.4,39.1,109.5,0.717,8.41,5.43,13.86,5,0,0,80.1,79.7,1,56.2,0.9345
3992.8,45.4,70.0,84.7,80.1,28.2,78.6,0.832,0.94,1.83,14.23,2,0,0,45.4,44.6,0,804.3,0.044
1620.0,26.3,17.7,55.6,53.3,34.3,89.5,0.197,2.43,0.97,14.2,3,0,0,26.3,26.1,0,765.4,0.015
3226.7,84.2,14.6,65.8,65.9,35.1,89.3,0.334,4.01,1.47,14.01,5,0,0,84.2,84.3,0,1216.4,0.0171
2800.6,20.2,20.9,47.6,64.5,35.4,98.1,0.087,20.4,11.17,13.93,1,0,0,20.2,20.6,2,77.4,0.8013
3135.0,82.2,25.8,64.1,63.7,31.3,89.3,0.796,0.91,2.04,14.06,5,0,0,82.2,80.7,0,738.9,0.0312
3363.8,92.5,22.7,67.0,66.8,32.1,83.1,0.489,3.22,0.67,10.91,5,0,0,92.5,90.7,3,24.7,0.8883
2229.1,26.2,6.2,42.4,41.1,37.2,86.4,0.317,-0.37,1.99,13.99,2,0,0,26.2,26.6,0,1123.0,0.0681
1023.7,0.0,2.3,30.1,32.4,31.0,83.2,0.767,3.33,2.42,14.08,0,0,1,0.0,0.0,0,888.6,0.0599
1037.6,0.0,2.3,35.4,35.5,33.8,87.9,0.235,3.1,2.05,14.13,0,0,1,0.0,0.0,0,1373.8,0.0541
4232.2,61.7,50.1,69.1,98.0,29.4,91.9,0.15,18.94,11.89,14.01,3,0,0,61.7,62.4,2,91.4,0.83
1071.4,0.0,1.9,31.1,30.9,33.4,89.6,0.233,1.91,1.02,14.01,0,0,0,0.0,0.0,0,890.5,0.0437
3508.5,76.8,23.7,59.5,87.6,32.5,94.9,0.105,16.83,11.72,14.09,4,0,0,76.8,77.7,2,84.0,0.7238
1054.9,0.0,1.8,33.0,31.8,28.3,83.6,0.223,-0.92,1.5,11.63,0,0,0,0.0,0.0,3,16.8,0.8111
3774.5,81.2,16.4,61.4,64.1,30.7,89.7,0.436,-1.22,0.84,10.79,4,0,0,81.2,81.5,3,42.3,0.8832
1052.5,0.0,2.0,29.9,30.0,33.1,87.1,0.322,0.86,0.11,14.17,0,0,0,0.0,0.0,0,918.0,0.0158
4367.4,116.2,14.7,57.5,55.5,45.7,116.4,0.706,7.52,2.8,13.86,5,0,0,116.2,114.1,1,39.4,0.7802
1250.3,0.0,2.2,32.8,61.0,32.4,89.3,0.191,21.58,13.94,14.15,0,0,0,0.0,0.0,2,68.8,0.8039
1044.7,0.0,2.2,30.7,32.5,33.4,84.5,0.311,3.15,1.27,13.96,0,0,1,0.0,0.0,0,1291.5,0.0182
950.0,0.0,2.3,35.9,35.0,42.7,122.2,0.881,6.04,4.74,13.96,0,0,0,0.0,0.0,1,16.1,0.7699
1072.9,0.0,2.0,28.0,30.2,40.1,87.0,0.759,2.98,1.58,13.98,0,0,0,0.0,0.0,0,771.0,0.0605
2979.6,34.3,15.9,34.7,37.8,32.5,88.8,0.862,1.25,0.82,14.04,2,0,0,34.3,34.8,0,1246.3,0.0331
2709.0,44.0,18.3,52.0,52.7,34.8,91.7,0.702,4.58,1.26,14.4,3,0,0,44.0,43.6,0,979.5,0.0145
1027.7,0.0,2.3,38.4,38.7,30.8,87.2,0.286,1.3,0.99,14.02,0,0,0,0.0,0.0,0,1102.1,0.0339
999.7,0.0,2.4,30.9,32.9,28.4,86.2,0.262,2.88,1.29,14.03,0,0,0,0.0,0.0,0,875.6,0.0596
2849.5,36.4,20.2,47.8,44.7,37.8,90.6,0.341,2.61,1.62,14.21,2,0,0,36.4,36.4,0,1385.7,0.0526
1833.1,12.4,18.8,44.7,45.9,36.6,118.5,0.826,9.16,3.59,13.95,1,0,0,12.4,12.3,1,58.1,0.9507
2623.1,31.0,9.0,49.8,48.8,37.7,87.9,0.775,4.42,1.7,14.15,2,0,0,31.0,31.0,0,750.3,0.0463
2405.5,31.2,11.1,44.2,44.1,26.5,93.7,0.827,0.66,1.43,14.01,2,0,0,31.2,31.5,0,1110.6,0.033
3162.8,83.2,19.4,57.9,58.9,35.4,85.8,0.879,1.75,1.93,13.99,5,0,0,83.2,82.8,0,912.1,0.0724
2501.6,31.9,18.4,50.5,49.2,26.8,88.7,0.755,0.32,2.17,14.2,2,0,0,31.9,31.9,0,1328.2,0.078
1056.0,0.0,1.8,32.7,32.9,37.7,111.7,0.797,9.01,5.45,13.72,0,0,0,0.0,0.0,1,20.4,0.9091
3224.1,83.6,22.5,63.7,60.9,36.8,83.1,0.22,2.87,2.37,14.1,5,0,0,83.6,83.9,0,774.1,0.0409
2153.5,15.3,6.0,52.4,50.7,42.0,114.6,0.686,4.96,2.64,13.88,1,0,0,15.3,15.2,1,27.7,0.8793
3457.9,92.3,16.9,62.1,62.1,28.4,83.0,0.877,0.95,1.28,14.19,5,0,0,92.3,93.0,0,1047.8,0.047
3668.3,72.8,28.3,64.9,94.2,33.6,98.0,0.192,22.97,14.23,13.8,4,0,0,72.8,73.0,2,98.7,0.8121
2384.2,29.2,19.6,40.6,41.0,31.6,84.7,0.348,2.61,3.34,14.12,2,0,0,29.2,28.6,0,1124.4,0.0677
3028.5,32.9,12.6,41.2,40.5,30.9,96.3,0.775,1.31,1.62,13.92,2,0,0,32.9,33.0,0,1469.0,0.029
1044.8,0.0,2.1,34.5,32.6,39.1,112.5,0.896,6.87,6.75,13.64,0,0,0,0.0,0.0,1,16.0,0.7539
3511.9,94.1,27.8,61.5,60.0,36.7,88.7,0.781,2.28,1.87,14.06,5,0,0,94.1,95.7,0,1343.7,0.0414
3289.7,69.9,30.8,59.5,60.2,42.9,112.8,0.871,10.44,6.14,14.15,4,0,0,69.9,69.2,1,59.1,0.9362
3840.2,100.8,24.5,59.4,60.0,42.9,111.0,0.849,4.21,4.02,13.81,5,0,0,100.8,98.8,1,39.3,0.7511
1064.5,0.0,2.0,32.0,30.8,28.0,86.6,0.263,1.74,0.65,13.92,0,0,0,0.0,0.0,0,1365.5,0.0791
3032.2,35.4,20.3,43.0,39.1,37.7,95.9,0.756,2.09,1.71,14.04,2,0,0,35.4,35.5,0,1464.3,0.0256
3605.6,80.3,25.9,55.6,55.3,28.7,83.2,0.33,4.36,1.75,14.22,4,0,0,80.3,80.2,0,1080.8,0.0164
3853.5,100.3,33.1,70.7,69.5,29.2,84.7,0.572,-1.24,1.51,10.64,5,0,0,100.3,101.4,3,43.9,0.8619
1025.1,0.0,1.9,36.7,35.4,50.6,121.0,0.802,14.28,5.45,13.4,0,0,0,0.0,0.0,1,70.0,0.8825
2956.1,81.9,34.9,62.4,64.7,26.1,92.0,0.724,3.21,2.43,14.04,5,0,0,81.9,81.8,0,1412.5,0.021
3329.6,88.7,30.6,62.5,61.7,31.2,94.5,0.781,0.75,0.7,14.34,5,0,0,88.7,88.3,0,748.9,0.0281
3082.1,63.9,16.8,61.5,61.3,30.3,80.9,0.203,-1.02,1.85,14.19,4,0,0,63.9,64.4,0,1349.7,0.0171
1209.5,0.0,2.1,28.3,62.5,37.9,92.6,0.17,16.55,14.41,14.09,0,0,0,0.0,0.0,2,47.8,0.8829
3459.3,72.4,31.7,62.1,62.9,35.6,92.0,0.29,1.61,2.0,14.27,4,0,0,72.4,71.8,0,835.9,0.021
2568.3,32.5,15.4,58.8,58.6,30.0,92.5,0.312,1.54,0.84,14.15,2,0,0,32.5,32.9,0,1155.1,0.0227
1024.1,0.0,2.5,33.6,64.9,30.4,94.5,0.191,15.49,15.17,13.84,0,0,1,0.0,0.0,2,56.3,0.8805
2282.5,37.4,12.9,37.6,38.8,28.3,81.8,0.835,0.46,2.55,14.04,3,0,0,37.4,36.8,0,1297.7,0.0575
4509.0,54.7,62.5,82.8,80.1,32.1,85.0,0.831,1.43,2.96,14.0,2,0,0,54.7,55.2,0,1365.2,0.024
2533.5,68.2,18.5,62.6,61.8,38.5,86.5,0.575,1.93,1.69,9.96,5,0,0,68.2,69.5,3,25.8,0.8241
1020.3,0.0,2.3,36.2,33.2,40.1,126.4,0.683,8.59,3.82,14.17,0,0,0,0.0,0.0,1,50.8,0.9433
2130.0,17.3,6.8,45.4,45.2,36.7,86.2,0.717,1.42,1.07,14.2,1,0,0,17.3,17.4,0,1087.3,0.0511
1030.6,0.0,1.8,38.6,38.5,37.4,81.4,0.817,-0.63,2.02,14.06,0,0,1,0.0,0.0,0,1476.2,0.0643
1083.1,0.0,2.0,32.3,34.8,33.3,87.1,0.306,3.48,1.15,13.98,0,0,0,0.0,0.0,0,1340.6,0.0729
1037.1,0.0,2.4,32.3,30.8,33.7,87.3,0.797,1.46,2.43,13.99,0,0,0,0.0,0.0,0,881.3,0.0545
1179.3,0.0,2.2,32.0,61.8,33.2,93.2,0.157,18.79,16.74,13.97,0,0,0,0.0,0.0,2,36.8,0.8117
1000.7,0.0,2.3,36.4,36.6,34.2,84.9,0.211,1.92,1.39,14.16,0,0,0,0.0,0.0,0,783.5,0.0267
3254.2,71.9,32.1,67.7,65.6,42.0,120.7,0.666,6.58,2.33,13.82,4,0,0,71.9,72.0,1,72.4,0.9528
2596.4,42.8,11.2,56.9,55.4,31.6,92.5,0.306,4.63,2.48,10.77,3,0,0,42.8,42.9,3,29.0,0.8257
2884.7,75.0,29.0,63.2,62.3,29.2,92.3,0.781,1.87,0.91,13.89,5,0,0,75.0,74.4,0,1442.8,0.037
2848.0,74.6,26.6,61.4,64.0,35.1,90.2,0.707,1.07,2.11,14.22,5,0,0,74.6,74.5,0,1495.2,0.0125
2551.7,28.0,6.6,40.0,45.4,29.5,86.0,0.744,1.86,0.6,14.12,2,0,0,28.0,27.7,0,1075.3,0.0281
4398.0,91.7,65.8,87.4,91.0,32.9,86.2,0.63,0.11,1.64,10.7,4,0,0,91.7,91.5,3,24.1,0.8603
4217.2,89.2,77.8,76.9,98.0,34.2,95.6,0.082,18.05,14.07,14.01,4,0,0,89.2,89.7,2,99.7,0.7827
2135.5,22.6,19.6,53.8,54.9,30.3,91.4,0.82,0.83,1.73,14.08,2,0,0,22.6,22.7,0,1324.4,0.033
1039.6,0.0,2.3,33.4,33.9,47.7,122.8,0.815,7.52,4.18,14.15,0,0,0,0.0,0.0,1,49.7,0.7607
2765.7,22.7,18.1,51.0,51.8,34.4,85.3,0.296,0.44,1.09,14.05,1,0,0,22.7,22.6,0,879.8,0.0254
2925.0,49.4,17.5,46.8,49.9,26.7,85.2,0.254,1.1,1.75,11.02,3,0,0,49.4,50.3,3,4.6,0.8171
2033.0,31.7,6.5,48.5,46.2,38.9,84.0,0.814,1.18,1.32,13.94,3,0,0,31.7,31.2,0,1062.6,0.0398
2660.5,20.6,9.7,46.9,45.3,26.3,83.0,0.213,2.47,1.47,14.11,1,0,0,20.6,20.9,0,1271.4,0.0699
3358.4,91.3,29.0,71.8,88.6,35.9,99.4,0.132,23.5,14.69,14.01,5,0,0,91.3,91.9,2,100.8,0.6563
2592.2,44.4,14.2,46.2,47.2,32.3,91.6,0.797,0.98,0.78,14.09,3,0,0,44.4,44.9,0,1207.7,0.0195
2778.8,46.5,17.3,50.3,47.9,36.2,85.3,0.704,2.48,0.56,14.07,3,0,0,46.5,47.3,0,1156.4,0.08
2809.8,46.1,14.7,55.9,53.2,35.0,85.7,0.783,-1.15,0.77,14.37,3,0,0,46.1,45.8,0,1343.3,0.0133
4151.7,108.0,27.6,56.7,57.9,30.2,84.1,0.274,1.47,2.69,14.03,5,0,0,108.0,109.4,0,1019.1,0.0679
1072.2,0.0,2.0,35.9,33.4,32.6,84.0,0.318,1.62,0.99,14.14,0,0,0,0.0,0.0,0,730.9,0.0665
2938.6,33.3,8.9,51.2,50.6,32.7,91.1,0.683,0.57,1.88,10.55,2,0,0,33.3,33.5,3,41.6,0.9045
4404.1,52.0,75.7,84.0,89.4,36.5,88.4,0.839,2.17,2.54,14.22,2,0,0,52.0,52.4,0,1498.4,0.0383
3464.2,74.4,15.9,69.0,65.3,36.9,86.0,0.698,3.67,1.22,14.03,4,0,0,74.4,74.6,0,1098.1,0.0508
1053.6,0.0,1.9,35.7,34.6,36.9,112.0,0.769,10.01,2.98,13.72,0,0,0,0.0,0.0,1,15.9,0.7849
1045.5,0.0,2.2,42.1,40.0,29.3,86.7,0.213,1.92,0.99,14.19,0,0,0,0.0,0.0,0,779.8,0.0213
3300.0,72.5,25.6,65.2,63.0,38.7,86.7,0.757,-0.36,1.91,14.11,4,0,0,72.5,73.3,0,985.5,0.0771
3663.1,95.7,20.3,62.2,63.2,35.7,108.3,0.821,8.61,5.96,14.08,5,0,0,95.7,93.8,1,45.4,0.9547
858.4,0.0,2.1,32.9,58.2,33.9,91.0,0.164,25.29,15.3,13.98,0,0,0,0.0,0.0,2,46.2,0.6778
1056.4,0.0,1.8,35.1,35.2,41.3,113.3,0.781,8.89,1.88,13.74,0,0,0,0.0,0.0,1,61.4,0.9091
4759.1,55.8,68.2,79.5,77.8,36.9,118.3,0.68,3.8,4.5,13.79,2,0,0,55.8,55.6,1,57.0,0.7705
1069.2,0.0,1.9,31.8,31.8,39.4,84.9,0.344,0.39,1.25,14.1,0,0,1,0.0,0.0,0,1028.4,0.0639
3169.1,84.8,14.3,65.0,65.7,39.5,84.0,0.261,0.82,1.06,10.68,5,0,0,84.8,85.3,3,33.0,0.8577
1095.9,0.0,1.8,35.6,33.2,37.4,85.7,0.255,2.12,1.76,14.21,0,0,0,0.0,0.0,0,928.4,0.0378
3731.8,59.9,75.3,82.4,98.0,28.2,94.6,0.141,16.57,13.21,14.02,3,0,0,59.9,59.5,2,65.2,0.6638
2239.2,36.7,17.8,53.5,50.7,30.8,84.8,0.221,2.16,2.35,14.1,3,0,0,36.7,36.3,0,1210.6,0.0751
3723.0,98.9,25.1,66.1,63.3,31.9,86.8,0.294,2.61,0.96,11.51,5,0,0,98.9,97.0,3,34.8,0.9051
2204.5,28.7,20.8,42.5,44.5,38.5,115.5,0.814,9.05,4.77,13.76,2,0,0,28.7,28.4,1,71.0,0.8958
874.3,0.0,2.5,31.8,56.9,28.1,94.9,0.134,17.76,13.12,13.89,0,0,1,0.0,0.0,2,103.8,0.7048
1880.0,33.1,7.1,52.4,49.8,39.4,91.5,0.817,2.85,1.68,14.21,3,0,0,33.1,32.5,0,1008.0,0.0179
3008.3,34.9,17.4,45.5,47.4,35.9,88.3,0.787,-0.34,0.07,13.93,2,0,0,34.9,35.1,0,923.3,0.07
1047.9,0.0,2.0,33.8,35.2,37.1,112.1,0.803,5.83,3.67,13.91,0,0,0,0.0,0.0,1,12.0,0.8627
3565.9,93.9,23.4,49.0,70.3,36.5,95.7,0.097,19.77,13.96,14.07,5,0,0,93.9,92.1,2,38.6,0.858
2790.4,70.6,18.4,65.7,67.8,35.8,84.0,0.335,0.23,2.34,14.11,5,0,0,70.6,71.4,0,1308.4,0.0158
2666.5,33.7,13.8,48.3,47.9,33.2,89.8,0.607,-0.06,1.7,9.74,2,0,0,33.7,33.2,3,19.5,0.8631
3992.6,98.7,20.8,65.7,81.3,38.1,94.9,0.127,16.34,15.48,14.06,5,0,0,98.7,96.8,2,93.7,0.8686
1035.8,0.0,1.8,32.9,36.8,32.2,84.7,0.764,3.36,2.14,13.99,0,0,0,0.0,0.0,0,976.5,0.0258
4317.3,59.0,51.4,82.1,98.0,33.8,94.6,0.072,22.35,14.38,13.86,2,0,0,59.0,59.7,2,62.3,0.8452
3348.0,73.9,34.4,62.2,61.6,31.0,88.1,0.278,2.77,0.49,14.07,4,0,0,73.9,73.2,0,1294.1,0.0593
2408.8,28.2,10.3,43.7,44.5,38.0,91.1,0.768,1.0,3.32,14.34,2,0,0,28.2,27.6,0,1051.4,0.0612
3148.2,64.0,26.4,61.6,62.3,39.1,84.0,0.32,3.74,0.48,14.15,4,0,0,64.0,62.8,0,884.7,0.0177
3725.7,93.7,33.7,57.3,55.1,28.2,92.3,0.319,3.57,1.97,14.22,5,0,0,93.7,95.0,0,1019.8,0.0184
1071.9,0.0,2.1,32.1,32.4,35.4,119.2,0.89,7.53,4.16,13.67,0,0,0,0.0,0.0,1,72.4,0.8056
3639.8,94.4,23.9,64.8,64.8,31.8,87.8,0.218,0.12,0.97,14.22,5,0,0,94.4,93.2,0,1467.6,0.0284
1960.8,30.4,16.6,44.3,44.3,38.7,121.0,0.722,9.65,2.2,13.97,3,0,0,30.4,30.3,1,19.5,0.8476
1034.1,0.0,2.3,32.2,29.7,41.6,117.2,0.89,13.83,3.68,14.06,0,0,0,0.0,0.0,1,37.2,0.9207
3052.1,77.4,24.0,59.2,55.8,46.8,107.6,0.83,7.7,3.76,14.04,5,0,0,77.4,76.4,1,74.5,0.8061
1043.7,0.0,2.4,35.7,36.0,37.6,88.2,0.228,2.87,1.1,14.06,0,0,0,0.0,0.0,0,965.6,0.0542
3171.6,70.7,15.9,66.5,87.3,35.9,93.5,0.111,19.25,13.19,13.98,4,0,0,70.7,69.3,2,85.9,0.688
3512.8,94.6,33.7,69.6,67.2,35.9,89.8,0.303,-0.84,0.7,14.07,5,0,0,94.6,94.7,0,1353.6,0.0191
3891.8,46.4,69.4,90.1,85.6,29.7,86.5,0.318,1.15,1.25,14.27,2,0,0,46.4,46.2,0,801.3,0.0592
2246.1,18.6,19.6,48.4,51.8,36.2,86.3,0.762,3.32,2.55,14.21,1,0,0,18.6,18.2,0,815.4,0.0192
1054.9,0.0,2.4,40.6,36.7,28.5,82.3,0.23,1.95,2.75,14.06,0,0,0,0.0,0.0,0,1050.6,0.0366
4296.1,92.8,84.2,87.1,98.0,35.5,90.1,0.126,12.38,13.68,14.18,4,0,0,92.8,93.2,2,72.7,0.9148
3735.0,81.0,33.1,65.1,64.4,28.0,80.6,0.337,4.18,3.1,14.14,4,0,0,81.0,81.3,0,1074.3,0.0177
1059.7,0.0,2.5,34.1,37.0,42.4,122.3,0.67,5.68,3.66,13.71,0,0,0,0.0,0.0,1,20.9,0.7603
1066.3,0.0,2.4,32.2,31.2,32.2,83.9,0.707,1.12,1.43,14.12,0,0,1,0.0,0.0,0,799.8,0.0193
4562.1,74.4,76.9,83.1,83.3,28.0,87.8,0.745,3.18,0.42,14.1,3,0,0,74.4,73.6,0,1483.2,0.063
2416.9,29.0,8.4,40.1,42.4,31.4,82.6,0.487,0.87,-0.52,10.84,2,0,0,29.0,29.6,3,33.5,0.8734
2477.3,26.7,6.0,43.4,67.2,37.7,95.0,0.168,17.86,13.97,13.96,2,0,0,26.7,26.6,2,46.4,0.6558
3148.9,82.5,29.4,59.4,63.3,29.5,90.0,0.281,2.11,1.61,14.09,5,0,0,82.5,81.6,0,1275.5,0.0692
3282.7,88.4,26.1,56.3,58.0,28.6,88.6,0.707,1.95,1.84,14.25,5,0,0,88.4,88.2,0,923.3,0.0605
1063.4,0.0,2.4,33.0,31.9,28.4,85.2,0.236,-0.23,2.49,13.97,0,0,0,0.0,0.0,0,922.8,0.0603
3663.6,82.7,25.0,69.0,69.1,36.6,83.5,0.754,0.4,0.88,14.03,4,0,0,82.7,83.9,0,1416.3,0.0445
850.0,0.0,2.2,35.7,56.9,31.4,96.2,0.169,23.49,17.08,13.7,0,0,1,0.0,0.0,2,103.1,0.7087
2916.3,48.0,8.6,46.4,64.6,31.8,98.7,0.137,18.09,13.16,14.25,3,0,0,48.0,48.3,2,55.1,0.7408
3852.9,45.9,57.2,70.5,70.6,32.7,91.3,0.815,2.1,0.7,14.02,2,0,0,45.9,45.0,0,1391.7,0.0433
1025.5,0.0,2.4,34.1,35.6,29.1,83.4,0.436,2.25,3.05,10.63,0,0,0,0.0,0.0,3,40.3,0.8489
2191.1,16.6,20.8,46.9,45.7,35.6,93.1,0.184,2.01,1.07,14.12,1,0,0,16.6,16.9,0,1417.5,0.0456
1043.5,0.0,2.2,36.5,34.8,30.5,86.9,0.873,1.57,0.27,14.05,0,0,0,0.0,0.0,0,930.4,0.0232
2901.3,22.0,14.6,35.9,33.6,33.5,90.3,0.776,2.19,0.86,14.33,1,0,0,22.0,22.2,0,880.7,0.0747
3435.4,40.4,13.7,49.5,51.4,37.7,106.5,0.837,7.44,4.56,14.08,2,0,0,40.4,39.6,1,29.3,0.7897
3748.9,79.9,21.3,62.6,62.9,32.4,80.7,0.835,2.02,1.24,14.14,4,0,0,79.9,81.1,0,1328.1,0.0686
2308.2,40.4,17.7,52.2,52.6,32.2,90.7,0.766,1.51,2.09,14.38,3,0,0,40.4,40.9,0,850.4,0.0692
1057.7,0.0,1.9,30.6,31.5,37.6,81.2,0.185,1.36,2.35,14.09,0,0,1,0.0,0.0,0,1167.4,0.0739
1777.7,27.9,10.2,56.0,54.9,36.0,91.4,0.319,-0.37,1.35,14.25,3,0,0,27.9,28.5,0,1466.6,0.0333
1037.9,0.0,2.3,32.3,60.1,33.2,99.2,0.127,20.15,12.61,14.18,0,0,0,0.0,0.0,2,114.2,0.8973
1062.9,0.0,2.5,34.6,32.5,32.1,88.4,0.304,1.64,1.82,14.05,0,0,0,0.0,0.0,0,988.3,0.045
4738.3,99.7,84.5,78.8,78.1,31.3,90.6,0.841,2.14,3.03,14.03,4,0,0,99.7,98.9,0,1376.4,0.0404
1767.7,14.5,13.4,59.0,83.4,37.5,94.6,0.075,19.73,13.8,13.83,1,0,0,14.5,14.7,2,114.5,0.7859
2323.6,37.6,8.6,49.9,49.9,38.7,88.8,0.695,1.4,0.74,10.6,3,0,0,37.6,37.3,3,36.6,0.8856
1054.7,0.0,2.0,32.7,33.3,29.3,90.3,0.486,0.71,0.46,10.62,0,0,0,0.0,0.0,3,10.1,0.8209
994.2,0.0,2.3,29.3,31.1,28.5,88.4,0.239,3.63,0.6,14.09,0,0,1,0.0,0.0,0,778.1,0.016
1069.3,0.0,2.4,29.6,29.9,35.7,83.1,0.857,2.55,1.79,14.13,0,0,1,0.0,0.0,0,1431.9,0.0471
2102.1,25.0,19.7,40.2,41.3,38.5,86.7,0.272,2.68,1.84,13.97,2,0,0,25.0,24.8,0,1420.2,0.0651
3028.7,64.8,26.0,65.9,62.0,27.8,85.3,0.8,-0.41,-0.05,14.02,4,0,0,64.8,65.4,0,781.8,0.0333
3673.1,76.2,24.1,62.8,64.7,34.0,86.2,0.563,0.89,0.79,10.13,4,0,0,76.2,75.8,3,29.9,0.9888
3237.8,39.6,11.0,41.0,43.3,36.0,91.6,0.764,0.42,2.84,14.08,2,0,0,39.6,38.9,0,1214.9,0.0636
2766.7,34.4,19.4,45.1,47.8,31.5,84.3,0.86,2.67,2.61,14.03,2,0,0,34.4,33.9,0,833.2,0.0797
1902.3,22.9,15.2,46.0,45.8,36.7,82.6,0.331,2.67,1.1,13.92,2,0,0,22.9,22.8,0,1442.1,0.0268
2351.4,27.2,8.9,48.0,47.0,39.2,85.7,0.265,1.41,1.57,13.95,2,0,0,27.2,27.2,0,914.8,0.0269
3351.4,80.2,16.3,61.0,81.8,30.3,98.1,0.154,20.61,14.44,13.71,5,0,0,80.2,81.2,2,91.7,0.693
3256.9,86.3,17.8,65.2,62.3,34.8,90.5,0.831,0.71,1.13,14.04,5,0,0,86.3,86.6,0,1132.5,0.0633
3187.8,37.1,14.6,49.3,45.9,30.3,94.0,0.309,-0.19,1.8,14.2,2,0,0,37.1,37.5,0,996.3,0.0723
4653.5,52.9,68.4,87.1,86.7,31.7,83.7,0.773,3.23,2.19,14.31,2,0,0,52.9,52.2,0,803.3,0.0595
1062.7,0.0,2.4,35.8,35.7,33.4,82.7,0.812,2.38,0.57,14.05,0,0,0,0.0,0.0,0,715.1,0.0273
3427.0,86.8,29.5,63.2,63.6,29.2,87.4,0.21,0.93,1.49,14.07,5,0,0,86.8,85.8,0,865.1,0.0406
3658.1,95.9,33.0,66.4,64.1,47.7,119.1,0.885,6.93,2.97,14.15,5,0,0,95.9,95.2,1,70.1,0.9051
1034.2,0.0,2.3,33.9,33.2,34.2,85.0,0.243,4.4,1.56,13.96,0,0,0,0.0,0.0,0,861.7,0.0728
2423.8,29.4,15.6,35.6,35.7,42.9,117.5,0.775,10.56,1.54,13.53,2,0,0,29.4,29.4,1,31.6,0.9174
2451.2,38.6,20.1,52.5,51.9,37.8,90.2,0.232,-3.64,0.43,10.97,3,0,0,38.6,39.0,3,30.4,0.8694
2914.7,21.9,11.9,52.7,58.3,34.2,89.7,0.509,-3.0,1.0,10.95,1,0,0,21.9,21.9,3,8.4,0.9287
3235.4,69.4,17.8,59.0,60.6,33.0,86.3,0.346,2.21,1.37,10.65,4,0,0,69.4,68.2,3,17.7,0.9005
3748.3,80.2,27.8,60.8,57.6,31.2,84.0,0.753,0.77,0.79,14.03,4,0,0,80.2,78.6,0,1259.2,0.0594
1035.0,0.0,1.9,28.4,32.1,33.7,83.4,0.825,-0.35,1.92,13.99,0,0,0,0.0,0.0,0,967.4,0.0205
4829.1,55.2,78.9,82.3,80.8,35.4,86.2,0.251,1.58,0.52,14.27,2,0,0,55.2,54.2,0,1039.8,0.05
2648.3,20.6,13.6,58.7,78.9,36.0,86.5,0.093,20.35,17.44,14.14,1,0,0,20.6,20.7,2,110.8,0.8195
2254.5,27.3,11.9,39.9,41.1,34.9,86.5,0.412,-3.98,2.05,11.6,2,0,0,27.3,26.8,3,35.1,0.8402
2385.9,31.6,15.7,37.1,55.6,36.5,91.8,0.157,20.84,13.95,14.06,2,0,0,31.6,31.5,2,117.7,0.8096
2037.6,34.5,18.8,50.9,50.0,27.7,88.1,0.784,0.61,1.61,14.21,3,0,0,34.5,35.1,0,889.5,0.0133
3233.6,25.0,11.7,53.6,52.4,30.0,86.6,0.559,0.97,2.2,10.18,1,0,0,25.0,24.9,3,11.2,0.9872
3227.8,54.3,15.9,51.6,57.1,30.8,92.3,0.737,0.09,2.07,14.31,3,0,0,54.3,54.0,0,877.6,0.0198
1907.1,22.1,15.6,43.9,46.9,27.8,87.5,0.302,1.7,2.09,14.34,2,0,0,22.1,22.2,0,1348.3,0.0783
2494.9,42.3,13.5,36.3,35.1,29.9,91.5,0.333,0.16,1.39,14.18,3,0,0,42.3,42.2,0,1379.7,0.0619
3480.2,92.2,33.9,63.3,62.6,34.1,90.3,0.769,2.72,0.76,13.94,5,0,0,92.2,92.2,0,1115.3,0.0751
1081.8,0.0,2.0,36.2,36.4,27.1,86.6,0.802,1.99,1.57,13.9,0,0,0,0.0,0.0,0,926.8,0.042
1011.7,0.0,2.3,36.9,34.0,34.4,85.3,0.731,4.48,0.3,13.98,0,0,0,0.0,0.0,0,1080.3,0.0372
4725.5,53.7,48.4,83.9,84.6,28.3,87.8,0.707,1.41,1.01,14.14,2,0,0,53.7,52.7,0,1012.8,0.0227
1054.0,0.0,2.0,31.5,34.8,39.3,112.0,0.685,3.07,4.95,13.72,0,0,0,0.0,0.0,1,71.8,0.7915
3169.2,82.2,15.8,66.5,94.1,34.6,97.9,0.193,19.44,16.44,13.93,5,0,0,82.2,82.6,2,116.9,0.73
1064.4,0.0,2.2,35.5,32.7,47.4,114.7,0.872,10.06,4.03,13.53,0,0,1,0.0,0.0,1,66.3,0.8862
2466.0,41.4,15.8,43.5,45.0,38.2,89.4,0.212,1.92,2.41,14.1,3,0,0,41.4,41.4,0,1166.0,0.0402
3497.5,74.9,20.8,58.5,88.3,30.6,93.2,0.159,20.46,13.58,13.91,4,0,0,74.9,75.9,2,50.0,0.884
2263.6,26.5,6.2,47.7,43.6,37.4,83.1,0.569,-0.65,0.26,10.88,2,0,0,26.5,27.1,3,43.0,0.8542
2208.0,27.7,11.6,47.5,50.2,28.6,85.5,0.825,2.39,1.07,14.3,2,0,0,27.7,27.6,0,1121.4,0.029
3557.5,76.6,33.1,56.8,56.8,32.7,91.6,0.759,2.57,1.31,14.24,4,0,0,76.6,75.2,0,863.0,0.0698
3094.2,82.1,24.5,63.5,65.1,28.5,86.2,0.195,5.16,2.73,14.28,5,0,0,82.1,80.7,0,916.1,0.0202
4049.7,46.7,42.3,77.9,79.6,31.0,89.2,0.687,1.81,1.5,14.12,2,0,0,46.7,47.4,0,788.5,0.0796
4232.4,46.0,75.5,84.4,85.4,46.4,115.7,0.771,12.1,5.36,13.83,2,0,0,46.0,46.8,1,45.3,0.8321
2621.1,32.3,21.1,43.8,76.4,29.5,92.0,0.132,24.89,13.7,13.75,2,0,0,32.3,32.3,2,78.3,0.7443
3471.5,88.6,31.2,47.8,49.5,31.9,93.1,0.319,2.52,2.44,14.33,5,0,0,88.6,89.1,0,879.6,0.0315
2566.1,33.1,7.5,50.0,78.3,31.0,93.5,0.118,15.48,11.17,13.85,2,0,0,33.1,33.4,2,117.3,0.7888
3941.7,85.2,14.8,62.8,82.7,35.3,93.7,0.067,23.38,16.03,13.97,4,0,0,85.2,86.3,2,55.7,0.8467
1873.2,29.2,16.2,47.5,50.6,31.6,85.3,0.575,2.94,1.6,10.25,3,0,0,29.2,29.6,3,19.8,0.9841
1060.8,0.0,2.3,32.7,33.6,31.8,86.9,0.349,0.27,0.98,14.03,0,0,0,0.0,0.0,0,770.0,0.0686
3025.5,22.6,15.8,56.9,54.5,39.8,84.7,0.405,5.23,1.69,10.7,1,0,0,22.6,22.8,3,26.0,0.8854
2484.6,19.6,21.3,49.9,53.7,28.6,90.4,0.715,0.78,0.58,14.14,1,0,0,19.6,19.5,0,1250.9,0.0344
1045.6,0.0,2.0,30.4,32.0,33.8,83.6,0.255,3.52,1.8,14.17,0,0,0,0.0,0.0,0,1314.2,0.0576
3279.5,69.5,34.7,67.8,65.1,36.8,93.1,0.31,2.86,1.98,14.11,4,0,0,69.5,68.9,0,1152.4,0.0532
2895.6,60.9,21.3,65.6,64.1,30.9,84.6,0.183,0.1,1.31,14.18,4,0,0,60.9,61.0,0,1044.6,0.0469
2781.7,34.0,20.1,48.0,47.5,46.8,118.6,0.663,7.05,2.79,14.05,2,0,0,34.0,33.9,1,66.1,0.7293
3801.2,80.3,33.7,58.3,60.3,38.0,90.2,0.225,1.56,2.18,13.77,4,0,0,80.3,81.2,0,820.5,0.0577
3199.5,39.1,21.4,49.6,49.3,38.0,83.7,0.304,-1.39,1.7,14.1,2,0,0,39.1,38.5,0,750.0,0.0705
2372.9,18.0,19.1,43.9,46.6,34.7,88.7,0.256,-0.37,2.28,14.3,1,0,0,18.0,18.2,0,1076.5,0.0424
2347.1,28.0,19.4,47.1,49.4,42.0,119.2,0.82,11.85,2.46,13.65,2,0,0,28.0,27.6,1,33.7,0.7345
3414.0,87.6,28.8,59.7,59.7,31.7,89.2,0.77,3.39,2.57,14.34,5,0,0,87.6,89.0,0,808.4,0.0173
1171.5,0.0,2.1,29.5,53.8,27.6,97.5,0.189,17.55,11.7,14.07,0,0,1,0.0,0.0,2,21.8,0.7627
1737.9,13.6,15.6,54.9,51.0,30.7,93.6,0.33,4.38,1.04,14.36,1,0,0,13.6,13.5,0,998.6,0.0485
2144.8,22.3,8.4,57.9,56.6,27.7,92.5,0.272,-1.23,0.47,14.06,2,0,0,22.3,22.7,0,1448.1,0.0275
2776.6,61.0,31.3,59.7,59.6,29.6,90.2,0.19,0.06,2.18,14.22,4,0,0,61.0,61.2,0,1078.6,0.0633
2947.5,35.2,10.8,47.2,46.5,30.1,92.1,0.761,1.38,1.44,14.09,2,0,0,35.2,35.3,0,718.8,0.0689
2772.8,47.5,19.3,49.2,47.2,33.9,87.0,0.795,3.78,1.36,14.2,3,0,0,47.5,47.3,0,1260.2,0.0407
3386.7,87.6,28.0,63.0,61.3,34.7,91.8,0.301,3.71,2.48,14.28,5,0,0,87.6,87.7,0,1441.5,0.0617
2340.3,19.2,13.1,45.2,47.1,30.1,90.1,0.317,-1.34,0.06,10.49,1,0,0,19.2,19.6,3,43.6,0.9896
2163.6,25.1,21.8,46.4,47.0,46.0,122.3,0.9,9.61,4.5,13.82,2,0,0,25.1,25.4,1,56.7,0.8553
4393.7,53.8,48.7,87.0,85.4,28.9,85.7,0.324,3.38,2.16,14.2,2,0,0,53.8,53.3,0,814.0,0.0544
2470.4,30.0,21.3,41.5,44.0,35.8,86.6,0.798,2.3,1.9,14.24,2,0,0,30.0,30.5,0,1003.1,0.0673
2508.5,32.6,9.9,42.2,60.3,30.7,92.7,0.181,22.74,15.15,13.75,2,0,0,32.6,32.7,2,89.8,0.7907
2692.4,46.3,16.5,32.1,36.4,33.2,95.0,0.245,0.28,1.62,14.17,3,0,0,46.3,47.0,0,1207.2,0.0558
2288.6,36.9,7.8,50.8,50.2,32.8,91.6,0.212,3.44,1.04,14.1,3,0,0,36.9,36.9,0,978.5,0.0163
3013.5,79.5,27.4,58.7,92.1,27.9,92.2,0.071,18.78,16.11,13.85,5,0,0,79.5,81.0,2,65.1,0.8565
2068.3,14.5,11.6,55.2,52.7,42.9,121.5,0.77,8.61,3.3,14.08,1,0,0,14.5,14.6,1,51.4,0.8104
2782.8,33.6,15.6,45.4,43.0,36.1,88.4,0.769,2.15,0.79,13.95,2,0,0,33.6,33.6,0,970.9,0.0337
2698.6,45.0,11.9,42.5,42.9,37.6,90.0,0.326,3.97,1.07,14.0,3,0,0,45.0,45.2,0,1347.4,0.0326
1048.6,0.0,2.0,32.9,33.2,32.7,85.2,0.793,1.34,2.1,14.26,0,0,1,0.0,0.0,0,1095.0,0.0506
3298.8,87.9,34.2,58.6,61.1,40.9,122.9,0.767,8.3,4.62,13.99,5,0,0,87.9,89.1,1,50.4,0.8928
1062.2,0.0,2.2,34.6,33.3,29.8,90.9,0.228,-0.36,2.65,14.08,0,0,0,0.0,0.0,0,726.4,0.0438
2144.7,28.0,12.0,40.5,40.8,28.3,84.5,0.187,1.31,2.53,14.19,2,0,0,28.0,28.3,0,1376.4,0.0521
3377.9,73.9,33.0,55.5,56.8,35.3,89.1,0.217,2.5,1.53,14.26,4,0,0,73.9,74.4,0,1172.6,0.0491
3347.0,73.2,20.9,59.8,60.8,32.2,88.2,0.218,1.86,0.41,14.2,4,0,0,73.2,73.9,0,723.9,0.0399
3459.8,91.9,33.4,58.1,60.5,29.0,86.3,0.208,1.53,0.61,10.95,5,0,0,91.9,93.7,3,19.1,0.8129
3677.8,88.8,30.1,49.8,78.8,37.9,90.9,0.083,20.75,16.04,13.85,5,0,0,88.8,89.9,2,27.2,0.7817
2534.4,20.0,18.4,43.6,47.2,40.6,109.2,0.705,6.87,3.3,13.68,1,0,0,20.0,19.8,1,13.8,0.7723
2720.4,33.1,11.4,59.1,58.4,32.3,86.6,0.873,-0.21,1.08,14.07,2,0,0,33.1,32.8,0,1037.0,0.0741
1917.1,16.1,17.5,39.7,40.1,35.0,89.4,0.27,2.61,1.63,14.03,1,0,0,16.1,16.0,0,1128.7,0.0349
1072.2,0.0,1.9,37.9,36.6,33.3,88.0,0.801,-1.28,1.45,14.23,0,0,0,0.0,0.0,0,1489.0,0.0105
2615.7,32.2,9.5,43.1,44.8,28.6,86.2,0.198,3.26,1.66,14.1,2,0,0,32.2,32.5,0,1099.2,0.0778
1051.5,0.0,2.0,39.3,35.3,37.1,90.6,0.63,-0.15,1.08,10.11,0,0,0,0.0,0.0,3,26.9,0.94
2176.5,26.6,7.5,37.6,36.5,34.3,84.7,0.277,-1.19,2.65,14.18,2,0,0,26.6,26.4,0,1110.0,0.0317
1049.9,0.0,2.2,31.9,35.4,31.1,88.2,0.807,-0.27,0.16,14.07,0,0,1,0.0,0.0,0,767.5,0.0546
4506.2,71.5,54.7,80.7,77.2,34.5,91.3,0.836,1.18,1.41,14.2,3,0,0,71.5,70.9,0,831.4,0.0402
1045.6,0.0,2.0,36.2,32.4,40.4,109.5,0.666,8.95,3.59,14.11,0,0,0,0.0,0.0,1,15.4,0.8586
2344.6,39.4,13.9,46.6,47.0,39.8,87.6,0.248,1.37,3.43,14.47,3,0,0,39.4,38.7,0,854.3,0.045
2856.9,22.4,11.6,51.2,52.0,31.0,89.5,0.848,1.65,2.51,14.03,1,0,0,22.4,22.3,0,956.6,0.0686
2289.8,22.2,16.5,44.2,47.5,30.3,84.6,0.871,-1.42,1.91,14.36,1,0,0,22.2,21.7,0,1057.8,0.066
2543.4,20.0,8.5,34.4,57.7,31.7,93.9,0.101,18.03,11.84,13.67,1,0,0,20.0,19.8,2,37.5,0.8482
2580.3,29.8,12.8,49.1,47.3,34.0,85.9,0.78,3.0,1.32,14.36,2,0,0,29.8,29.6,0,1449.5,0.067
1027.8,0.0,2.3,28.7,32.0,35.2,84.8,0.367,0.68,0.84,10.8,0,0,0,0.0,0.0,3,39.6,0.8232
2488.6,20.7,18.9,51.2,76.1,29.4,91.3,0.16,21.23,16.08,13.75,1,0,0,20.7,20.8,2,117.6,0.8991
3369.8,88.7,15.6,64.0,68.1,34.1,89.9,0.339,1.06,2.02,14.05,5,0,0,88.7,86.9,0,1132.8,0.0476
1152.7,0.0,2.5,37.0,58.3,33.7,96.5,0.188,20.3,14.18,13.91,0,0,0,0.0,0.0,2,117.2,0.7734
1980.0,33.0,12.3,43.6,41.9,31.8,94.7,0.188,1.81,1.25,14.24,3,0,0,33.0,33.5,0,796.8,0.0604
1049.4,0.0,2.1,31.9,31.9,38.8,87.8,0.444,-4.15,0.41,10.9,0,0,0,0.0,0.0,3,31.8,0.9167
2441.6,20.7,18.2,49.3,45.9,36.9,95.0,0.791,2.27,-0.26,14.26,1,0,0,20.7,21.0,0,1331.9,0.04
2481.1,20.9,13.3,44.9,46.2,36.0,89.2,0.769,-0.41,0.38,14.44,1,0,0,20.9,21.1,0,1413.8,0.0767
1740.3,12.8,21.9,47.2,47.9,27.1,82.7,0.267,3.13,2.85,14.22,1,0,0,12.8,12.6,0,1404.3,0.066
4671.3,97.4,84.9,69.3,69.6,34.2,84.1,0.22,2.89,2.64,14.0,4,0,0,97.4,96.7,0,1331.1,0.0219
3544.1,96.9,33.2,71.6,67.4,28.2,87.6,0.391,3.94,1.37,11.34,5,0,0,96.9,95.7,3,35.4,0.8502
1035.2,0.0,2.3,31.3,35.6,38.8,86.0,0.701,1.92,0.98,14.09,0,0,0,0.0,0.0,0,976.9,0.0586
2583.1,30.4,8.6,52.2,53.2,37.8,111.0,0.724,7.51,4.05,13.91,2,0,0,30.4,30.9,1,29.4,0.8207
1026.0,0.0,2.3,30.6,29.4,37.9,83.0,0.866,-0.69,1.77,14.08,0,0,0,0.0,0.0,0,967.9,0.0445
1045.6,0.0,2.2,38.2,37.6,35.1,87.1,0.623,-0.27,-0.57,10.27,0,0,0,0.0,0.0,3,39.6,0.9565
1998.0,22.7,10.8,42.2,45.2,35.2,83.1,0.753,1.4,2.33,14.23,2,0,0,22.7,23.0,0,733.1,0.0363
5573.0,64.4,48.3,86.6,85.5,37.3,93.7,0.718,1.19,1.51,14.23,2,0,0,64.4,64.3,0,1354.7,0.0657
4244.7,114.1,24.4,53.6,54.5,30.9,89.1,0.861,-0.47,1.58,14.33,5,0,0,114.1,114.8,0,1447.9,0.0125
2250.5,40.0,21.4,51.5,51.3,46.0,119.6,0.807,6.15,4.87,13.93,3,0,0,40.0,40.3,1,48.4,0.7358
3348.6,87.6,28.5,69.4,67.6,31.1,85.1,0.237,2.18,2.16,14.07,5,0,0,87.6,86.2,0,1406.0,0.0441
2545.8,42.0,16.6,42.7,45.0,35.7,90.2,0.687,3.47,1.05,14.29,3,0,0,42.0,42.2,0,794.2,0.0458
2533.3,18.6,20.2,46.7,49.3,28.8,88.4,0.724,-1.57,2.01,13.94,1,0,0,18.6,18.9,0,880.2,0.0453
3458.5,91.0,19.1,62.6,65.2,36.8,115.1,0.815,8.01,4.65,13.56,5,0,0,91.0,89.3,1,18.5,0.7574
2124.9,37.1,10.4,41.7,43.6,35.6,94.1,0.282,1.29,2.11,14.05,3,0,0,37.1,36.7,0,982.8,0.0604
2558.5,40.4,7.9,47.9,46.7,29.0,86.6,0.323,1.04,2.6,14.13,3,0,0,40.4,40.6,0,1318.4,0.0111
1056.0,0.0,2.4,34.1,31.6,27.5,89.2,0.714,3.91,2.34,13.94,0,0,0,0.0,0.0,0,732.3,0.0348
1282.0,11.6,8.7,42.1,64.9,37.6,90.7,0.086,22.58,13.85,13.81,1,0,0,11.6,11.6,2,95.9,0.7407
1044.5,0.0,2.3,35.2,31.9,27.1,89.8,0.338,1.72,-0.32,10.61,0,0,0,0.0,0.0,3,11.9,0.8988
4694.2,51.5,53.3,93.9,90.2,37.5,86.2,0.799,1.4,1.77,14.18,2,0,0,51.5,52.3,0,1148.3,0.0333
1036.1,0.0,2.3,24.8,29.0,36.9,86.1,0.281,4.27,2.21,14.17,0,0,0,0.0,0.0,0,1192.3,0.0683
3019.6,81.4,25.4,67.7,65.6,35.1,89.0,0.758,2.12,2.69,14.18,5,0,0,81.4,80.9,0,1270.5,0.0229
1935.0,26.0,12.3,47.6,50.6,34.5,89.8,0.257,2.39,1.43,13.92,2,0,0,26.0,26.0,0,859.4,0.0423
1809.5,30.6,6.8,43.9,44.4,36.1,90.8,0.838,0.6,2.79,14.06,3,0,0,30.6,31.2,0,945.3,0.0388
1101.3,0.0,2.2,31.9,35.1,43.6,127.7,0.701,8.18,2.47,13.94,0,0,0,0.0,0.0,1,54.2,0.8218
2045.6,34.3,21.2,58.8,56.4,28.5,84.4,0.208,1.29,2.22,14.07,3,0,0,34.3,34.6,0,1095.2,0.0232
1002.1,0.0,2.3,31.7,30.2,27.2,82.8,0.383,0.31,1.66,11.22,0,0,0,0.0,0.0,3,24.1,0.9137
1056.5,0.0,2.2,33.9,34.7,28.2,86.5,0.764,-1.12,-0.55,13.96,0,0,0,0.0,0.0,0,1314.1,0.0516
1906.4,13.7,10.3,43.8,42.6,42.7,117.5,0.737,5.3,4.11,14.01,1,0,0,13.7,13.4,1,22.8,0.8121
2877.8,22.1,13.1,51.5,52.0,34.3,90.2,0.207,1.61,1.41,14.14,1,0,0,22.1,22.4,0,1095.1,0.0638
2654.2,33.0,7.9,51.9,52.0,29.5,81.3,0.792,-0.45,1.63,14.1,2,0,0,33.0,32.9,0,964.4,0.0313
3998.5,84.0,18.4,67.1,67.2,30.2,89.0,0.327,4.64,0.29,14.13,4,0,0,84.0,85.6,0,1251.2,0.0356
3389.9,87.4,24.2,64.7,65.2,32.4,86.4,0.259,-0.79,-0.16,14.24,5,0,0,87.4,88.2,0,1239.7,0.0765
3596.1,93.9,14.5,56.1,57.0,35.2,89.7,0.78,0.23,1.27,14.2,5,0,0,93.9,92.6,0,937.6,0.0212
2645.3,19.0,7.5,44.6,44.9,41.8,112.2,0.793,3.75,3.3,13.89,1,0,0,19.0,18.7,1,50.2,0.8627
1035.6,0.0,2.4,32.8,33.2,34.5,84.7,0.241,4.76,1.46,10.93,0,0,0,0.0,0.0,3,16.8,0.9336
2471.7,17.0,11.9,57.9,56.9,31.0,84.8,0.706,0.57,1.83,14.09,1,0,0,17.0,17.2,0,1077.7,0.0487
1056.3,0.0,2.1,30.9,30.2,27.6,88.5,0.272,2.34,2.18,14.13,0,0,0,0.0,0.0,0,1038.2,0.0305
2642.4,69.7,28.6,55.7,57.3,38.9,86.2,0.69,0.31,3.48,14.14,5,0,0,69.7,70.1,0,1117.9,0.0303
3298.8,85.5,16.7,66.6,63.7,39.2,83.3,0.879,-0.64,0.77,14.17,5,0,0,85.5,85.0,0,826.8,0.0356
2801.8,73.3,14.4,73.5,73.0,27.8,89.9,0.344,-0.49,0.32,14.2,5,0,0,73.3,73.8,0,995.2,0.0379
1795.0,25.1,20.5,43.1,74.9,28.8,92.3,0.113,17.61,14.15,13.89,3,0,0,25.1,24.9,2,26.5,0.919
1024.6,0.0,2.3,35.7,36.1,27.9,91.5,0.575,-2.45,1.32,11.14,0,0,0,0.0,0.0,3,29.7,0.855
3235.6,82.3,28.6,73.2,71.3,36.0,87.1,0.283,2.66,1.91,11.25,5,0,0,82.3,80.7,3,41.0,0.9763
4371.2,50.1,40.5,85.5,81.3,37.6,90.5,0.875,0.81,1.91,14.07,2,0,0,50.1,50.9,0,823.4,0.0753
3239.2,83.7,24.9,65.8,95.3,33.8,97.8,0.163,20.89,15.72,13.76,5,0,0,83.7,84.0,2,83.1,0.6802
3079.8,49.6,7.5,45.0,45.5,39.2,115.7,0.659,5.52,4.23,13.8,3,0,0,49.6,49.8,1,22.8,0.878
1010.1,0.0,2.0,35.7,33.2,36.4,85.3,0.281,2.99,2.62,14.11,0,0,0,0.0,0.0,0,1408.8,0.0711
1041.0,0.0,2.4,32.3,32.7,32.0,85.8,0.865,3.02,0.98,14.0,0,0,0,0.0,0.0,0,1124.2,0.0773
1384.0,0.0,2.0,39.7,61.0,34.8,92.0,0.167,24.21,15.31,14.21,0,0,0,0.0,0.0,2,79.3,0.6651
1057.9,0.0,2.2,29.5,28.7,39.4,85.9,0.265,2.55,1.36,14.07,0,0,0,0.0,0.0,0,817.3,0.0384
3348.2,89.9,31.1,62.1,64.8,33.3,86.3,0.772,2.25,1.89,14.16,5,0,0,89.9,90.0,0,957.2,0.0431
3855.9,80.5,24.2,62.6,62.0,38.1,89.2,0.315,3.32,0.81,14.33,4,0,0,80.5,79.6,0,790.7,0.0627
3871.2,61.6,61.7,92.4,93.0,36.9,82.1,0.194,2.71,0.8,14.21,3,0,0,61.6,62.5,0,1354.2,0.0185
3711.4,99.7,29.6,61.6,64.7,30.7,86.7,0.687,2.6,3.08,14.26,5,0,0,99.7,98.8,0,1285.4,0.0374
2107.1,35.7,20.7,48.9,51.7,30.1,81.7,0.518,2.97,1.2,10.46,3,0,0,35.7,35.6,3,9.9,0.8643
3437.3,72.2,33.6,66.9,69.1,36.9,116.2,0.653,8.75,3.37,13.96,4,0,0,72.2,72.9,1,69.3,0.7929
3079.1,37.3,17.0,54.1,51.2,40.4,114.4,0.757,8.35,3.33,13.88,2,0,0,37.3,36.8,1,68.7,0.9079
1907.2,28.5,17.0,51.9,51.3,38.7,85.6,0.866,0.59,1.28,14.18,3,0,0,28.5,28.7,0,1074.5,0.057
1070.3,0.0,2.0,33.2,33.0,43.8,107.6,0.721,8.14,3.02,13.75,0,0,0,0.0,0.0,1,42.9,0.9081
1063.9,0.0,2.2,28.0,29.9,30.5,80.7,0.766,4.16,1.77,13.94,0,0,0,0.0,0.0,0,939.2,0.0533
2195.8,28.8,7.9,44.5,45.3,28.3,91.7,0.329,2.23,0.76,14.09,2,0,0,28.8,28.9,0,725.5,0.057
2846.3,24.0,7.7,50.1,49.8,36.5,81.6,0.265,2.53,2.43,14.02,1,0,0,24.0,23.8,0,1239.8,0.0704
2445.6,28.9,8.6,45.0,46.7,32.7,88.3,0.26,1.67,1.94,13.73,2,0,0,28.9,29.4,0,1266.5,0.0733
2502.0,69.4,27.8,60.6,60.7,30.4,84.7,0.7,-0.47,1.95,14.2,5,0,0,69.4,68.2,0,743.5,0.023
3223.4,52.9,6.8,49.5,48.4,32.8,86.9,0.223,2.47,0.85,14.47,3,0,0,52.9,53.2,0,1282.6,0.0678
1618.0,25.9,12.4,56.6,57.2,35.9,87.9,0.81,2.77,0.76,14.29,3,0,0,25.9,25.6,0,761.3,0.0113
2880.1,33.7,6.2,41.5,42.2,37.6,85.6,0.267,1.86,0.19,14.13,2,0,0,33.7,33.9,0,1478.9,0.0754
1006.6,0.0,2.2,38.7,37.0,33.5,80.9,0.62,-0.11,1.02,10.64,0,0,0,0.0,0.0,3,37.5,0.8395
2482.7,28.7,6.6,47.5,46.5,34.5,92.0,0.8,1.35,2.21,13.89,2,0,0,28.7,28.8,0,1153.3,0.0678
3307.2,55.7,20.4,53.9,55.2,49.0,115.1,0.79,11.0,1.94,13.44,3,0,0,55.7,55.7,1,72.2,0.833
2621.3,33.5,17.7,40.5,42.2,30.3,93.6,0.207,1.58,1.16,14.4,2,0,0,33.5,33.1,0,925.4,0.0715
1052.6,0.0,2.4,33.3,32.5,32.2,83.6,0.181,1.63,0.67,13.98,0,0,1,0.0,0.0,0,1137.7,0.0121
2967.1,35.4,8.1,39.5,39.1,29.3,93.1,0.452,1.62,0.17,10.45,2,0,0,35.4,35.4,3,19.9,0.8192
3678.9,41.9,56.6,89.8,88.6,38.1,86.0,0.181,0.52,1.55,14.1,2,0,0,41.9,41.8,0,1425.1,0.0665
3561.7,95.1,31.4,66.3,66.0,33.9,88.3,0.802,-0.62,1.37,14.24,5,0,0,95.1,94.4,0,1115.7,0.0363
2624.7,32.1,8.8,43.4,45.7,44.0,113.1,0.739,7.69,4.1,14.0,2,0,0,32.1,31.7,1,54.6,0.8094
2435.8,18.8,15.3,48.4,47.9,36.0,87.8,0.348,1.85,2.25,14.27,1,0,0,18.8,18.6,0,1354.9,0.0144
3563.3,75.3,22.6,68.1,90.5,31.8,94.6,0.165,19.84,13.91,13.91,4,0,0,75.3,75.7,2,64.7,0.731
3490.9,95.4,22.7,58.8,58.6,36.1,90.1,0.215,3.51,1.37,14.15,5,0,0,95.4,96.0,0,880.0,0.0574
2396.2,38.7,8.9,47.6,46.5,31.7,96.9,0.228,-0.14,2.57,14.04,3,0,0,38.7,38.6,0,717.6,0.0511
2744.0,46.4,18.1,50.0,48.9,33.3,87.1,0.856,0.89,1.46,14.11,3,0,0,46.4,47.1,0,1227.7,0.0111
1711.1,17.9,19.8,52.2,51.9,34.8,84.8,0.283,-1.32,0.73,14.07,2,0,0,17.9,17.7,0,711.1,0.0603
4802.7,55.3,45.0,73.6,98.0,27.3,94.8,0.154,19.39,12.73,13.88,2,0,0,55.3,54.3,2,68.8,0.7199
2334.8,28.8,16.4,51.1,52.2,37.4,117.4,0.794,8.33,3.26,13.85,2,0,0,28.8,28.3,1,13.0,0.9114
3254.8,85.5,27.8,66.1,68.5,33.9,85.3,0.267,2.58,1.15,14.06,5,0,0,85.5,84.8,0,1498.6,0.0576
3236.6,87.3,14.9,59.0,56.5,29.1,93.4,0.194,2.87,1.55,14.09,5,0,0,87.3,88.2,0,1399.9,0.0328
2477.3,29.3,12.0,45.5,42.4,46.7,109.2,0.887,10.47,4.1,13.96,2,0,0,29.3,29.5,1,57.2,0.9409
3043.8,22.6,13.0,49.0,51.2,35.3,89.3,0.239,2.46,2.5,14.32,1,0,0,22.6,22.3,0,1260.3,0.0458
3504.7,76.4,25.8,55.0,55.3,37.2,89.1,0.693,0.5,1.95,14.26,4,0,0,76.4,77.1,0,1407.4,0.0543
1009.7,0.0,1.9,34.0,34.5,39.5,87.7,0.294,0.44,1.93,14.05,0,0,0,0.0,0.0,0,726.8,0.0433
4939.6,83.2,57.8,84.1,81.0,28.7,82.1,0.273,1.4,2.22,14.19,3,0,0,83.2,81.8,0,939.8,0.05
5162.0,58.0,71.4,71.8,72.2,44.8,99.7,0.756,7.18,4.4,13.82,2,0,0,58.0,59.0,1,69.0,0.9184
3464.6,73.5,30.5,59.7,60.8,29.9,85.7,0.261,1.9,0.33,10.67,4,0,0,73.5,72.8,3,30.1,0.9335
2993.0,35.4,6.7,39.1,41.7,35.5,90.0,0.874,4.24,2.41,13.86,2,0,0,35.4,35.5,0,1148.6,0.03
3842.5,80.7,74.8,83.8,85.0,33.1,84.4,0.285,1.5,2.29,13.94,4,0,0,80.7,80.5,0,1452.9,0.0353
2638.2,31.2,19.2,43.5,42.4,31.1,84.3,0.209,2.77,-0.95,14.12,2,0,0,31.2,30.7,0,837.4,0.0428
1069.8,0.0,1.8,35.2,36.8,36.5,85.0,0.816,0.2,1.0,13.85,0,0,0,0.0,0.0,0,704.9,0.0196
4747.8,59.9,79.0,80.2,81.0,35.2,79.6,0.755,3.21,2.45,14.23,2,0,0,59.9,61.1,0,1382.0,0.0794
1927.1,33.4,12.0,50.6,70.9,34.7,94.6,0.126,20.28,16.52,14.09,3,0,0,33.4,33.8,2,53.2,0.7939
4279.7,73.1,65.3,74.1,76.4,30.5,90.7,0.334,4.1,0.91,13.94,3,0,0,73.1,71.8,0,762.4,0.0585
3637.2,44.0,73.1,67.7,69.4,29.0,87.7,0.205,3.86,3.07,14.47,2,0,0,44.0,44.8,0,1482.9,0.0783
1879.0,13.9,11.7,57.2,56.9,38.7,90.0,0.246,1.93,1.86,14.01,1,0,0,13.9,13.7,0,1304.8,0.0786
1044.3,0.0,2.0,34.2,32.2,35.7,84.4,0.837,1.07,0.84,14.05,0,0,0,0.0,0.0,0,880.9,0.0296
3397.8,87.8,23.2,56.7,58.2,29.8,87.2,0.207,3.58,0.49,14.13,5,0,0,87.8,87.3,0,1358.0,0.0678
1056.9,0.0,2.1,34.2,34.1,39.4,116.3,0.824,7.91,3.38,13.9,0,0,0,0.0,0.0,1,71.8,0.7647
2805.0,23.4,17.0,43.2,42.4,34.5,85.0,0.695,1.78,1.91,14.16,1,0,0,23.4,23.0,0,993.4,0.0324
2321.3,28.1,15.3,52.4,56.3,48.2,119.5,0.801,6.28,5.69,14.02,2,0,0,28.1,27.9,1,74.1,0.7479
1033.6,0.0,1.8,36.6,33.7,33.5,85.8,0.823,-0.18,1.21,14.05,0,0,0,0.0,0.0,0,862.7,0.0533
1044.2,0.0,2.2,37.9,37.0,29.0,84.4,0.287,2.08,1.87,14.03,0,0,0,0.0,0.0,0,1272.1,0.074
1080.8,0.0,2.5,36.1,34.1,35.4,83.6,0.75,1.12,1.78,14.12,0,0,1,0.0,0.0,0,1433.7,0.0789
2205.8,37.8,13.0,48.2,48.8,29.9,89.6,0.333,3.35,1.11,14.08,3,0,0,37.8,38.1,0,1082.8,0.0544
2307.0,35.8,9.0,43.0,44.3,27.6,84.2,0.683,1.06,0.93,13.97,3,0,0,35.8,36.4,0,1192.9,0.0181
4012.4,107.0,18.8,64.9,67.1,35.3,84.6,0.864,1.35,2.75,14.16,5,0,0,107.0,106.0,0,1377.5,0.0663
2700.4,42.6,11.4,48.2,46.2,39.4,106.5,0.802,3.56,3.59,13.8,3,0,0,42.6,43.3,1,47.1,0.8089
1013.6,0.0,2.0,29.6,31.6,44.1,119.5,0.717,7.59,5.38,13.96,0,0,1,0.0,0.0,1,54.5,0.7275
1951.8,32.4,18.3,42.2,40.5,28.3,89.1,0.735,-0.13,1.41,14.26,3,0,0,32.4,32.2,0,703.2,0.0115
3064.1,63.4,18.3,65.4,60.5,28.1,92.1,0.344,3.83,0.72,14.03,4,0,0,63.4,63.6,0,1009.4,0.0404
2475.5,26.2,17.5,47.5,46.9,32.0,88.1,0.29,1.09,1.75,14.16,2,0,0,26.2,26.6,0,815.9,0.0196
1031.3,0.0,2.4,33.1,35.2,28.3,83.7,0.784,1.65,1.07,13.98,0,0,0,0.0,0.0,0,1078.5,0.073
3305.2,52.1,15.1,31.7,35.2,31.0,84.3,0.777,1.71,-0.16,14.11,3,0,0,52.1,51.2,0,1011.5,0.0625
850.0,0.0,2.4,32.6,56.9,27.8,90.8,0.163,19.68,9.76,13.81,0,0,0,0.0,0.0,2,82.9,0.8562
2120.6,20.4,10.4,48.2,49.2,36.9,91.4,0.289,3.01,1.28,14.29,1,0,0,20.4,20.2,0,1418.5,0.0261
4626.4,54.6,64.2,87.6,86.7,33.6,87.6,0.693,3.24,2.19,14.12,2,0,0,54.6,54.9,0,1166.9,0.0451
1051.7,0.0,2.5,29.4,32.8,36.1,83.0,0.305,3.46,0.8,14.05,0,0,0,0.0,0.0,0,919.9,0.0473
4133.1,107.5,29.3,70.4,68.3,29.1,84.6,0.33,2.77,0.62,14.32,5,0,0,107.5,109.5,0,1492.0,0.0259
1006.1,0.0,2.1,41.6,39.1,47.4,119.4,0.837,12.03,3.55,13.52,0,0,1,0.0,0.0,1,51.3,0.907
2484.3,20.0,6.8,54.1,56.8,34.2,89.0,0.3,-0.17,2.16,14.05,1,0,0,20.0,20.2,0,1389.8,0.0512
2215.4,39.5,19.3,43.2,42.9,34.5,85.0,0.208,0.87,1.06,14.11,3,0,0,39.5,40.2,0,1064.3,0.0184
2668.2,70.9,30.1,62.7,62.8,39.0,116.5,0.789,7.62,6.18,13.82,5,0,0,70.9,71.6,1,18.4,0.9391
1005.5,0.0,1.9,36.4,36.5,31.5,85.2,0.192,2.68,3.07,13.98,0,0,0,0.0,0.0,0,813.2,0.0203
3903.3,42.8,54.9,69.9,72.5,36.6,116.8,0.669,7.13,2.53,13.55,2,0,0,42.8,42.7,1,34.0,0.904
3336.6,90.8,27.1,60.5,60.3,32.0,84.3,0.223,3.08,0.67,14.1,5,0,0,90.8,91.9,0,930.1,0.0286
1035.1,0.0,2.0,33.5,34.7,29.5,89.0,0.796,5.53,0.38,14.08,0,0,0,0.0,0.0,0,872.6,0.0372
1051.0,0.0,2.3,38.5,36.1,37.7,125.0,0.681,8.19,3.66,14.01,0,0,0,0.0,0.0,1,69.4,0.8134
2979.2,60.9,29.7,67.6,68.5,37.0,89.4,0.766,3.53,1.36,14.07,4,0,0,60.9,61.5,0,1191.4,0.0247
2678.1,22.3,18.9,47.6,45.1,32.2,90.6,0.702,-1.36,3.08,14.16,1,0,0,22.3,22.6,0,903.4,0.0637
4523.9,49.6,81.8,73.2,74.9,29.5,90.1,0.781,2.69,1.04,14.0,2,0,0,49.6,49.7,0,1205.1,0.0186
2756.1,45.4,15.2,45.6,47.8,28.6,90.0,0.723,-0.22,2.4,14.34,3,0,0,45.4,46.1,0,1310.4,0.0189
3794.2,98.4,26.2,55.7,55.1,40.8,119.6,0.793,6.12,3.45,13.92,5,0,0,98.4,100.0,1,53.8,0.7797
3404.4,89.7,19.1,64.7,87.1,33.3,102.6,0.154,16.39,15.41,13.96,5,0,0,89.7,90.1,2,100.2,0.9127
2856.0,34.2,18.4,48.5,48.5,37.7,80.3,0.632,1.79,0.12,11.2,2,0,0,34.2,34.1,3,44.4,0.9445
3231.2,86.1,28.4,65.1,66.7,38.9,118.8,0.839,6.51,2.74,13.87,5,0,0,86.1,86.0,1,27.8,0.7284
3758.5,59.0,73.3,87.6,82.7,35.4,89.1,0.279,1.91,2.34,14.29,3,0,0,59.0,59.4,0,1428.4,0.0266
2411.2,17.1,19.1,48.9,50.1,37.7,88.5,0.819,2.91,1.11,14.18,1,0,0,17.1,17.1,0,1093.6,0.0171
1009.9,0.0,1.9,35.9,32.9,30.9,86.6,0.292,2.88,1.29,14.18,0,0,0,0.0,0.0,0,1195.8,0.0793
4182.7,92.3,50.9,83.2,85.6,37.8,92.1,0.201,2.42,0.77,14.09,4,0,0,92.3,93.0,0,1266.6,0.0493
1055.8,0.0,2.0,26.0,31.0,28.3,86.4,0.752,2.09,1.06,14.09,0,0,0,0.0,0.0,0,1280.8,0.0704
3371.9,67.5,34.9,53.2,54.6,34.0,92.0,0.686,-1.72,0.3,10.9,4,0,0,67.5,66.2,3,28.3,0.9005
1064.7,0.0,1.9,33.4,31.9,35.5,86.7,0.727,3.09,1.37,14.04,0,0,0,0.0,0.0,0,1113.4,0.0269
1080.2,0.0,2.2,29.5,33.0,34.2,87.0,0.806,0.67,1.48,13.98,0,0,0,0.0,0.0,0,1020.8,0.0359
3254.9,86.4,33.3,60.9,57.8,27.0,99.1,0.838,0.83,1.69,14.1,5,0,0,86.4,86.9,0,1104.3,0.0454
2666.7,32.8,10.5,46.0,66.4,28.6,93.8,0.183,20.57,19.54,14.0,2,0,0,32.8,32.9,2,76.9,0.7972
5125.3,60.2,79.5,76.6,77.2,42.9,117.2,0.779,4.55,4.72,14.23,2,0,0,60.2,59.2,1,30.0,0.8683
3263.2,70.8,21.6,68.2,65.4,44.4,125.0,0.772,9.99,5.4,13.98,4,0,0,70.8,70.8,1,68.9,0.8871
2159.4,36.4,21.7,44.2,43.5,32.6,88.2,0.767,3.12,3.21,14.01,3,0,0,36.4,36.8,0,788.1,0.0756
3779.3,96.9,17.6,72.6,94.8,31.3,96.7,0.099,15.02,17.43,14.4,5,0,0,96.9,98.1,2,115.6,0.691
1049.1,0.0,2.4,29.5,29.8,35.5,87.7,0.266,2.63,1.02,14.03,0,0,0,0.0,0.0,0,1470.0,0.0301
2815.9,21.1,13.0,54.8,79.7,29.4,95.6,0.096,17.87,15.37,13.65,1,0,0,21.1,21.5,2,36.6,0.8238
2697.1,33.2,17.1,35.7,37.5,37.3,83.9,0.732,1.61,0.2,13.99,2,0,0,33.2,33.0,0,1200.6,0.0243
3876.6,83.8,30.7,59.7,59.6,36.0,87.3,0.212,4.8,1.53,14.25,4,0,0,83.8,82.4,0,1285.6,0.0448
2381.0,16.4,9.3,46.1,48.6,37.8,88.5,0.751,1.79,1.65,14.0,1,0,0,16.4,16.6,0,1383.4,0.0409
2280.0,16.7,7.6,47.6,45.4,43.6,118.2,0.822,6.43,4.24,13.9,1,0,0,16.7,16.9,1,46.8,0.9202
3325.3,42.7,19.3,56.9,55.8,39.0,93.0,0.747,-0.16,-0.02,14.16,2,0,0,42.7,42.4,0,997.0,0.0257
1054.0,0.0,2.4,38.8,67.5,29.0,94.1,0.141,19.79,13.29,14.02,0,0,0,0.0,0.0,2,64.8,0.6646
1048.5,0.0,2.0,36.0,37.8,33.6,84.2,0.187,-1.69,1.35,14.02,0,0,1,0.0,0.0,0,742.4,0.0196
1004.6,0.0,2.0,28.5,33.3,31.5,87.2,0.206,0.59,0.21,14.08,0,0,0,0.0,0.0,0,1319.8,0.0381
1061.9,0.0,2.3,38.6,34.4,34.0,84.9,0.776,0.25,1.29,14.01,0,0,1,0.0,0.0,0,961.9,0.061
2280.6,17.7,8.0,45.9,45.5,31.5,89.3,0.236,0.44,0.93,14.24,1,0,0,17.7,17.4,0,996.6,0.0606
1894.3,25.0,14.8,57.8,59.3,30.8,89.8,0.239,3.67,0.32,14.07,2,0,0,25.0,24.7,0,1386.5,0.0616
2773.0,32.5,14.6,42.5,43.9,33.4,92.9,0.256,-0.06,1.54,14.21,2,0,0,32.5,32.4,0,1293.9,0.0693
1029.4,0.0,2.0,36.2,34.8,42.6,116.6,0.867,6.66,2.29,13.87,0,0,0,0.0,0.0,1,41.4,0.8267
1909.0,27.3,18.5,47.3,44.9,31.2,92.7,0.74,3.14,1.45,14.16,2,0,0,27.3,26.9,0,863.0,0.0325
1088.0,0.0,1.8,35.6,36.1,37.5,88.0,0.443,1.73,1.01,10.8,0,0,0,0.0,0.0,3,17.2,0.8933
2330.0,19.5,19.3,45.3,43.3,36.7,83.9,0.203,-0.43,-0.05,14.16,1,0,0,19.5,19.6,0,1072.8,0.0393
3553.4,86.8,19.0,60.0,88.1,35.0,89.4,0.165,18.58,12.97,14.01,5,0,0,86.8,86.9,2,101.4,0.8064
2532.9,30.5,12.2,51.1,48.9,37.4,88.5,0.243,3.28,2.15,14.25,2,0,0,30.5,30.6,0,1341.6,0.0703
1061.7,0.0,2.3,27.3,29.9,38.3,87.9,0.25,5.02,1.13,14.06,0,0,0,0.0,0.0,0,825.5,0.0547
1018.7,0.0,2.0,41.3,37.5,37.1,91.8,0.712,0.65,1.16,13.91,0,0,0,0.0,0.0,0,1045.0,0.0748
2816.5,48.2,16.3,53.8,52.2,38.8,89.7,0.734,2.07,2.13,13.99,3,0,0,48.2,48.8,0,748.7,0.0292
1077.0,0.0,2.3,30.8,58.7,32.2,90.4,0.2,16.25,17.4,13.61,0,0,1,0.0,0.0,2,114.7,0.6947
1065.3,0.0,2.3,31.0,33.4,35.8,87.2,0.317,0.56,2.57,14.12,0,0,1,0.0,0.0,0,1308.9,0.0561
2068.2,26.2,10.9,43.2,46.4,35.4,88.8,0.728,0.42,4.28,14.06,2,0,0,26.2,26.1,0,996.5,0.0596
1109.8,0.0,2.4,31.6,50.3,38.1,99.5,0.113,16.36,17.62,13.84,0,0,0,0.0,0.0,2,30.9,0.7809
2880.9,78.0,34.9,62.7,59.4,36.5,86.5,0.715,1.49,1.76,14.16,5,0,0,78.0,78.0,0,875.0,0.0485
3472.5,87.0,14.6,66.9,65.1,43.4,110.2,0.713,6.91,2.85,13.69,5,0,0,87.0,85.7,1,35.6,0.7315
3535.9,96.4,14.9,61.3,61.9,33.6,90.6,0.729,1.74,0.54,14.3,5,0,0,96.4,96.4,0,943.9,0.0718
3475.4,93.3,24.8,49.1,68.7,34.4,88.5,0.094,13.37,9.02,14.11,5,0,0,93.3,93.3,2,52.7,0.6785
1061.7,0.0,2.2,39.1,35.9,37.2,84.6,0.34,4.99,1.22,13.92,0,0,0,0.0,0.0,0,1439.6,0.0738
2506.3,19.3,12.4,52.6,52.2,37.7,87.3,0.826,2.57,2.05,14.25,1,0,0,19.3,19.6,0,757.5,0.011
2659.8,30.8,16.3,39.3,38.7,38.0,87.2,0.701,2.19,0.99,14.21,2,0,0,30.8,31.0,0,1112.2,0.0719
1029.5,0.0,1.9,35.6,33.3,30.1,86.6,0.596,1.8,0.74,10.98,0,0,0,0.0,0.0,3,5.9,0.8985
996.4,0.0,1.9,34.3,36.2,30.3,81.0,0.252,0.36,1.44,14.09,0,0,0,0.0,0.0,0,1061.4,0.0517
3241.9,84.1,34.2,68.4,67.7,27.3,87.6,0.341,3.72,1.81,14.45,5,0,0,84.1,82.5,0,1067.2,0.0123
3191.3,81.6,29.3,70.8,69.2,39.6,113.1,0.848,2.4,5.48,13.54,5,0,0,81.6,82.2,1,59.1,0.853
3512.2,92.0,16.3,61.8,63.0,37.1,86.6,0.537,1.94,0.11,10.9,5,0,0,92.0,90.6,3,6.5,0.8658
3655.3,40.0,41.8,79.8,98.0,36.6,100.1,0.152,19.77,16.83,13.84,2,0,0,40.0,40.0,2,107.7,0.7098
3720.4,43.8,46.4,89.1,89.2,35.5,83.7,0.375,-1.43,0.24,9.7,2,0,0,43.8,43.6,3,12.6,0.8244
1078.2,0.0,2.2,29.5,32.8,30.6,87.8,0.202,2.69,-0.13,14.04,0,0,0,0.0,0.0,0,993.4,0.0765
2161.3,18.6,20.2,45.4,45.9,27.7,88.5,0.871,2.89,-0.01,13.9,1,0,0,18.6,18.4,0,788.0,0.0413
3512.6,75.4,31.1,68.1,70.1,48.7,111.9,0.855,8.44,3.69,13.66,4,0,0,75.4,76.2,1,71.5,0.8697
4430.8,52.9,48.1,88.7,98.0,26.5,91.2,0.18,24.44,16.46,14.21,2,0,0,52.9,52.7,2,24.5,0.8195
1004.0,0.0,2.3,34.9,32.9,32.7,83.7,0.298,2.24,3.38,14.07,0,0,0,0.0,0.0,0,1407.7,0.0641
2313.8,27.0,21.5,41.1,41.3,27.0,89.0,0.231,1.78,0.78,14.33,2,0,0,27.0,27.1,0,925.4,0.0166
850.0,0.0,1.8,41.8,58.6,30.4,90.2,0.129,25.83,13.49,13.94,0,0,0,0.0,0.0,2,69.4,0.7959
2590.8,43.9,20.5,45.7,45.6,29.9,88.6,0.832,-0.14,1.77,14.12,3,0,0,43.9,43.2,0,1214.9,0.0369
3632.8,95.7,14.7,64.5,62.4,31.3,87.7,0.747,1.66,2.45,14.27,5,0,0,95.7,95.6,0,1126.5,0.0171
2749.8,56.8,21.6,60.4,60.7,34.1,88.2,0.228,1.89,1.82,13.85,4,0,0,56.8,56.3,0,1283.5,0.0292
3261.0,52.5,19.0,45.7,44.3,27.1,84.4,0.264,1.41,-0.35,14.03,3,0,0,52.5,52.0,0,925.4,0.0487
1036.2,0.0,2.0,31.9,33.5,43.2,115.6,0.835,10.17,4.89,14.17,0,0,0,0.0,0.0,1,54.3,0.8782
2422.5,31.3,11.6,51.5,45.7,35.7,83.7,0.204,0.06,3.32,14.09,2,0,0,31.3,30.7,0,1419.9,0.0252
1804.6,13.4,13.6,46.2,48.4,37.2,122.0,0.792,6.25,3.43,13.86,1,0,0,13.4,13.5,1,26.3,0.7826
2896.1,23.9,20.4,54.7,54.1,35.0,89.3,0.21,0.0,0.57,14.63,1,0,0,23.9,23.9,0,1495.6,0.0304
4456.9,94.7,75.2,75.3,74.3,34.9,89.5,0.769,2.79,1.44,14.17,4,0,0,94.7,94.9,0,1393.8,0.0125
1052.7,0.0,2.1,31.7,33.9,32.7,111.8,0.804,6.4,3.83,13.76,0,0,0,0.0,0.0,1,61.8,0.7328
3965.1,103.1,29.0,60.9,61.4,37.5,82.5,0.71,0.45,1.54,14.02,5,0,0,103.1,104.9,0,958.5,0.0335
2982.0,24.3,6.4,36.4,37.7,31.6,89.4,0.211,-0.86,3.27,14.15,1,0,0,24.3,24.0,0,1291.6,0.0417
1011.3,0.0,2.4,39.4,40.1,31.3,86.1,0.319,2.22,2.6,14.01,0,0,0,0.0,0.0,0,798.1,0.0741
3435.3,92.0,29.0,66.3,64.7,27.6,90.1,0.79,1.03,1.99,14.23,5,0,0,92.0,92.7,0,1321.4,0.0168
2848.7,58.6,28.0,59.4,61.3,36.8,91.7,0.79,0.71,2.22,14.11,4,0,0,58.6,59.3,0,1159.6,0.0751
3125.2,41.5,11.6,52.5,75.4,31.0,96.3,0.052,13.94,12.93,13.95,2,0,0,41.5,42.2,2,45.0,0.821
1062.4,0.0,2.2,34.3,32.8,47.9,119.8,0.862,9.95,2.48,13.85,0,0,0,0.0,0.0,1,48.3,0.8586
3408.0,39.4,16.0,52.5,79.3,26.5,89.0,0.118,26.15,12.63,13.55,2,0,0,39.4,39.1,2,119.9,0.8439
1064.1,0.0,2.1,32.5,33.6,30.5,86.4,0.325,2.33,1.51,14.02,0,0,0,0.0,0.0,0,1200.9,0.0729
1019.8,0.0,1.8,36.2,34.9,31.8,82.3,0.854,-0.46,2.07,13.93,0,0,0,0.0,0.0,0,724.5,0.0312
3173.5,84.0,19.5,55.9,55.5,37.6,91.9,0.774,1.47,0.43,14.05,5,0,0,84.0,83.3,0,744.8,0.0545
1456.1,25.6,21.4,44.0,44.1,35.3,81.0,0.194,0.9,1.83,13.94,3,0,0,25.6,25.6,0,1084.4,0.0396
1020.2,0.0,2.2,30.2,30.7,30.9,81.7,0.185,0.1,0.8,14.0,0,0,1,0.0,0.0,0,853.0,0.0787
1704.2,18.2,16.2,46.3,45.5,35.8,83.1,0.228,2.7,1.79,14.1,2,0,0,18.2,18.1,0,1136.8,0.0229
3023.7,80.4,27.2,67.1,65.9,29.7,86.5,0.505,2.4,-0.46,10.24,5,0,0,80.4,80.5,3,41.5,0.9857
1066.5,0.0,1.9,34.9,33.8,32.8,87.8,0.286,3.93,1.81,13.98,0,0,0,0.0,0.0,0,1191.3,0.055
2515.8,31.7,21.9,37.2,39.5,36.3,85.1,0.784,3.52,3.06,14.24,2,0,0,31.7,32.1,0,953.1,0.0697
2198.0,28.1,21.0,51.2,74.0,34.2,91.7,0.179,22.73,16.55,13.82,2,0,0,28.1,27.7,2,22.9,0.6853
1005.6,0.0,1.9,31.0,31.5,30.4,86.0,0.268,0.37,3.6,13.93,0,0,1,0.0,0.0,0,952.6,0.0114
1259.7,0.0,2.2,35.5,62.9,27.0,88.6,0.196,23.04,14.59,13.97,0,0,0,0.0,0.0,2,27.2,0.8406
3155.1,37.1,20.3,47.8,45.9,46.8,117.1,0.839,9.47,4.97,13.92,2,0,0,37.1,37.0,1,10.3,0.7649
1060.6,0.0,1.9,35.0,35.2,37.6,91.0,0.639,-0.05,2.68,9.35,0,0,0,0.0,0.0,3,35.4,0.9502
3300.7,88.3,21.6,61.3,59.6,29.3,84.9,0.84,2.45,0.7,14.05,5,0,0,88.3,88.3,0,1130.8,0.0647
3057.2,66.8,20.7,65.2,66.3,38.9,119.4,0.853,9.25,3.99,13.43,4,0,0,66.8,67.1,1,74.7,0.9486
1019.4,0.0,2.2,28.4,31.4,32.6,88.1,0.876,1.71,2.22,14.19,0,0,0,0.0,0.0,0,886.8,0.061
2550.5,31.1,14.7,47.1,46.6,40.2,116.0,0.771,8.65,3.69,13.78,2,0,0,31.1,31.6,1,40.7,0.9289
2472.9,39.3,20.9,53.2,53.2,31.4,83.7,0.212,0.58,1.74,14.05,3,0,0,39.3,39.7,0,866.5,0.0331
2212.2,27.8,12.2,59.2,58.3,38.2,81.6,0.763,1.1,1.44,14.26,2,0,0,27.8,27.9,0,1090.0,0.0584
3484.1,89.1,26.3,74.0,73.0,32.9,86.3,0.294,0.77,2.26,14.11,5,0,0,89.1,89.8,0,1339.9,0.0723
1044.8,0.0,2.1,29.7,30.5,37.6,86.8,0.334,1.16,1.32,14.12,0,0,1,0.0,0.0,0,1145.8,0.0283
1146.8,0.0,2.4,35.9,63.4,34.9,87.4,0.166,25.59,15.46,13.75,0,0,0,0.0,0.0,2,29.7,0.7412
1943.1,26.0,21.9,37.6,38.1,43.2,114.3,0.862,9.82,4.13,13.74,2,0,0,26.0,26.5,1,20.1,0.8644
2686.2,45.0,17.3,53.0,51.8,35.6,114.6,0.824,5.43,2.26,13.83,3,0,0,45.0,45.8,1,36.6,0.8048
1023.2,0.0,2.2,33.1,33.5,28.7,87.2,0.731,1.45,-0.12,14.09,0,0,0,0.0,0.0,0,855.6,0.0739
4200.6,93.4,84.6,71.7,71.4,37.8,110.3,0.694,4.87,3.08,13.83,4,0,0,93.4,94.4,1,28.5,0.9015
3601.6,96.0,24.9,59.9,59.4,33.8,89.1,0.819,1.18,2.41,14.09,5,0,0,96.0,97.3,0,963.8,0.0179
2844.7,62.7,15.9,57.6,82.4,37.4,95.8,0.135,25.59,15.21,13.55,4,0,0,62.7,61.5,2,89.8,0.8832
2482.2,19.0,10.8,50.0,48.7,36.1,84.1,0.571,-0.77,3.36,10.75,1,0,0,19.0,18.9,3,9.7,0.8476
2134.6,35.5,16.9,51.2,50.8,26.6,85.9,0.747,0.08,0.66,14.23,3,0,0,35.5,35.5,0,944.3,0.057
4572.7,55.0,61.2,86.4,98.0,27.8,98.8,0.108,22.98,14.63,14.07,2,0,0,55.0,54.3,2,61.7,0.6853
1842.2,14.6,20.9,51.3,50.9,36.0,92.4,0.829,2.48,0.6,14.18,1,0,0,14.6,14.7,0,1478.0,0.0562
2768.9,32.5,14.4,60.2,58.9,28.2,86.3,0.296,-0.14,1.71,14.0,2,0,0,32.5,32.2,0,1051.0,0.0674
1064.8,0.0,2.3,26.8,31.2,34.6,88.6,0.271,3.54,1.15,14.16,0,0,1,0.0,0.0,0,1259.7,0.0698
2587.1,42.5,14.9,54.2,54.6,33.4,87.3,0.813,1.62,1.01,14.23,3,0,0,42.5,42.6,0,929.0,0.0749
1771.7,23.3,13.6,46.6,45.8,39.0,117.0,0.775,3.98,1.52,13.85,2,0,0,23.3,23.0,1,54.7,0.7263
3522.7,96.0,32.0,55.8,55.6,30.2,87.9,0.287,4.76,2.53,14.15,5,0,0,96.0,97.7,0,815.1,0.0178
2238.8,25.7,14.2,41.2,39.5,35.2,87.9,0.682,3.51,1.05,14.1,2,0,0,25.7,25.8,0,770.8,0.0343
3091.3,79.7,33.2,56.1,59.0,34.5,93.2,0.259,1.57,1.06,14.22,5,0,0,79.7,79.2,0,1313.3,0.0183
2701.0,69.8,29.8,58.9,57.7,38.3,120.8,0.764,8.73,3.03,13.9,5,0,0,69.8,69.9,1,8.2,0.9138
3943.1,86.7,57.3,80.2,74.5,35.3,88.3,0.448,3.96,0.61,10.78,4,0,0,86.7,87.7,3,20.5,0.8525
1026.7,0.0,2.2,34.3,37.6,50.8,118.7,0.695,1.47,4.0,13.93,0,0,0,0.0,0.0,1,28.3,0.8054
4458.2,72.4,50.5,77.4,78.0,41.2,114.2,0.708,5.38,4.1,13.77,3,0,0,72.4,72.7,1,42.5,0.7594
3019.6,77.9,25.8,53.8,53.6,30.1,88.6,0.307,0.78,2.24,14.25,5,0,0,77.9,76.5,0,950.3,0.0283
1055.5,0.0,1.8,28.8,29.2,36.4,82.9,0.274,3.95,0.95,13.89,0,0,0,0.0,0.0,0,1316.9,0.0685
1060.6,0.0,2.1,31.4,33.4,32.7,84.2,0.245,3.14,0.5,14.05,0,0,1,0.0,0.0,0,763.4,0.031
2789.1,21.1,7.7,42.1,39.8,28.7,87.8,0.694,3.58,1.66,14.06,1,0,0,21.1,21.4,0,1476.5,0.0489
2756.8,21.3,14.2,55.9,53.5,47.7,113.4,0.659,7.5,4.52,14.09,1,0,0,21.3,21.5,1,25.5,0.8808
2802.6,45.2,8.1,37.6,37.7,36.7,91.1,0.782,-0.54,0.36,14.15,3,0,0,45.2,44.9,0,851.9,0.0451
2100.2,35.3,10.9,52.4,53.7,39.3,117.1,0.832,11.51,2.53,13.95,3,0,0,35.3,35.6,1,59.9,0.8105
5110.0,82.8,70.5,83.0,85.8,37.6,88.4,0.318,1.74,1.49,14.15,3,0,0,82.8,81.2,0,1102.9,0.0461
1040.4,0.0,2.5,35.1,32.6,30.0,85.8,0.317,-0.36,0.71,13.99,0,0,0,0.0,0.0,0,1439.3,0.064
2451.5,40.7,7.5,41.5,38.3,37.4,89.5,0.313,0.3,2.47,14.14,3,0,0,40.7,40.9,0,1305.1,0.0576
3298.9,74.0,18.6,56.2,86.1,30.0,94.3,0.093,16.92,14.81,13.87,4,0,0,74.0,73.8,2,110.5,0.7446
2098.8,17.4,7.4,48.5,50.5,44.4,116.5,0.692,5.62,3.72,13.67,1,0,0,17.4,17.6,1,57.6,0.8204
2687.0,30.5,8.5,39.9,61.2,27.8,95.4,0.107,18.37,15.05,13.7,2,0,0,30.5,30.2,2,77.0,0.7017
2664.1,20.7,20.0,42.7,45.8,37.3,78.7,0.307,0.37,1.67,14.09,1,0,0,20.7,20.7,0,761.0,0.0254
1048.2,0.0,1.8,27.6,29.6,27.4,90.3,0.668,-1.47,1.58,10.97,0,0,0,0.0,0.0,3,29.3,0.8209
1031.1,0.0,2.2,35.4,34.7,35.5,92.4,0.338,2.37,2.35,14.06,0,0,0,0.0,0.0,0,1370.0,0.0353
1067.5,0.0,2.4,37.2,34.9,39.9,88.6,0.725,1.57,2.89,13.96,0,0,0,0.0,0.0,0,1334.5,0.0621
4723.6,101.7,66.3,97.4,91.3,25.8,80.4,0.657,1.69,1.42,10.53,4,0,0,101.7,102.2,3,31.6,0.9872
5226.8,113.4,43.1,90.8,86.3,33.9,85.8,0.748,3.42,2.17,14.19,4,0,0,113.4,113.7,0,761.0,0.0116
1027.5,0.0,1.9,35.2,34.8,44.0,111.1,0.822,5.3,2.45,13.67,0,0,1,0.0,0.0,1,57.5,0.9027
1063.1,0.0,2.3,34.6,33.3,28.2,86.5,0.856,0.54,1.71,14.1,0,0,0,0.0,0.0,0,1122.1,0.0641
3242.9,24.4,10.5,41.4,41.9,32.3,85.2,0.205,4.83,0.19,14.22,1,0,0,24.4,24.5,0,993.6,0.0164
2205.5,38.2,14.0,36.6,40.0,35.5,85.4,0.633,-1.87,1.32,10.57,3,0,0,38.2,38.4,3,9.0,0.9737
3236.3,53.2,6.5,40.9,43.8,33.2,93.3,0.205,3.12,1.85,14.22,3,0,0,53.2,53.1,0,886.8,0.0698
1056.9,0.0,2.3,32.3,30.4,47.1,124.6,0.889,9.45,4.27,14.07,0,0,0,0.0,0.0,1,52.0,0.8585
2193.0,16.7,15.0,40.2,40.7,28.0,81.3,0.802,2.04,1.64,14.13,1,0,0,16.7,16.7,0,957.7,0.0679
1058.4,0.0,2.3,34.9,36.9,39.4,117.5,0.727,7.86,4.56,13.66,0,0,0,0.0,0.0,1,32.9,0.8047
4757.9,100.8,74.8,82.3,83.4,35.5,87.4,0.777,-0.8,1.55,13.98,4,0,0,100.8,99.1,0,967.7,0.0173
2552.0,21.9,6.7,38.9,42.2,28.2,87.0,0.35,0.33,2.49,14.12,1,0,0,21.9,21.8,0,1302.8,0.0136
2501.3,39.8,7.3,50.3,49.6,31.2,82.5,0.216,2.5,2.33,14.04,3,0,0,39.8,40.2,0,1022.3,0.0145
3657.3,96.1,24.0,58.9,60.4,28.9,89.8,0.237,3.78,2.12,14.16,5,0,0,96.1,95.5,0,790.5,0.0642
2212.6,28.8,20.0,43.4,45.5,32.4,84.4,0.441,-1.95,2.5,10.73,2,0,0,28.8,29.2,3,5.1,0.875
2910.3,35.3,21.5,45.6,48.4,27.7,85.4,0.248,5.43,2.22,14.08,2,0,0,35.3,34.6,0,1341.2,0.0557
3572.6,98.2,21.3,55.7,59.1,31.3,86.9,0.216,2.52,1.25,14.07,5,0,0,98.2,97.4,0,1166.5,0.0263
3261.8,69.9,22.6,72.3,72.1,36.4,93.9,0.811,2.2,1.23,14.24,4,0,0,69.9,69.4,0,789.0,0.017
2100.1,32.8,16.3,50.6,51.1,31.4,87.6,0.868,1.1,1.66,14.38,3,0,0,32.8,32.6,0,1110.3,0.0729
2695.4,43.3,10.8,47.6,49.7,42.7,112.4,0.731,8.61,2.96,13.87,3,0,0,43.3,42.5,1,51.3,0.8549
1090.8,0.0,2.3,33.9,34.1,29.3,84.2,0.671,1.33,2.06,11.91,0,0,0,0.0,0.0,3,11.4,0.9611
1781.1,14.4,20.6,42.0,39.8,33.3,83.2,0.205,1.34,2.14,14.35,1,0,0,14.4,14.2,0,1134.3,0.0412
2455.7,30.2,8.1,49.1,65.8,26.3,96.3,0.101,22.09,15.82,13.83,2,0,0,30.2,29.9,2,111.9,0.7716
2603.3,31.1,16.5,43.8,43.9,29.4,87.3,0.212,1.28,-0.1,14.02,2,0,0,31.1,30.7,0,719.3,0.0247
3367.7,89.7,25.6,65.4,67.0,29.2,90.2,0.744,2.78,2.22,14.12,5,0,0,89.7,90.9,0,1186.5,0.062
1042.0,0.0,2.4,35.7,35.6,39.9,115.0,0.874,10.84,4.61,13.76,0,0,1,0.0,0.0,1,19.4,0.757
1951.9,33.0,14.4,59.9,58.8,33.5,83.7,0.221,3.95,1.33,14.37,3,0,0,33.0,33.1,0,843.2,0.0459
2233.3,20.1,8.7,43.4,43.8,44.6,118.6,0.654,3.67,4.57,13.87,1,0,0,20.1,20.1,1,49.7,0.7924
2136.8,15.4,16.1,43.4,72.4,27.3,92.0,0.127,13.33,18.26,13.98,1,0,0,15.4,15.5,2,25.4,0.7163
2752.6,61.0,15.4,67.2,66.9,30.3,85.9,0.782,4.52,1.01,14.21,4,0,0,61.0,61.6,0,1263.5,0.0222
2469.6,18.1,10.6,43.7,42.3,35.7,88.2,0.631,1.74,0.77,10.59,1,0,0,18.1,17.9,3,15.2,0.9356
2471.2,39.1,18.1,53.9,73.9,33.7,100.2,0.136,14.44,12.66,14.38,3,0,0,39.1,38.4,2,77.7,0.892
3102.7,80.2,22.9,55.3,59.9,32.6,93.0,0.331,2.11,1.17,14.19,5,0,0,80.2,81.4,0,763.9,0.0649
3343.1,72.1,69.3,87.4,86.5,45.8,110.1,0.853,9.77,1.9,13.65,4,0,0,72.1,72.9,1,74.9,0.9296
3086.9,80.9,31.8,59.0,62.9,39.8,86.7,0.683,2.98,0.61,14.05,5,0,0,80.9,79.6,0,744.5,0.0751
2179.6,16.6,7.1,40.0,40.9,37.2,87.3,0.408,3.47,-0.19,10.42,1,0,0,16.6,16.3,3,18.0,0.9563
1972.8,22.7,15.4,43.4,45.5,39.4,118.5,0.818,13.4,4.71,13.47,2,0,0,22.7,22.6,1,71.7,0.7353
1069.7,0.0,2.3,33.6,30.7,34.6,86.6,0.715,1.0,2.4,13.97,0,0,1,0.0,0.0,0,1489.8,0.0299
5083.2,107.0,55.4,78.4,78.0,33.8,93.9,0.763,2.26,1.28,13.93,4,0,0,107.0,108.6,0,1288.9,0.077
3124.6,83.1,25.3,65.9,62.5,39.7,111.3,0.863,8.19,3.33,13.84,5,0,0,83.1,83.9,1,9.9,0.7344
2900.8,35.9,9.4,45.7,48.3,30.4,84.7,0.723,3.64,2.45,14.2,2,0,0,35.9,36.1,0,892.4,0.0423
1026.2,0.0,2.0,28.0,30.3,28.9,84.8,0.204,1.46,1.19,14.03,0,0,0,0.0,0.0,0,910.8,0.0581
2488.2,18.3,12.1,50.3,54.8,30.8,87.5,0.278,0.47,1.85,14.35,1,0,0,18.3,18.0,0,1045.7,0.0404
1086.2,0.0,2.2,34.3,34.5,32.2,81.0,0.216,1.83,1.04,14.26,0,0,0,0.0,0.0,0,1209.3,0.0435
2911.2,23.6,6.1,53.7,51.2,34.0,87.7,0.269,2.21,0.85,14.16,1,0,0,23.6,24.0,0,895.3,0.0594
4570.0,96.2,54.9,93.6,92.5,27.5,92.3,0.268,2.74,2.32,14.1,4,0,0,96.2,97.2,0,1206.0,0.0566
3771.1,78.6,72.9,71.4,71.1,30.2,86.5,0.248,3.89,1.21,14.02,4,0,0,78.6,77.2,0,1166.7,0.0143
1066.8,0.0,1.8,31.0,34.5,37.5,110.8,0.868,8.29,2.13,14.17,0,0,0,0.0,0.0,1,51.4,0.9239
3575.1,91.4,16.9,62.0,62.1,29.1,88.4,0.876,2.25,0.85,14.29,5,0,0,91.4,91.5,0,1364.7,0.0305
1076.2,0.0,2.3,36.9,33.5,38.7,84.3,0.821,0.37,2.34,14.01,0,0,0,0.0,0.0,0,848.6,0.054
1051.6,0.0,2.4,35.2,35.2,29.5,85.7,0.283,1.64,3.37,14.11,0,0,0,0.0,0.0,0,877.8,0.0327
2448.4,19.7,20.3,41.1,41.9,34.8,85.3,0.229,1.3,2.1,14.24,1,0,0,19.7,19.3,0,863.8,0.0747
3625.2,91.7,15.0,70.0,70.9,32.9,81.8,0.698,3.95,1.5,14.23,5,0,0,91.7,90.8,0,999.6,0.0602
2898.3,47.5,8.1,43.6,41.8,36.8,87.0,0.786,0.8,2.67,14.23,3,0,0,47.5,47.6,0,1183.6,0.0323
3557.4,75.4,22.4,62.3,61.4,31.2,86.6,0.803,2.31,1.76,14.34,4,0,0,75.4,75.5,0,1090.2,0.0792
1100.3,0.0,2.0,40.0,59.7,29.8,92.0,0.112,20.15,14.26,13.74,0,0,0,0.0,0.0,2,43.5,0.9003
2973.2,32.6,19.6,45.5,66.2,29.4,92.9,0.08,15.25,11.16,14.04,2,0,0,32.6,32.6,2,92.7,0.9166
2775.4,22.3,14.3,43.3,69.2,30.5,98.7,0.072,17.55,14.08,13.86,1,0,0,22.3,22.2,2,94.0,0.6881
3021.4,80.4,29.7,70.8,69.3,38.7,122.0,0.868,6.9,5.06,13.84,5,0,0,80.4,80.0,1,33.9,0.7732
1787.0,19.7,16.5,46.3,47.0,32.4,110.5,0.843,10.87,3.66,13.93,2,0,0,19.7,19.8,1,30.4,0.9534
2498.2,42.7,7.8,58.3,56.6,28.5,89.3,0.791,2.78,1.18,13.98,3,0,0,42.7,42.7,0,1029.2,0.0464
3038.2,63.1,32.3,62.4,62.4,39.2,119.5,0.774,7.88,2.01,13.58,4,0,0,63.1,64.1,1,26.1,0.8951
1679.3,25.3,15.2,40.8,44.3,33.0,90.6,0.249,5.35,0.96,13.87,3,0,0,25.3,25.8,0,1300.0,0.0523
1054.1,0.0,1.8,38.0,36.2,39.6,118.2,0.798,9.62,5.54,13.92,0,0,0,0.0,0.0,1,8.8,0.813
2390.5,40.5,21.7,55.5,91.1,31.2,98.3,0.198,24.29,13.25,13.79,3,0,0,40.5,40.5,2,33.8,0.9006
4873.6,59.2,60.5,87.0,86.4,32.1,93.0,0.766,0.85,2.51,14.13,2,0,0,59.2,59.3,0,714.4,0.0437
4638.9,76.6,43.5,80.7,82.7,29.9,91.8,0.263,1.73,1.12,14.07,3,0,0,76.6,76.3,0,1247.7,0.0301
3714.2,58.6,54.6,80.7,81.9,33.7,90.0,0.285,1.56,0.52,14.18,3,0,0,58.6,57.7,0,883.3,0.0548
1683.9,18.3,10.6,46.2,47.7,39.2,119.5,0.696,5.81,5.62,13.72,2,0,0,18.3,18.5,1,30.9,0.7253
1069.8,0.0,2.3,33.9,33.0,43.5,111.7,0.665,12.15,3.4,14.06,0,0,0,0.0,0.0,1,58.2,0.9394
3570.4,78.7,18.5,61.5,86.0,32.1,92.7,0.117,21.39,12.56,14.0,4,0,0,78.7,77.6,2,85.9,0.6692
3098.5,81.2,30.6,56.4,54.7,33.4,92.4,0.305,1.58,-0.31,14.25,5,0,0,81.2,81.7,0,1317.3,0.0585
971.3,0.0,2.0,36.4,58.5,31.7,95.2,0.103,16.94,14.66,13.76,0,0,1,0.0,0.0,2,23.7,0.6896
4253.5,69.5,85.0,77.3,78.7,37.1,88.7,0.32,2.71,1.98,14.2,3,0,0,69.5,69.3,0,839.0,0.0228
850.0,0.0,1.9,31.9,56.9,37.7,92.9,0.123,20.05,16.28,14.07,0,0,0,0.0,0.0,2,46.2,0.7324
2827.3,22.8,16.7,53.4,53.6,30.2,88.2,0.788,1.39,1.75,14.1,1,0,0,22.8,23.1,0,1042.2,0.0503
1021.2,0.0,2.3,35.1,35.0,30.8,83.6,0.267,4.63,3.48,14.12,0,0,0,0.0,0.0,0,1389.6,0.0408
4347.5,67.3,43.7,74.3,75.3,36.4,87.6,0.751,0.23,1.76,14.19,3,0,0,67.3,68.3,0,1299.0,0.0775
4148.9,83.8,67.4,85.9,83.9,45.2,119.4,0.812,9.59,5.5,13.92,4,0,0,83.8,85.0,1,39.9,0.9034
1616.2,19.9,18.8,44.5,44.4,31.0,89.3,0.377,2.13,2.45,9.91,2,0,0,19.9,20.1,3,15.4,0.849
1061.7,0.0,2.2,39.9,39.2,30.2,86.8,0.805,0.61,1.6,14.07,0,0,0,0.0,0.0,0,884.8,0.0422
1059.1,0.0,1.9,38.2,38.1,32.2,86.3,0.232,0.88,1.04,14.09,0,0,0,0.0,0.0,0,829.6,0.044
1978.5,22.9,16.1,52.8,50.8,32.8,86.3,0.377,3.39,-0.61,9.95,2,0,0,22.9,23.3,3,23.3,0.9335
2512.8,39.9,9.1,56.7,57.3,32.1,89.3,0.817,5.39,3.16,14.4,3,0,0,39.9,40.6,0,1117.3,0.0609
2893.5,74.8,25.0,62.8,62.5,44.7,121.8,0.805,8.51,4.07,13.84,5,0,0,74.8,75.7,1,58.6,0.9256
1043.2,0.0,2.2,33.8,32.3,34.2,80.6,0.318,0.51,1.68,14.09,0,0,0,0.0,0.0,0,1404.8,0.052
1072.3,0.0,2.3,32.1,31.9,28.8,83.2,0.811,3.27,1.58,14.07,0,0,0,0.0,0.0,0,1072.3,0.06
2639.4,47.0,13.0,55.4,74.4,33.9,93.5,0.165,19.87,10.71,13.89,3,0,0,47.0,46.8,2,39.7,0.8876
3384.1,90.2,23.9,51.6,51.5,34.3,107.5,0.654,8.34,4.15,13.58,5,0,0,90.2,89.8,1,61.0,0.8855
3758.6,102.9,29.2,62.5,61.8,27.7,91.0,0.286,1.74,2.06,14.27,5,0,0,102.9,103.9,0,1372.3,0.0549
2390.0,29.3,9.2,44.1,45.3,37.5,85.3,0.316,5.27,1.7,14.11,2,0,0,29.3,29.7,0,917.7,0.0457
3420.6,25.1,12.6,38.5,62.6,31.2,99.6,0.106,21.65,16.84,13.77,1,0,0,25.1,24.9,2,87.5,0.7697
1707.2,25.8,9.9,52.1,51.5,37.3,88.5,0.339,1.47,1.93,14.21,3,0,0,25.8,26.2,0,1249.5,0.0496
1103.4,0.0,2.1,32.8,63.1,40.8,86.7,0.158,19.55,14.92,13.97,0,0,0,0.0,0.0,2,113.7,0.806
1035.8,0.0,1.9,30.2,32.0,34.1,87.2,0.326,1.07,2.42,13.95,0,0,0,0.0,0.0,0,1497.5,0.0409
2369.4,28.1,17.2,46.2,49.1,33.0,88.5,0.234,1.08,0.58,14.02,2,0,0,28.1,28.6,0,756.4,0.05
2480.4,40.0,21.7,49.9,54.8,37.1,89.9,0.318,2.59,1.92,10.96,3,0,0,40.0,39.7,3,42.7,0.9021
3888.4,82.5,32.9,52.1,53.8,36.0,118.0,0.819,4.01,5.06,14.04,4,0,0,82.5,82.9,1,56.4,0.9149
3019.2,62.1,21.9,72.2,70.3,37.8,85.1,0.87,2.36,0.69,14.07,4,0,0,62.1,61.3,0,1370.6,0.0251
1052.3,0.0,2.2,38.8,38.2,45.6,117.6,0.873,7.35,5.66,13.98,0,0,0,0.0,0.0,1,45.9,0.9537
2860.8,22.6,21.5,51.6,53.5,26.5,89.9,0.78,1.04,1.42,14.06,1,0,0,22.6,22.5,0,1391.4,0.0793
3418.3,91.4,25.5,62.6,64.8,29.7,85.8,0.333,0.55,0.13,14.2,5,0,0,91.4,91.3,0,1278.1,0.0198
3147.0,83.6,33.8,59.5,60.2,32.3,81.7,0.427,4.95,2.93,10.48,5,0,0,83.6,82.9,3,35.7,0.8665
3585.3,94.5,18.1,60.3,87.9,32.1,94.6,0.062,18.96,13.12,13.85,5,0,0,94.5,94.9,2,63.7,0.8228
3428.0,71.1,30.1,62.8,65.3,42.2,123.1,0.737,4.16,2.88,13.74,4,0,0,71.1,71.8,1,55.6,0.7957
1058.6,0.0,2.0,33.0,36.8,32.7,86.4,0.727,2.96,0.57,14.16,0,0,0,0.0,0.0,0,1324.7,0.0325
3748.3,81.7,19.4,62.3,61.7,34.8,82.3,0.7,0.93,2.82,14.03,4,0,0,81.7,83.1,0,1015.1,0.0657
1126.0,0.0,2.4,33.6,33.3,29.2,86.4,0.815,2.08,1.77,14.01,0,0,0,0.0,0.0,0,1024.4,0.0439
4745.5,54.3,73.0,80.2,80.3,35.6,89.3,0.774,2.31,0.91,14.0,2,0,0,54.3,55.1,0,855.9,0.0437
2089.4,21.6,7.5,49.0,80.9,31.1,90.9,0.184,20.77,12.96,13.71,2,0,0,21.6,21.4,2,51.6,0.7902
1092.0,0.0,2.1,31.6,33.2,33.0,81.3,0.768,2.71,1.02,14.24,0,0,1,0.0,0.0,0,1152.0,0.0297
5086.4,61.2,44.1,80.6,98.0,26.3,91.0,0.102,13.91,14.81,13.94,2,0,0,61.2,60.8,2,33.7,0.7504
3617.2,39.3,59.5,94.4,90.7,27.8,84.9,0.695,4.25,1.9,14.06,2,0,0,39.3,39.8,0,897.1,0.0287
1938.5,13.1,13.7,55.6,53.9,28.0,84.3,0.261,2.14,2.07,14.15,1,0,0,13.1,13.2,0,1446.0,0.0186
3011.1,49.5,13.5,50.7,51.3,36.7,91.6,0.272,2.45,1.0,14.36,3,0,0,49.5,49.7,0,724.4,0.0689
1024.4,0.0,2.3,32.0,31.4,29.7,84.9,0.723,4.18,1.41,14.03,0,0,0,0.0,0.0,0,1088.4,0.0582
3728.4,98.6,19.1,69.8,69.2,31.0,80.9,0.866,3.56,1.85,14.11,5,0,0,98.6,96.7,0,1125.2,0.0406
2063.7,35.2,17.8,49.6,52.3,35.8,87.1,0.293,-0.49,1.06,10.84,3,0,0,35.2,35.2,3,10.5,0.9116
3798.5,49.5,80.2,76.2,76.6,36.4,87.4,0.259,4.56,1.85,14.29,2,0,0,49.5,49.2,0,900.7,0.0572
3652.7,96.0,31.1,60.3,60.1,36.2,84.1,0.616,2.08,2.3,11.14,5,0,0,96.0,97.7,3,38.8,0.8453
3476.9,91.4,14.6,67.2,67.3,31.6,87.8,0.736,-0.42,0.59,14.06,5,0,0,91.4,91.0,0,894.0,0.0685
2317.7,39.9,10.5,34.6,37.2,34.2,84.7,0.242,3.09,0.54,10.42,3,0,0,39.9,40.3,3,10.8,0.9121
2235.0,38.4,10.1,42.5,44.3,27.8,84.4,0.852,2.32,2.93,14.22,3,0,0,38.4,38.1,0,1127.2,0.0189
2431.1,38.6,14.3,53.0,53.0,35.3,85.8,0.462,-3.38,0.02,10.81,3,0,0,38.6,39.4,3,31.1,0.9856
2233.2,37.8,15.2,46.2,43.9,36.4,75.5,0.753,3.73,1.55,14.13,3,0,0,37.8,38.0,0,1124.0,0.0719
1467.7,18.7,7.2,51.0,49.7,42.1,116.6,0.722,4.66,4.4,13.5,2,0,0,18.7,19.0,1,31.2,0.9262
3644.6,99.0,31.3,59.8,61.2,35.0,86.8,0.411,0.69,0.41,11.13,5,0,0,99.0,99.4,3,5.1,0.9558
4804.7,58.2,71.1,90.7,90.0,37.3,84.2,0.324,3.57,1.92,13.86,2,0,0,58.2,57.1,0,944.4,0.0432
2739.4,19.2,19.6,48.2,47.8,36.0,88.4,0.856,0.47,1.02,14.14,1,0,0,19.2,19.3,0,929.8,0.0265
2171.2,37.8,21.2,46.0,50.2,35.3,86.5,0.229,1.64,1.13,14.34,3,0,0,37.8,38.0,0,1378.6,0.0724
1068.5,0.0,1.8,32.1,34.7,28.7,87.5,0.422,-0.97,3.63,10.8,0,0,0,0.0,0.0,3,21.8,0.9898
2892.7,37.3,17.0,46.7,46.8,36.1,83.3,0.336,1.21,1.17,14.4,2,0,0,37.3,37.0,0,850.2,0.0422
2891.4,25.4,12.4,51.7,49.1,38.0,91.7,0.869,2.48,1.86,14.28,1,0,0,25.4,25.6,0,746.0,0.0475
4533.3,54.1,54.7,75.4,73.1,31.3,91.0,0.809,2.81,1.81,14.14,2,0,0,54.1,55.0,0,912.1,0.0505
1029.7,0.0,2.4,31.1,31.5,33.8,80.2,0.333,2.45,0.99,14.09,0,0,0,0.0,0.0,0,898.7,0.0487
2487.9,23.4,6.1,43.9,74.9,39.0,94.2,0.184,22.42,13.94,13.83,1,0,0,23.4,23.8,2,29.1,0.7085
1790.8,20.3,19.8,54.4,56.1,37.5,90.7,0.329,1.52,2.62,14.02,2,0,0,20.3,20.2,0,1136.9,0.0226
2459.3,30.6,15.4,51.0,47.4,40.8,118.5,0.679,2.93,5.53,13.82,2,0,0,30.6,30.5,1,10.5,0.7308
3217.1,68.0,25.6,54.5,55.7,36.2,86.0,0.552,0.87,1.21,10.89,4,0,0,68.0,69.3,3,23.5,0.8251
3352.6,90.1,18.5,58.4,60.4,31.7,86.7,0.82,2.31,0.92,14.16,5,0,0,90.1,88.5,0,910.2,0.0259
1057.8,0.0,2.4,34.2,34.9,42.0,110.3,0.654,6.72,4.3,13.51,0,0,0,0.0,0.0,1,74.7,0.8781
1076.9,0.0,2.2,35.9,33.2,37.0,83.2,0.229,2.88,2.08,14.05,0,0,1,0.0,0.0,0,995.4,0.0787
4496.0,74.1,83.4,84.9,85.7,37.9,120.5,0.718,8.84,5.13,13.67,3,0,0,74.1,74.3,1,42.5,0.9237
1067.4,0.0,2.3,27.0,29.6,29.4,89.5,0.311,2.93,2.78,14.03,0,0,0,0.0,0.0,0,992.1,0.0598
1051.6,0.0,2.4,33.3,33.3,48.8,117.4,0.753,8.49,3.8,14.13,0,0,1,0.0,0.0,1,25.8,0.9028
2807.1,33.0,10.0,60.0,59.2,34.9,88.1,0.847,0.29,-0.42,14.08,2,0,0,33.0,32.6,0,867.9,0.0622
2760.6,32.6,9.4,49.9,46.6,31.0,81.9,0.792,0.29,-0.21,14.17,2,0,0,32.6,32.1,0,1174.4,0.0308
1626.6,18.7,18.2,45.8,43.2,33.4,86.9,0.716,3.79,0.86,14.08,2,0,0,18.7,18.6,0,934.2,0.0655
2699.2,32.9,8.8,55.4,54.8,36.9,88.5,0.874,4.57,2.46,14.26,2,0,0,32.9,32.9,0,831.0,0.0783
2183.3,18.0,9.0,46.0,47.6,40.6,117.2,0.761,5.73,3.75,14.09,1,0,0,18.0,17.7,1,68.6,0.8496
5039.5,81.8,67.2,87.6,86.1,32.8,89.7,0.215,3.37,2.28,13.96,3,0,0,81.8,80.8,0,1331.0,0.0273
4849.3,106.5,74.2,81.4,78.9,45.6,119.0,0.703,8.5,5.16,13.71,4,0,0,106.5,106.9,1,34.8,0.7472
3395.3,90.8,21.6,57.2,55.2,34.9,88.0,0.718,0.87,2.25,14.14,5,0,0,90.8,91.7,0,771.2,0.0292
2694.6,44.4,14.8,47.1,46.4,36.9,120.9,0.819,3.89,6.69,14.06,3,0,0,44.4,43.6,1,22.1,0.924
3494.9,92.4,24.1,65.0,63.6,36.5,89.7,0.829,1.75,0.99,14.19,5,0,0,92.4,93.3,0,942.2,0.0775
3247.3,85.9,24.1,63.1,62.3,35.7,91.0,0.79,2.28,1.78,13.97,5,0,0,85.9,86.6,0,1254.9,0.0116
2313.0,36.7,15.0,41.9,43.9,34.5,86.1,0.32,3.77,2.33,14.06,3,0,0,36.7,36.7,0,711.6,0.02
4831.2,57.4,58.8,86.7,88.0,42.3,117.0,0.881,5.18,4.98,13.73,2,0,0,57.4,58.1,1,33.8,0.7777
3117.3,82.2,21.0,63.7,61.3,38.4,91.5,0.319,2.7,1.01,14.03,5,0,0,82.2,82.7,0,1472.4,0.0479
2609.6,20.6,15.7,57.1,76.5,30.8,94.6,0.093,26.28,16.83,14.08,1,0,0,20.6,20.8,2,116.9,0.6645
1193.5,0.0,2.0,31.5,48.2,31.4,91.1,0.19,18.92,8.75,14.27,0,0,0,0.0,0.0,2,63.4,0.8643
2460.2,28.0,13.1,61.1,61.9,29.4,90.2,0.826,3.78,0.53,14.12,2,0,0,28.0,28.5,0,1421.8,0.0255
4668.6,77.2,67.7,84.6,83.4,44.6,109.3,0.756,11.56,5.69,13.65,3,0,0,77.2,76.8,1,20.9,0.7919
2750.7,44.8,7.4,42.8,44.5,30.2,84.2,0.224,1.68,2.3,14.23,3,0,0,44.8,44.8,0,1192.6,0.0498
3869.3,103.4,16.1,60.4,59.3,35.2,84.1,0.348,1.08,0.47,14.1,5,0,0,103.4,105.1,0,1075.7,0.0773
2600.2,18.8,15.7,53.8,52.4,50.7,123.2,0.742,9.41,2.59,13.72,1,0,0,18.8,18.9,1,74.7,0.8809
1944.8,24.0,16.8,43.2,42.2,38.3,118.4,0.795,8.73,3.46,13.85,2,0,0,24.0,24.3,1,18.9,0.8073
3130.2,65.4,14.1,57.8,61.0,37.1,114.7,0.692,7.85,3.86,13.93,4,0,0,65.4,65.2,1,53.1,0.8283
3170.0,86.4,26.7,64.1,64.9,28.7,88.0,0.317,3.22,0.83,14.26,5,0,0,86.4,86.4,0,1113.2,0.0684
1042.0,0.0,2.4,32.0,34.0,32.5,82.4,0.861,6.24,0.79,14.02,0,0,0,0.0,0.0,0,1033.1,0.0248
1047.7,0.0,1.8,33.8,32.5,38.1,86.9,0.325,2.1,1.17,14.04,0,0,0,0.0,0.0,0,1045.6,0.0112
2513.1,44.6,6.7,48.7,46.8,43.3,115.3,0.776,5.03,3.79,13.76,3,0,0,44.6,44.2,1,58.8,0.9388
1043.7,0.0,2.0,41.0,35.5,35.9,85.5,0.86,-0.02,0.27,14.03,0,0,0,0.0,0.0,0,788.2,0.0673
2061.6,15.7,8.9,46.8,48.2,46.7,122.7,0.72,8.22,3.15,13.6,1,0,0,15.7,15.9,1,12.4,0.8587
3374.6,86.8,30.0,59.5,61.6,36.1,87.9,0.297,3.64,1.84,14.19,5,0,0,86.8,87.8,0,1185.9,0.0453
2350.5,30.8,12.1,49.2,45.2,29.8,79.9,0.317,3.24,1.53,14.06,2,0,0,30.8,31.1,0,855.0,0.0753
2536.3,42.9,11.8,47.2,44.2,36.5,82.8,0.302,0.4,1.68,14.31,3,0,0,42.9,43.2,0,1424.9,0.02
1888.2,15.5,8.7,41.7,40.5,38.0,87.5,0.313,4.5,0.94,14.17,1,0,0,15.5,15.2,0,1361.5,0.0579
1099.8,0.0,1.9,32.7,33.8,32.9,83.2,0.293,2.84,2.83,13.92,0,0,1,0.0,0.0,0,954.0,0.0661
2498.9,60.6,14.6,65.2,90.9,32.3,100.9,0.182,24.41,13.28,13.55,4,0,0,60.6,60.5,2,111.2,0.7504
850.0,0.0,2.3,36.2,59.7,36.1,92.7,0.134,16.95,14.28,14.44,0,0,0,0.0,0.0,2,58.5,0.676
2535.8,18.9,20.4,43.1,45.8,32.8,82.2,0.323,5.52,0.8,14.13,1,0,0,18.9,19.2,0,1352.3,0.0484
1902.1,14.3,14.3,48.9,48.4,37.4,92.7,0.778,0.84,2.52,14.43,1,0,0,14.3,14.2,0,1258.9,0.042
2540.3,18.9,8.1,39.6,44.8,29.5,85.7,0.326,1.84,0.98,14.14,1,0,0,18.9,18.5,0,1442.7,0.0149
4092.0,90.9,15.5,60.1,76.7,28.3,96.5,0.105,17.7,19.21,13.79,4,0,0,90.9,92.3,2,23.5,0.9124
1036.5,0.0,2.1,38.7,38.7,36.9,90.3,0.277,1.92,1.77,14.03,0,0,0,0.0,0.0,0,845.3,0.0789
3816.0,60.2,57.1,73.6,74.4,28.6,89.9,0.438,2.14,2.0,11.09,3,0,0,60.2,60.6,3,31.1,0.9669
2221.1,25.8,15.7,44.3,41.8,37.0,87.0,0.794,3.25,1.27,14.25,2,0,0,25.8,25.7,0,1152.0,0.0473
1078.8,0.0,2.0,33.2,32.7,35.0,83.7,0.333,2.17,0.73,14.0,0,0,0,0.0,0.0,0,1071.8,0.0772
1048.1,0.0,2.3,31.6,32.8,37.8,84.8,0.201,1.39,1.44,11.18,0,0,0,0.0,0.0,3,43.1,0.8068
3966.3,104.0,27.0,71.8,72.4,27.0,91.9,0.683,1.15,1.4,14.15,5,0,0,104.0,102.2,0,748.3,0.0625
2736.2,22.6,9.2,59.9,56.9,34.7,82.2,0.194,-1.54,2.09,14.36,1,0,0,22.6,22.5,0,1142.9,0.0221
1028.3,0.0,1.9,31.7,33.6,37.0,88.0,0.768,2.24,2.05,14.01,0,0,0,0.0,0.0,0,1478.3,0.0274
1017.0,0.0,1.9,39.4,36.1,36.4,85.8,0.243,1.6,3.63,14.04,0,0,0,0.0,0.0,0,1380.2,0.0793
1591.7,28.2,10.7,52.3,52.6,37.2,89.4,0.692,2.7,1.64,14.14,3,0,0,28.2,28.0,0,794.6,0.0417
4371.7,53.5,41.3,75.8,77.5,43.9,114.6,0.897,11.28,3.94,14.03,2,0,0,53.5,53.0,1,10.1,0.762
2807.1,21.5,17.0,45.0,43.1,46.4,116.4,0.848,5.7,5.24,13.93,1,0,0,21.5,21.6,1,60.1,0.8952
3288.7,70.2,19.7,59.6,60.2,36.4,83.6,0.806,2.11,0.99,14.11,4,0,0,70.2,71.4,0,762.4,0.0794
2838.9,76.4,27.7,60.3,61.1,31.1,87.4,0.22,-0.42,1.49,10.41,5,0,0,76.4,75.6,3,41.5,0.8661
4847.7,60.8,71.4,84.0,84.1,30.5,91.3,0.291,0.41,-0.08,14.37,2,0,0,60.8,61.2,0,1015.3,0.0376
5031.8,56.7,46.1,79.6,80.9,26.9,100.0,0.764,3.96,0.81,14.15,2,0,0,56.7,57.4,0,1188.4,0.029
999.6,0.0,1.9,27.5,30.1,35.1,87.6,0.705,2.4,2.35,14.0,0,0,0,0.0,0.0,0,1257.7,0.0427
2277.3,28.2,8.4,50.6,54.1,31.6,88.8,0.347,1.08,0.55,14.1,2,0,0,28.2,28.0,0,880.1,0.0695
2773.0,71.0,32.5,67.5,66.8,35.9,85.6,0.205,1.47,0.87,14.19,5,0,0,71.0,70.0,0,1380.7,0.059
1057.9,0.0,2.2,35.1,36.0,29.6,91.4,0.634,2.29,-0.1,9.61,0,0,0,0.0,0.0,3,4.6,0.9885
1827.5,16.9,11.7,42.3,44.6,37.1,92.9,0.336,3.04,1.61,14.27,1,0,0,16.9,16.7,0,789.2,0.0116
1108.0,0.0,2.1,30.6,33.2,36.3,86.8,0.264,2.56,2.19,14.13,0,0,0,0.0,0.0,0,1116.3,0.042
2560.7,30.5,8.8,53.7,51.2,38.5,87.8,0.752,2.33,2.11,14.03,2,0,0,30.5,30.2,0,999.9,0.0796
1038.1,0.0,2.1,33.0,34.7,48.2,118.3,0.869,5.31,5.15,13.58,0,0,0,0.0,0.0,1,17.6,0.9594
1375.9,28.6,18.7,36.8,65.8,26.3,93.6,0.097,15.48,12.72,13.83,3,0,0,28.6,28.7,2,71.3,0.7313
3872.3,100.4,29.7,60.8,60.9,28.8,84.2,0.77,2.71,0.4,14.25,5,0,0,100.4,100.9,0,1210.2,0.0384
2818.5,33.9,7.4,51.0,53.7,30.7,89.1,0.799,0.65,2.4,14.01,2,0,0,33.9,34.4,0,1340.3,0.0274
2358.8,38.5,18.1,52.4,51.1,31.7,87.9,0.805,3.76,2.68,14.09,3,0,0,38.5,38.2,0,779.7,0.0242
1054.9,0.0,2.2,34.3,31.0,33.3,87.9,0.264,2.66,0.24,14.0,0,0,0,0.0,0.0,0,761.9,0.0188
2514.6,28.1,17.2,43.4,48.4,36.7,80.9,0.871,1.12,0.09,14.23,2,0,0,28.1,27.8,0,710.7,0.0698
3020.1,25.2,14.2,53.2,56.2,38.2,88.1,0.246,0.7,1.46,14.2,1,0,0,25.2,25.5,0,1188.4,0.0657
3750.2,98.1,28.5,65.1,64.1,28.0,91.7,0.346,3.56,0.13,14.32,5,0,0,98.1,99.2,0,1177.0,0.0592
3001.9,81.4,20.0,64.1,65.0,38.4,87.2,0.802,4.12,0.84,14.12,5,0,0,81.4,82.3,0,961.2,0.0621
2345.2,16.3,15.4,46.6,43.8,32.1,95.1,0.244,-0.24,2.15,14.25,1,0,0,16.3,16.1,0,1453.4,0.04
2323.6,28.0,8.9,50.4,51.5,32.6,87.4,0.679,3.21,-0.63,10.69,2,0,0,28.0,27.9,3,36.1,0.8388
2965.4,33.4,16.1,43.1,42.8,38.0,91.9,0.21,-0.63,1.09,10.66,2,0,0,33.4,34.1,3,8.4,0.8483
1049.7,0.0,1.8,33.8,36.6,27.4,80.9,0.248,2.23,1.82,13.96,0,0,1,0.0,0.0,0,1271.3,0.0602
2775.4,22.3,15.1,41.8,41.1,36.8,83.7,0.291,2.58,1.39,13.86,1,0,0,22.3,21.9,0,1011.2,0.0153
1109.9,0.0,2.0,32.2,32.6,38.3,86.9,0.725,1.53,2.33,14.01,0,0,0,0.0,0.0,0,1005.0,0.0244
3842.0,50.0,69.5,83.2,84.7,36.6,92.0,0.256,0.92,1.57,14.16,2,0,0,50.0,49.1,0,1068.2,0.0149
2457.8,29.7,11.4,46.9,46.5,37.5,110.8,0.702,8.47,5.9,13.84,2,0,0,29.7,29.9,1,64.0,0.9122
2687.1,56.9,24.1,58.8,57.5,34.5,87.6,0.873,1.36,1.83,14.2,4,0,0,56.9,56.8,0,710.0,0.027
1017.3,0.0,2.2,39.0,69.3,29.5,94.2,0.19,17.8,13.74,13.92,0,0,0,0.0,0.0,2,23.4,0.7016
2197.2,25.1,12.0,54.2,51.9,31.2,89.6,0.397,-0.58,2.23,10.78,2,0,0,25.1,25.1,3,14.3,0.8101
4435.2,114.5,25.7,54.6,55.0,29.1,86.4,0.82,1.7,-0.4,14.13,5,0,0,114.5,116.3,0,1059.6,0.0262
1040.1,0.0,2.0,30.5,29.2,30.8,86.7,0.292,3.98,1.68,13.94,0,0,0,0.0,0.0,0,1283.5,0.0178
2962.2,50.0,15.2,35.2,37.5,28.8,88.6,0.714,1.88,2.51,14.2,3,0,0,50.0,50.0,0,1463.6,0.038
2811.1,31.5,9.6,47.3,49.6,26.8,92.2,0.245,1.69,1.72,14.31,2,0,0,31.5,30.9,0,1184.6,0.0323
3822.6,61.6,60.2,77.4,75.2,30.0,86.7,0.259,0.92,1.19,14.18,3,0,0,61.6,62.1,0,1107.5,0.0471
1065.9,0.0,2.1,33.1,32.4,30.5,91.6,0.275,-0.49,1.26,14.16,0,0,0,0.0,0.0,0,1372.6,0.0614
1076.7,0.0,2.1,32.7,59.1,35.1,95.0,0.194,19.11,12.93,14.11,0,0,1,0.0,0.0,2,94.8,0.7978
2652.6,32.4,21.7,51.1,49.5,35.1,95.6,0.209,2.09,0.85,14.14,2,0,0,32.4,32.9,0,938.7,0.0525
3875.6,101.6,32.7,63.4,64.5,34.8,91.9,0.276,2.44,0.23,14.31,5,0,0,101.6,102.1,0,1384.9,0.0621
2266.2,35.0,10.8,42.8,42.6,44.6,113.9,0.727,10.03,4.16,13.88,3,0,0,35.0,35.6,1,34.9,0.9386
3612.1,77.9,26.3,63.1,64.7,42.6,116.4,0.853,3.82,4.52,13.86,4,0,0,77.9,78.1,1,24.2,0.9324
2794.7,45.8,16.6,52.3,51.5,37.7,84.7,0.71,-0.41,1.55,13.98,3,0,0,45.8,45.7,0,1046.6,0.0518
4965.3,76.0,45.3,83.4,98.0,38.5,102.1,0.077,23.89,10.41,13.86,3,0,0,76.0,75.5,2,115.4,0.7848
2512.2,28.3,18.8,49.6,50.7,38.5,94.4,0.349,0.82,2.19,14.01,2,0,0,28.3,28.2,0,1196.1,0.0359
2521.5,40.6,12.2,40.2,40.7,32.2,90.7,0.222,0.03,1.64,14.11,3,0,0,40.6,41.1,0,739.0,0.0284
3952.3,67.6,67.5,75.9,76.8,32.3,90.3,0.237,3.03,-0.31,14.2,3,0,0,67.6,66.7,0,777.1,0.0441
1052.0,0.0,1.9,30.6,30.5,27.4,84.0,0.25,0.77,2.18,14.03,0,0,0,0.0,0.0,0,1221.2,0.0722
1235.0,0.0,1.9,32.7,54.3,33.2,96.4,0.135,23.84,12.99,14.03,0,0,0,0.0,0.0,2,25.2,0.8978
1041.2,0.0,2.2,32.4,35.5,38.9,113.3,0.781,3.52,4.23,13.96,0,0,0,0.0,0.0,1,12.6,0.8386
3390.5,79.3,26.0,58.6,84.5,28.3,97.4,0.179,14.12,15.92,13.97,5,0,0,79.3,79.5,2,87.7,0.721
3219.6,68.2,23.3,63.9,65.2,36.2,89.2,0.235,0.59,-0.57,14.2,4,0,0,68.2,67.6,0,1097.8,0.0117
1048.9,0.0,2.1,30.6,30.2,37.8,82.2,0.789,0.9,1.19,14.12,0,0,0,0.0,0.0,0,1134.9,0.0129
2370.4,27.4,16.5,50.6,50.2,34.3,87.6,0.28,0.71,0.95,14.14,2,0,0,27.4,27.1,0,1262.8,0.0251
4247.6,69.2,81.4,93.7,94.0,39.4,93.2,0.75,2.65,0.95,14.35,3,0,0,69.2,69.7,0,893.4,0.0229
2947.9,77.3,17.8,61.0,59.8,35.9,113.9,0.719,9.88,3.43,13.52,5,0,0,77.3,75.8,1,12.0,0.8017
989.7,0.0,2.4,33.2,53.4,38.4,99.9,0.08,21.27,14.46,13.82,0,0,0,0.0,0.0,2,35.6,0.7025
2868.7,47.4,18.2,44.2,42.9,28.3,87.7,0.345,-1.69,1.99,14.12,3,0,0,47.4,47.2,0,703.8,0.0223
1796.9,21.9,20.6,52.7,55.3,31.5,87.8,0.318,2.81,0.07,14.09,2,0,0,21.9,21.9,0,811.5,0.0774
990.9,0.0,2.0,28.5,30.8,37.6,84.9,0.297,2.11,-0.27,14.14,0,0,0,0.0,0.0,0,1305.4,0.069
2832.4,77.3,29.1,57.9,53.8,30.8,85.4,0.851,0.74,1.16,14.11,5,0,0,77.3,76.2,0,1393.8,0.0532
3755.6,95.7,31.9,67.5,67.3,33.4,86.2,0.236,1.69,2.82,14.28,5,0,0,95.7,96.4,0,1434.4,0.0235
2102.6,26.6,7.8,57.5,58.0,29.4,91.5,0.76,1.69,2.49,14.14,2,0,0,26.6,27.0,0,1198.9,0.0262
4632.8,52.7,79.4,81.2,83.8,37.3,86.7,0.744,1.8,0.97,14.49,2,0,0,52.7,51.8,0,1238.9,0.0296
2197.8,35.5,19.6,39.5,39.6,36.2,85.9,0.212,2.47,0.77,14.26,3,0,0,35.5,35.0,0,918.0,0.0177
3204.3,62.7,21.5,58.1,58.3,35.5,88.0,0.283,4.92,2.34,13.99,4,0,0,62.7,63.3,0,1338.5,0.0336
3475.8,90.5,16.4,60.4,59.9,36.0,93.0,0.308,4.73,1.49,14.26,5,0,0,90.5,91.3,0,728.1,0.0292
2322.3,26.0,15.0,46.2,45.2,42.6,113.5,0.671,12.32,5.65,13.79,2,0,0,26.0,25.8,1,12.7,0.9496
1074.7,0.0,1.9,31.4,32.4,31.2,89.1,0.836,3.62,2.28,14.12,0,0,0,0.0,0.0,0,1478.0,0.0479
2550.6,40.5,9.0,50.8,51.6,35.1,84.8,0.62,2.4,1.38,10.64,3,0,0,40.5,41.2,3,5.4,0.8142
3905.5,69.0,63.0,84.2,83.6,31.8,88.3,0.263,2.73,2.2,14.22,3,0,0,69.0,69.9,0,1117.1,0.0241
1059.7,0.0,2.0,35.5,34.6,28.8,88.1,0.829,4.15,2.17,14.12,0,0,0,0.0,0.0,0,817.2,0.0544
3881.4,104.2,30.2,60.8,61.5,38.8,92.3,0.272,1.88,2.76,14.35,5,0,0,104.2,105.9,0,782.5,0.0329
1041.5,0.0,2.4,36.7,38.5,33.3,89.0,0.786,3.5,1.48,13.99,0,0,0,0.0,0.0,0,839.4,0.0141
3249.5,88.7,18.8,58.7,77.5,32.6,100.0,0.105,17.65,15.39,13.62,5,0,0,88.7,90.0,2,67.5,0.8409
1053.0,0.0,2.2,33.3,33.1,34.0,83.8,0.277,3.84,-0.31,14.03,0,0,0,0.0,0.0,0,1025.5,0.0495
1005.4,0.0,2.4,41.3,37.6,38.2,89.1,0.581,1.12,1.46,11.55,0,0,1,0.0,0.0,3,39.4,0.9636
2315.5,28.8,13.2,51.7,73.2,38.2,91.1,0.068,19.41,18.01,13.92,2,0,0,28.8,29.3,2,90.5,0.7401
2427.3,18.9,19.0,41.0,42.5,39.1,88.3,0.696,4.87,2.22,14.06,1,0,0,18.9,18.5,0,1097.4,0.028
1025.1,0.0,2.3,41.0,38.6,33.7,88.5,0.324,0.93,2.24,13.98,0,0,0,0.0,0.0,0,1380.0,0.0385
1058.9,0.0,2.2,32.1,33.2,43.1,110.0,0.697,9.67,4.43,13.65,0,0,0,0.0,0.0,1,9.2,0.8764
1087.1,0.0,1.8,34.3,32.5,28.7,87.7,0.238,3.13,2.54,14.03,0,0,0,0.0,0.0,0,861.7,0.0145
4184.4,89.2,61.0,86.8,88.8,40.6,115.6,0.68,9.78,4.16,13.76,4,0,0,89.2,89.2,1,30.8,0.7574
5687.7,68.3,66.1,86.1,83.3,30.5,85.5,0.711,2.05,0.54,13.98,2,0,0,68.3,68.1,0,743.6,0.0692
2409.4,38.9,17.9,45.0,44.2,39.6,86.4,0.784,1.42,1.9,14.11,3,0,0,38.9,39.1,0,1404.2,0.0564
1086.7,0.0,1.8,32.1,33.5,30.4,86.6,0.707,0.7,1.25,13.99,0,0,0,0.0,0.0,0,1398.0,0.0316
2118.2,16.1,10.6,47.2,49.7,37.1,85.5,0.243,4.79,2.21,14.14,1,0,0,16.1,16.1,0,831.8,0.0209
933.4,0.0,2.3,38.0,57.2,32.6,98.3,0.058,17.55,18.52,13.93,0,0,0,0.0,0.0,2,29.4,0.7943
2228.7,26.7,20.0,45.8,44.5,35.1,83.8,0.301,1.28,-0.15,14.27,2,0,0,26.7,27.0,0,700.4,0.0619
900.2,0.0,1.9,31.4,55.2,33.7,92.3,0.142,21.37,11.74,14.3,0,0,0,0.0,0.0,2,34.4,0.8158
4320.6,91.9,42.8,91.5,90.5,26.7,89.0,0.863,2.83,0.92,14.29,4,0,0,91.9,92.8,0,1170.0,0.0776
3117.0,86.0,31.2,65.0,64.1,37.0,94.7,0.807,2.2,1.23,14.41,5,0,0,86.0,84.8,0,1166.7,0.0229
3013.7,80.2,26.8,56.7,58.6,35.4,90.9,0.32,3.88,1.47,14.15,5,0,0,80.2,80.9,0,939.6,0.0373
2075.4,35.8,7.7,49.3,48.5,29.6,91.7,0.786,1.48,1.05,14.02,3,0,0,35.8,35.6,0,1473.4,0.0713
1077.4,0.0,2.5,32.8,34.4,34.1,84.2,0.285,-0.12,2.77,14.01,0,0,0,0.0,0.0,0,1265.0,0.0266
2905.7,47.8,13.0,46.7,44.8,27.7,83.8,0.757,3.5,2.31,14.11,3,0,0,47.8,48.6,0,1160.7,0.0711
2064.0,27.3,13.0,60.2,89.8,35.4,88.2,0.188,19.67,16.23,13.99,2,0,0,27.3,27.7,2,46.2,0.6696
1006.7,0.0,2.0,33.6,33.4,37.3,87.7,0.337,-0.29,2.76,14.11,0,0,0,0.0,0.0,0,1132.0,0.0755
4014.9,110.9,22.9,64.4,66.7,33.3,81.8,0.762,4.75,1.86,14.28,5,0,0,110.9,108.7,0,921.2,0.0199
2020.2,30.5,18.4,57.4,87.1,38.4,94.4,0.148,23.97,13.86,13.78,2,0,0,30.5,30.0,2,110.2,0.7826
1016.4,0.0,2.1,33.3,29.9,36.0,121.7,0.687,9.49,2.35,13.97,0,0,0,0.0,0.0,1,59.2,0.9286
3436.5,89.8,18.6,49.8,52.2,35.7,84.5,0.316,2.25,2.23,14.13,5,0,0,89.8,90.2,0,898.6,0.0689
3398.9,73.6,33.9,57.5,55.8,38.8,90.9,0.219,2.71,1.07,14.34,4,0,0,73.6,75.0,0,1162.3,0.0518
1168.0,0.0,2.4,34.0,52.4,35.1,92.7,0.17,17.92,17.33,13.69,0,0,0,0.0,0.0,2,39.8,0.7534
3191.0,68.7,18.5,64.7,68.1,36.0,90.6,0.735,1.04,1.29,14.33,4,0,0,68.7,69.7,0,1225.5,0.0433
2400.8,38.6,14.1,37.7,37.5,38.8,87.9,0.825,2.31,1.4,14.18,3,0,0,38.6,39.2,0,878.5,0.0317
1027.2,0.0,2.2,29.0,32.2,30.3,87.9,0.694,2.2,2.42,14.23,0,0,1,0.0,0.0,0,968.9,0.0746
2356.5,20.4,7.8,50.8,83.0,29.2,84.2,0.144,15.57,15.93,13.88,1,0,0,20.4,20.3,2,112.0,0.8452
3187.5,88.2,29.0,63.9,64.7,38.1,85.2,0.813,1.34,1.3,14.02,5,0,0,88.2,86.7,0,921.1,0.0391
3067.2,80.0,24.8,53.8,58.2,32.9,83.9,0.562,-0.9,-1.03,10.47,5,0,0,80.0,80.2,3,44.9,0.8072
3253.5,85.3,28.7,57.4,55.6,26.4,86.0,0.804,4.47,1.03,13.94,5,0,0,85.3,84.8,0,1487.8,0.0332
2623.1,20.6,14.4,53.6,75.2,27.2,97.6,0.159,12.86,16.69,14.21,1,0,0,20.6,20.4,2,112.6,0.8712
1722.2,24.2,17.1,54.5,52.9,35.6,88.9,0.314,1.56,1.3,14.13,2,0,0,24.2,24.0,0,700.8,0.0583
1064.9,0.0,1.8,37.7,35.1,30.4,85.7,0.819,0.69,2.29,14.13,0,0,0,0.0,0.0,0,839.0,0.0694
1483.3,0.0,2.3,31.4,60.6,34.6,95.4,0.118,20.05,13.82,13.91,0,0,1,0.0,0.0,2,58.0,0.8845
3106.5,67.4,19.1,55.4,58.1,29.1,93.1,0.23,-0.86,2.57,14.21,4,0,0,67.4,67.8,0,978.5,0.0225
4072.6,108.0,15.1,63.4,62.4,33.7,84.5,0.326,2.62,1.01,14.13,5,0,0,108.0,109.4,0,1325.6,0.0562
2435.7,41.2,6.2,49.7,53.5,35.1,89.0,0.256,2.76,1.25,14.04,3,0,0,41.2,41.3,0,993.0,0.0448
2910.8,35.2,20.1,42.1,43.5,37.5,91.9,0.331,-0.13,2.71,14.16,2,0,0,35.2,35.8,0,1423.1,0.0103
2256.3,28.1,21.3,43.1,42.3,35.4,86.7,0.198,1.45,1.42,14.19,2,0,0,28.1,28.4,0,825.4,0.0395
3074.9,37.2,6.9,45.4,43.3,45.6,120.3,0.829,1.45,2.9,14.06,2,0,0,37.2,36.9,1,21.0,0.893
1065.0,0.0,2.2,37.6,38.8,31.3,82.1,0.299,3.4,3.06,14.06,0,0,0,0.0,0.0,0,1479.4,0.037
1025.2,0.0,2.0,29.7,31.1,30.3,87.3,0.835,1.67,1.14,13.95,0,0,0,0.0,0.0,0,1483.3,0.0237
3972.4,102.3,31.5,55.0,54.3,34.9,76.3,0.331,3.11,1.66,14.08,5,0,0,102.3,100.6,0,1374.3,0.0688
2507.1,28.9,19.2,55.9,55.6,41.3,120.1,0.724,5.56,3.75,13.64,2,0,0,28.9,28.5,1,8.1,0.8675
990.8,0.0,2.2,29.7,31.9,46.4,124.1,0.678,4.58,4.93,14.04,0,0,0,0.0,0.0,1,52.6,0.8362
4136.5,69.5,71.9,79.4,80.8,34.2,88.7,0.745,1.51,2.21,14.29,3,0,0,69.5,68.6,0,1410.1,0.0792
3709.8,77.5,25.8,53.3,56.1,27.3,83.4,0.711,2.62,2.81,14.16,4,0,0,77.5,78.3,0,1183.1,0.0454
1056.0,0.0,2.1,39.0,36.4,34.4,81.1,0.615,3.3,1.81,11.04,0,0,0,0.0,0.0,3,13.2,0.9726
3726.6,97.4,27.4,66.3,64.5,37.9,87.4,0.879,2.21,0.87,14.25,5,0,0,97.4,97.8,0,1456.4,0.0446
3209.7,68.6,28.6,63.0,81.2,31.7,95.0,0.071,20.63,13.58,13.96,4,0,0,68.6,67.2,2,45.2,0.7234
1173.4,0.0,2.2,33.1,61.6,36.4,94.3,0.163,21.3,11.85,13.63,0,0,0,0.0,0.0,2,80.3,0.8754
4919.7,77.8,82.8,80.4,98.0,34.5,94.7,0.191,12.32,10.6,13.87,3,0,0,77.8,79.3,2,47.9,0.7777
2744.1,19.8,7.4,42.8,41.1,37.6,85.3,0.262,3.11,0.79,14.1,1,0,0,19.8,19.9,0,1397.6,0.0648
2917.4,21.1,9.1,46.0,66.8,28.1,97.4,0.126,23.23,15.06,14.25,1,0,0,21.1,21.4,2,42.6,0.8606
2572.6,21.0,20.7,42.4,70.7,34.1,91.9,0.055,18.53,13.77,14.02,1,0,0,21.0,21.4,2,28.6,0.7351
1073.1,0.0,2.2,36.9,38.4,30.7,89.9,0.184,0.86,1.48,13.99,0,0,0,0.0,0.0,0,1015.9,0.0427
1021.4,0.0,2.2,31.2,33.0,39.7,88.2,0.769,0.47,0.84,14.17,0,0,1,0.0,0.0,0,1128.6,0.0628
2658.9,32.7,15.4,40.8,42.9,30.0,92.8,0.787,1.74,2.05,14.2,2,0,0,32.7,32.2,0,918.4,0.0447
5088.2,109.8,58.9,94.1,89.7,31.2,83.6,0.866,1.42,1.14,14.16,4,0,0,109.8,109.5,0,1283.7,0.0141
1069.6,0.0,1.8,30.2,29.8,37.2,85.5,0.342,0.99,2.3,13.99,0,0,0,0.0,0.0,0,1463.8,0.0715
4661.1,55.2,75.2,83.1,86.3,28.1,89.0,0.696,1.8,2.15,14.16,2,0,0,55.2,56.0,0,1360.3,0.0109
1053.1,0.0,2.1,32.6,35.1,27.4,87.2,0.267,1.13,1.3,14.04,0,0,0,0.0,0.0,0,712.7,0.02
1052.9,0.0,1.9,30.9,33.1,31.9,86.6,0.303,3.08,2.08,14.1,0,0,1,0.0,0.0,0,909.3,0.026
2453.7,29.7,11.4,39.4,39.7,38.2,83.5,0.235,1.65,3.04,14.24,2,0,0,29.7,30.0,0,1127.4,0.0758
1473.4,23.3,17.7,54.2,52.2,34.2,111.9,0.887,7.04,4.74,14.0,3,0,0,23.3,23.5,1,66.7,0.9323
1077.5,0.0,2.4,37.1,37.0,31.4,86.7,0.688,-0.09,0.95,10.32,0,0,0,0.0,0.0,3,44.4,0.9251
3104.5,85.0,20.3,62.6,63.4,33.3,89.2,0.836,3.51,-0.09,13.99,5,0,0,85.0,84.6,0,1288.6,0.034
3470.7,91.7,19.5,60.2,62.5,33.2,91.2,0.284,3.54,2.37,14.35,5,0,0,91.7,91.8,0,1203.6,0.0601
2359.9,26.8,6.5,58.1,56.8,34.8,89.6,0.794,2.28,2.73,13.98,2,0,0,26.8,26.4,0,998.4,0.079
1029.9,0.0,2.0,31.4,30.7,37.1,112.1,0.724,4.2,5.39,13.78,0,0,0,0.0,0.0,1,51.6,0.7381
3552.1,76.6,35.0,59.4,59.0,35.2,115.9,0.88,8.35,5.37,13.84,4,0,0,76.6,75.9,1,68.0,0.9323
2494.9,40.2,16.7,38.0,39.9,32.5,86.9,0.249,0.92,1.73,10.88,3,0,0,40.2,39.7,3,17.6,0.9795
2354.9,39.6,16.0,50.5,51.1,32.0,86.7,0.287,3.27,1.61,14.24,3,0,0,39.6,38.9,0,724.9,0.0351
1058.8,0.0,2.0,33.9,33.0,33.8,87.1,0.607,0.47,1.58,10.0,0,0,0,0.0,0.0,3,10.3,0.8665
3656.6,95.9,19.0,59.4,60.5,32.4,85.6,0.23,2.22,1.64,14.17,5,0,0,95.9,96.2,0,1363.7,0.0752
2442.1,18.7,13.9,41.4,45.3,39.1,123.9,0.823,6.67,4.88,13.49,1,0,0,18.7,18.5,1,35.8,0.7828
3848.8,83.5,32.1,66.7,67.3,34.2,88.7,0.863,2.68,0.3,14.02,4,0,0,83.5,84.0,0,910.9,0.0186
2312.8,38.5,10.5,54.6,77.2,31.7,94.9,0.16,20.53,14.39,14.04,3,0,0,38.5,37.9,2,37.9,0.7552
3780.9,64.0,74.3,85.8,86.7,31.7,86.5,0.723,0.89,2.46,14.19,3,0,0,64.0,63.5,0,1044.4,0.0505
3702.2,41.8,76.0,83.3,84.4,40.0,119.4,0.818,4.65,4.22,13.83,2,0,0,41.8,42.3,1,56.9,0.7762
3770.4,46.1,62.9,83.8,98.0,37.6,90.1,0.14,21.7,15.23,13.86,2,0,0,46.1,46.3,2,65.5,0.7002
1090.3,0.0,2.5,32.9,32.5,31.1,88.1,0.792,-0.15,2.02,14.02,0,0,0,0.0,0.0,0,1476.5,0.0578
3773.7,81.2,33.5,73.1,71.4,33.0,89.5,0.311,6.07,0.88,14.29,4,0,0,81.2,82.5,0,973.8,0.054
3020.7,46.2,13.2,39.2,62.1,34.4,90.3,0.125,15.71,15.2,13.87,3,0,0,46.2,46.8,2,83.6,0.7047
3289.3,87.1,16.1,71.4,68.0,37.9,88.6,0.332,1.09,1.45,14.17,5,0,0,87.1,85.6,0,1414.7,0.0325
1068.0,0.0,2.1,36.9,34.8,35.2,86.0,0.777,2.73,0.95,13.97,0,0,0,0.0,0.0,0,1123.2,0.0508
2800.8,35.1,17.2,43.3,43.0,34.0,90.7,0.218,1.32,1.65,14.26,2,0,0,35.1,35.5,0,775.0,0.0488
2069.6,15.0,16.9,39.0,41.9,33.1,87.6,0.693,0.72,2.52,14.33,1,0,0,15.0,14.9,0,1187.0,0.0254
5029.3,86.2,72.4,77.6,80.5,30.8,84.3,0.764,1.7,1.87,14.11,3,0,0,86.2,84.9,0,712.8,0.0363
3781.8,83.1,24.0,58.1,57.8,38.8,84.2,0.751,1.42,1.35,14.24,4,0,0,83.1,81.6,0,1015.2,0.057
2450.0,19.1,12.6,38.7,37.7,32.1,94.2,0.217,3.15,1.19,14.28,1,0,0,19.1,18.9,0,1348.9,0.0613
3103.4,39.1,15.8,35.1,35.3,32.0,90.6,0.319,0.22,2.73,14.19,2,0,0,39.1,38.4,0,1155.0,0.0596
1171.0,0.0,1.8,28.9,60.4,28.9,93.3,0.068,23.68,12.05,14.07,0,0,0,0.0,0.0,2,110.3,0.7555
3236.9,86.6,30.8,57.9,59.6,36.2,86.3,0.392,3.88,1.97,9.8,5,0,0,86.6,87.5,3,20.4,0.8843
3935.4,83.6,24.0,56.9,56.9,45.9,116.6,0.71,7.75,3.59,14.06,4,0,0,83.6,84.5,1,47.5,0.9388
2708.2,72.4,14.1,62.4,67.7,38.6,90.3,0.751,-1.34,0.18,14.15,5,0,0,72.4,72.1,0,1477.6,0.0236
2725.1,71.9,29.8,60.4,61.9,35.4,89.6,0.327,-0.3,0.37,10.53,5,0,0,71.9,73.1,3,41.5,0.8013
3051.4,25.5,16.6,51.6,46.8,27.3,89.1,0.277,1.67,2.2,14.05,1,0,0,25.5,25.6,0,1290.8,0.0173
2800.7,73.8,27.6,52.9,54.1,30.0,90.6,0.336,0.44,1.53,14.09,5,0,0,73.8,72.8,0,1164.1,0.0388
2962.8,21.2,20.4,65.8,63.4,29.9,83.8,0.217,-0.61,1.52,11.08,1,0,0,21.2,20.9,3,17.5,0.8177
4739.4,56.6,73.8,84.9,98.0,35.0,101.0,0.077,15.23,12.6,13.48,2,0,0,56.6,57.1,2,62.2,0.7243
2076.7,31.3,12.2,50.9,48.3,42.3,109.9,0.814,5.83,3.52,13.93,3,0,0,31.3,31.5,1,46.7,0.7954
1012.3,0.0,2.2,35.0,36.5,39.5,118.3,0.739,10.95,2.42,13.8,0,0,0,0.0,0.0,1,69.5,0.9287
2870.6,35.5,13.5,46.2,42.9,35.3,87.7,0.691,3.36,0.71,14.14,2,0,0,35.5,35.8,0,1329.7,0.0722
2138.0,27.7,12.3,45.0,46.3,35.6,88.3,0.791,1.22,0.73,14.19,2,0,0,27.7,28.2,0,1288.9,0.0642
2904.5,35.4,9.7,39.2,40.9,38.1,116.6,0.823,7.25,2.93,14.1,2,0,0,35.4,34.9,1,50.6,0.7908
1040.5,0.0,1.8,34.9,34.2,35.7,89.3,0.832,0.63,2.65,14.09,0,0,0,0.0,0.0,0,1024.2,0.0538
2245.2,19.9,8.3,45.9,48.1,33.9,93.1,0.855,2.94,1.2,14.17,1,0,0,19.9,19.6,0,756.1,0.0453
3414.9,91.8,16.7,63.0,96.9,27.8,91.6,0.111,19.04,15.02,13.83,5,0,0,91.8,92.1,2,96.0,0.8553
2541.6,18.7,21.6,45.0,72.4,28.4,94.9,0.083,18.8,16.75,14.08,1,0,0,18.7,18.6,2,30.1,0.7685
1571.8,19.9,11.1,42.2,43.4,29.9,85.9,0.309,3.61,0.65,14.18,2,0,0,19.9,20.1,0,922.5,0.0422
1289.1,0.0,2.1,33.7,63.2,38.0,96.5,0.189,18.75,14.1,13.82,0,0,1,0.0,0.0,2,23.3,0.6608
4110.7,49.4,69.2,89.9,98.0,31.4,93.2,0.19,22.82,11.94,13.56,2,0,0,49.4,48.9,2,108.4,0.8726
2146.7,26.0,14.2,47.3,48.7,44.7,114.2,0.821,8.25,3.12,13.78,2,0,0,26.0,25.9,1,47.7,0.942
3573.1,79.0,33.6,64.7,63.8,35.2,82.8,0.877,0.86,1.97,14.04,4,0,0,79.0,80.3,0,1152.3,0.0324
1019.2,0.0,1.9,37.1,35.9,30.3,87.2,0.193,0.88,2.04,14.16,0,0,0,0.0,0.0,0,1354.2,0.0446
1043.2,0.0,2.2,33.3,36.2,33.9,86.8,0.737,1.21,2.02,14.05,0,0,0,0.0,0.0,0,744.6,0.0641
3561.9,92.9,32.5,57.5,59.3,30.0,91.1,0.345,3.78,1.62,14.01,5,0,0,92.9,94.7,0,1245.9,0.0147
3445.7,74.7,23.8,62.0,61.7,30.6,87.9,0.724,1.65,1.05,14.31,4,0,0,74.7,74.0,0,1269.2,0.0389
3856.3,83.4,14.5,53.4,56.3,35.8,87.8,0.184,3.35,1.38,14.22,4,0,0,83.4,83.8,0,750.1,0.0576
1031.7,0.0,2.1,36.5,35.8,24.7,83.7,0.697,-0.26,0.76,14.09,0,0,0,0.0,0.0,0,1065.7,0.0107
3627.4,93.9,32.7,59.2,56.1,33.6,89.7,0.328,3.82,3.28,10.97,5,0,0,93.9,93.0,3,10.0,0.8371
3008.6,66.5,15.7,57.0,63.0,37.6,84.9,0.268,1.11,2.14,14.1,4,0,0,66.5,67.1,0,1375.7,0.0545
2649.1,30.9,14.9,48.8,49.7,46.4,112.1,0.668,11.33,4.38,13.98,2,0,0,30.9,31.4,1,26.7,0.9595
3592.3,92.4,24.4,59.0,62.0,39.5,112.9,0.7,6.03,3.4,13.66,5,0,0,92.4,92.4,1,28.7,0.8812
2284.2,26.5,16.6,45.0,44.5,32.3,83.6,0.256,0.81,2.95,14.05,2,0,0,26.5,26.0,0,1433.4,0.0665
1037.3,0.0,2.1,31.5,32.3,32.9,81.0,0.253,0.2,0.78,10.89,0,0,0,0.0,0.0,3,32.8,0.9458
2433.5,15.9,11.6,47.2,46.3,29.9,91.9,0.307,4.62,0.29,13.92,1,0,0,15.9,15.6,0,719.9,0.0467
1027.9,0.0,2.2,40.6,35.2,28.0,85.8,0.219,1.14,3.34,14.09,0,0,1,0.0,0.0,0,1058.0,0.0646
2189.7,27.7,15.6,51.9,78.7,29.0,89.9,0.061,20.41,15.22,13.57,2,0,0,27.7,27.5,2,90.1,0.7353
2259.9,36.2,21.8,51.8,51.0,29.7,91.1,0.304,3.55,3.21,14.2,3,0,0,36.2,36.9,0,960.4,0.0422
1076.5,0.0,2.4,36.5,33.4,49.0,107.1,0.669,3.91,4.69,13.85,0,0,0,0.0,0.0,1,8.5,0.8907
1890.8,22.4,12.5,58.9,57.6,29.6,90.2,0.246,1.76,2.69,14.04,2,0,0,22.4,22.8,0,1463.9,0.0132
1629.0,29.2,17.7,49.5,77.9,33.9,94.6,0.2,14.69,12.34,13.95,3,0,0,29.2,29.5,2,42.4,0.7618
2166.5,14.5,6.5,46.1,47.0,36.4,83.0,0.797,-0.13,1.96,14.46,1,0,0,14.5,14.2,0,1200.0,0.0372
2957.9,63.7,14.2,49.9,52.4,34.7,121.1,0.746,5.13,6.19,13.84,4,0,0,63.7,64.5,1,51.8,0.9556
1099.2,0.0,1.9,38.6,36.2,37.4,87.7,0.751,0.76,3.33,14.04,0,0,0,0.0,0.0,0,1073.9,0.0166
2074.5,27.1,9.7,57.8,54.6,41.6,109.5,0.87,9.02,3.22,14.03,2,0,0,27.1,27.3,1,17.1,0.8756
1018.8,0.0,2.2,31.0,59.3,37.4,87.6,0.113,15.43,13.99,14.0,0,0,1,0.0,0.0,2,103.4,0.7444
1065.5,0.0,2.3,35.3,34.4,34.1,92.0,0.772,3.43,2.12,13.97,0,0,1,0.0,0.0,0,944.3,0.0317
4827.6,81.5,81.6,77.9,78.3,39.1,119.0,0.778,5.0,5.17,13.62,3,0,0,81.5,82.6,1,29.5,0.954
1059.1,0.0,2.2,31.8,33.6,34.0,88.4,0.724,2.39,1.0,14.17,0,0,0,0.0,0.0,0,1131.7,0.0478
2495.2,14.5,16.1,51.6,71.1,33.5,96.5,0.1,18.08,12.84,13.79,1,0,0,14.5,14.4,2,22.3,0.8242
2201.2,25.2,16.3,50.8,52.0,31.9,85.9,0.86,0.61,0.92,14.34,2,0,0,25.2,24.8,0,1418.7,0.0136
3935.7,49.8,84.7,72.4,98.0,28.6,97.0,0.187,14.16,13.72,14.1,2,0,0,49.8,50.5,2,36.2,0.711
1946.9,14.7,7.2,44.3,70.7,34.1,91.6,0.121,19.28,12.22,13.67,1,0,0,14.7,14.8,2,28.0,0.7714
1937.7,32.4,22.0,49.6,47.0,37.9,89.5,0.239,1.61,2.68,14.37,3,0,0,32.4,32.5,0,1095.4,0.0629
1044.4,0.0,2.3,27.0,27.7,40.3,86.6,0.342,1.79,1.46,13.93,0,0,0,0.0,0.0,0,1114.9,0.0741
2930.7,78.1,34.5,59.4,60.4,36.9,86.2,0.717,1.36,1.54,14.16,5,0,0,78.1,77.3,0,894.3,0.0166
954.1,0.0,2.4,39.8,66.3,34.0,97.5,0.083,15.83,13.09,13.99,0,0,0,0.0,0.0,2,118.7,0.6539
2740.0,32.4,19.6,47.1,47.5,37.8,86.9,0.805,3.76,1.29,14.1,2,0,0,32.4,32.8,0,737.2,0.0697
2597.5,32.2,12.2,40.3,40.2,34.1,87.0,0.694,3.12,2.84,14.1,2,0,0,32.2,31.8,0,1284.6,0.0287
2988.5,43.2,15.7,49.9,80.4,37.1,90.1,0.155,23.08,12.77,13.86,3,0,0,43.2,43.2,2,98.4,0.8661
2650.8,41.0,6.7,55.1,54.2,27.1,92.4,0.775,4.57,1.69,14.19,3,0,0,41.0,41.2,0,832.7,0.0379
1024.7,0.0,2.0,30.8,28.6,44.6,116.7,0.865,9.88,1.44,13.87,0,0,0,0.0,0.0,1,43.0,0.7679
2140.4,25.7,8.4,47.0,46.5,36.4,85.4,0.804,3.67,1.84,14.13,2,0,0,25.7,25.3,0,811.6,0.0243
1045.5,0.0,1.9,38.9,39.5,37.2,84.3,0.305,0.61,1.65,14.11,0,0,0,0.0,0.0,0,1326.6,0.021
2549.3,17.4,16.4,44.4,67.9,34.1,92.7,0.1,19.69,12.6,13.97,1,0,0,17.4,17.5,2,20.3,0.7479
1035.0,0.0,2.4,38.0,35.6,29.5,84.6,0.245,0.33,2.29,14.01,0,0,0,0.0,0.0,0,1313.4,0.075
2013.7,21.6,6.6,49.9,52.0,39.5,88.6,0.725,1.3,1.22,14.02,2,0,0,21.6,22.0,0,884.2,0.0786
2574.9,43.3,9.2,52.2,84.6,35.5,91.0,0.102,22.7,12.54,14.25,3,0,0,43.3,42.8,2,100.3,0.6518
3404.4,73.7,34.1,69.7,69.6,34.9,92.3,0.872,1.27,1.68,14.2,4,0,0,73.7,72.4,0,1258.6,0.014
4322.5,73.8,80.6,76.1,77.6,31.4,91.7,0.293,1.29,2.26,10.73,3,0,0,73.8,73.4,3,16.5,0.9515
1099.7,0.0,2.0,35.5,40.1,32.1,89.6,0.477,2.52,0.94,10.83,0,0,0,0.0,0.0,3,40.9,0.9161
2596.4,30.9,11.6,43.8,43.5,30.0,79.8,0.741,2.75,2.71,14.22,2,0,0,30.9,30.8,0,979.0,0.0632
2317.6,26.4,18.7,52.3,50.0,29.6,86.6,0.207,4.3,2.21,14.09,2,0,0,26.4,26.4,0,838.7,0.0134
1102.9,0.0,1.9,31.4,30.4,46.6,108.0,0.872,5.57,4.07,13.64,0,0,1,0.0,0.0,1,23.7,0.777
2397.3,17.2,18.1,56.2,56.4,37.3,87.0,0.733,0.67,1.31,13.9,1,0,0,17.2,17.4,0,1470.7,0.0685
2279.6,37.0,17.3,58.3,57.4,30.8,86.2,0.239,3.96,1.88,14.27,3,0,0,37.0,36.5,0,794.7,0.0471
2722.0,20.9,20.4,43.3,44.1,42.9,111.1,0.735,8.77,4.79,13.9,1,0,0,20.9,21.0,1,10.1,0.7538
4232.2,48.2,48.5,86.7,88.2,32.2,89.0,0.774,1.74,2.25,13.95,2,0,0,48.2,48.9,0,839.8,0.026
1515.4,0.0,2.3,34.6,55.9,27.3,94.9,0.104,12.9,9.12,13.74,0,0,0,0.0,0.0,2,83.2,0.8514
4990.1,60.9,75.1,86.4,82.9,29.2,89.8,0.202,1.6,1.84,14.0,2,0,0,60.9,60.5,0,806.8,0.067
2774.2,36.2,15.8,48.2,48.6,36.3,86.9,0.261,3.59,1.02,13.88,2,0,0,36.2,36.3,0,934.4,0.0497
1039.4,0.0,2.1,32.5,34.0,39.1,80.4,0.852,1.3,1.2,13.98,0,0,1,0.0,0.0,0,1065.6,0.0253
2523.8,39.0,20.4,46.4,46.4,39.4,91.5,0.286,0.27,2.03,10.42,3,0,0,39.0,38.6,3,13.7,0.9069
2278.1,18.6,18.4,46.4,44.4,37.8,122.0,0.683,7.08,4.2,13.6,1,0,0,18.6,18.9,1,25.8,0.897
4812.9,55.2,69.8,74.6,98.0,32.0,97.4,0.175,20.78,9.92,14.59,2,0,0,55.2,55.9,2,111.9,0.7533
2208.8,23.5,9.4,37.2,40.4,38.7,92.8,0.323,3.64,1.43,14.18,2,0,0,23.5,23.9,0,1208.9,0.0757
4123.5,70.8,59.9,91.4,91.5,29.4,97.0,0.785,3.2,1.53,14.42,3,0,0,70.8,69.8,0,910.3,0.0469
3505.5,95.1,19.1,65.3,62.3,37.8,84.9,0.233,0.47,1.44,14.04,5,0,0,95.1,96.1,0,1130.8,0.0243
1018.6,0.0,2.0,34.6,32.6,36.3,85.2,0.721,2.78,3.41,14.07,0,0,0,0.0,0.0,0,947.1,0.0607
1065.5,0.0,2.4,29.8,32.8,36.6,88.1,0.699,2.6,0.55,14.05,0,0,0,0.0,0.0,0,1052.4,0.0232
4881.9,61.2,61.4,79.5,76.4,47.8,116.8,0.71,5.03,3.36,14.09,2,0,0,61.2,62.0,1,20.3,0.8387
1065.6,0.0,2.3,38.0,35.4,33.4,87.1,0.783,1.86,1.93,13.97,0,0,0,0.0,0.0,0,704.6,0.0517
1124.1,0.0,2.3,34.1,33.6,38.9,87.2,0.544,0.35,0.36,10.84,0,0,0,0.0,0.0,3,32.1,0.9541
1055.2,0.0,2.3,34.7,35.3,34.4,84.6,0.762,0.89,0.65,13.99,0,0,0,0.0,0.0,0,1001.2,0.0396
1045.3,0.0,1.9,30.0,32.5,33.4,84.3,0.488,-1.84,2.22,9.85,0,0,0,0.0,0.0,3,35.6,0.8308
1847.6,20.6,21.3,48.5,47.2,30.5,89.8,0.836,0.77,2.16,14.1,2,0,0,20.6,20.6,0,1317.5,0.0784
2178.6,24.3,11.7,47.1,48.2,36.4,88.5,0.295,-1.06,1.22,14.16,2,0,0,24.3,24.8,0,1394.1,0.0486
2774.6,46.8,9.7,41.4,41.0,30.6,89.8,0.234,-0.75,0.57,14.02,3,0,0,46.8,46.4,0,924.9,0.0582
2433.4,28.2,12.1,52.3,49.5,37.3,86.6,0.311,2.01,2.36,14.22,2,0,0,28.2,28.0,0,1317.9,0.0115
3242.8,86.5,27.2,70.8,69.4,27.7,82.7,0.793,3.35,1.69,14.28,5,0,0,86.5,87.3,0,1230.9,0.0434
1896.4,14.4,7.4,47.4,47.1,32.2,86.9,0.729,2.28,0.3,14.28,1,0,0,14.4,14.5,0,1222.3,0.0132
2016.0,23.0,11.9,54.4,52.8,37.6,86.2,0.301,5.37,0.71,13.95,2,0,0,23.0,22.5,0,1273.9,0.0777
2164.9,25.8,8.4,56.7,55.2,33.8,114.2,0.83,9.8,3.65,14.14,2,0,0,25.8,25.6,1,67.6,0.9374
3329.5,75.1,21.5,57.7,60.0,37.2,116.5,0.773,7.77,4.92,14.12,4,0,0,75.1,73.7,1,26.9,0.8059
3311.4,86.4,26.6,63.0,92.0,36.6,95.8,0.088,15.53,15.06,14.21,5,0,0,86.4,86.6,2,73.7,0.6712
3345.2,87.7,30.5,70.9,71.4,32.9,82.0,0.305,1.88,1.65,14.12,5,0,0,87.7,88.4,0,1328.0,0.0414
2453.8,41.7,17.3,50.0,48.3,41.2,112.3,0.659,9.27,1.75,13.77,3,0,0,41.7,42.1,1,21.9,0.8275
3753.1,84.6,34.1,53.0,54.2,32.5,88.2,0.195,0.44,1.65,14.27,4,0,0,84.6,85.7,0,1175.0,0.0296
2351.7,38.0,9.4,49.7,49.0,30.7,89.4,0.747,-0.44,2.68,14.2,3,0,0,38.0,38.1,0,717.9,0.0432
1038.4,0.0,2.5,34.1,34.1,38.4,82.9,0.326,1.77,1.87,13.98,0,0,1,0.0,0.0,0,1189.1,0.0139
1024.9,0.0,2.4,39.1,37.6,37.0,84.6,0.34,-0.09,1.05,13.97,0,0,0,0.0,0.0,0,1458.4,0.0672
2286.6,26.9,14.0,32.1,34.8,29.8,89.6,0.728,1.02,1.73,14.07,2,0,0,26.9,26.8,0,729.5,0.045
1074.3,0.0,1.9,30.8,32.6,29.8,86.2,0.316,2.85,3.84,14.04,0,0,0,0.0,0.0,0,833.4,0.0471
3581.6,75.2,20.2,66.7,64.4,38.0,85.7,0.698,0.39,2.17,14.07,4,0,0,75.2,75.0,0,874.6,0.0176
2062.9,32.7,16.1,48.1,46.8,42.6,116.3,0.863,7.06,5.15,13.89,3,0,0,32.7,32.8,1,31.4,0.8317
1054.8,0.0,2.0,27.7,30.8,42.9,114.3,0.793,5.39,4.85,14.14,0,0,0,0.0,0.0,1,14.2,0.7248
2136.1,15.7,18.9,50.1,53.0,31.1,86.9,0.571,-0.53,1.78,11.33,1,0,0,15.7,16.0,3,27.0,0.9699
1901.3,14.4,11.1,32.2,32.1,42.9,113.2,0.852,8.34,5.42,14.12,1,0,0,14.4,14.5,1,46.5,0.924
2473.2,29.0,17.5,50.6,50.7,26.0,87.8,0.732,1.68,1.46,14.07,2,0,0,29.0,28.5,0,751.9,0.0578
3000.4,83.0,34.7,64.4,88.3,32.8,90.8,0.131,17.37,15.17,14.13,5,0,0,83.0,83.9,2,100.7,0.6866
1240.5,0.0,2.3,38.1,61.5,27.8,93.5,0.16,16.66,18.05,14.08,0,0,0,0.0,0.0,2,107.8,0.6648
2832.2,35.3,19.1,43.0,43.1,33.3,83.5,0.291,0.11,1.7,14.03,2,0,0,35.3,36.0,0,1372.9,0.0155
1092.9,0.0,2.3,31.2,30.6,33.7,87.6,0.798,3.02,1.31,14.08,0,0,0,0.0,0.0,0,862.7,0.0126
2113.0,27.4,19.7,43.8,40.3,27.2,85.1,0.667,1.9,0.7,11.54,2,0,0,27.4,27.5,3,9.8,0.949
3700.3,97.9,21.1,62.5,60.2,35.2,94.9,0.276,2.31,1.48,14.03,5,0,0,97.9,96.3,0,1018.2,0.039
1063.0,0.0,2.4,27.3,31.5,35.3,89.2,0.347,-0.52,2.3,10.99,0,0,0,0.0,0.0,3,11.0,0.9685
2780.5,19.4,20.3,48.9,48.4,29.2,83.5,0.287,2.48,1.47,14.06,1,0,0,19.4,19.3,0,830.0,0.038
1099.5,0.0,2.4,32.5,32.4,32.0,84.9,0.295,2.04,1.16,14.17,0,0,1,0.0,0.0,0,822.6,0.0206
2707.0,21.5,7.6,46.6,47.4,33.6,89.0,0.689,1.0,1.58,14.26,1,0,0,21.5,21.7,0,1334.0,0.0297
4733.9,61.3,54.2,78.4,76.6,34.9,92.5,0.804,3.43,1.02,14.19,2,0,0,61.3,60.9,0,1171.8,0.031
2098.8,24.2,6.2,43.2,64.5,36.3,93.4,0.151,17.22,12.92,14.06,2,0,0,24.2,23.9,2,59.3,0.6803
3454.3,93.2,19.1,51.8,54.7,38.7,88.1,0.587,0.76,3.18,10.23,5,0,0,93.2,95.0,3,26.6,0.8512
3376.1,73.7,21.9,53.9,57.5,35.8,86.0,0.801,0.18,1.52,14.13,4,0,0,73.7,74.4,0,1180.1,0.0101
3687.4,80.6,34.1,60.6,64.0,36.6,91.9,0.303,2.1,1.09,14.18,4,0,0,80.6,79.5,0,1427.1,0.0375
3232.7,86.0,33.5,57.9,75.8,39.0,98.0,0.15,19.42,14.74,13.8,5,0,0,86.0,85.5,2,107.4,0.8289
2452.6,40.0,17.7,53.6,56.1,39.2,117.4,0.785,5.27,4.22,14.03,3,0,0,40.0,40.0,1,37.4,0.8191
4077.7,66.3,80.0,94.4,93.6,34.4,91.4,0.332,2.44,1.0,14.15,3,0,0,66.3,65.3,0,1293.6,0.0303
2777.5,35.5,13.2,48.0,47.3,33.4,88.5,0.253,1.15,3.47,14.07,2,0,0,35.5,35.4,0,1168.1,0.0699
3414.7,71.9,29.7,59.0,63.2,38.6,111.8,0.829,5.84,6.56,13.87,4,0,0,71.9,72.0,1,33.3,0.7541
4209.6,101.3,27.5,61.4,84.5,27.9,97.0,0.093,24.27,11.99,14.0,5,0,0,101.3,101.6,2,79.0,0.8106
2815.8,46.8,12.9,41.1,41.1,36.5,91.4,0.837,1.82,3.13,14.02,3,0,0,46.8,47.2,0,1406.6,0.0704
3625.6,93.8,30.1,56.5,56.2,36.6,80.9,0.774,1.13,1.35,14.06,5,0,0,93.8,93.4,0,792.3,0.0245
4015.9,50.8,82.6,85.5,82.9,29.3,93.7,0.638,1.36,0.53,10.16,2,0,0,50.8,50.4,3,12.2,0.9463
1077.5,0.0,2.5,36.0,34.1,48.3,111.7,0.685,7.62,4.35,14.06,0,0,0,0.0,0.0,1,28.6,0.8091
2360.8,27.0,16.6,48.5,47.2,30.3,86.6,0.802,1.38,1.83,14.05,2,0,0,27.0,26.6,0,797.8,0.03
1073.1,0.0,2.1,31.7,32.0,28.0,85.6,0.755,1.3,2.41,14.08,0,0,0,0.0,0.0,0,887.7,0.0334
1027.4,0.0,2.1,30.0,32.0,36.3,120.3,0.724,7.39,3.9,13.55,0,0,1,0.0,0.0,1,67.2,0.8157
1040.7,0.0,2.4,31.2,30.9,37.8,85.9,0.804,3.47,1.67,14.05,0,0,0,0.0,0.0,0,1449.5,0.0251
3673.6,97.0,18.0,66.3,66.1,38.2,83.1,0.824,2.1,2.37,14.45,5,0,0,97.0,98.8,0,797.0,0.0496
2291.4,36.7,20.0,41.7,43.3,30.0,90.9,0.773,3.52,1.85,14.27,3,0,0,36.7,36.2,0,1394.8,0.0634
3185.1,39.4,15.4,50.4,52.6,29.1,90.1,0.693,0.06,2.0,14.1,2,0,0,39.4,39.7,0,1409.6,0.0374
2815.4,72.0,22.7,59.8,60.6,46.2,107.8,0.778,2.01,0.84,14.17,5,0,0,72.0,72.1,1,38.4,0.7297
2594.5,29.9,7.0,49.3,49.5,37.3,90.3,0.231,0.58,1.13,13.92,2,0,0,29.9,30.3,0,1272.0,0.0498
2613.3,29.2,20.4,57.7,57.2,41.6,121.0,0.723,8.41,4.65,13.63,2,0,0,29.2,29.1,1,46.3,0.848
2058.2,24.0,15.6,50.1,49.1,33.0,83.4,0.229,-1.03,1.04,14.13,2,0,0,24.0,24.0,0,1054.5,0.0272
2746.4,19.8,7.2,59.9,57.5,32.4,89.4,0.778,0.42,2.52,14.06,1,0,0,19.8,20.1,0,774.1,0.0391
2837.8,61.6,25.5,56.9,59.0,37.9,83.2,0.297,0.92,0.03,14.21,4,0,0,61.6,61.8,0,702.2,0.0388
2762.9,21.7,13.4,60.4,60.1,37.6,84.1,0.626,1.78,3.09,10.38,1,0,0,21.7,21.9,3,29.6,0.805
3081.4,68.8,16.4,57.1,83.2,27.4,96.2,0.118,16.77,12.0,13.88,4,0,0,68.8,68.8,2,55.5,0.894
1692.3,20.3,21.6,47.0,44.8,28.9,91.0,0.69,2.27,1.92,14.23,2,0,0,20.3,20.7,0,1385.4,0.0197
1023.1,0.0,2.1,31.7,56.5,28.8,95.1,0.064,23.33,14.83,14.28,0,0,1,0.0,0.0,2,68.3,0.8143
4423.8,71.1,51.6,76.1,75.1,42.5,117.1,0.709,7.96,6.29,14.14,3,0,0,71.1,70.0,1,28.1,0.7736
3421.0,69.7,32.1,60.5,56.7,32.8,92.4,0.262,4.37,-0.12,10.59,4,0,0,69.7,68.4,3,25.8,0.953
3207.9,83.9,23.1,59.0,58.6,38.7,87.5,0.734,1.54,1.48,14.14,5,0,0,83.9,84.3,0,954.6,0.0283
1064.0,0.0,2.1,32.4,34.6,39.1,116.3,0.674,10.87,3.5,14.02,0,0,0,0.0,0.0,1,66.2,0.9191
1976.1,34.0,17.7,36.0,34.7,28.7,94.5,0.243,-0.37,0.57,14.31,3,0,0,34.0,34.2,0,1228.7,0.0707
2492.7,31.5,19.4,63.4,62.0,27.9,87.3,0.84,1.1,1.32,13.93,2,0,0,31.5,31.0,0,1353.0,0.0418
2145.4,27.4,19.4,48.4,48.7,29.4,90.8,0.607,-0.26,0.35,10.14,2,0,0,27.4,27.7,3,32.0,0.9823
1039.9,0.0,2.1,34.6,32.9,36.2,85.9,0.719,2.44,1.59,14.13,0,0,0,0.0,0.0,0,1096.1,0.0187
2877.7,35.6,15.0,40.7,42.7,33.9,87.7,0.854,2.49,2.36,13.99,2,0,0,35.6,35.7,0,774.9,0.0593
2271.2,38.2,19.4,49.8,46.1,26.7,87.4,0.231,0.65,1.8,14.21,3,0,0,38.2,37.7,0,908.8,0.0695
1094.4,0.0,2.3,31.2,31.6,41.5,118.2,0.864,7.03,1.55,13.63,0,0,1,0.0,0.0,1,20.3,0.8226
4177.4,88.7,29.3,64.9,63.4,44.4,110.4,0.67,3.51,4.76,13.69,4,0,0,88.7,87.3,1,14.4,0.8303
2850.0,63.7,14.5,61.5,61.2,32.7,92.3,0.207,0.18,0.63,14.08,4,0,0,63.7,64.3,0,987.6,0.0281
2002.4,18.2,13.4,48.5,53.1,30.1,83.5,0.226,-2.98,2.03,10.25,1,0,0,18.2,18.4,3,29.1,0.9611
1741.5,22.3,8.3,42.3,42.2,31.7,91.9,0.345,4.06,0.88,13.88,2,0,0,22.3,21.9,0,762.0,0.0541
3251.4,85.1,26.6,52.4,50.0,26.7,91.2,0.334,2.29,2.27,14.25,5,0,0,85.1,85.1,0,818.5,0.0771
4328.5,49.2,68.9,75.7,75.8,33.9,86.8,0.678,0.98,1.32,11.07,2,0,0,49.2,49.3,3,21.0,0.9761
4823.7,102.3,69.0,88.8,87.8,25.0,97.6,0.696,1.55,1.7,14.07,4,0,0,102.3,102.5,0,1188.9,0.0158
3392.3,74.2,21.6,68.2,69.7,35.6,86.3,0.183,2.79,2.72,14.19,4,0,0,74.2,73.5,0,851.2,0.0784
998.9,0.0,2.2,32.5,32.9,28.2,89.0,0.205,3.82,0.74,13.95,0,0,0,0.0,0.0,0,1468.8,0.0326
1688.8,34.3,8.0,48.6,66.7,29.7,100.1,0.061,16.62,12.59,13.94,3,0,0,34.3,34.0,2,55.8,0.8679
4881.9,85.6,45.6,84.3,84.3,29.2,93.5,0.204,5.88,1.69,13.96,3,0,0,85.6,85.9,0,1207.5,0.0727
2472.2,31.1,19.6,49.8,48.3,33.5,86.4,0.643,1.28,1.15,10.44,2,0,0,31.1,31.7,3,4.7,0.8405
5200.5,86.8,76.2,74.9,98.0,33.1,84.9,0.19,18.72,12.38,14.3,3,0,0,86.8,88.0,2,53.6,0.7701
2584.9,65.9,21.4,71.2,68.8,25.9,87.3,0.849,0.54,1.48,13.98,5,0,0,65.9,65.3,0,1331.9,0.0782
1062.4,0.0,2.0,37.5,37.9,37.8,115.1,0.89,6.04,2.84,13.62,0,0,1,0.0,0.0,1,57.3,0.8086
3888.1,99.9,22.9,41.7,45.9,29.2,88.5,0.2,1.93,1.11,14.31,5,0,0,99.9,100.9,0,1312.2,0.0598
1051.4,0.0,2.1,36.4,33.6,34.3,85.9,0.805,0.81,0.41,13.98,0,0,0,0.0,0.0,0,1257.5,0.0721
3207.2,69.0,19.1,72.1,87.4,31.8,90.0,0.127,18.16,16.32,14.06,4,0,0,69.0,68.9,2,55.0,0.663
2427.1,30.4,17.8,50.9,51.7,36.9,86.2,0.417,2.65,1.46,10.68,2,0,0,30.4,30.2,3,25.7,0.8571
2397.9,40.8,8.5,54.8,50.0,32.4,92.2,0.258,0.04,0.22,14.11,3,0,0,40.8,41.2,0,948.5,0.0772
1010.7,0.0,2.5,31.3,31.3,39.8,93.0,0.286,0.06,2.06,14.08,0,0,0,0.0,0.0,0,1017.2,0.0675
1062.3,0.0,2.2,32.6,33.2,35.9,85.5,0.338,3.45,0.83,14.02,0,0,0,0.0,0.0,0,921.6,0.0416
2013.6,23.9,13.3,49.7,47.4,28.8,82.7,0.231,-0.22,2.34,14.25,2,0,0,23.9,23.5,0,849.0,0.0218
1008.8,0.0,2.2,30.7,32.3,36.7,85.0,0.735,3.93,1.34,14.07,0,0,0,0.0,0.0,0,789.4,0.0428
3728.2,80.0,25.2,54.4,57.7,29.1,88.9,0.226,0.91,0.17,14.03,4,0,0,80.0,78.6,0,1400.5,0.0723
3640.2,95.4,23.2,67.9,65.2,43.7,114.3,0.669,7.59,4.45,13.89,5,0,0,95.4,95.1,1,9.1,0.929
3765.4,98.0,16.4,59.1,59.8,30.7,91.6,0.205,2.47,-0.24,14.3,5,0,0,98.0,96.1,0,1261.4,0.056
3152.9,25.2,16.8,45.0,44.7,30.5,89.7,0.721,-0.09,1.15,14.13,1,0,0,25.2,25.2,0,1297.6,0.0513
1003.0,0.0,1.9,33.2,58.7,32.2,89.9,0.099,17.82,13.3,13.82,0,0,0,0.0,0.0,2,108.4,0.8437
2262.5,27.7,8.3,50.4,81.8,38.0,86.7,0.143,21.09,13.18,13.94,3,0,0,27.7,27.2,2,115.2,0.7281
1064.7,0.0,2.1,31.2,31.5,37.7,80.5,0.327,4.93,0.65,14.06,0,0,0,0.0,0.0,0,1168.5,0.04
2876.5,34.9,18.8,50.1,47.5,34.2,86.3,0.768,0.75,0.61,14.13,2,0,0,34.9,35.1,0,1444.3,0.0726
1064.2,0.0,2.5,31.3,32.8,39.9,116.2,0.725,5.95,4.82,13.77,0,0,0,0.0,0.0,1,64.0,0.8477
3681.2,79.9,15.8,63.1,62.1,31.7,83.1,0.834,0.4,0.9,14.24,4,0,0,79.9,79.0,0,826.0,0.0315
3532.7,91.7,30.5,54.5,56.2,31.3,87.2,0.301,4.07,2.5,14.19,5,0,0,91.7,91.7,0,811.2,0.0785
2545.3,29.7,14.9,46.7,45.2,44.2,117.2,0.652,0.87,3.54,13.58,2,0,0,29.7,29.6,1,27.4,0.8319
1484.6,23.8,14.0,40.4,40.6,29.6,86.8,0.767,2.77,0.66,14.17,3,0,0,23.8,23.9,0,828.5,0.0631
2059.5,34.3,10.9,51.7,50.3,35.5,88.5,0.201,1.97,0.82,14.39,3,0,0,34.3,34.2,0,1416.3,0.0248
2972.6,23.9,8.9,54.7,53.6,27.9,77.8,0.311,1.39,1.22,14.02,1,0,0,23.9,24.4,0,1448.7,0.0273
1032.8,0.0,1.8,34.3,32.2,36.5,86.9,0.814,-0.04,2.9,14.07,0,0,0,0.0,0.0,0,1028.8,0.0782
2974.5,23.3,12.6,42.5,42.0,38.2,83.8,0.778,3.42,1.35,14.22,1,0,0,23.3,23.5,0,911.3,0.0201
3489.1,89.8,17.7,57.8,63.6,39.1,87.6,0.362,-0.72,-0.43,11.23,5,0,0,89.8,91.1,3,22.3,0.9156
1068.8,0.0,2.0,40.7,36.9,34.9,89.2,0.719,1.8,1.07,14.14,0,0,0,0.0,0.0,0,918.8,0.037
2761.5,42.3,9.9,42.7,44.0,38.0,85.5,0.272,2.95,0.63,14.3,3,0,0,42.3,42.9,0,1155.7,0.0122
2127.7,15.9,11.8,46.9,44.3,27.3,90.9,0.202,-1.37,2.58,14.25,1,0,0,15.9,15.9,0,735.4,0.0329
1112.6,0.0,2.0,33.4,32.9,33.2,90.0,0.43,2.4,1.91,10.29,0,0,1,0.0,0.0,3,25.2,0.8856
4690.9,80.4,83.3,80.7,81.6,33.8,85.1,0.741,1.02,0.86,14.06,3,0,0,80.4,81.2,0,1271.7,0.0181
3108.1,66.4,28.6,60.7,59.4,35.5,89.8,0.262,3.14,2.49,14.09,4,0,0,66.4,65.2,0,1122.3,0.061
2299.5,24.7,17.4,56.0,85.4,28.1,92.3,0.098,20.41,13.19,13.9,2,0,0,24.7,24.4,2,77.2,0.871
2209.0,35.4,10.2,48.6,51.2,27.3,86.9,0.32,1.22,1.19,14.1,3,0,0,35.4,35.6,0,991.2,0.0559
1592.6,11.2,19.4,44.3,44.4,27.5,89.8,0.348,1.37,1.45,14.27,1,0,0,11.2,11.0,0,1104.3,0.0529
2792.1,35.1,15.8,64.6,65.2,27.4,94.9,0.726,2.53,1.91,14.01,2,0,0,35.1,35.5,0,781.4,0.0418
2601.0,43.4,18.3,52.0,49.3,29.0,80.9,0.779,5.05,1.2,14.26,3,0,0,43.4,43.4,0,1113.8,0.0455
1778.8,20.5,9.1,47.2,50.0,34.3,85.5,0.215,1.01,1.1,14.15,2,0,0,20.5,20.7,0,1377.2,0.0336
4551.6,99.1,84.0,81.3,81.7,41.6,107.7,0.753,8.85,3.57,14.12,4,0,0,99.1,98.8,1,56.3,0.8625
2307.2,26.2,20.8,52.6,50.4,32.5,83.3,0.234,2.72,1.91,14.14,2,0,0,26.2,26.1,0,1220.3,0.021
3387.1,88.2,17.8,64.0,62.2,28.8,88.2,0.75,2.13,3.39,14.09,5,0,0,88.2,89.6,0,1416.7,0.0534
1945.9,23.9,12.9,45.6,44.5,32.7,90.5,0.873,1.56,1.0,14.08,2,0,0,23.9,23.9,0,758.0,0.0123
3363.4,84.5,17.2,64.6,64.9,31.3,87.4,0.857,1.56,0.57,14.26,5,0,0,84.5,85.8,0,831.8,0.0775
2719.8,32.9,7.8,50.5,54.4,28.4,92.0,0.275,3.16,1.57,14.18,2,0,0,32.9,33.2,0,1166.2,0.0799
4181.6,70.3,72.0,85.3,84.8,34.1,88.7,0.246,0.4,-0.01,9.38,3,0,0,70.3,71.0,3,7.9,0.8663
2532.0,43.2,19.9,51.6,48.7,34.7,90.5,0.302,0.71,0.36,14.08,3,0,0,43.2,43.2,0,959.3,0.027
2033.9,15.0,15.7,56.5,56.5,39.1,118.3,0.881,10.33,4.0,14.06,1,0,0,15.0,15.2,1,50.8,0.7951
1035.0,0.0,2.1,32.3,32.8,34.0,82.0,0.307,3.89,1.2,13.95,0,0,0,0.0,0.0,0,1442.9,0.0584
1630.3,17.9,10.6,49.0,47.5,31.3,83.9,0.234,3.18,0.56,14.33,2,0,0,17.9,17.9,0,1471.1,0.028
1930.2,31.1,6.8,51.2,53.4,26.3,80.3,0.204,1.47,1.86,14.08,3,0,0,31.1,30.8,0,857.5,0.0114
3177.0,22.6,19.9,56.7,55.2,39.0,82.2,0.263,-0.36,1.42,14.44,1,0,0,22.6,22.2,0,1234.7,0.0627
2161.1,17.2,11.5,49.2,47.4,30.7,90.5,0.69,2.69,0.31,13.95,1,0,0,17.2,17.1,0,1336.0,0.0578
3210.8,81.7,15.8,54.3,56.6,33.6,88.4,0.752,2.63,0.7,14.34,5,0,0,81.7,80.5,0,740.0,0.0509
993.8,0.0,2.3,37.5,65.6,36.6,92.6,0.137,21.32,13.87,13.82,0,0,0,0.0,0.0,2,38.5,0.8346
1963.3,33.3,12.7,50.0,52.9,36.0,88.5,0.871,1.1,1.34,14.09,3,0,0,33.3,32.9,0,930.4,0.0559
1045.7,0.0,1.9,30.1,34.0,37.6,86.3,0.222,0.36,1.13,14.03,0,0,1,0.0,0.0,0,1147.5,0.0797
3256.5,52.4,59.5,76.0,76.4,36.9,85.9,0.213,1.19,2.43,14.17,3,0,0,52.4,53.1,0,1051.3,0.0558
1053.7,0.0,2.0,33.9,34.6,27.5,87.9,0.784,1.35,1.42,14.06,0,0,0,0.0,0.0,0,878.0,0.0407
1024.2,0.0,2.1,32.9,35.4,26.6,84.7,0.819,4.6,1.98,14.09,0,0,0,0.0,0.0,0,1009.6,0.0693
1044.1,0.0,2.2,36.4,33.9,38.0,83.9,0.828,4.24,0.36,14.15,0,0,0,0.0,0.0,0,972.6,0.0219
2303.1,27.2,11.9,44.3,43.9,31.0,89.5,0.344,0.24,2.54,14.23,2,0,0,27.2,27.5,0,1056.7,0.0179
996.1,0.0,2.2,30.3,31.6,35.3,118.8,0.811,8.67,4.91,14.02,0,0,0,0.0,0.0,1,52.0,0.7706
1425.2,0.0,1.8,35.9,65.3,32.9,94.3,0.145,17.26,18.36,13.94,0,0,0,0.0,0.0,2,104.1,0.7005
1844.5,14.6,14.4,51.4,52.0,26.7,89.9,0.735,1.14,0.61,14.05,1,0,0,14.6,14.4,0,1153.2,0.0315
5151.2,111.7,43.5,73.4,74.5,27.1,86.6,0.771,1.89,1.38,14.19,4,0,0,111.7,111.7,0,821.6,0.0192
1211.9,0.0,2.0,38.6,67.8,31.4,91.2,0.06,20.43,13.68,14.06,0,0,0,0.0,0.0,2,117.0,0.7208
2692.3,31.5,8.8,44.6,43.5,37.9,90.9,0.322,2.42,1.89,14.11,2,0,0,31.5,31.2,0,920.7,0.074
2923.3,76.7,33.1,58.8,64.0,31.6,87.8,0.738,4.57,1.16,14.19,5,0,0,76.7,78.0,0,1104.6,0.0403
2168.7,24.9,13.3,39.5,40.6,33.8,86.8,0.277,2.5,0.66,13.95,2,0,0,24.9,24.8,0,1463.8,0.0157
2206.8,28.4,7.8,54.3,54.5,28.9,84.0,0.249,1.31,2.07,14.22,2,0,0,28.4,28.5,0,968.5,0.0765
3012.2,35.2,9.9,42.2,45.3,28.1,86.8,0.797,1.04,0.86,14.07,2,0,0,35.2,34.7,0,1024.3,0.0119
2586.3,42.5,9.0,59.6,59.5,37.4,82.8,0.24,4.01,1.3,14.08,3,0,0,42.5,42.4,0,944.3,0.0193
1067.6,0.0,2.3,32.6,30.8,37.8,87.9,0.262,1.77,1.07,14.06,0,0,0,0.0,0.0,0,835.9,0.0528
1061.5,0.0,2.2,34.1,33.7,33.1,81.5,0.218,0.87,1.11,14.04,0,0,0,0.0,0.0,0,1451.5,0.03
2804.3,63.8,25.1,64.3,90.2,35.2,82.5,0.069,22.48,12.49,13.61,4,0,0,63.8,62.9,2,73.7,0.7404
2214.6,24.3,17.3,54.2,55.0,38.5,92.9,0.706,1.86,2.57,13.96,2,0,0,24.3,24.7,0,1183.9,0.0606
1034.7,0.0,2.0,39.4,38.9,38.8,89.5,0.211,2.41,1.71,13.96,0,0,0,0.0,0.0,0,1277.1,0.0318
1085.4,0.0,2.0,35.4,35.4,34.7,88.5,0.711,1.92,1.19,13.91,0,0,1,0.0,0.0,0,810.8,0.0586
3607.8,98.0,33.5,61.6,63.1,45.8,106.2,0.877,9.41,4.72,13.64,5,0,0,98.0,99.8,1,43.5,0.7972
2513.6,30.0,19.1,53.3,82.2,32.1,87.6,0.133,23.17,11.3,13.95,2,0,0,30.0,30.1,2,54.7,0.7121
1029.0,0.0,2.0,26.5,27.3,35.2,121.8,0.743,4.65,3.13,13.77,0,0,0,0.0,0.0,1,60.1,0.8187
3359.8,88.1,15.8,68.2,66.9,35.7,93.1,0.287,2.43,2.02,14.11,5,0,0,88.1,89.3,0,1006.1,0.0331
3492.4,92.3,15.6,67.9,67.7,40.9,119.0,0.785,4.49,3.4,13.72,5,0,0,92.3,92.3,1,8.8,0.8159
2779.1,35.3,21.3,50.2,50.4,34.2,117.7,0.652,6.72,6.78,14.09,2,0,0,35.3,34.8,1,25.5,0.8367
2991.4,63.2,17.7,66.2,68.4,33.0,82.8,0.262,2.75,1.92,14.14,4,0,0,63.2,63.3,0,866.2,0.0353
1042.1,0.0,2.1,36.4,38.6,29.6,82.0,0.342,-1.21,1.36,14.03,0,0,0,0.0,0.0,0,1205.1,0.0221
1010.3,0.0,1.8,37.1,36.7,26.8,85.4,0.798,1.34,1.92,14.01,0,0,0,0.0,0.0,0,748.2,0.0263
1046.3,0.0,1.8,30.2,31.0,35.0,106.7,0.843,11.16,3.21,13.57,0,0,0,0.0,0.0,1,26.6,0.7412
1078.5,0.0,2.2,41.8,38.9,30.8,86.7,0.751,-1.36,2.87,14.06,0,0,0,0.0,0.0,0,1398.1,0.0433
2781.0,21.1,15.9,39.7,41.3,38.8,87.6,0.29,3.0,2.2,14.1,1,0,0,21.1,21.2,0,1350.2,0.0635
3846.1,77.2,30.8,61.0,63.8,30.7,85.2,0.666,-0.35,0.01,10.57,4,0,0,77.2,77.8,3,12.0,0.9884
2827.3,48.1,9.9,44.2,68.1,35.2,89.1,0.105,25.37,11.91,14.02,3,0,0,48.1,47.9,2,103.9,0.6828
3600.5,94.2,26.3,63.3,60.8,38.9,89.0,0.226,0.06,1.06,10.39,5,0,0,94.2,93.1,3,20.5,0.9332
2261.8,26.6,13.4,46.7,45.3,34.6,86.8,0.697,-0.0,1.2,10.63,2,0,0,26.6,26.2,3,30.9,0.8704
3455.4,76.0,15.6,65.7,63.5,35.1,89.1,0.21,2.36,0.76,14.17,4,0,0,76.0,77.4,0,1207.5,0.0159
2615.9,44.6,7.4,36.2,34.4,38.8,119.0,0.852,7.75,4.02,13.62,3,0,0,44.6,45.4,1,22.0,0.7419
3111.7,79.2,29.7,59.3,58.9,29.8,93.8,0.272,2.08,0.35,14.16,5,0,0,79.2,80.6,0,945.1,0.0766
1499.0,26.6,18.7,51.9,83.8,29.7,88.9,0.103,14.92,15.17,13.87,3,0,0,26.6,27.0,2,62.8,0.7907
4349.3,51.8,67.6,78.1,76.2,30.3,86.4,0.762,2.1,1.3,14.19,2,0,0,51.8,51.7,0,1025.5,0.0729
1046.3,0.0,1.9,31.5,31.2,33.8,85.4,0.534,1.41,0.1,10.79,0,0,0,0.0,0.0,3,30.3,0.8332
2515.9,65.0,25.9,59.6,63.5,44.0,111.1,0.691,5.42,2.67,13.9,5,0,0,65.0,64.2,1,50.8,0.9379
4266.3,70.6,53.0,74.5,98.0,28.3,97.3,0.172,13.4,13.98,14.02,3,0,0,70.6,70.9,2,88.8,0.6989
2607.5,30.6,7.9,43.1,40.8,30.2,93.4,0.301,3.11,1.95,14.34,2,0,0,30.6,31.1,0,1156.0,0.0169
4658.7,52.1,42.1,84.9,84.2,37.1,87.4,0.204,2.1,2.09,14.16,2,0,0,52.1,51.2,0,1062.9,0.0251
2733.7,22.1,14.6,56.1,83.8,33.3,88.9,0.189,25.6,8.33,14.25,1,0,0,22.1,21.7,2,82.8,0.813
2250.1,37.5,10.0,52.0,52.0,36.0,88.7,0.212,0.72,0.77,14.16,3,0,0,37.5,37.5,0,869.6,0.0388
1115.0,0.0,2.3,33.2,53.2,34.8,90.8,0.145,24.1,15.23,14.08,0,0,0,0.0,0.0,2,35.2,0.9168
1587.9,14.5,17.9,45.7,45.7,28.2,91.4,0.697,1.69,0.0,14.29,1,0,0,14.5,14.2,0,1407.9,0.0639
1064.1,0.0,2.0,35.4,31.3,47.6,111.5,0.837,7.95,2.96,13.92,0,0,1,0.0,0.0,1,14.7,0.9242
1015.9,0.0,2.0,36.8,35.8,32.9,82.0,0.774,2.23,2.26,14.18,0,0,0,0.0,0.0,0,834.6,0.0243
4483.2,50.7,56.5,84.8,84.5,45.4,113.5,0.806,7.16,2.79,13.8,2,0,0,50.7,49.8,1,36.7,0.9036
2244.0,27.6,14.8,39.5,39.2,35.5,124.5,0.669,9.7,5.89,13.71,2,0,0,27.6,27.9,1,70.0,0.9282
2698.0,19.8,15.2,42.4,43.6,29.6,89.1,0.853,2.79,0.05,14.22,1,0,0,19.8,19.7,0,1016.9,0.0748
3160.2,67.4,22.6,62.3,64.3,28.2,89.3,0.82,3.17,2.45,14.11,4,0,0,67.4,67.7,0,1337.3,0.017
3718.3,99.9,18.3,59.9,59.2,28.6,91.1,0.245,2.49,1.76,14.08,5,0,0,99.9,100.8,0,1287.5,0.0286
3330.1,72.5,21.0,74.1,75.9,41.0,86.8,0.722,4.76,2.18,13.96,4,0,0,72.5,72.4,0,1178.9,0.0697
1007.6,0.0,2.4,31.2,31.5,37.0,90.2,0.251,4.65,0.53,14.11,0,0,0,0.0,0.0,0,1441.9,0.0602
1026.9,0.0,2.3,32.7,33.7,40.2,111.9,0.841,5.28,3.84,13.83,0,0,0,0.0,0.0,1,29.7,0.9018
2451.0,42.0,16.1,52.5,48.9,34.1,89.5,0.332,0.22,2.49,14.19,3,0,0,42.0,42.6,0,1156.0,0.0552
1079.9,0.0,2.0,34.6,34.7,30.7,84.0,0.299,3.49,0.47,14.03,0,0,0,0.0,0.0,0,1116.5,0.0637
3161.8,53.1,17.6,42.2,42.5,36.4,85.9,0.802,1.72,1.2,14.17,3,0,0,53.1,53.0,0,792.0,0.0624
3643.7,75.2,24.3,64.6,60.2,36.6,94.8,0.33,-1.19,0.96,14.11,4,0,0,75.2,74.0,0,1350.4,0.0168
2415.5,38.2,10.0,49.6,45.7,32.6,78.2,0.823,5.0,0.8,14.26,3,0,0,38.2,38.4,0,877.7,0.0493
1037.9,0.0,2.0,34.7,35.3,36.1,83.7,0.427,1.9,2.42,10.46,0,0,1,0.0,0.0,3,36.5,0.9332
2385.4,37.6,6.8,46.2,68.8,29.8,87.4,0.065,20.65,14.63,14.18,3,0,0,37.6,38.2,2,105.1,0.7271
3319.8,86.4,14.3,57.8,57.8,29.7,94.1,0.823,-1.01,1.5,14.18,5,0,0,86.4,87.8,0,1037.7,0.0474
3565.2,95.4,30.9,66.8,66.6,30.4,88.2,0.308,1.13,0.46,14.17,5,0,0,95.4,95.5,0,1171.7,0.0497
3772.1,103.7,17.6,61.7,91.9,32.4,90.7,0.106,15.14,8.27,14.12,5,0,0,103.7,102.1,2,25.8,0.895
3205.1,80.9,15.6,63.3,61.9,37.2,84.6,0.275,-0.98,1.47,14.09,5,0,0,80.9,81.1,0,759.0,0.0484
4153.6,68.7,47.8,86.1,87.8,32.6,86.4,0.202,1.45,2.65,14.08,3,0,0,68.7,68.6,0,1383.8,0.0653
3529.3,92.7,22.2,48.8,49.6,31.3,89.8,0.7,2.86,1.44,14.24,5,0,0,92.7,94.0,0,1364.1,0.0644
2003.6,15.2,17.3,48.3,46.9,29.5,87.3,0.868,0.41,2.56,14.27,1,0,0,15.2,15.3,0,1396.4,0.0297
2540.6,31.5,14.9,43.0,46.1,39.4,84.4,0.607,1.37,1.67,10.69,2,0,0,31.5,30.9,3,37.2,0.9563
2736.1,21.5,21.3,49.4,46.8,45.5,118.0,0.718,10.41,4.56,13.71,1,0,0,21.5,21.1,1,28.4,0.8108
1055.0,0.0,2.1,33.4,34.2,35.6,83.7,0.254,0.97,0.9,14.05,0,0,0,0.0,0.0,0,1260.6,0.0687
1042.5,0.0,2.2,32.6,35.1,34.5,82.4,0.834,-0.49,2.27,14.14,0,0,0,0.0,0.0,0,809.6,0.0441
3216.5,86.7,18.2,59.5,88.7,28.9,93.3,0.072,18.57,10.99,14.23,5,0,0,86.7,85.1,2,113.9,0.7107
3008.1,79.2,17.3,66.1,87.6,33.5,89.5,0.156,25.32,14.74,13.93,5,0,0,79.2,79.0,2,45.2,0.6868
1020.7,0.0,2.1,33.9,32.2,38.9,116.5,0.736,8.54,4.56,14.06,0,0,1,0.0,0.0,1,31.3,0.9217
3044.8,79.4,15.5,56.6,58.9,50.1,113.7,0.815,8.23,4.33,13.83,5,0,0,79.4,80.9,1,71.5,0.8863
1092.0,0.0,2.4,34.7,31.9,31.4,87.2,0.228,3.96,2.35,13.91,0,0,1,0.0,0.0,0,1313.1,0.0264
5047.2,78.1,78.1,84.9,98.0,28.7,95.6,0.1,18.43,15.67,14.01,3,0,0,78.1,78.0,2,83.8,0.6737
2681.4,31.3,18.6,57.8,77.9,37.3,92.2,0.087,18.84,17.93,13.71,2,0,0,31.3,30.7,2,80.0,0.6621
2805.0,23.8,9.7,60.6,59.1,33.8,92.1,0.806,1.29,1.39,14.09,1,0,0,23.8,23.5,0,1189.9,0.0245
2508.6,41.8,19.3,50.9,50.9,41.5,122.7,0.742,4.71,5.95,13.97,3,0,0,41.8,42.1,1,23.0,0.92
1032.1,0.0,2.1,37.7,35.0,35.7,85.8,0.268,3.8,1.36,14.1,0,0,1,0.0,0.0,0,1196.2,0.0198
4062.1,108.7,24.9,58.2,56.7,32.7,93.8,0.316,0.77,2.2,14.26,5,0,0,108.7,108.3,0,1316.9,0.0428
2212.0,28.1,19.7,41.1,43.6,36.1,84.7,0.758,-0.82,1.88,13.89,2,0,0,28.1,27.9,0,1394.4,0.0454
2602.3,65.8,30.9,66.1,64.8,32.6,87.2,0.764,0.91,0.29,14.12,5,0,0,65.8,66.0,0,1300.2,0.0372
3259.5,66.5,14.2,68.0,68.3,36.1,88.0,0.822,1.73,1.58,13.9,4,0,0,66.5,67.6,0,1157.5,0.0225
3185.1,84.8,16.5,61.0,63.1,29.9,83.9,0.718,2.9,1.84,14.26,5,0,0,84.8,83.5,0,997.1,0.0538
3155.0,70.8,21.4,61.6,57.0,34.2,85.9,0.765,-1.48,1.78,14.13,4,0,0,70.8,70.9,0,706.7,0.0307
1061.2,0.0,2.3,31.4,32.6,35.9,87.4,0.777,1.57,3.4,14.17,0,0,1,0.0,0.0,0,1130.9,0.0697
2992.1,36.1,7.8,59.4,53.7,34.6,84.8,0.226,2.03,2.0,13.8,2,0,0,36.1,36.1,0,1183.1,0.0528
2454.7,19.6,17.6,51.6,49.7,26.5,88.2,0.184,3.66,1.21,14.32,1,0,0,19.6,19.3,0,1150.8,0.0137
2593.5,21.9,15.6,53.3,53.6,48.0,114.9,0.709,0.52,1.85,13.96,1,0,0,21.9,22.1,1,63.7,0.8982
1049.9,0.0,2.0,30.2,31.9,39.3,86.5,0.338,1.34,1.78,14.03,0,0,0,0.0,0.0,0,1148.3,0.0691
4768.4,55.9,53.7,76.9,77.4,35.2,89.1,0.729,0.04,1.2,14.08,2,0,0,55.9,54.8,0,766.9,0.0794
850.0,0.0,1.8,38.1,57.4,32.4,95.9,0.147,19.36,12.6,14.09,0,0,0,0.0,0.0,2,45.3,0.9168
4294.0,89.3,47.7,89.6,88.4,41.3,118.6,0.831,6.1,3.65,14.15,4,0,0,89.3,88.9,1,72.3,0.8358
2775.1,34.0,9.3,35.8,60.9,36.0,97.6,0.137,16.39,13.69,14.12,2,0,0,34.0,33.3,2,31.7,0.9196
1040.9,0.0,2.1,32.1,29.6,37.9,86.0,0.257,0.73,2.37,14.0,0,0,0,0.0,0.0,0,1222.7,0.0522
3868.4,81.6,23.2,67.1,67.7,32.0,90.1,0.287,3.69,1.71,14.13,4,0,0,81.6,81.7,0,1392.7,0.0392
2616.2,30.7,14.3,45.7,46.0,48.5,114.9,0.763,6.3,4.02,13.8,2,0,0,30.7,30.6,1,50.0,0.7694
2214.3,16.7,14.6,54.7,51.2,28.6,88.4,0.247,1.81,1.29,14.16,1,0,0,16.7,16.4,0,795.5,0.0492
3079.2,40.1,15.6,48.5,48.9,35.8,88.3,0.809,0.94,1.19,14.03,2,0,0,40.1,39.4,0,1252.1,0.0356
2175.1,17.8,8.0,53.8,52.6,37.2,89.1,0.32,0.68,0.58,14.14,1,0,0,17.8,18.0,0,1016.4,0.0712
3689.4,94.6,20.8,62.1,88.8,37.8,90.5,0.112,22.83,18.17,13.74,5,0,0,94.6,93.6,2,35.8,0.7641
4184.2,66.8,46.3,80.9,80.4,34.2,88.8,0.766,-0.57,0.84,14.34,3,0,0,66.8,68.1,0,883.1,0.0545
3400.9,71.6,30.4,64.3,63.9,36.8,86.7,0.363,-2.67,2.82,10.42,4,0,0,71.6,70.3,3,28.1,0.8571
4418.7,79.8,44.9,82.7,98.0,38.9,94.9,0.197,21.39,16.49,14.15,3,0,0,79.8,81.2,2,95.2,0.7253
4352.5,50.7,53.1,77.1,76.6,33.0,85.9,0.235,0.36,2.52,14.0,2,0,0,50.7,50.4,0,818.6,0.0635
3831.3,100.4,21.6,60.4,61.0,45.9,115.6,0.894,9.24,4.37,14.07,5,0,0,100.4,100.3,1,60.1,0.9583
2966.4,33.5,17.0,53.6,50.8,37.9,110.6,0.716,3.39,3.52,13.63,2,0,0,33.5,33.0,1,11.3,0.891
1302.0,0.0,2.4,32.5,62.5,32.4,89.4,0.135,13.38,12.56,13.84,0,0,0,0.0,0.0,2,39.8,0.8959
3140.6,81.2,28.8,60.6,64.1,38.4,83.4,0.826,4.46,0.29,14.29,5,0,0,81.2,80.9,0,1481.1,0.0718
3674.6,43.9,59.8,91.8,98.0,35.7,95.5,0.181,20.68,13.38,13.86,2,0,0,43.9,43.5,2,80.2,0.8951
1016.1,0.0,2.4,26.0,29.8,32.8,86.3,0.316,0.86,1.64,14.07,0,0,0,0.0,0.0,0,763.3,0.0684
1026.7,0.0,2.3,36.9,35.6,38.7,86.4,0.274,0.88,0.32,11.34,0,0,0,0.0,0.0,3,44.9,0.8708
2233.2,35.5,8.1,51.7,51.5,40.2,88.7,0.732,0.69,1.98,14.16,3,0,0,35.5,35.0,0,798.2,0.0571
2892.3,33.4,12.2,48.7,45.7,31.0,83.3,0.183,2.31,1.55,14.07,2,0,0,33.4,33.2,0,876.3,0.0418
850.0,0.0,2.1,29.5,60.6,28.1,96.4,0.161,18.75,15.34,13.71,0,0,0,0.0,0.0,2,113.5,0.7796
3464.9,93.5,19.8,60.0,77.7,28.8,91.4,0.184,16.55,12.73,13.94,5,0,0,93.5,92.7,2,27.8,0.6959
1039.8,0.0,2.5,31.4,32.8,32.0,84.9,0.848,1.4,0.18,14.03,0,0,0,0.0,0.0,0,795.4,0.018
2907.9,33.1,7.3,47.8,50.6,29.4,86.4,0.279,0.08,1.47,14.11,2,0,0,33.1,33.7,0,1478.3,0.0595
3390.2,68.7,30.9,62.8,63.6,36.2,86.5,0.737,1.1,1.55,14.21,4,0,0,68.7,69.8,0,1127.3,0.0565
1088.1,0.0,1.8,34.4,32.6,38.9,84.3,0.228,1.74,-0.38,11.35,0,0,0,0.0,0.0,3,44.5,0.8588
1237.4,0.0,2.4,28.7,51.0,35.2,98.0,0.059,16.67,12.67,14.22,0,0,0,0.0,0.0,2,110.9,0.8495
1901.6,32.4,21.5,46.0,68.9,31.9,91.9,0.162,23.21,12.97,14.1,3,0,0,32.4,32.8,2,101.2,0.6961
3495.9,88.5,33.6,67.8,69.6,30.5,84.7,0.726,2.55,1.42,14.2,5,0,0,88.5,86.9,0,1436.7,0.0203
3473.7,90.4,20.1,59.5,56.4,34.4,97.5,0.236,1.1,2.79,14.18,5,0,0,90.4,91.8,0,772.9,0.0549
2803.2,47.2,15.2,48.9,50.2,46.4,116.8,0.744,6.49,4.39,13.87,3,0,0,47.2,47.2,1,9.9,0.8963
2326.4,44.0,15.3,41.2,71.9,34.7,96.3,0.174,17.52,14.5,14.07,3,0,0,44.0,43.4,2,71.1,0.8771
4575.4,96.3,57.5,86.4,85.0,34.8,90.0,0.711,2.24,0.19,14.11,4,0,0,96.3,95.9,0,1370.8,0.0759
3326.5,73.1,16.5,61.9,88.0,33.4,92.9,0.077,24.76,15.53,13.84,4,0,0,73.1,72.0,2,51.4,0.8326
3220.5,82.1,16.8,57.2,57.1,32.6,81.2,0.831,4.14,1.29,14.14,5,0,0,82.1,81.1,0,1299.1,0.0311
1021.7,0.0,2.0,37.1,37.4,35.6,86.0,0.867,-0.06,1.74,14.24,0,0,0,0.0,0.0,0,768.5,0.0291
1072.2,0.0,2.1,36.3,37.1,33.2,90.5,0.826,1.7,2.38,14.06,0,0,0,0.0,0.0,0,1068.6,0.0331
3375.9,88.4,30.1,70.9,69.3,29.6,86.4,0.28,1.69,1.0,13.87,5,0,0,88.4,87.7,0,720.6,0.0781
2851.6,59.9,33.5,50.1,48.6,29.0,85.4,0.758,0.42,2.18,14.03,4,0,0,59.9,60.0,0,1235.2,0.0108
2712.5,33.4,15.5,50.8,50.2,30.4,88.5,0.788,5.0,0.97,13.87,2,0,0,33.4,32.7,0,1140.4,0.0681
3786.6,96.9,29.8,59.6,60.5,38.0,83.3,0.183,4.45,0.91,14.02,5,0,0,96.9,95.8,0,1044.7,0.0212
1989.9,36.3,18.7,44.8,76.6,38.6,92.7,0.16,24.78,10.28,13.92,3,0,0,36.3,36.3,2,108.0,0.7652
3654.5,75.1,31.9,59.4,59.9,38.0,89.1,0.794,0.41,1.25,13.92,4,0,0,75.1,75.0,0,1111.8,0.0331
4655.9,74.9,44.4,80.0,82.3,27.3,81.6,0.849,-0.35,0.89,14.23,3,0,0,74.9,75.8,0,1197.1,0.0679
3155.0,35.2,15.4,46.7,49.3,33.2,87.1,0.809,-0.03,1.57,14.25,2,0,0,35.2,34.8,0,1021.1,0.0483
2030.2,31.1,14.0,48.5,51.3,34.8,90.2,0.836,-0.3,1.94,14.21,3,0,0,31.1,31.6,0,1442.6,0.0125
4079.1,67.9,53.1,74.6,98.0,31.3,88.6,0.118,17.02,13.29,13.91,3,0,0,67.9,67.0,2,46.3,0.8196
2579.1,18.5,8.1,33.9,32.2,35.4,82.8,0.729,2.85,0.82,14.3,1,0,0,18.5,18.2,0,1292.4,0.0784
3228.6,87.1,17.6,62.0,88.2,28.8,97.8,0.147,11.84,15.15,13.94,5,0,0,87.1,86.8,2,66.3,0.8592
1147.1,0.0,2.4,35.2,33.3,43.9,115.7,0.888,9.04,2.72,13.75,0,0,0,0.0,0.0,1,44.1,0.7372
3322.6,87.9,29.2,66.9,63.4,28.4,91.3,0.335,2.19,2.25,14.04,5,0,0,87.9,87.0,0,1115.4,0.0487
1062.1,0.0,2.0,34.7,34.4,37.8,90.5,0.313,2.49,1.04,13.94,0,0,0,0.0,0.0,0,1452.2,0.0697
2400.2,26.1,7.3,54.3,56.2,31.5,91.4,0.722,-0.65,0.94,14.4,2,0,0,26.1,26.3,0,1239.9,0.0405
1009.1,0.0,2.5,29.8,30.7,36.7,85.3,0.823,1.87,1.31,14.15,0,0,0,0.0,0.0,0,700.5,0.0618
2125.2,24.2,20.0,57.1,58.6,39.3,120.3,0.808,4.22,7.47,13.96,2,0,0,24.2,24.3,1,47.2,0.9297
2412.4,38.1,21.0,56.8,53.3,32.0,89.6,0.753,2.42,1.26,14.34,3,0,0,38.1,38.5,0,798.5,0.0564
2548.1,42.1,16.7,43.8,44.6,34.8,86.4,0.217,3.59,2.36,14.35,3,0,0,42.1,42.8,0,1201.5,0.0158
2617.3,31.3,12.0,46.1,47.6,35.4,85.2,0.192,0.36,1.36,14.13,2,0,0,31.3,30.8,0,1061.6,0.0411
2398.6,28.7,12.0,51.7,51.7,30.4,88.0,0.797,2.77,3.54,13.89,2,0,0,28.7,29.1,0,1132.1,0.0717
1065.6,0.0,2.1,30.0,30.8,33.1,82.3,0.692,2.85,1.27,14.05,0,0,1,0.0,0.0,0,1201.6,0.0248
2505.9,30.2,17.3,52.4,52.2,33.3,83.1,0.753,0.79,1.64,14.23,2,0,0,30.2,30.1,0,893.1,0.073
2285.3,34.7,14.5,49.0,48.1,39.5,88.1,0.748,-0.58,1.42,14.13,3,0,0,34.7,34.3,0,1100.5,0.0555
3320.2,87.6,27.6,73.4,70.9,28.0,88.1,0.338,1.04,2.0,14.12,5,0,0,87.6,87.1,0,1419.7,0.0582
2782.4,74.9,33.0,62.1,60.2,36.7,116.2,0.844,6.96,1.87,13.65,5,0,0,74.9,74.3,1,51.0,0.9203
972.7,0.0,2.3,34.7,56.2,28.0,90.9,0.107,25.73,14.0,13.55,0,0,0,0.0,0.0,2,33.0,0.8346
4877.2,77.8,47.9,79.2,78.7,28.3,88.6,0.801,2.57,2.4,13.92,3,0,0,77.8,78.2,0,904.1,0.0677
1051.9,0.0,2.2,28.9,32.9,37.5,86.4,0.233,0.37,1.89,14.17,0,0,1,0.0,0.0,0,717.5,0.0228
3749.4,77.3,15.7,64.3,63.5,30.6,84.9,0.614,0.42,0.88,10.55,4,0,0,77.3,78.8,3,37.7,0.8095
3442.9,91.5,32.3,60.1,61.6,33.7,86.9,0.279,0.51,0.81,14.09,5,0,0,91.5,92.1,0,1496.5,0.0132
1062.2,0.0,2.1,33.7,34.5,33.6,84.0,0.871,-1.82,1.63,14.09,0,0,1,0.0,0.0,0,876.8,0.0792
1051.5,0.0,2.2,36.2,36.5,37.5,87.1,0.338,4.1,0.82,13.96,0,0,0,0.0,0.0,0,1463.3,0.0169
3742.6,79.5,28.8,60.1,56.9,42.6,114.7,0.668,5.34,4.29,13.62,4,0,0,79.5,78.7,1,10.1,0.9161
2768.2,60.3,34.6,63.6,64.0,30.8,92.0,0.249,3.11,0.64,14.36,4,0,0,60.3,60.7,0,1026.6,0.0378
3407.8,89.9,26.2,63.8,64.1,33.6,85.1,0.293,2.12,2.47,10.27,5,0,0,89.9,90.9,3,11.9,0.9677
1284.0,15.6,19.4,49.2,47.5,39.3,115.2,0.771,6.0,3.89,14.22,2,0,0,15.6,15.4,1,68.3,0.825
4355.0,60.3,59.3,73.9,98.0,33.3,90.3,0.142,23.35,16.24,14.02,2,0,0,60.3,60.8,2,37.9,0.9045
3169.6,69.9,31.1,59.2,60.6,39.2,113.4,0.783,4.09,4.06,13.6,4,0,0,69.9,69.1,1,56.5,0.826
2206.9,24.6,20.7,54.8,52.1,38.0,87.1,0.765,3.66,2.71,14.34,2,0,0,24.6,25.0,0,1464.9,0.0663
4389.2,69.3,60.1,72.9,75.4,27.3,83.6,0.773,0.16,2.24,14.11,3,0,0,69.3,68.4,0,719.5,0.0434
3395.9,86.6,29.1,62.6,83.2,29.1,94.9,0.172,20.95,16.42,14.13,5,0,0,86.6,86.3,2,120.0,0.8863
1053.4,0.0,2.1,35.2,31.7,32.3,85.4,0.333,0.27,3.31,10.09,0,0,1,0.0,0.0,3,22.9,0.8524
1633.3,17.6,14.6,49.0,49.5,36.9,87.6,0.761,3.53,1.78,13.94,2,0,0,17.6,17.3,0,812.8,0.0269
2110.6,22.4,6.4,41.9,40.4,32.0,85.1,0.4,-0.25,1.8,10.81,2,0,0,22.4,22.3,3,25.7,0.9037
2332.1,19.0,14.7,44.5,44.9,36.5,87.7,0.719,1.9,0.68,14.14,1,0,0,19.0,18.8,0,1460.0,0.0773
2288.6,27.9,6.7,41.2,38.8,36.4,91.1,0.867,5.26,1.56,14.13,2,0,0,27.9,28.3,0,1411.2,0.0738
3112.9,82.3,34.5,67.7,66.5,31.6,92.7,0.264,0.36,1.36,14.3,5,0,0,82.3,82.5,0,1072.9,0.0466
1039.9,0.0,2.4,34.7,36.4,29.1,89.0,0.342,2.51,3.19,13.98,0,0,0,0.0,0.0,0,815.8,0.0381
2378.5,30.2,20.0,47.2,46.5,31.5,86.7,0.743,1.26,0.69,14.11,2,0,0,30.2,30.5,0,794.5,0.0582
1016.7,0.0,2.2,36.1,36.4,33.5,87.2,0.73,4.36,0.66,13.87,0,0,0,0.0,0.0,0,1473.1,0.0764
1046.2,0.0,2.3,37.4,37.3,39.5,88.9,0.262,2.32,1.36,14.21,0,0,0,0.0,0.0,0,879.1,0.0717
1663.2,14.6,11.7,48.3,51.2,38.0,89.1,0.836,3.74,0.35,14.14,1,0,0,14.6,14.5,0,1185.7,0.0586
1026.9,0.0,2.5,35.7,34.6,37.9,89.6,0.748,1.05,2.3,14.12,0,0,1,0.0,0.0,0,719.5,0.0536
2148.7,18.9,16.3,43.0,43.7,38.1,83.5,0.346,1.7,0.31,10.7,1,0,0,18.9,18.7,3,31.6,0.9026
1060.8,0.0,1.9,38.2,36.6,27.8,83.2,0.283,0.64,2.33,14.04,0,0,0,0.0,0.0,0,921.8,0.0363
3603.4,76.6,35.0,60.6,61.5,29.8,84.3,0.747,1.08,0.71,14.24,4,0,0,76.6,76.1,0,879.2,0.0529
1034.1,0.0,2.3,35.6,36.3,33.7,88.0,0.784,5.08,1.17,14.04,0,0,0,0.0,0.0,0,1288.6,0.0493
3179.3,36.3,15.0,55.1,52.8,31.0,85.1,0.766,2.39,0.88,13.97,2,0,0,36.3,36.1,0,727.9,0.0183
850.0,0.0,1.8,33.2,51.3,34.3,95.4,0.162,21.85,13.08,13.88,0,0,0,0.0,0.0,2,26.1,0.7313
3009.4,79.1,28.5,61.5,60.3,34.5,90.6,0.801,2.15,1.99,14.32,5,0,0,79.1,79.4,0,700.8,0.0723
3647.8,75.3,27.1,59.4,89.2,39.8,94.9,0.179,20.37,13.97,14.07,4,0,0,75.3,74.1,2,29.0,0.8661
1086.5,0.0,1.8,37.3,33.5,37.7,82.4,0.248,3.57,1.07,14.09,0,0,0,0.0,0.0,0,878.2,0.0224
2528.9,27.6,7.1,43.0,43.9,29.8,89.7,0.202,2.13,0.95,14.21,2,0,0,27.6,27.8,0,1460.2,0.0532
2773.9,33.9,7.6,47.5,47.9,33.8,85.2,0.783,3.1,2.74,14.27,2,0,0,33.9,33.9,0,709.4,0.0204
2856.1,62.2,21.5,59.8,62.0,38.7,85.7,0.22,7.09,1.23,14.31,4,0,0,62.2,62.6,0,798.8,0.0401
2391.2,28.9,10.7,60.2,59.0,34.1,90.2,0.78,-0.05,1.07,14.18,2,0,0,28.9,28.5,0,1147.6,0.0207
3589.0,40.9,78.6,82.9,84.1,30.8,83.5,0.26,-0.91,1.8,14.07,2,0,0,40.9,40.7,0,915.4,0.0507
2404.6,28.4,9.3,44.7,42.5,33.4,87.8,0.202,2.23,1.09,14.13,2,0,0,28.4,28.8,0,835.1,0.0395
2190.9,35.8,19.1,49.3,50.0,37.8,86.5,0.772,1.51,1.87,14.36,3,0,0,35.8,35.8,0,700.8,0.0596
1072.0,0.0,1.9,29.7,32.9,31.8,85.4,0.276,-3.18,1.3,11.21,0,0,0,0.0,0.0,3,36.6,0.93
1023.8,0.0,2.4,35.1,35.2,30.6,84.0,0.736,2.96,1.01,13.88,0,0,0,0.0,0.0,0,1227.4,0.0362
1095.6,0.0,2.4,34.6,33.2,30.5,85.3,0.697,1.12,1.84,14.1,0,0,1,0.0,0.0,0,1380.6,0.0268
2921.8,21.6,10.6,36.3,35.1,35.3,90.6,0.343,2.99,0.73,14.05,1,0,0,21.6,21.5,0,1293.3,0.0228
2079.2,17.4,10.0,56.2,55.1,29.9,85.9,0.184,-0.1,1.38,14.27,1,0,0,17.4,17.5,0,1220.1,0.0416
3213.1,70.2,26.6,57.6,54.9,33.7,85.1,0.712,0.28,0.99,14.18,4,0,0,70.2,70.4,0,716.7,0.0415
1714.0,11.4,10.7,58.4,82.6,29.5,89.9,0.099,22.81,14.12,13.78,1,0,0,11.4,11.4,2,49.3,0.6685
2361.9,36.1,7.8,45.2,46.2,34.6,90.1,0.231,1.01,-0.36,10.23,3,0,0,36.1,36.1,3,40.0,0.9457
2574.5,21.3,12.1,47.7,47.0,29.2,90.2,0.876,2.55,1.33,14.04,1,0,0,21.3,21.0,0,867.7,0.0511
1056.4,0.0,1.8,34.3,32.6,27.5,86.9,0.723,2.29,1.34,13.92,0,0,0,0.0,0.0,0,826.6,0.0728
3511.0,71.5,57.8,78.8,81.1,37.8,92.7,0.248,2.23,0.28,14.26,4,0,0,71.5,72.8,0,1330.4,0.0214
3704.2,98.8,23.8,56.6,57.3,44.0,114.5,0.794,7.2,5.14,13.83,5,0,0,98.8,98.1,1,53.4,0.9333
1047.4,0.0,2.3,35.1,33.8,32.7,80.9,0.208,2.91,2.56,14.19,0,0,0,0.0,0.0,0,1437.4,0.0557
3557.0,72.1,29.2,54.4,55.6,31.0,86.3,0.264,1.15,0.48,14.26,4,0,0,72.1,71.9,0,1370.8,0.0409
3259.8,40.0,55.7,83.2,82.5,30.9,86.1,0.714,3.74,-0.05,14.13,2,0,0,40.0,40.5,0,1111.4,0.0622
2213.3,26.5,15.8,57.7,56.5,40.1,120.1,0.807,4.45,3.09,13.65,2,0,0,26.5,26.5,1,56.7,0.7321
1971.1,31.0,15.6,44.2,44.1,28.6,89.0,0.68,0.18,3.02,14.0,3,0,0,31.0,31.5,0,1270.7,0.0361
1742.4,12.2,21.8,48.0,48.8,34.4,87.7,0.194,0.6,1.43,13.99,1,0,0,12.2,12.5,0,1113.9,0.0566
4830.6,76.5,77.8,80.7,82.3,34.6,102.9,0.685,7.89,2.39,13.96,3,0,0,76.5,76.3,1,41.9,0.9181
1019.3,0.0,2.2,34.0,37.1,27.0,83.4,0.69,1.24,1.92,14.04,0,0,0,0.0,0.0,0,1422.7,0.0258
2438.9,26.0,11.1,43.9,71.4,39.7,92.2,0.137,23.95,14.39,13.98,2,0,0,26.0,25.6,2,47.3,0.7675
2463.4,30.3,16.4,43.0,42.8,28.3,87.7,0.314,3.25,1.34,14.32,2,0,0,30.3,29.9,0,1119.6,0.0582
3463.3,82.6,22.8,67.1,84.4,28.1,93.4,0.186,19.45,13.55,13.85,4,0,0,82.6,82.0,2,94.4,0.6579
3768.7,80.8,31.4,61.9,64.6,38.6,111.0,0.805,6.43,5.0,13.57,4,0,0,80.8,79.7,1,18.8,0.7891
2592.4,44.4,21.8,49.5,50.1,37.1,90.8,0.268,4.8,2.41,14.14,3,0,0,44.4,44.0,0,700.9,0.0171
2688.9,31.4,13.1,47.1,48.8,36.9,112.6,0.688,6.13,4.83,13.39,2,0,0,31.4,31.7,1,67.7,0.7901
2862.5,21.9,13.9,51.4,51.3,39.7,91.0,0.187,2.64,1.88,14.0,1,0,0,21.9,21.8,0,1095.4,0.0487
2650.4,19.4,13.9,53.5,54.8,36.9,89.1,0.629,-1.0,1.29,10.61,1,0,0,19.4,19.1,3,34.7,0.8792
1728.9,23.6,15.4,38.6,42.7,29.2,91.2,0.347,1.14,3.33,14.16,2,0,0,23.6,23.2,0,1497.8,0.0144
3965.2,84.5,28.0,59.5,58.2,48.1,117.2,0.681,3.17,4.81,14.12,4,0,0,84.5,84.8,1,34.7,0.7249
2228.2,27.0,17.1,46.6,47.4,30.9,85.7,0.232,2.34,1.13,14.33,2,0,0,27.0,27.1,0,740.2,0.077
2597.6,31.0,8.9,65.2,62.1,35.3,84.8,0.674,1.91,2.25,11.23,2,0,0,31.0,30.7,3,25.5,0.9784
2012.4,23.2,15.8,40.6,42.4,31.9,88.7,0.213,1.02,2.29,14.04,2,0,0,23.2,23.5,0,1088.4,0.0546
3749.8,78.4,27.2,66.0,65.8,29.2,82.7,0.41,3.49,1.81,11.04,4,0,0,78.4,77.5,3,45.0,0.969
1066.8,0.0,2.1,36.7,37.4,32.6,83.2,0.611,2.07,0.75,10.24,0,0,1,0.0,0.0,3,32.9,0.9463
1011.1,0.0,1.9,31.9,34.5,28.8,82.9,0.198,1.71,1.89,14.0,0,0,0,0.0,0.0,0,942.4,0.0557
4031.3,48.1,64.9,73.5,98.0,30.8,98.5,0.114,16.76,12.09,14.01,2,0,0,48.1,48.4,2,95.8,0.6885
4380.3,69.5,62.3,85.6,84.0,26.3,85.0,0.48,0.62,1.1,11.11,3,0,0,69.5,68.2,3,35.4,0.8329
3280.5,69.4,31.5,65.2,60.5,30.8,84.1,0.819,2.48,1.7,14.09,4,0,0,69.4,69.9,0,1035.2,0.057
1975.6,25.8,10.1,42.7,45.1,34.5,85.3,0.792,1.07,1.41,14.23,2,0,0,25.8,25.5,0,1334.4,0.036
4489.0,55.4,50.7,79.9,81.1,31.8,97.8,0.345,1.45,2.48,14.26,2,0,0,55.4,54.7,0,1215.7,0.0196
2395.2,29.2,21.2,61.2,60.6,32.6,88.8,0.742,1.93,2.06,14.11,2,0,0,29.2,29.4,0,897.6,0.022
3124.5,24.0,21.0,42.6,45.9,36.3,87.2,0.193,2.96,0.06,14.17,1,0,0,24.0,24.2,0,1065.8,0.0377
2087.8,31.9,7.5,44.1,47.4,30.2,81.1,0.216,1.17,1.49,14.15,3,0,0,31.9,31.4,0,868.1,0.0586
2357.4,39.6,21.3,46.6,45.1,36.5,86.2,0.286,5.63,1.71,14.26,3,0,0,39.6,38.9,0,854.1,0.0154
1074.3,0.0,2.2,35.6,34.8,38.4,84.3,0.741,2.83,2.59,14.09,0,0,0,0.0,0.0,0,1020.2,0.0299
2331.3,19.3,7.1,39.7,42.7,30.5,92.2,0.737,2.86,1.43,14.19,1,0,0,19.3,18.9,0,883.9,0.0656
3583.6,61.4,68.2,80.3,98.0,36.4,92.9,0.111,18.67,14.98,13.83,3,0,0,61.4,62.6,2,43.6,0.8666
2969.5,48.4,20.2,42.8,43.4,41.0,109.6,0.68,7.78,2.65,13.87,3,0,0,48.4,48.6,1,16.7,0.9005
2787.3,72.6,34.5,66.0,62.6,35.3,87.4,0.78,2.56,0.66,14.17,5,0,0,72.6,71.5,0,777.7,0.0248
3212.0,67.8,28.3,70.7,67.4,38.5,133.3,0.887,7.87,3.85,13.48,4,0,0,67.8,67.2,1,41.6,0.7755
2813.4,76.7,23.7,62.7,61.9,34.5,109.1,0.662,6.25,3.35,14.17,5,0,0,76.7,78.2,1,22.1,0.8678
3313.4,84.0,17.7,54.1,56.0,35.2,84.8,0.666,0.24,1.47,10.66,5,0,0,84.0,82.9,3,37.1,0.9135
2811.6,59.1,29.5,59.1,61.5,32.6,89.0,0.345,-0.38,1.59,14.08,4,0,0,59.1,58.6,0,927.9,0.0487
1046.3,0.0,2.4,31.7,31.7,34.1,90.6,0.317,2.31,2.72,14.0,0,0,0,0.0,0.0,0,856.3,0.0691
1081.6,0.0,1.9,31.0,35.6,31.4,89.8,0.557,-0.73,0.95,11.06,0,0,0,0.0,0.0,3,15.6,0.9034
3589.5,97.3,25.3,56.6,55.6,37.6,85.4,0.602,3.64,2.07,10.92,5,0,0,97.3,96.9,3,23.0,0.8277
3317.3,89.4,29.3,61.2,58.0,48.2,113.4,0.798,11.24,4.06,13.84,5,0,0,89.4,90.3,1,51.7,0.8783
1080.6,0.0,2.0,33.0,53.2,33.9,100.5,0.101,24.15,13.79,13.8,0,0,0,0.0,0.0,2,76.9,0.8453
2797.3,73.5,32.6,61.8,60.0,27.2,85.6,0.814,1.88,0.88,14.16,5,0,0,73.5,73.4,0,794.4,0.0277
1050.5,0.0,2.4,37.3,36.2,27.7,83.4,0.693,0.56,0.71,14.09,0,0,0,0.0,0.0,0,961.4,0.0464
3021.3,82.4,22.6,57.0,56.6,34.5,90.2,0.268,3.28,2.39,14.25,5,0,0,82.4,81.5,0,996.5,0.023
2408.4,20.8,20.8,40.2,37.0,28.9,84.6,0.798,0.7,2.47,14.14,1,0,0,20.8,21.0,0,1005.2,0.0782
2333.9,45.0,17.5,47.5,65.5,39.4,90.9,0.093,22.67,17.41,14.1,3,0,0,45.0,44.3,2,24.8,0.8745
2618.1,42.0,9.2,42.3,43.0,32.6,86.6,0.732,0.33,0.63,14.02,3,0,0,42.0,42.3,0,923.5,0.0684
1035.2,0.0,2.2,33.2,33.2,35.7,84.8,0.244,0.17,2.51,14.11,0,0,0,0.0,0.0,0,759.4,0.0414
4664.9,57.9,75.8,83.6,84.4,35.0,87.7,0.668,2.66,-0.27,9.73,2,0,0,57.9,57.5,3,19.7,0.8176
3805.5,96.9,26.4,64.5,62.8,29.4,89.8,0.298,2.4,0.88,13.96,5,0,0,96.9,95.1,0,1235.0,0.0668
1589.9,14.3,9.7,49.8,50.4,33.2,88.7,0.54,0.91,1.99,10.34,1,0,0,14.3,14.3,3,25.4,0.9007
3783.1,46.5,58.7,82.1,83.0,31.4,88.1,0.66,2.4,1.55,10.65,2,0,0,46.5,46.5,3,13.3,0.8401
1490.3,11.7,16.6,44.3,43.7,34.4,87.5,0.85,3.51,0.78,14.15,1,0,0,11.7,11.9,0,1195.2,0.0125
1028.3,0.0,2.5,30.0,28.9,33.4,85.5,0.812,1.13,3.21,14.24,0,0,0,0.0,0.0,0,1197.3,0.0709
2272.9,18.3,19.5,40.0,41.2,32.8,88.2,0.871,1.68,0.29,14.14,1,0,0,18.3,18.1,0,1045.5,0.0503
3920.8,50.2,81.3,75.7,74.9,31.5,92.4,0.731,1.59,1.23,14.06,2,0,0,50.2,50.5,0,1358.0,0.0707
3496.9,73.4,20.4,53.3,52.0,28.1,88.4,0.804,0.39,0.91,14.21,4,0,0,73.4,74.2,0,1441.2,0.0149
1008.2,0.0,2.4,32.4,29.9,36.2,83.1,0.761,2.65,1.87,13.99,0,0,0,0.0,0.0,0,933.7,0.0667
1070.4,0.0,2.1,33.5,33.4,35.8,85.3,0.266,-0.04,2.99,9.35,0,0,0,0.0,0.0,3,38.4,0.9575
1070.4,0.0,2.5,34.3,32.5,32.9,82.3,0.711,5.63,2.1,14.01,0,0,1,0.0,0.0,0,1132.8,0.0345
3980.6,102.9,33.4,65.4,63.6,38.7,116.2,0.846,7.98,4.53,13.54,5,0,0,102.9,104.3,1,21.3,0.7805
2679.5,21.4,16.5,56.7,56.5,33.8,87.0,0.302,-0.87,2.27,14.2,1,0,0,21.4,21.8,0,766.7,0.0247
3533.4,92.0,30.3,64.9,64.6,35.5,89.7,0.215,-0.35,1.82,14.22,5,0,0,92.0,90.5,0,1017.6,0.0498
2220.9,35.1,16.7,40.5,41.1,35.1,87.5,0.631,1.23,1.0,11.16,3,0,0,35.1,34.6,3,34.9,0.9151
2176.5,25.1,9.3,45.6,47.2,35.9,90.7,0.31,2.9,0.47,14.09,2,0,0,25.1,25.0,0,1100.4,0.0432
3409.2,88.8,16.0,62.9,59.2,34.9,84.0,0.241,2.23,0.69,14.17,5,0,0,88.8,90.3,0,1166.9,0.0202
3877.6,103.7,29.6,59.5,59.9,36.8,115.8,0.693,2.54,5.18,13.99,5,0,0,103.7,103.5,1,74.8,0.7596
2491.2,40.0,11.7,46.5,46.3,49.5,113.1,0.864,13.0,4.67,14.03,3,0,0,40.0,40.0,1,55.9,0.9408
2262.6,16.5,15.4,53.7,53.3,43.5,113.7,0.826,5.26,3.23,13.82,1,0,0,16.5,16.8,1,15.1,0.955
1472.3,21.5,21.1,43.4,43.3,31.8,87.8,0.719,0.16,0.73,14.06,3,0,0,21.5,21.8,0,931.3,0.012
1992.5,16.3,18.4,35.6,35.8,29.7,94.8,0.239,4.37,0.73,13.99,1,0,0,16.3,16.3,0,1025.4,0.0609
2653.5,42.9,11.5,48.5,48.9,29.8,86.4,0.413,-0.73,2.58,11.1,3,0,0,42.9,42.7,3,17.7,0.968
2610.3,21.9,8.2,41.6,42.9,32.0,89.7,0.484,4.2,0.94,11.02,1,0,0,21.9,22.1,3,19.2,0.8545
2401.9,41.5,12.8,50.0,49.4,35.4,91.1,0.778,1.19,3.43,14.3,3,0,0,41.5,41.4,0,762.2,0.0249
850.0,0.0,2.2,33.5,61.5,32.4,96.0,0.199,19.77,14.17,14.07,0,0,0,0.0,0.0,2,110.0,0.8693
1030.4,0.0,2.5,29.5,31.2,36.8,85.9,0.275,2.95,1.92,14.03,0,0,0,0.0,0.0,0,1137.8,0.0274
2005.5,31.4,8.1,55.9,52.5,31.4,87.7,0.281,1.22,1.69,14.26,3,0,0,31.4,32.0,0,1043.6,0.0622
1568.2,18.3,11.3,53.7,53.3,27.1,92.3,0.278,-0.4,1.43,14.24,2,0,0,18.3,18.5,0,777.4,0.0708
1038.9,0.0,2.0,30.8,31.2,39.0,88.6,0.291,4.11,0.91,14.03,0,0,0,0.0,0.0,0,893.2,0.0761
3612.8,78.5,30.7,60.4,60.9,35.1,86.0,0.3,2.08,0.85,14.22,4,0,0,78.5,79.0,0,824.9,0.0528
1038.9,0.0,2.0,31.5,34.9,28.4,81.7,0.213,-2.43,1.93,14.01,0,0,0,0.0,0.0,0,913.9,0.0211
3351.4,86.9,23.4,62.3,61.9,38.4,84.5,0.289,2.67,0.47,14.09,5,0,0,86.9,88.3,0,997.9,0.0122
2172.7,26.6,14.9,52.6,80.9,35.8,99.0,0.199,21.78,17.07,13.71,2,0,0,26.6,26.8,2,111.7,0.8024
2126.5,18.1,11.3,48.7,47.8,41.6,122.3,0.666,5.6,4.61,13.83,1,0,0,18.1,18.1,1,8.9,0.8777
2804.0,45.8,20.1,45.5,45.1,47.4,122.9,0.829,5.88,1.49,13.93,3,0,0,45.8,45.3,1,22.3,0.8053
2474.4,16.0,12.0,56.5,59.5,28.5,91.0,0.376,0.95,1.44,11.17,1,0,0,16.0,16.1,3,6.4,0.913
1595.1,25.0,12.5,47.6,47.6,33.0,90.2,0.708,2.52,0.74,14.28,3,0,0,25.0,24.9,0,1381.8,0.0751
2587.6,32.4,18.5,60.2,55.8,27.4,83.3,0.761,3.47,0.84,14.14,2,0,0,32.4,31.9,0,846.7,0.0134
1113.5,0.0,2.2,32.8,53.4,29.6,96.8,0.083,15.57,16.45,13.85,0,0,0,0.0,0.0,2,56.9,0.7985
4364.2,92.2,66.8,91.3,87.6,34.0,86.8,0.709,1.41,1.88,14.33,4,0,0,92.2,91.5,0,1195.6,0.0372
2338.1,39.7,15.6,42.5,46.4,35.6,89.2,0.858,0.96,0.86,14.22,3,0,0,39.7,39.3,0,1120.8,0.0704
2408.8,43.3,21.8,50.2,47.3,37.7,88.2,0.71,3.35,1.66,14.19,3,0,0,43.3,42.5,0,1283.5,0.0353
850.0,0.0,2.0,34.9,55.6,33.7,90.6,0.128,19.07,14.32,14.11,0,0,0,0.0,0.0,2,92.0,0.7157
3917.2,108.9,29.0,57.6,57.1,35.4,89.8,0.839,0.49,0.19,13.96,5,0,0,108.9,107.4,0,906.6,0.0238
2872.9,67.5,20.4,66.0,87.8,31.0,85.4,0.079,19.24,12.64,13.82,4,0,0,67.5,67.9,2,47.6,0.7367
4976.0,85.1,76.1,74.8,77.8,27.5,83.8,0.872,3.23,1.61,13.79,3,0,0,85.1,86.5,0,1187.2,0.0184
1794.1,20.9,6.7,40.7,40.1,39.7,108.2,0.858,5.21,4.85,13.92,2,0,0,20.9,20.8,1,49.4,0.8572
3450.4,91.9,14.8,75.3,98.0,31.3,94.5,0.163,16.52,11.73,14.15,5,0,0,91.9,93.1,2,103.8,0.7469
6549.1,110.4,42.9,78.0,72.8,34.6,119.0,0.749,6.96,3.48,13.98,3,0,0,110.4,109.7,1,45.7,0.7679
2653.4,20.4,13.9,51.7,50.7,33.8,96.6,0.211,0.6,1.42,14.1,1,0,0,20.4,20.2,0,1062.0,0.0346
1941.1,31.9,20.9,45.4,42.8,33.0,88.8,0.863,-0.39,1.89,14.11,3,0,0,31.9,32.4,0,1225.1,0.0285
2395.3,32.1,7.4,53.7,73.0,30.4,92.1,0.1,16.04,14.78,14.0,2,0,0,32.1,31.7,2,61.8,0.8365
2363.9,18.8,14.4,51.6,47.5,33.2,84.5,0.72,1.34,3.43,14.14,1,0,0,18.8,18.7,0,1073.8,0.0361
2149.0,27.0,21.3,44.1,44.3,36.9,86.1,0.346,3.5,2.77,14.06,2,0,0,27.0,27.1,0,1019.5,0.0639
1054.9,0.0,2.4,32.0,28.3,34.1,87.1,0.851,2.04,0.17,14.15,0,0,0,0.0,0.0,0,1474.9,0.0702
1902.9,28.9,16.9,60.1,61.5,29.1,79.7,0.543,-0.06,0.99,9.69,3,0,0,28.9,29.3,3,31.7,0.9688
5210.8,87.9,83.8,80.1,80.4,28.8,88.9,0.261,1.52,0.62,14.34,3,0,0,87.9,88.3,0,815.5,0.027
3277.3,90.4,23.3,61.2,62.4,42.3,116.8,0.714,7.14,6.03,13.89,5,0,0,90.4,92.1,1,58.7,0.8141
2249.2,28.9,16.5,49.8,48.2,27.7,90.9,0.344,1.42,1.78,13.98,2,0,0,28.9,29.1,0,799.2,0.0486
1035.9,0.0,2.4,31.6,31.7,28.0,88.1,0.27,3.62,2.29,14.09,0,0,0,0.0,0.0,0,911.8,0.0571
2503.7,29.2,20.7,32.2,31.2,44.3,118.4,0.898,8.97,2.01,13.92,2,0,0,29.2,29.1,1,70.9,0.8576
3078.3,67.4,33.8,64.1,65.0,36.8,91.8,0.824,-0.53,3.17,14.04,4,0,0,67.4,67.1,0,1353.5,0.063
2798.9,20.6,7.6,47.9,51.4,33.1,86.0,0.796,2.69,1.29,14.22,1,0,0,20.6,21.0,0,1245.9,0.0383
3731.2,91.5,18.4,62.5,93.2,32.0,96.2,0.054,24.3,15.07,14.07,5,0,0,91.5,89.9,2,93.9,0.7198
1764.3,22.8,18.3,38.0,71.4,26.1,91.9,0.092,17.31,17.38,14.36,2,0,0,22.8,22.7,2,73.1,0.8513
3603.9,77.3,27.6,62.9,62.5,33.8,86.5,0.843,2.16,2.02,13.99,4,0,0,77.3,78.3,0,1341.8,0.0749
3622.3,89.9,34.4,66.2,93.6,35.2,87.0,0.153,20.69,9.68,13.95,5,0,0,89.9,89.4,2,65.8,0.8016
1950.6,16.1,7.9,53.3,52.2,40.3,114.3,0.822,10.69,4.04,13.66,1,0,0,16.1,16.2,1,55.2,0.7702
3258.3,91.4,33.1,66.8,86.6,36.0,97.5,0.079,12.19,14.79,14.22,5,0,0,91.4,92.9,2,60.7,0.7324
4549.2,57.1,59.8,99.2,101.5,31.4,91.7,0.285,0.01,2.25,14.1,2,0,0,57.1,56.8,0,719.2,0.0722
3542.8,94.1,33.0,71.6,70.2,28.2,89.8,0.869,1.96,1.93,14.11,5,0,0,94.1,92.8,0,1009.3,0.0421
3855.8,105.1,16.5,66.5,64.3,36.9,87.7,0.302,1.33,-0.23,10.5,5,0,0,105.1,106.2,3,44.6,0.9401
4823.1,100.6,82.6,75.7,98.0,36.0,93.2,0.067,16.85,13.79,13.87,4,0,0,100.6,101.8,2,102.7,0.6715
1035.9,0.0,2.4,36.7,34.7,26.9,83.9,0.755,0.19,1.67,14.04,0,0,1,0.0,0.0,0,1239.0,0.0432
2483.7,29.6,17.6,50.8,53.2,28.4,91.1,0.716,1.42,1.3,14.29,2,0,0,29.6,29.1,0,1068.4,0.0537
2085.4,36.7,6.9,41.4,42.4,28.4,86.4,0.865,2.83,0.19,14.1,3,0,0,36.7,36.8,0,724.3,0.0677
1058.1,0.0,1.8,32.1,31.7,34.1,78.7,0.749,1.33,0.81,13.87,0,0,1,0.0,0.0,0,1245.3,0.0129
3791.3,81.8,23.3,60.8,59.9,29.2,86.2,0.725,0.67,1.81,13.99,4,0,0,81.8,80.3,0,1224.2,0.0626
1027.3,0.0,2.4,32.4,34.1,32.3,87.3,0.236,1.74,1.59,14.09,0,0,0,0.0,0.0,0,1373.6,0.0214
3785.8,99.1,31.4,58.1,80.2,35.8,95.3,0.14,15.77,15.54,14.09,5,0,0,99.1,98.8,2,69.6,0.7582
1107.9,0.0,2.5,37.2,37.4,32.0,84.4,0.285,1.84,1.06,14.06,0,0,1,0.0,0.0,0,889.7,0.0466
1911.4,32.0,17.9,37.1,36.4,43.0,113.3,0.697,5.19,6.22,13.74,3,0,0,32.0,32.2,1,23.1,0.9479
2500.5,20.3,22.0,52.8,50.4,30.9,83.8,0.846,-1.27,1.71,14.22,1,0,0,20.3,20.5,0,1362.8,0.0285
1056.2,0.0,2.1,34.5,33.8,34.7,87.7,0.729,2.69,0.79,14.15,0,0,0,0.0,0.0,0,1316.0,0.0179
1064.3,0.0,2.3,32.7,32.6,27.2,95.2,0.323,1.82,2.88,14.01,0,0,1,0.0,0.0,0,1005.5,0.0587
2848.8,19.7,9.0,55.8,55.8,30.7,93.2,0.782,3.63,1.56,13.95,1,0,0,19.7,19.9,0,1036.9,0.0478
1060.5,0.0,2.0,38.2,61.1,33.0,95.6,0.129,17.75,14.95,13.9,0,0,0,0.0,0.0,2,34.6,0.7653
3468.4,74.1,22.0,66.2,93.5,36.0,98.2,0.074,21.78,16.42,13.6,4,0,0,74.1,73.7,2,51.7,0.6764
3909.9,82.8,24.8,61.9,63.7,28.4,87.0,0.343,2.85,3.19,14.24,4,0,0,82.8,82.3,0,1077.7,0.0778
4024.1,105.9,17.1,66.2,64.1,33.7,82.2,0.692,0.26,1.4,13.94,5,0,0,105.9,106.2,0,1492.5,0.0269
2835.2,76.0,21.4,64.5,68.2,38.1,86.4,0.183,2.05,0.65,14.19,5,0,0,76.0,77.0,0,894.3,0.0553
3407.7,84.3,26.0,62.0,81.7,36.3,92.5,0.057,17.11,13.2,14.1,5,0,0,84.3,85.6,2,40.4,0.6538
2834.1,21.2,10.6,48.0,79.6,37.1,98.5,0.125,20.64,16.46,14.03,1,0,0,21.2,21.1,2,94.6,0.856
1052.0,0.0,1.9,33.2,34.3,37.2,84.9,0.241,2.65,1.97,13.93,0,0,0,0.0,0.0,0,1414.8,0.0674
2821.7,33.2,18.0,46.2,46.0,41.1,112.7,0.705,6.29,4.15,13.57,2,0,0,33.2,33.8,1,26.6,0.921
1311.0,0.0,1.9,32.8,60.6,37.7,93.2,0.1,16.77,11.46,13.95,0,0,0,0.0,0.0,2,73.8,0.7741
2519.0,19.8,18.2,40.9,41.6,37.6,87.7,0.197,3.19,3.72,14.27,1,0,0,19.8,19.4,0,1450.3,0.0185
1089.5,0.0,2.5,37.7,32.1,35.1,93.3,0.727,1.3,0.53,14.06,0,0,0,0.0,0.0,0,990.6,0.0735
1673.3,19.6,18.0,47.2,47.2,32.6,91.5,0.305,-1.02,0.97,10.37,2,0,0,19.6,19.4,3,11.7,0.8962
3286.3,87.8,15.2,59.9,57.7,36.4,125.2,0.875,6.18,2.16,13.83,5,0,0,87.8,89.5,1,46.8,0.9148
2470.7,30.6,14.7,36.8,36.1,30.9,81.9,0.323,2.83,1.3,13.87,2,0,0,30.6,30.5,0,801.7,0.0476
2968.9,77.9,29.7,58.1,60.3,30.3,93.3,0.841,-0.69,0.06,13.82,5,0,0,77.9,79.2,0,738.6,0.0289
2959.1,61.8,27.2,59.6,60.6,35.1,81.6,0.845,3.36,1.09,14.06,4,0,0,61.8,60.8,0,956.7,0.0611
1057.5,0.0,1.9,35.4,34.1,39.3,85.9,0.831,1.52,2.05,13.98,0,0,1,0.0,0.0,0,1375.4,0.0578
3750.0,96.7,22.5,68.7,67.1,48.0,117.5,0.777,5.99,3.35,13.74,5,0,0,96.7,95.6,1,31.1,0.75
4093.9,45.6,83.9,79.5,81.0,34.6,85.5,0.248,-0.42,1.87,14.05,2,0,0,45.6,45.5,0,722.0,0.0279
2763.9,46.0,13.2,54.3,52.9,35.1,118.9,0.66,2.97,3.38,13.77,3,0,0,46.0,46.9,1,28.1,0.8344
3202.9,68.1,21.9,60.0,87.4,32.2,93.2,0.134,18.85,14.21,14.05,4,0,0,68.1,68.6,2,61.2,0.8669
2365.1,26.5,11.0,53.6,52.8,38.8,85.5,0.812,0.11,1.16,14.08,2,0,0,26.5,26.5,0,1250.4,0.0412
2766.4,31.9,11.7,61.9,59.3,39.6,87.8,0.829,1.39,1.87,14.15,2,0,0,31.9,31.6,0,915.7,0.0374
2235.1,27.1,12.1,57.0,56.5,35.8,91.9,0.348,2.82,0.09,14.15,2,0,0,27.1,26.9,0,1278.0,0.0135
2842.2,32.2,20.3,37.6,38.2,39.4,117.4,0.864,9.37,4.32,14.07,2,0,0,32.2,31.8,1,64.2,0.8093
2330.7,39.2,13.4,51.2,52.1,38.1,88.1,0.234,0.82,0.62,14.2,3,0,0,39.2,38.5,0,1365.2,0.0783
2324.4,38.6,18.7,50.6,49.8,41.3,119.5,0.672,9.73,3.11,14.01,3,0,0,38.6,38.0,1,45.1,0.9263
1041.9,0.0,2.5,36.1,66.9,29.5,89.3,0.18,22.18,17.32,13.84,0,0,0,0.0,0.0,2,74.8,0.851
1081.7,0.0,2.2,33.3,33.2,30.1,84.5,0.816,3.83,1.1,14.01,0,0,0,0.0,0.0,0,1317.4,0.066
1627.1,25.3,15.2,51.1,53.0,28.3,85.0,0.374,1.51,3.6,10.74,3,0,0,25.3,25.5,3,37.5,0.8902
4940.5,80.1,84.8,78.8,80.3,34.7,87.1,0.577,-0.61,1.34,10.77,3,0,0,80.1,80.4,3,4.7,0.874
3321.8,89.4,27.6,66.2,69.6,38.7,84.4,0.286,-0.46,2.45,14.14,5,0,0,89.4,89.4,0,1381.9,0.0395
4565.0,73.5,47.4,83.6,84.9,36.1,88.8,0.329,-0.33,0.42,14.14,3,0,0,73.5,74.9,0,903.0,0.0564
2554.9,30.9,7.4,34.4,37.1,29.1,86.7,0.308,-0.33,1.43,11.33,2,0,0,30.9,31.3,3,16.6,0.8406
4729.1,57.3,40.2,78.3,79.1,36.5,86.2,0.381,-0.39,1.28,11.8,2,0,0,57.3,56.7,3,8.8,0.8994
2323.3,17.1,12.6,36.8,37.3,32.1,90.6,0.788,3.31,1.29,14.27,1,0,0,17.1,17.0,0,1343.3,0.0798
1057.7,0.0,2.1,35.5,34.5,29.7,88.4,0.34,0.38,1.7,14.16,0,0,0,0.0,0.0,0,1466.1,0.0539
2514.6,42.1,10.0,46.7,47.1,36.4,84.7,0.853,2.71,2.39,14.1,3,0,0,42.1,41.5,0,1080.7,0.027
1044.3,0.0,1.9,36.7,38.2,32.1,92.9,0.464,0.47,2.13,10.57,0,0,0,0.0,0.0,3,23.8,0.8647
1617.6,26.9,11.9,47.2,46.2,29.4,89.5,0.209,2.25,1.35,14.42,3,0,0,26.9,27.2,0,1436.4,0.0671
5141.9,64.0,47.7,77.5,76.3,37.8,90.5,0.768,2.22,1.54,14.16,2,0,0,64.0,63.9,0,1386.9,0.0111
1032.6,0.0,2.0,32.4,59.1,37.4,91.3,0.163,22.48,12.7,13.87,0,0,0,0.0,0.0,2,49.3,0.7459
1070.4,0.0,2.3,31.6,34.1,31.4,84.6,0.26,2.75,1.9,13.96,0,0,0,0.0,0.0,0,1284.8,0.0175
4201.3,89.4,20.4,64.9,64.6,38.6,117.4,0.741,7.46,4.48,13.93,4,0,0,89.4,89.5,1,37.0,0.893
2751.5,19.1,14.8,40.5,37.8,27.1,93.2,0.31,0.1,0.2,14.17,1,0,0,19.1,19.3,0,748.5,0.0481
3028.2,65.2,21.5,59.5,83.0,32.4,92.8,0.053,27.03,12.92,13.96,4,0,0,65.2,64.3,2,35.8,0.9051
2991.2,23.2,16.2,49.1,48.4,36.2,88.2,0.693,2.36,1.99,14.17,1,0,0,23.2,23.1,0,742.7,0.0675
4543.5,54.0,43.4,81.5,80.2,44.2,106.0,0.853,8.76,3.31,13.97,2,0,0,54.0,54.5,1,41.3,0.7581
2740.3,68.0,20.3,63.5,65.7,39.5,119.3,0.712,5.86,4.11,13.62,5,0,0,68.0,66.9,1,55.5,0.8203
3980.9,82.4,20.2,62.4,60.0,30.1,86.5,0.779,2.93,2.12,14.05,4,0,0,82.4,83.1,0,1076.8,0.031
5197.9,110.0,40.1,83.9,82.3,38.9,89.3,0.233,3.46,1.31,14.16,4,0,0,110.0,108.9,0,1341.7,0.071
1950.6,24.2,11.1,52.8,53.4,33.8,98.1,0.284,0.77,1.16,14.12,2,0,0,24.2,24.4,0,1207.7,0.0237
1060.1,0.0,2.2,34.8,32.9,26.3,87.4,0.69,4.38,2.31,14.08,0,0,0,0.0,0.0,0,1399.4,0.0101
2377.2,28.1,15.2,48.9,67.7,34.3,90.6,0.145,17.83,17.64,14.01,2,0,0,28.1,28.5,2,87.8,0.8307
2258.4,37.4,12.7,59.0,73.1,31.3,98.4,0.185,18.85,12.95,13.94,3,0,0,37.4,36.9,2,21.1,0.8986
2111.4,15.2,13.5,53.8,56.7,34.9,85.0,0.206,-1.67,1.21,13.97,1,0,0,15.2,15.0,0,1076.4,0.0253
4636.5,55.9,74.2,72.5,73.3,46.4,116.0,0.677,7.7,3.83,13.76,2,0,0,55.9,55.5,1,13.2,0.9383
1102.3,0.0,1.9,36.9,36.0,44.6,111.1,0.845,6.04,2.52,14.02,0,0,0,0.0,0.0,1,56.9,0.7512
3135.7,66.4,30.8,60.0,92.5,31.5,98.6,0.17,23.97,11.04,13.61,4,0,0,66.4,65.1,2,48.8,0.7126
1035.7,0.0,2.5,29.9,31.4,31.2,84.6,0.217,1.75,0.99,14.03,0,0,0,0.0,0.0,0,742.4,0.0756
2558.4,31.2,13.4,55.3,55.1,38.1,87.5,0.869,3.71,2.0,14.08,2,0,0,31.2,31.7,0,1306.4,0.068
3460.5,75.3,27.2,64.9,67.1,28.7,90.6,0.244,3.74,2.71,14.03,4,0,0,75.3,76.1,0,888.8,0.0218
3071.0,34.4,7.8,41.2,42.0,35.8,91.2,0.324,0.91,0.41,13.92,2,0,0,34.4,34.6,0,1057.3,0.0339
4167.7,50.1,76.1,77.5,78.3,34.7,90.4,0.237,3.21,1.53,14.07,2,0,0,50.1,51.1,0,854.6,0.0732
2477.1,40.6,18.9,52.6,51.3,33.9,86.1,0.219,3.54,0.4,14.13,3,0,0,40.6,39.9,0,920.9,0.0654
3709.5,59.8,71.7,81.6,80.0,29.8,90.4,0.724,1.37,2.12,13.89,3,0,0,59.8,60.6,0,1140.0,0.053
3523.4,90.4,30.0,67.5,68.0,47.4,118.7,0.793,9.35,4.48,13.86,5,0,0,90.4,90.0,1,21.9,0.8286
1962.9,34.5,19.4,52.7,52.8,32.3,89.4,0.833,2.28,0.88,14.12,3,0,0,34.5,34.1,0,739.3,0.0597
1041.9,0.0,2.4,32.9,32.5,31.8,88.3,0.323,0.49,1.33,14.16,0,0,0,0.0,0.0,0,840.9,0.0452
1080.4,0.0,2.4,32.6,32.4,36.9,94.9,0.799,1.22,2.42,14.13,0,0,0,0.0,0.0,0,1351.7,0.0349
4447.6,71.8,54.2,77.6,78.4,35.2,91.5,0.854,1.93,1.25,14.2,3,0,0,71.8,70.7,0,1207.1,0.0423
1980.6,33.0,19.4,52.9,47.2,35.5,89.1,0.821,1.67,1.16,14.12,3,0,0,33.0,32.6,0,1292.4,0.0224
1067.8,0.0,2.1,33.2,32.6,30.4,84.8,0.276,1.17,1.89,14.16,0,0,1,0.0,0.0,0,1200.0,0.0481
1051.1,0.0,2.1,36.2,35.3,32.6,83.6,0.758,2.06,0.76,14.1,0,0,1,0.0,0.0,0,922.9,0.0192
2131.8,27.6,19.1,52.8,54.3,38.0,81.8,0.797,0.95,0.84,13.97,2,0,0,27.6,27.7,0,739.9,0.0586
2977.2,77.0,28.3,62.4,63.1,35.1,90.2,0.72,4.23,0.85,14.33,5,0,0,77.0,76.5,0,1424.2,0.0719
2416.7,42.1,9.0,47.2,44.8,31.5,87.7,0.348,0.15,2.83,14.21,3,0,0,42.1,41.7,0,1444.6,0.0326
3383.7,86.5,15.9,54.8,77.3,34.6,88.3,0.063,28.08,11.88,14.27,5,0,0,86.5,87.1,2,71.1,0.6743
2350.8,36.4,10.4,49.8,53.0,32.6,87.6,0.33,2.91,2.74,14.12,3,0,0,36.4,36.5,0,1326.9,0.0416
2586.4,30.8,6.9,44.2,43.1,36.5,81.4,0.784,1.56,2.07,14.16,2,0,0,30.8,30.2,0,1008.6,0.0196
1074.6,0.0,2.0,33.2,35.2,25.9,81.6,0.185,-2.83,3.51,14.07,0,0,0,0.0,0.0,0,973.0,0.0299
1851.4,30.1,19.1,50.5,51.6,29.7,92.1,0.875,1.36,2.36,14.09,3,0,0,30.1,30.0,0,807.5,0.05
1027.6,0.0,2.4,32.5,31.5,31.2,80.9,0.808,2.78,0.72,13.94,0,0,0,0.0,0.0,0,938.5,0.0475
1747.2,25.7,7.7,34.7,33.6,31.2,86.7,0.803,2.47,1.75,14.14,3,0,0,25.7,25.2,0,1010.5,0.0249
3685.6,95.0,21.7,55.3,56.1,48.4,108.9,0.748,8.36,5.51,13.56,5,0,0,95.0,96.5,1,73.2,0.8045
1062.2,0.0,2.5,32.8,34.3,30.0,82.8,0.35,4.97,0.52,14.08,0,0,0,0.0,0.0,0,1084.8,0.0582
2578.5,41.9,12.3,50.1,47.5,29.8,85.8,0.251,0.9,1.27,14.09,3,0,0,41.9,41.5,0,826.1,0.0735
1034.9,0.0,2.1,38.5,60.6,38.7,103.0,0.082,18.57,15.34,14.18,0,0,0,0.0,0.0,2,113.2,0.9157
2910.0,61.4,19.3,62.2,58.7,36.2,89.5,0.471,0.73,0.05,10.74,4,0,0,61.4,61.7,3,37.6,0.9719
4662.6,96.6,72.9,83.4,83.0,25.5,81.5,0.709,2.02,1.48,14.2,4,0,0,96.6,97.8,0,929.5,0.0721
2628.1,21.2,21.5,41.3,42.0,30.1,81.0,0.209,-0.59,0.89,14.17,1,0,0,21.2,21.1,0,1067.9,0.0751
3611.6,96.2,22.0,50.6,49.6,37.1,93.6,0.878,2.01,1.62,14.14,5,0,0,96.2,96.0,0,1187.1,0.0191
2530.2,42.1,7.7,46.3,47.0,28.4,87.2,0.727,3.86,1.17,14.01,3,0,0,42.1,41.7,0,1024.9,0.069
1474.2,7.9,20.8,49.2,49.7,33.8,81.4,0.734,0.11,1.54,14.05,1,0,0,7.9,7.9,0,1458.9,0.0341
2779.0,34.4,15.7,53.1,52.8,31.8,86.3,0.866,3.79,2.81,14.12,2,0,0,34.4,34.3,0,906.2,0.0154
1043.2,0.0,2.2,24.8,29.6,37.2,119.9,0.815,8.41,3.44,14.12,0,0,0,0.0,0.0,1,51.9,0.8619
4310.9,53.5,48.7,82.4,82.6,32.4,84.6,0.289,2.83,3.2,14.21,2,0,0,53.5,52.6,0,1214.7,0.0691
2834.3,24.1,20.4,44.4,43.8,36.6,82.9,0.198,2.32,2.22,14.25,1,0,0,24.1,23.9,0,1117.4,0.0795
3802.1,83.1,24.6,61.6,59.7,37.4,85.5,0.277,4.58,1.72,14.13,4,0,0,83.1,84.2,0,1197.2,0.0483
1186.5,13.2,8.3,49.6,76.9,32.6,98.8,0.131,19.15,14.49,14.18,2,0,0,13.2,13.3,2,89.1,0.7473
1405.9,16.1,18.1,44.0,42.8,33.2,85.3,0.759,5.89,1.66,14.13,2,0,0,16.1,16.0,0,1208.6,0.0606
2370.6,28.1,19.4,44.7,47.1,46.8,125.8,0.826,6.87,2.47,13.71,2,0,0,28.1,28.1,1,39.9,0.9527
4138.9,91.0,19.4,44.6,45.5,37.3,82.3,0.275,1.28,0.8,14.12,4,0,0,91.0,92.5,0,1063.2,0.076
1030.0,0.0,1.9,32.9,31.9,30.2,86.6,0.738,4.24,1.96,13.98,0,0,0,0.0,0.0,0,1351.5,0.0524
2396.4,39.3,15.5,39.0,44.8,29.5,87.3,0.292,3.68,2.23,13.99,3,0,0,39.3,39.3,0,1406.4,0.0638
1025.0,0.0,2.5,31.0,33.3,35.8,87.3,0.339,3.77,4.24,13.95,0,0,0,0.0,0.0,0,1334.2,0.0714
2671.2,20.1,17.5,49.5,50.3,31.4,91.5,0.34,2.31,0.64,14.33,1,0,0,20.1,20.2,0,1450.7,0.0535
3214.8,66.2,26.2,66.6,68.9,28.3,83.8,0.837,2.83,1.15,14.16,4,0,0,66.2,65.4,0,1481.7,0.0128
2448.3,18.3,11.7,49.2,51.0,37.4,93.2,0.691,1.63,1.57,14.33,1,0,0,18.3,17.9,0,839.6,0.0412
4970.7,57.4,44.7,67.3,67.1,38.5,115.4,0.888,4.99,2.5,13.69,2,0,0,57.4,57.0,1,68.5,0.8983
1119.1,0.0,1.9,29.1,30.1,37.6,86.0,0.25,1.73,2.91,14.06,0,0,0,0.0,0.0,0,814.2,0.0454
2475.4,30.9,12.5,44.9,45.5,31.7,85.3,0.217,1.62,1.93,14.08,2,0,0,30.9,31.4,0,1207.7,0.0783
2753.9,33.2,16.4,48.4,46.5,26.9,84.7,0.693,0.63,0.12,14.38,2,0,0,33.2,33.4,0,1329.2,0.0573
1040.4,0.0,2.3,36.0,37.6,40.0,124.3,0.738,8.4,4.16,13.99,0,0,0,0.0,0.0,1,70.0,0.7766
1015.6,0.0,2.2,38.2,34.6,36.5,85.1,0.234,0.76,2.98,10.38,0,0,0,0.0,0.0,3,4.4,0.8257
1620.7,27.9,17.5,49.4,48.4,36.9,88.0,0.715,0.82,1.12,14.01,3,0,0,27.9,27.6,0,964.7,0.0461
1038.3,0.0,2.4,31.1,34.0,34.2,87.4,0.771,1.12,2.63,14.17,0,0,0,0.0,0.0,0,712.3,0.0445
3437.1,88.1,30.2,62.9,65.2,38.2,87.0,0.293,1.63,2.41,14.02,5,0,0,88.1,89.1,0,703.5,0.0124
3660.1,74.4,32.6,62.6,57.7,27.0,88.8,0.612,3.99,2.73,10.8,4,0,0,74.4,75.3,3,5.8,0.8954
3443.8,87.1,15.5,54.7,89.7,36.1,96.7,0.115,22.87,20.66,13.67,5,0,0,87.1,87.2,2,61.5,0.7729
4185.2,86.8,69.2,80.3,83.2,31.9,90.5,0.23,3.48,1.89,14.12,4,0,0,86.8,87.7,0,1305.6,0.0768
2534.5,30.8,6.7,52.0,51.3,29.8,89.0,0.693,0.86,1.14,14.29,2,0,0,30.8,30.4,0,1497.6,0.0748
2255.2,26.9,13.8,40.8,43.2,30.8,86.1,0.183,1.39,1.1,14.34,2,0,0,26.9,27.0,0,1210.9,0.0766
2822.4,20.9,16.4,60.4,61.0,33.1,92.8,0.305,-0.86,0.74,14.02,1,0,0,20.9,20.6,0,1322.6,0.0418
2660.1,21.6,7.7,54.2,51.6,42.6,129.5,0.869,10.57,3.29,13.71,1,0,0,21.6,21.4,1,17.5,0.9089
1036.6,0.0,2.0,30.9,34.0,31.2,83.8,0.684,0.52,0.64,14.07,0,0,0,0.0,0.0,0,1010.9,0.0629
3240.7,85.9,22.1,65.3,65.3,38.4,88.4,0.854,1.82,1.21,14.07,5,0,0,85.9,84.3,0,1421.9,0.0319
4513.4,100.0,80.0,75.8,79.9,41.4,124.3,0.875,5.48,5.21,13.48,4,0,0,100.0,101.8,1,50.3,0.8418
1317.4,0.0,2.5,31.4,53.9,31.0,94.4,0.139,13.64,12.73,13.83,0,0,0,0.0,0.0,2,82.9,0.7845
1049.6,0.0,1.8,31.4,34.7,28.6,81.0,0.715,1.88,2.32,14.02,0,0,0,0.0,0.0,0,1353.0,0.0796
1092.1,0.0,2.0,35.1,34.4,45.9,115.1,0.693,7.78,4.17,13.94,0,0,0,0.0,0.0,1,10.3,0.8661
1093.2,0.0,2.3,36.1,31.9,36.8,82.4,0.875,1.04,2.0,14.07,0,0,1,0.0,0.0,0,1471.4,0.0579
1308.2,0.0,2.4,37.7,64.6,29.2,99.2,0.182,18.01,15.55,13.49,0,0,0,0.0,0.0,2,43.6,0.8055
2713.2,31.8,6.4,51.2,77.4,38.3,91.7,0.136,14.85,12.35,14.01,2,0,0,31.8,31.7,2,41.7,0.7605
2013.8,17.2,21.8,55.4,53.2,27.7,91.0,0.222,1.75,-0.09,14.26,1,0,0,17.2,17.4,0,1448.2,0.0367
3316.4,88.5,29.9,71.5,71.0,41.1,123.6,0.762,8.04,4.16,13.99,5,0,0,88.5,87.4,1,48.3,0.9597
3761.3,97.3,31.3,57.1,84.0,30.0,98.2,0.094,21.16,15.83,14.14,5,0,0,97.3,96.4,2,84.2,0.739
3274.5,86.5,18.2,61.1,65.3,36.3,91.7,0.77,0.8,1.89,14.1,5,0,0,86.5,85.0,0,774.0,0.0218
1057.3,0.0,2.4,36.4,36.0,33.4,81.9,0.248,-0.36,0.75,14.1,0,0,0,0.0,0.0,0,1359.8,0.07
2349.7,29.6,18.4,60.5,90.1,29.6,91.0,0.193,14.28,13.47,13.91,2,0,0,29.6,29.1,2,105.0,0.7945
4443.2,57.5,49.8,78.3,78.3,32.7,88.5,0.241,1.23,1.82,14.03,2,0,0,57.5,57.1,0,848.7,0.0482
2287.1,16.1,16.9,61.9,60.0,31.5,84.9,0.835,1.03,1.81,14.15,1,0,0,16.1,16.3,0,1011.9,0.0552
2438.5,15.1,18.5,54.2,76.6,32.4,95.4,0.094,22.31,11.52,13.98,1,0,0,15.1,15.0,2,81.8,0.8389
2225.8,17.9,6.0,42.0,46.0,39.4,125.4,0.722,12.33,4.18,13.99,1,0,0,17.9,17.6,1,43.7,0.7363
5086.4,84.9,69.7,72.6,74.4,30.0,88.1,0.275,3.43,2.68,14.17,3,0,0,84.9,83.2,0,954.3,0.0272
1043.3,0.0,2.4,39.0,37.7,29.7,87.5,0.86,1.74,1.03,14.1,0,0,0,0.0,0.0,0,867.6,0.0375
1066.0,0.0,2.2,31.9,34.0,32.9,86.5,0.685,0.36,2.1,14.0,0,0,0,0.0,0.0,0,1015.1,0.0576
2179.0,14.9,15.1,41.8,43.2,28.6,92.6,0.254,-0.75,1.23,14.04,1,0,0,14.9,14.8,0,803.9,0.0237
2221.2,28.1,7.7,30.8,31.6,33.3,84.5,0.267,0.2,1.85,14.26,2,0,0,28.1,27.5,0,1341.3,0.0258
3389.4,88.1,29.0,67.0,69.4,44.1,105.2,0.891,6.61,3.09,13.87,5,0,0,88.1,87.4,1,46.7,0.8714
2265.2,25.3,11.5,52.5,52.9,38.1,83.8,0.277,2.02,1.45,13.97,2,0,0,25.3,24.8,0,1498.9,0.0728
4422.5,75.4,55.3,82.9,83.8,32.9,86.2,0.331,1.27,1.72,14.03,3,0,0,75.4,75.9,0,1372.3,0.0305
3219.8,86.6,29.2,63.1,63.7,31.4,84.0,0.267,2.26,2.17,14.12,5,0,0,86.6,87.5,0,902.9,0.041
1497.7,28.5,16.5,55.2,56.3,29.8,81.6,0.438,1.12,1.12,10.58,3,0,0,28.5,28.7,3,31.4,0.9089
2967.7,74.9,25.3,62.4,65.6,29.6,92.7,0.737,0.2,1.62,14.27,5,0,0,74.9,73.6,0,1057.1,0.0191
2390.5,38.1,20.4,42.2,45.6,29.6,81.1,0.688,2.74,2.38,14.48,3,0,0,38.1,37.6,0,1409.4,0.0413
4567.1,78.0,75.6,80.1,81.5,31.8,89.6,0.704,-0.38,2.84,14.19,3,0,0,78.0,78.3,0,1405.3,0.0548
1072.3,0.0,1.8,27.2,26.8,28.7,85.6,0.763,1.27,1.03,13.92,0,0,1,0.0,0.0,0,1485.6,0.0427
1041.4,0.0,2.0,35.0,33.8,37.8,83.3,0.313,0.9,1.74,14.0,0,0,1,0.0,0.0,0,1035.4,0.0757
3547.3,94.4,33.6,61.2,61.0,37.8,90.9,0.335,1.28,1.77,14.22,5,0,0,94.4,93.7,0,1285.4,0.046
2561.4,31.9,18.0,41.6,40.7,33.9,90.7,0.196,2.28,1.61,14.1,2,0,0,31.9,32.3,0,1323.3,0.0776
3148.6,39.0,20.3,39.9,40.5,26.5,86.1,0.184,1.78,1.02,14.15,2,0,0,39.0,39.4,0,1090.2,0.0386
2513.2,39.7,17.2,50.6,49.1,31.4,94.0,0.194,0.07,1.44,14.06,3,0,0,39.7,39.9,0,1045.1,0.0217
2541.1,66.1,23.1,65.3,66.7,27.4,96.7,0.871,1.36,1.69,14.15,5,0,0,66.1,66.1,0,730.0,0.0426
3319.3,73.1,18.2,61.0,60.4,28.7,83.9,0.239,3.39,-0.02,14.06,4,0,0,73.1,73.4,0,998.8,0.0624
1086.4,0.0,2.2,30.7,31.5,34.7,90.1,0.223,2.74,2.0,14.0,0,0,0,0.0,0.0,0,1471.8,0.0227
3153.9,22.7,20.1,42.3,42.3,35.0,85.0,0.719,1.92,2.1,14.15,1,0,0,22.7,22.9,0,1155.6,0.0315
2930.4,47.7,14.3,49.8,48.6,33.8,85.2,0.687,2.48,2.16,14.16,3,0,0,47.7,48.3,0,1151.8,0.0513
2960.8,47.2,15.5,51.9,52.5,40.8,119.6,0.863,7.82,3.09,13.97,3,0,0,47.2,47.3,1,34.7,0.7529
3319.2,87.5,33.7,59.9,58.7,33.0,86.0,0.192,0.99,2.54,14.18,5,0,0,87.5,87.8,0,1457.2,0.0441
3313.8,90.2,15.5,64.4,66.0,36.1,86.7,0.308,3.23,1.42,14.18,5,0,0,90.2,91.4,0,713.0,0.0269
4157.9,66.7,44.3,87.6,84.5,29.8,88.5,0.24,3.08,1.39,14.13,3,0,0,66.7,67.0,0,1100.6,0.0622
3177.5,50.5,19.8,54.8,51.9,37.2,85.2,0.561,3.35,1.91,10.09,3,0,0,50.5,51.0,3,7.5,0.9819
1014.7,0.0,2.3,38.2,59.7,38.5,92.7,0.068,18.46,14.53,14.21,0,0,0,0.0,0.0,2,32.5,0.675
1071.3,0.0,1.9,31.5,30.6,38.0,86.8,0.343,3.29,2.46,14.04,0,0,1,0.0,0.0,0,1051.5,0.0639
1058.5,0.0,2.3,37.8,36.3,32.1,86.0,0.858,1.9,2.15,14.21,0,0,0,0.0,0.0,0,1466.6,0.0573
2622.6,21.0,12.4,41.5,39.7,32.2,90.4,0.878,0.9,1.96,14.25,1,0,0,21.0,20.6,0,1440.0,0.0714
3009.7,80.7,14.3,70.3,70.9,34.5,83.8,0.804,0.5,1.55,14.26,5,0,0,80.7,80.6,0,1484.3,0.019
2727.9,43.4,9.1,44.7,42.1,32.0,90.6,0.848,2.72,1.53,14.26,3,0,0,43.4,44.2,0,1133.7,0.0154
5161.8,86.3,42.9,89.8,92.1,47.7,116.3,0.859,7.3,4.34,13.85,3,0,0,86.3,85.0,1,22.0,0.9581
2051.2,25.5,10.0,49.5,49.3,26.8,85.4,0.875,-1.45,0.83,13.91,2,0,0,25.5,25.5,0,779.1,0.076
3016.4,19.4,20.9,50.1,77.4,33.1,91.9,0.141,22.23,16.02,13.75,1,0,0,19.4,19.2,2,67.2,0.7389
1085.4,0.0,2.2,33.4,34.5,37.4,88.0,0.843,4.44,1.3,13.98,0,0,0,0.0,0.0,0,1104.0,0.0432
2065.0,38.4,17.9,44.7,67.8,29.7,92.7,0.127,18.96,11.69,14.28,3,0,0,38.4,38.0,2,78.1,0.7279
2917.4,48.3,10.8,51.2,79.1,27.9,91.0,0.19,16.22,12.4,14.03,3,0,0,48.3,47.8,2,43.9,0.6719
2173.3,27.6,6.6,45.0,44.1,35.0,80.7,0.335,2.94,1.51,14.1,2,0,0,27.6,27.2,0,1474.2,0.0296
2988.3,78.1,17.0,59.9,64.5,33.2,88.0,0.832,2.77,1.07,14.21,5,0,0,78.1,76.7,0,777.5,0.036
3709.3,98.5,22.8,61.9,62.3,35.9,85.9,0.794,-0.4,0.92,14.39,5,0,0,98.5,98.0,0,1370.2,0.072
3844.0,64.7,42.5,81.4,82.1,28.2,89.8,0.279,0.01,1.42,14.25,3,0,0,64.7,65.8,0,824.8,0.0781
3819.7,83.1,55.1,84.4,83.9,32.4,92.7,0.349,2.07,1.08,14.12,4,0,0,83.1,82.7,0,974.7,0.0203
1984.2,23.1,12.1,59.3,55.4,35.3,94.3,0.803,0.1,0.36,14.37,2,0,0,23.1,23.2,0,755.6,0.0172
2862.3,75.6,22.8,59.4,61.0,35.2,84.3,0.789,1.52,1.39,14.23,5,0,0,75.6,75.0,0,1021.9,0.0138
4795.9,100.9,41.4,84.1,83.8,35.3,85.9,0.611,4.4,2.13,10.5,4,0,0,100.9,99.1,3,11.4,0.8544
4002.5,67.9,40.3,79.1,74.7,30.5,89.2,0.275,-0.18,2.28,14.03,3,0,0,67.9,68.9,0,1314.9,0.0396
1067.7,0.0,2.5,31.2,36.3,38.1,89.5,0.279,-2.86,3.19,10.45,0,0,0,0.0,0.0,3,4.4,0.9301
2195.1,22.1,12.6,46.1,49.8,30.9,84.5,0.865,0.04,1.34,14.21,2,0,0,22.1,21.8,0,1316.1,0.0521
3295.3,85.6,34.9,67.2,94.9,27.8,85.9,0.122,15.55,15.47,13.92,5,0,0,85.6,87.1,2,68.3,0.6776
1032.0,0.0,2.4,35.7,35.9,36.2,85.9,0.687,1.56,1.1,14.08,0,0,0,0.0,0.0,0,1480.9,0.0572
1803.6,28.3,18.5,44.6,46.7,33.9,81.6,0.232,4.2,3.13,14.06,3,0,0,28.3,28.8,0,1309.9,0.0753
1099.0,0.0,2.1,29.9,50.8,33.8,91.2,0.14,16.56,15.02,14.0,0,0,0,0.0,0.0,2,117.8,0.8571
1058.3,0.0,2.3,30.3,31.7,37.9,87.9,0.854,0.55,1.6,14.01,0,0,0,0.0,0.0,0,1396.6,0.0588
1985.0,14.6,17.2,52.7,54.8,48.1,115.2,0.657,7.64,4.95,13.71,1,0,0,14.6,14.7,1,66.2,0.8269
3682.7,97.8,34.0,64.7,64.4,29.1,85.7,0.22,-0.28,0.75,14.08,5,0,0,97.8,95.9,0,880.0,0.0758
2236.0,26.9,15.6,40.1,39.3,37.4,81.3,0.717,1.69,1.17,14.33,2,0,0,26.9,27.1,0,1177.8,0.045
4316.8,52.6,49.7,90.3,85.7,25.8,85.3,0.685,2.98,2.41,14.28,2,0,0,52.6,52.1,0,1098.3,0.0768
1075.2,0.0,2.0,33.5,34.4,38.8,107.0,0.65,8.92,4.62,13.69,0,0,0,0.0,0.0,1,69.2,0.8975
2405.3,29.7,13.2,41.7,44.0,37.8,90.7,0.328,2.79,1.07,14.13,2,0,0,29.7,29.9,0,807.2,0.0189
3506.5,73.5,25.8,52.3,53.9,49.9,116.4,0.79,11.01,4.4,13.61,4,0,0,73.5,73.9,1,23.9,0.9252
2377.1,34.9,6.8,56.6,86.9,30.4,95.5,0.18,13.33,13.89,13.76,3,0,0,34.9,35.5,2,49.0,0.7224
1882.6,13.0,10.0,43.8,44.0,34.1,82.3,0.233,3.02,2.93,14.33,1,0,0,13.0,12.9,0,1306.8,0.0126
1053.0,0.0,2.3,39.2,39.3,35.1,89.8,0.874,3.8,0.79,14.19,0,0,0,0.0,0.0,0,855.0,0.0451
1077.0,0.0,2.2,34.0,31.8,46.9,116.7,0.84,1.31,1.57,13.8,0,0,0,0.0,0.0,1,55.6,0.8174
2477.1,40.6,9.8,51.3,51.0,27.2,90.7,0.816,3.85,1.41,14.14,3,0,0,40.6,41.2,0,1484.0,0.0111
2425.7,40.0,8.4,49.3,47.3,38.5,86.5,0.347,2.98,-0.0,14.31,3,0,0,40.0,40.5,0,1431.2,0.0481
1039.8,0.0,2.2,33.5,33.4,35.2,90.8,0.261,2.63,0.27,13.93,0,0,0,0.0,0.0,0,991.9,0.024
2519.2,44.7,17.6,37.9,37.6,32.2,84.6,0.347,0.4,1.66,13.8,3,0,0,44.7,44.9,0,1093.2,0.0725
1882.6,32.5,12.9,43.3,45.7,28.8,89.7,0.241,1.83,2.68,14.43,3,0,0,32.5,32.0,0,1229.0,0.0421
1034.2,0.0,2.4,35.9,36.7,30.0,83.3,0.326,3.5,1.02,14.0,0,0,1,0.0,0.0,0,740.6,0.0568
2790.4,30.8,14.4,55.1,75.9,32.8,89.7,0.179,22.1,11.9,13.77,2,0,0,30.8,30.8,2,100.9,0.8288
2239.4,25.2,21.7,54.8,54.9,31.7,87.5,0.33,-0.44,0.81,14.14,2,0,0,25.2,25.6,0,778.4,0.0799
1057.7,0.0,2.2,32.2,31.5,32.9,87.6,0.346,3.28,1.73,14.17,0,0,0,0.0,0.0,0,818.3,0.0419
2610.3,33.6,21.1,45.6,47.9,33.8,91.3,0.366,2.34,0.58,10.75,2,0,0,33.6,34.1,3,6.8,0.9695
3386.7,40.9,19.5,48.9,48.0,46.9,113.2,0.786,5.09,1.93,13.8,2,0,0,40.9,40.4,1,13.6,0.7475
2167.8,15.9,16.9,49.1,78.7,27.6,93.3,0.173,20.92,14.6,14.02,1,0,0,15.9,15.7,2,113.2,0.7868
2150.6,35.9,12.0,49.6,52.0,34.4,87.5,0.761,3.54,0.93,13.86,3,0,0,35.9,35.5,0,1043.8,0.0446
4511.3,58.4,66.1,88.8,98.0,29.2,91.0,0.12,25.13,13.49,14.1,2,0,0,58.4,59.3,2,91.0,0.6889
2329.3,16.9,6.5,49.0,45.9,37.6,87.3,0.696,4.92,0.22,14.11,1,0,0,16.9,17.0,0,1493.3,0.0225
1074.3,0.0,1.8,35.5,35.6,33.9,85.5,0.701,-0.21,3.11,14.15,0,0,0,0.0,0.0,0,763.9,0.052
1079.1,0.0,1.9,36.5,36.3,35.4,89.6,0.865,0.51,1.12,14.09,0,0,1,0.0,0.0,0,984.7,0.0666
5189.9,84.5,53.4,68.3,68.1,36.8,87.1,0.284,1.79,1.22,14.2,3,0,0,84.5,84.7,0,1198.8,0.0424
2558.8,19.5,7.7,42.9,71.5,29.6,97.6,0.155,20.96,11.55,13.62,1,0,0,19.5,19.9,2,81.5,0.7884
3129.1,84.2,25.6,54.4,55.1,34.0,88.6,0.818,1.81,1.89,14.18,5,0,0,84.2,83.0,0,905.0,0.07
3342.3,74.3,20.1,60.8,63.0,41.9,115.3,0.823,5.06,3.7,14.28,4,0,0,74.3,73.5,1,25.0,0.8573
3277.5,85.0,22.1,58.8,56.8,40.6,118.7,0.737,5.1,3.92,13.97,5,0,0,85.0,84.0,1,64.7,0.7774
2225.5,36.1,13.5,44.9,46.8,34.2,92.8,0.694,4.32,0.89,14.08,3,0,0,36.1,36.3,0,705.0,0.0726
1071.3,0.0,2.1,36.2,35.3,35.8,87.8,0.769,0.52,1.27,14.06,0,0,0,0.0,0.0,0,1482.6,0.0413
3853.5,101.0,20.7,63.4,60.4,31.7,90.2,0.224,1.49,0.77,14.24,5,0,0,101.0,99.1,0,1317.4,0.0239
1053.8,0.0,2.1,32.6,34.0,25.5,84.2,0.207,2.36,2.26,14.0,0,0,1,0.0,0.0,0,706.3,0.0642
3164.4,84.3,26.7,56.4,54.6,26.6,84.4,0.328,-0.22,1.46,13.99,5,0,0,84.3,85.6,0,887.1,0.0711
1058.2,0.0,2.3,41.5,39.0,38.5,83.2,0.253,0.81,1.15,11.65,0,0,1,0.0,0.0,3,20.4,0.842
3814.7,99.6,29.1,60.0,59.3,32.4,87.5,0.27,-0.85,0.63,14.04,5,0,0,99.6,99.9,0,1027.3,0.0506
2257.5,17.0,12.8,53.2,49.1,39.2,91.2,0.28,3.74,3.05,14.39,1,0,0,17.0,16.7,0,862.6,0.0277
3211.7,25.6,13.1,46.7,75.5,36.2,93.4,0.084,21.09,14.2,14.32,1,0,0,25.6,25.6,2,31.9,0.7209
2401.5,16.6,13.9,38.9,40.9,28.9,85.3,0.184,1.13,2.15,14.16,1,0,0,16.6,16.4,0,982.6,0.0434
3830.9,98.7,26.8,54.5,52.9,40.6,119.8,0.737,7.19,3.15,13.92,5,0,0,98.7,98.3,1,27.4,0.7912
3319.2,85.7,34.1,64.6,60.6,37.2,86.1,0.729,1.95,1.48,14.26,5,0,0,85.7,86.0,0,1156.6,0.0791
2118.4,17.1,21.3,49.4,47.3,31.5,86.0,0.8,2.62,0.75,14.08,1,0,0,17.1,17.0,0,1037.9,0.0163
2619.8,21.2,21.6,49.5,47.1,34.9,86.2,0.78,-0.32,2.53,14.08,1,0,0,21.2,21.0,0,967.1,0.0406
2651.3,71.7,16.2,64.8,62.6,32.8,89.1,0.291,2.96,0.56,14.15,5,0,0,71.7,72.6,0,742.4,0.0437
3969.6,87.0,22.5,57.7,57.5,27.0,89.8,0.748,3.34,2.86,14.02,4,0,0,87.0,87.0,0,885.5,0.073
1043.1,0.0,2.3,26.2,32.4,48.7,119.3,0.757,6.36,2.6,13.58,0,0,0,0.0,0.0,1,14.4,0.7293
3429.7,91.3,19.5,60.6,59.1,35.8,83.4,0.269,-1.93,1.96,14.18,5,0,0,91.3,91.9,0,1007.3,0.0476
2634.7,45.9,20.0,40.5,41.2,34.2,88.8,0.493,1.58,0.32,11.02,3,0,0,45.9,45.4,3,28.3,0.8439
1014.9,0.0,2.0,34.0,34.1,27.8,83.1,0.826,3.07,0.72,14.14,0,0,0,0.0,0.0,0,1062.3,0.0558
2504.0,18.4,8.4,43.0,43.3,27.7,86.7,0.295,2.42,2.91,13.99,1,0,0,18.4,18.7,0,1438.2,0.0237
2121.0,16.6,19.4,58.5,56.2,35.6,86.5,0.793,2.17,0.97,14.04,1,0,0,16.6,16.5,0,1145.0,0.0201
2141.5,34.7,7.1,56.4,60.0,29.0,87.5,0.4,2.33,2.02,11.04,3,0,0,34.7,34.4,3,25.7,0.9612
2807.5,32.6,10.1,33.2,36.6,28.2,95.1,0.777,4.07,1.99,14.16,2,0,0,32.6,32.9,0,1491.6,0.0436
2554.5,21.1,15.9,48.6,48.0,32.0,85.6,0.268,-2.45,0.68,14.02,1,0,0,21.1,21.3,0,1177.8,0.0269
3844.6,91.8,30.6,60.3,78.5,34.9,87.9,0.094,20.41,15.89,14.16,5,0,0,91.8,92.8,2,33.7,0.6879
2292.0,37.8,12.3,51.0,51.5,29.9,86.6,0.726,-0.2,2.03,14.22,3,0,0,37.8,38.0,0,1422.7,0.0368
2435.1,40.6,10.3,44.8,73.8,26.8,93.0,0.197,20.3,14.96,14.17,3,0,0,40.6,40.1,2,33.5,0.908
2716.8,31.8,16.5,49.1,51.5,29.6,82.4,0.222,2.76,2.11,13.99,2,0,0,31.8,31.3,0,1261.2,0.0343
1056.3,0.0,2.5,36.9,33.6,44.0,111.7,0.83,7.95,3.88,13.91,0,0,1,0.0,0.0,1,24.1,0.7833
2082.0,21.0,17.7,60.3,59.0,29.9,88.9,0.434,5.0,2.68,9.9,1,0,0,21.0,20.7,3,12.6,0.9602
1060.3,0.0,2.1,32.7,31.2,39.6,114.0,0.699,7.12,5.12,13.55,0,0,0,0.0,0.0,1,54.9,0.8748
1038.2,0.0,2.3,35.0,30.1,37.9,86.2,0.681,3.49,1.64,14.24,0,0,0,0.0,0.0,0,1132.6,0.0499
3888.7,104.6,19.2,64.5,64.2,29.1,88.4,0.244,2.54,0.68,14.06,5,0,0,104.6,103.8,0,966.3,0.0464
1067.7,0.0,2.0,33.9,34.9,27.6,88.5,0.334,0.42,-1.08,10.67,0,0,0,0.0,0.0,3,41.5,0.8414
1038.7,0.0,2.4,30.0,31.2,34.4,86.9,0.191,3.67,2.43,14.1,0,0,0,0.0,0.0,0,1224.8,0.0545
3320.4,87.0,27.6,59.4,59.6,40.3,89.7,0.768,-1.75,3.24,14.03,5,0,0,87.0,86.9,0,873.0,0.0114
2433.5,16.6,18.2,35.0,35.6,38.4,120.3,0.74,9.81,3.68,13.41,1,0,0,16.6,16.3,1,49.1,0.9596
3493.1,95.2,19.7,52.0,49.5,28.6,90.9,0.344,-0.5,0.74,14.18,5,0,0,95.2,96.1,0,797.1,0.0551
1049.4,0.0,2.4,36.4,36.5,37.3,82.3,0.793,2.42,1.65,14.1,0,0,0,0.0,0.0,0,1058.4,0.0372
4636.8,99.9,62.0,90.0,88.5,29.7,91.4,0.286,-0.83,1.46,14.08,4,0,0,99.9,100.7,0,1017.8,0.0596
3459.4,87.9,16.7,58.6,58.3,36.9,88.0,0.21,0.33,1.79,14.16,5,0,0,87.9,86.7,0,1431.1,0.0321
1033.8,0.0,2.2,35.6,33.5,31.9,87.2,0.212,2.34,2.73,14.09,0,0,0,0.0,0.0,0,1135.0,0.0624
1048.1,0.0,2.3,34.6,35.6,43.8,111.2,0.86,6.78,5.58,13.56,0,0,1,0.0,0.0,1,56.6,0.9477
1026.0,0.0,2.2,30.9,32.1,28.1,86.4,0.302,3.32,2.07,14.21,0,0,0,0.0,0.0,0,1332.1,0.025
888.6,0.0,2.2,32.0,54.6,29.3,91.6,0.092,21.18,14.36,13.65,0,0,0,0.0,0.0,2,60.4,0.8866
3071.2,27.4,18.3,47.1,67.6,35.0,85.3,0.074,25.4,14.89,13.95,1,0,0,27.4,27.8,2,63.5,0.7372
2553.2,29.7,7.6,41.5,42.7,40.8,115.3,0.804,4.74,1.01,13.94,2,0,0,29.7,29.7,1,47.6,0.726
1060.3,0.0,1.9,33.0,33.1,32.1,86.7,0.687,2.29,0.81,14.12,0,0,0,0.0,0.0,0,997.5,0.0671
2616.2,45.5,8.4,42.9,44.1,40.7,119.4,0.71,5.28,5.61,14.11,3,0,0,45.5,44.9,1,52.0,0.7715
2239.0,28.1,16.1,54.2,51.9,34.4,88.6,0.726,1.35,0.69,14.08,2,0,0,28.1,27.5,0,911.6,0.0601
3249.0,84.9,30.6,58.8,59.2,38.2,86.2,0.337,2.3,1.39,14.01,5,0,0,84.9,84.4,0,776.3,0.0126
1071.5,0.0,2.3,37.1,36.3,45.0,123.3,0.665,11.93,5.74,14.09,0,0,1,0.0,0.0,1,15.7,0.8585
1870.0,29.4,20.6,50.9,52.4,33.9,87.9,0.774,3.8,1.03,14.43,3,0,0,29.4,28.9,0,847.8,0.0552
3540.8,75.4,26.6,60.8,59.4,37.7,92.1,0.424,1.86,1.19,9.97,4,0,0,75.4,76.7,3,21.7,0.9816
1058.2,0.0,1.9,34.8,34.6,35.9,88.6,0.296,1.17,0.92,14.05,0,0,0,0.0,0.0,0,1249.2,0.0601
3351.3,73.0,19.9,61.5,63.4,33.8,116.9,0.756,5.41,3.56,14.01,4,0,0,73.0,72.1,1,68.2,0.7442
4364.5,47.4,62.0,74.8,76.6,29.4,89.5,0.201,1.84,1.97,14.18,2,0,0,47.4,47.3,0,1061.2,0.0367
2478.3,21.4,8.0,50.8,49.2,29.3,90.3,0.689,3.01,1.51,10.19,1,0,0,21.4,21.5,3,9.9,0.893
3125.0,81.3,27.8,64.3,66.1,32.9,93.6,0.688,5.01,1.91,14.09,5,0,0,81.3,81.1,0,1096.5,0.0254
5117.5,85.4,41.4,80.2,79.5,25.5,87.8,0.192,0.7,1.99,14.14,3,0,0,85.4,85.3,0,1267.5,0.0202
2199.8,24.9,20.9,52.8,57.8,33.5,84.2,0.333,0.38,0.79,14.25,2,0,0,24.9,25.2,0,752.6,0.036
1083.4,0.0,2.1,32.4,33.1,30.7,87.2,0.296,2.6,1.17,14.1,0,0,0,0.0,0.0,0,748.0,0.042
3860.9,83.1,21.5,67.0,65.6,36.8,88.5,0.872,0.59,0.9,14.15,4,0,0,83.1,82.5,0,1386.0,0.063
2593.2,43.4,15.2,51.3,50.2,37.0,90.0,0.198,1.49,1.17,14.17,3,0,0,43.4,43.7,0,1474.4,0.0609
3813.3,78.0,33.6,57.9,56.8,27.9,89.6,0.214,1.23,0.94,14.16,4,0,0,78.0,79.0,0,1273.9,0.0498
1058.6,0.0,2.5,36.3,36.3,39.3,86.4,0.233,2.84,2.77,14.24,0,0,0,0.0,0.0,0,1202.6,0.0453
1024.2,0.0,1.9,36.7,34.6,35.2,83.9,0.767,3.12,1.37,13.87,0,0,1,0.0,0.0,0,1057.4,0.0589
3542.9,99.7,30.3,65.3,87.7,38.6,100.8,0.199,17.78,15.04,13.86,5,0,0,99.7,101.7,2,51.7,0.8046
4781.0,98.0,74.6,74.9,77.2,41.7,114.6,0.877,5.29,4.48,13.86,4,0,0,98.0,99.2,1,30.0,0.9238
1873.4,28.4,16.8,40.5,44.0,40.1,134.1,0.761,6.87,2.21,13.82,3,0,0,28.4,28.7,1,35.5,0.9422
1020.2,0.0,1.9,35.8,33.8,49.2,122.0,0.863,10.71,5.33,13.84,0,0,0,0.0,0.0,1,39.4,0.8974
1068.4,0.0,2.1,33.9,33.2,32.7,86.9,0.696,2.41,1.92,14.18,0,0,0,0.0,0.0,0,1291.2,0.0765
1055.1,0.0,2.4,26.3,29.2,38.0,87.3,0.333,3.29,0.63,14.1,0,0,0,0.0,0.0,0,1114.9,0.0231
4297.3,89.6,59.1,75.4,75.9,39.3,93.3,0.683,0.39,2.53,14.11,4,0,0,89.6,90.5,0,1343.3,0.0779
1103.0,0.0,2.1,37.0,55.8,33.7,96.7,0.153,19.39,15.38,13.6,0,0,0,0.0,0.0,2,30.2,0.6661
4315.9,111.4,30.0,63.8,65.3,28.5,87.3,0.466,-3.61,1.49,9.8,5,0,0,111.4,111.2,3,14.6,0.8145
1001.2,0.0,1.9,34.1,34.1,33.5,85.9,0.766,2.38,1.46,14.02,0,0,1,0.0,0.0,0,1316.5,0.0252
3590.1,94.9,28.1,64.7,64.7,30.1,90.6,0.32,4.14,0.56,14.25,5,0,0,94.9,94.9,0,808.8,0.0636
1052.3,0.0,2.3,40.6,39.9,27.5,86.2,0.285,1.0,0.8,14.16,0,0,0,0.0,0.0,0,1317.7,0.0262
2203.4,27.5,11.8,45.1,46.4,31.3,83.2,0.806,2.23,2.91,14.23,2,0,0,27.5,27.2,0,1489.0,0.0611
3510.1,72.8,17.8,71.4,67.6,37.4,91.4,0.252,2.94,1.68,14.15,4,0,0,72.8,74.1,0,1340.7,0.0118
3604.1,93.9,27.2,64.8,63.3,29.6,88.2,0.798,2.4,2.77,14.17,5,0,0,93.9,93.3,0,1221.2,0.0766
1081.3,0.0,2.4,45.2,42.0,30.4,88.6,0.621,-0.23,2.46,10.3,0,0,0,0.0,0.0,3,13.6,0.8078
2415.9,39.0,13.6,51.2,53.0,36.8,82.6,0.192,2.16,2.09,14.13,3,0,0,39.0,39.8,0,1332.2,0.0651
2770.4,22.3,8.6,50.0,47.4,37.4,88.2,0.345,1.34,-0.81,10.14,1,0,0,22.3,22.7,3,36.5,0.8339
1218.5,0.0,2.3,37.1,63.1,39.5,91.0,0.153,18.91,11.64,14.12,0,0,1,0.0,0.0,2,104.0,0.7188
1198.4,0.0,2.0,32.7,66.4,31.6,98.0,0.134,14.18,14.72,13.62,0,0,0,0.0,0.0,2,88.4,0.884
4944.2,81.1,51.8,86.4,83.4,40.2,130.4,0.799,11.89,2.38,13.63,3,0,0,81.1,82.1,1,57.0,0.7606
3431.0,91.7,34.3,59.4,57.8,41.9,114.5,0.676,5.27,3.26,13.89,5,0,0,91.7,93.1,1,75.0,0.9502
3825.9,102.7,27.6,71.0,65.9,35.1,111.6,0.889,7.95,2.82,13.79,5,0,0,102.7,102.6,1,11.4,0.7459
2219.7,17.5,9.5,40.9,42.2,43.4,112.4,0.691,6.93,3.11,14.41,1,0,0,17.5,17.7,1,67.7,0.7884
3060.8,82.4,31.0,62.1,60.4,33.4,90.4,0.315,1.99,0.93,13.87,5,0,0,82.4,83.1,0,1262.9,0.0742
1926.5,21.7,13.8,48.9,46.1,35.2,89.9,0.214,0.43,0.99,10.63,2,0,0,21.7,22.0,3,34.3,0.9809
1016.7,0.0,2.2,32.5,34.7,31.6,110.4,0.723,5.47,5.93,13.87,0,0,0,0.0,0.0,1,46.4,0.8619
4790.4,76.0,54.1,80.0,98.0,33.6,93.2,0.14,20.3,11.05,13.83,3,0,0,76.0,75.3,2,25.3,0.8481
2449.3,25.3,13.5,37.2,59.8,28.5,89.9,0.149,21.7,13.61,14.0,2,0,0,25.3,25.8,2,28.1,0.6677
3066.2,64.4,14.7,63.2,62.7,34.3,87.5,0.861,1.97,1.01,13.98,4,0,0,64.4,64.6,0,1341.9,0.0433
2593.1,20.1,16.6,52.1,47.6,37.9,85.4,0.206,2.67,3.63,14.14,1,0,0,20.1,20.5,0,1445.7,0.0423
3241.7,87.1,27.7,54.4,55.7,30.2,88.5,0.73,1.47,1.77,14.05,5,0,0,87.1,88.7,0,867.4,0.028
3619.2,77.0,24.9,65.7,66.5,32.3,91.5,0.724,1.53,2.36,14.11,4,0,0,77.0,78.0,0,1283.7,0.0355
850.0,0.0,1.8,30.7,59.6,35.0,90.7,0.095,16.01,11.71,13.97,0,0,0,0.0,0.0,2,84.1,0.7721
1047.4,0.0,1.9,36.2,37.5,35.6,85.9,0.846,2.29,1.18,13.99,0,0,0,0.0,0.0,0,937.8,0.0762
2701.8,32.2,12.7,48.6,51.9,28.2,92.9,0.181,2.48,0.77,13.88,2,0,0,32.2,32.0,0,1488.7,0.0587
1001.7,0.0,2.3,34.5,31.9,34.2,83.4,0.75,3.35,1.75,13.95,0,0,1,0.0,0.0,0,1340.2,0.0394
3256.8,71.6,15.4,68.1,69.7,30.5,92.4,0.191,4.16,2.42,14.2,4,0,0,71.6,71.9,0,892.0,0.068
3778.3,101.1,19.2,66.2,67.3,43.9,120.2,0.884,5.24,2.48,13.98,5,0,0,101.1,99.9,1,22.9,0.8191
2093.5,25.1,18.0,49.9,73.6,37.9,97.0,0.096,21.83,11.98,14.31,2,0,0,25.1,24.8,2,104.0,0.8507
2322.0,31.1,6.2,58.6,56.0,34.4,86.4,0.33,1.63,0.87,14.15,2,0,0,31.1,31.2,0,702.9,0.0241
2137.7,16.8,10.4,56.4,54.9,31.9,88.7,0.699,2.5,1.35,14.17,1,0,0,16.8,16.6,0,1381.8,0.02
2738.1,32.6,15.9,44.9,44.9,33.2,85.0,0.185,4.94,1.27,14.25,2,0,0,32.6,33.0,0,955.6,0.0396
4833.7,101.7,63.8,88.5,83.3,36.4,85.6,0.698,2.13,0.84,14.09,4,0,0,101.7,101.2,0,828.8,0.058
2088.5,34.7,15.3,41.3,45.4,39.0,88.8,0.222,2.44,3.63,14.26,3,0,0,34.7,35.3,0,1107.1,0.0568
3242.9,52.2,48.5,90.7,91.1,33.8,82.9,0.572,-0.07,3.28,9.89,3,0,0,52.2,51.5,3,7.6,0.9413
1079.5,0.0,1.8,32.4,33.0,34.9,88.5,0.247,-1.17,3.05,14.05,0,0,0,0.0,0.0,0,865.5,0.0636
1051.2,0.0,2.2,34.5,33.3,31.0,88.1,0.184,2.27,0.38,13.98,0,0,0,0.0,0.0,0,1211.3,0.0569
1027.7,0.0,2.4,34.2,30.4,38.2,80.8,0.86,2.16,1.77,14.03,0,0,0,0.0,0.0,0,1216.4,0.0301
3484.1,91.1,31.5,69.2,67.6,42.0,116.4,0.651,8.12,3.42,13.69,5,0,0,91.1,89.5,1,54.6,0.9252
2619.7,31.2,18.9,37.8,42.5,41.0,111.6,0.76,4.29,4.39,13.85,2,0,0,31.2,31.7,1,45.3,0.9142
3670.9,75.2,65.6,84.0,83.6,48.2,109.6,0.728,8.14,1.36,13.85,4,0,0,75.2,74.5,1,20.8,0.8608
3515.9,75.3,29.7,67.8,66.5,31.0,96.2,0.226,0.71,2.01,14.15,4,0,0,75.3,74.5,0,962.5,0.0582
1897.4,22.5,16.6,48.5,73.0,36.1,101.5,0.103,22.03,14.04,13.89,2,0,0,22.5,22.3,2,40.6,0.8133
3079.5,79.9,34.0,51.9,51.8,38.2,87.6,0.316,2.35,0.99,14.09,5,0,0,79.9,79.6,0,854.9,0.0447
3612.7,75.4,22.4,63.9,64.6,34.8,81.4,0.28,1.74,0.58,14.25,4,0,0,75.4,74.2,0,942.4,0.0702
1974.0,33.8,11.9,50.3,49.5,33.8,88.6,0.728,-0.2,1.33,14.39,3,0,0,33.8,33.8,0,826.7,0.0468
1077.5,0.0,1.9,32.1,30.6,36.5,88.8,0.687,1.6,1.34,14.12,0,0,0,0.0,0.0,0,875.0,0.0702
3559.6,88.9,33.2,76.4,98.0,33.0,91.4,0.068,18.49,12.67,14.07,5,0,0,88.9,90.0,2,86.1,0.7369
2710.7,46.5,6.0,51.6,50.0,33.7,89.6,0.347,-1.15,0.14,10.22,3,0,0,46.5,47.4,3,12.4,0.9477
2292.3,24.3,9.0,48.3,49.9,29.8,86.0,0.24,0.78,0.51,14.14,2,0,0,24.3,24.1,0,1370.4,0.0271
2473.3,16.3,19.6,50.3,70.8,37.2,94.1,0.106,8.43,13.96,14.2,1,0,0,16.3,16.5,2,84.6,0.8324
2937.5,19.7,20.3,42.2,63.1,32.3,93.8,0.111,19.57,15.05,13.99,1,0,0,19.7,19.8,2,77.4,0.9036
1056.2,0.0,2.0,35.6,34.9,31.8,85.8,0.414,0.82,1.28,9.88,0,0,0,0.0,0.0,3,24.8,0.8385
2690.8,31.2,17.5,44.9,48.3,38.3,82.5,0.305,1.5,1.6,14.01,2,0,0,31.2,30.6,0,899.7,0.0422
3057.5,80.7,27.5,58.7,58.3,31.6,90.3,0.737,-1.78,2.16,14.14,5,0,0,80.7,81.1,0,766.1,0.039
2925.7,75.2,14.3,63.9,63.7,29.3,87.0,0.743,-0.22,2.62,14.31,5,0,0,75.2,75.9,0,772.6,0.0127
3987.0,106.2,29.1,54.7,73.8,29.2,90.9,0.15,20.93,19.47,14.1,5,0,0,106.2,108.1,2,42.1,0.819
1008.5,0.0,2.4,34.7,35.0,33.1,89.5,0.775,3.17,1.31,14.09,0,0,1,0.0,0.0,0,1322.1,0.0657
1053.4,0.0,1.9,34.3,37.0,27.7,91.1,0.242,2.34,2.17,14.03,0,0,0,0.0,0.0,0,823.2,0.0219
3507.7,91.5,15.3,70.0,66.5,30.5,89.1,0.188,0.78,1.33,14.31,5,0,0,91.5,91.1,0,1376.3,0.0738
1075.4,0.0,2.0,40.0,41.6,25.7,90.7,0.81,1.37,0.97,13.87,0,0,0,0.0,0.0,0,804.4,0.0776
1030.0,0.0,2.2,32.6,33.5,50.0,119.9,0.847,5.02,5.32,13.8,0,0,0,0.0,0.0,1,62.3,0.7333
1711.3,21.6,6.3,51.9,76.3,31.8,96.5,0.188,20.37,11.5,13.91,2,0,0,21.6,21.2,2,83.6,0.8975
3546.8,98.0,15.8,54.6,53.1,41.4,110.4,0.732,10.6,3.67,13.54,5,0,0,98.0,99.4,1,48.6,0.8193
2474.7,27.6,17.3,47.6,73.9,33.4,96.0,0.108,15.92,13.32,13.88,2,0,0,27.6,27.4,2,45.7,0.8526
3950.7,106.4,25.1,60.0,57.3,33.0,87.1,0.763,-0.39,2.23,14.14,5,0,0,106.4,104.4,0,765.0,0.0488
3185.7,26.2,16.5,50.7,53.0,32.2,89.9,0.762,0.24,3.23,14.09,1,0,0,26.2,25.9,0,1158.0,0.05
4455.1,71.9,83.5,88.9,89.0,35.6,96.7,0.749,1.01,2.34,14.22,3,0,0,71.9,71.5,0,1196.3,0.046
1063.7,0.0,2.3,33.3,31.3,28.3,86.1,0.285,0.36,2.31,13.9,0,0,1,0.0,0.0,0,743.5,0.0297
2162.0,17.9,8.0,55.9,52.3,35.3,92.8,0.744,1.02,1.21,14.21,1,0,0,17.9,17.8,0,908.2,0.0295
1035.9,0.0,2.3,30.4,32.9,43.2,113.7,0.865,9.24,4.57,13.7,0,0,0,0.0,0.0,1,14.2,0.9419
1028.5,0.0,2.4,31.1,29.6,29.8,85.1,0.263,2.57,1.32,14.02,0,0,0,0.0,0.0,0,1054.4,0.0659
3292.4,85.1,16.2,64.8,62.8,49.6,116.5,0.697,10.13,3.99,13.62,5,0,0,85.1,85.7,1,73.5,0.8917
1034.1,0.0,2.1,32.5,34.5,38.5,89.8,0.874,1.97,3.16,14.05,0,0,0,0.0,0.0,0,1221.2,0.0527
1047.3,0.0,1.9,35.3,36.3,32.8,86.4,0.215,0.59,1.73,14.07,0,0,0,0.0,0.0,0,756.9,0.0466
2813.9,73.8,17.4,61.8,66.6,39.0,91.0,0.735,2.99,1.8,14.27,5,0,0,73.8,75.0,0,1189.2,0.0569
1091.1,0.0,2.3,30.6,31.0,36.7,87.1,0.872,4.76,2.12,14.11,0,0,0,0.0,0.0,0,724.5,0.0346
2035.9,31.3,11.6,57.2,58.2,27.3,85.0,0.279,3.03,2.01,14.21,3,0,0,31.3,31.7,0,1167.9,0.0675
1083.4,0.0,2.1,29.8,31.0,39.2,85.1,0.786,-0.57,0.91,14.19,0,0,0,0.0,0.0,0,1171.9,0.0222
2156.2,36.4,21.4,52.4,53.5,31.6,91.5,0.77,2.19,1.49,14.03,3,0,0,36.4,36.7,0,756.3,0.0651
2444.4,42.1,15.4,41.4,41.2,29.6,82.5,0.838,-0.04,0.58,14.24,3,0,0,42.1,42.1,0,1138.4,0.0653
4109.5,46.7,40.7,88.4,84.3,37.1,81.3,0.255,-0.39,2.32,14.21,2,0,0,46.7,46.4,0,866.9,0.0248
4412.6,73.9,59.6,84.0,83.4,47.0,105.8,0.742,7.38,4.55,13.42,3,0,0,73.9,73.8,1,35.7,0.7237
3867.5,104.0,34.6,55.3,55.1,33.8,116.5,0.778,12.27,2.74,13.91,5,0,0,104.0,104.8,1,56.6,0.7594
2654.0,34.6,7.4,51.6,48.5,28.9,86.0,0.71,2.27,3.29,14.22,2,0,0,34.6,34.7,0,1398.4,0.0789
1123.7,0.0,2.0,34.6,61.8,27.7,91.8,0.059,21.78,11.95,13.8,0,0,0,0.0,0.0,2,88.8,0.8925
1015.7,0.0,2.2,32.1,31.5,45.3,115.6,0.735,1.12,1.72,14.26,0,0,1,0.0,0.0,1,72.9,0.7489
2738.1,19.2,11.7,48.7,48.9,39.8,112.6,0.89,8.46,4.84,13.99,1,0,0,19.2,19.5,1,66.2,0.8935
3652.7,78.1,29.4,66.5,66.6,29.5,83.5,0.198,2.54,2.48,14.25,4,0,0,78.1,78.6,0,997.5,0.0531
3855.0,81.8,34.5,62.8,66.2,33.0,84.9,0.73,2.3,0.96,14.06,4,0,0,81.8,80.6,0,1087.7,0.0144
1039.7,0.0,2.2,36.0,34.9,38.6,107.4,0.837,11.0,3.91,13.82,0,0,0,0.0,0.0,1,46.0,0.9049
4291.6,73.5,49.5,92.5,96.4,32.6,89.1,0.822,0.79,3.45,14.03,3,0,0,73.5,73.7,0,1468.3,0.0786
4091.9,85.2,77.1,73.8,72.1,31.3,79.6,0.69,5.27,0.81,9.93,4,0,0,85.2,85.9,3,33.6,0.8203
4513.0,76.0,60.6,78.3,97.8,32.9,96.1,0.154,12.36,15.67,13.83,3,0,0,76.0,74.8,2,112.7,0.6559
3387.1,90.6,27.1,73.5,73.0,30.2,95.7,0.716,-0.33,0.49,14.13,5,0,0,90.6,89.4,0,868.2,0.0552
1041.8,0.0,2.1,33.9,34.9,33.3,88.9,0.273,3.02,-0.45,14.09,0,0,0,0.0,0.0,0,1137.8,0.0686
2735.1,33.9,18.6,45.4,47.2,33.8,90.4,0.224,1.12,0.81,14.18,2,0,0,33.9,33.4,0,1136.2,0.0778
1062.7,0.0,2.1,36.8,37.7,33.2,84.4,0.189,2.77,1.93,14.05,0,0,0,0.0,0.0,0,1377.9,0.0277
3525.9,74.4,33.2,64.6,63.3,33.4,89.0,0.795,0.13,1.72,14.11,4,0,0,74.4,75.5,0,740.0,0.0153
3355.8,90.0,15.0,60.2,58.2,35.1,87.6,0.69,2.34,1.77,13.92,5,0,0,90.0,91.1,0,1111.9,0.0281
2984.1,22.8,6.4,40.4,42.3,39.1,85.8,0.746,2.08,2.22,14.11,1,0,0,22.8,22.8,0,1239.6,0.0308
2271.0,15.1,12.5,52.7,49.7,30.9,92.3,0.224,-0.07,2.22,14.23,1,0,0,15.1,15.0,0,961.3,0.0208
1051.1,0.0,2.2,35.1,37.1,35.4,88.8,0.318,3.0,0.8,10.86,0,0,0,0.0,0.0,3,11.0,0.9693
1050.4,0.0,2.2,31.8,30.7,27.8,88.1,0.346,-0.23,1.14,14.13,0,0,1,0.0,0.0,0,1413.5,0.0495
2773.0,20.1,20.2,46.0,45.4,31.2,82.2,0.336,0.0,1.56,11.16,1,0,0,20.1,20.0,3,5.7,0.8803
1008.4,0.0,2.1,33.7,34.3,30.2,90.3,0.207,1.0,0.43,10.32,0,0,0,0.0,0.0,3,30.2,0.9861
1007.6,0.0,2.4,37.1,36.4,37.8,85.4,0.326,-0.41,1.07,14.03,0,0,0,0.0,0.0,0,1394.0,0.034
3427.1,24.6,14.8,57.1,55.8,49.7,117.0,0.751,7.73,5.15,13.52,1,0,0,24.6,24.4,1,44.5,0.8372
2017.2,31.4,11.5,41.6,39.0,31.9,85.7,0.188,-1.08,1.38,14.32,3,0,0,31.4,31.5,0,1048.4,0.0178
2921.4,21.2,7.7,45.1,43.5,41.9,115.2,0.794,8.3,3.94,13.7,1,0,0,21.2,20.9,1,72.7,0.8586
2445.6,40.9,18.5,52.1,53.1,26.1,87.2,0.215,3.93,0.83,14.24,3,0,0,40.9,40.4,0,930.0,0.012
2727.6,45.1,15.4,55.7,56.0,33.8,87.4,0.768,6.0,0.16,14.12,3,0,0,45.1,44.9,0,1388.1,0.0355
2900.0,19.9,10.7,41.5,40.4,36.7,88.9,0.242,2.3,1.95,14.01,1,0,0,19.9,19.7,0,1168.8,0.0245
1058.4,0.0,1.9,32.9,32.9,30.4,89.5,0.688,1.56,2.76,14.01,0,0,0,0.0,0.0,0,820.7,0.0687
1041.3,0.0,2.4,31.2,30.6,29.4,86.0,0.696,2.36,1.9,13.97,0,0,0,0.0,0.0,0,877.6,0.0323
3397.7,91.0,24.3,58.2,58.4,32.2,86.3,0.211,1.47,3.42,13.98,5,0,0,91.0,91.5,0,1272.1,0.0603
2636.8,33.0,6.4,52.8,48.9,35.1,91.7,0.809,1.28,1.71,14.19,2,0,0,33.0,33.3,0,1348.8,0.0614
1031.4,0.0,1.9,31.0,34.8,36.4,86.5,0.737,2.29,1.46,14.01,0,0,0,0.0,0.0,0,1064.0,0.0136
2857.1,74.0,20.5,73.7,72.1,29.0,83.9,0.293,-1.12,1.03,14.18,5,0,0,74.0,73.2,0,911.0,0.0686
1034.0,0.0,2.5,31.6,34.8,29.8,85.9,0.732,1.84,1.28,14.03,0,0,1,0.0,0.0,0,860.2,0.039
2313.0,36.0,6.4,46.0,47.0,38.7,92.3,0.693,0.3,0.24,14.29,3,0,0,36.0,35.5,0,1371.7,0.0601
4372.0,55.3,79.5,75.2,74.1,29.4,91.5,0.726,1.13,1.13,14.05,2,0,0,55.3,54.5,0,931.9,0.0261
2867.3,29.9,10.0,47.3,71.6,34.3,89.0,0.141,17.53,12.37,13.93,2,0,0,29.9,29.4,2,48.0,0.8616
1051.9,0.0,2.4,31.3,33.0,33.5,85.6,0.315,1.67,2.61,13.93,0,0,0,0.0,0.0,0,1117.1,0.0479
2768.9,30.8,17.6,41.4,38.9,43.3,117.4,0.775,5.37,3.5,14.25,2,0,0,30.8,31.0,1,16.8,0.8338
3108.0,64.8,23.6,62.6,58.7,38.0,88.3,0.31,2.25,1.04,14.21,4,0,0,64.8,64.9,0,800.2,0.0323
2968.2,65.5,33.8,72.7,98.0,32.8,96.6,0.086,19.75,16.35,14.04,4,0,0,65.5,64.8,2,108.8,0.8204
2898.0,62.0,33.2,60.8,63.1,28.9,83.6,0.74,1.37,0.72,14.13,4,0,0,62.0,62.6,0,803.3,0.0488
2660.4,22.0,15.6,47.0,45.7,27.7,87.6,0.212,5.22,0.96,14.22,1,0,0,22.0,22.2,0,1334.3,0.06
2923.6,24.9,18.8,44.6,45.4,35.6,91.7,0.733,1.8,2.01,14.28,1,0,0,24.9,24.8,0,1104.2,0.0714
2820.6,23.4,18.5,54.6,50.9,25.9,85.0,0.309,1.61,1.33,14.15,1,0,0,23.4,23.6,0,1499.6,0.0261
2686.8,44.0,21.2,50.8,50.3,39.0,83.3,0.203,3.04,1.73,14.09,3,0,0,44.0,43.4,0,964.6,0.0287
1048.2,0.0,1.8,38.0,35.3,27.0,85.4,0.338,2.34,1.27,14.15,0,0,0,0.0,0.0,0,1289.2,0.0743
2923.9,35.7,19.7,38.8,38.2,28.5,84.1,0.523,-1.19,1.76,10.97,2,0,0,35.7,35.6,3,27.7,0.8252
2700.5,70.1,24.0,77.3,78.1,32.7,83.3,0.198,2.57,0.87,14.1,5,0,0,70.1,69.1,0,938.3,0.0782
1931.5,22.8,19.7,45.4,43.2,37.5,85.3,0.795,3.23,1.47,14.21,2,0,0,22.8,22.6,0,1148.9,0.0726
1953.6,24.1,20.4,46.5,47.3,42.1,114.8,0.711,7.76,1.99,13.88,2,0,0,24.1,24.2,1,19.6,0.8499
2241.3,17.4,7.4,43.4,43.7,34.7,89.5,0.196,1.57,1.69,14.27,1,0,0,17.4,17.1,0,1109.8,0.0644
2410.8,17.1,14.6,51.2,74.3,34.2,91.4,0.072,14.32,15.3,13.81,1,0,0,17.1,16.9,2,59.1,0.7815
2014.2,15.5,15.5,35.9,37.7,33.7,85.3,0.792,2.07,3.16,13.98,1,0,0,15.5,15.3,0,1011.4,0.0511
3958.4,105.4,33.1,58.3,59.0,42.1,117.7,0.715,8.44,6.32,13.72,5,0,0,105.4,107.1,1,26.9,0.7256
2516.8,20.0,12.8,54.0,54.6,32.8,93.9,0.77,2.32,2.14,14.17,1,0,0,20.0,19.7,0,1181.7,0.0223
1856.8,25.3,11.0,59.0,85.3,35.9,103.5,0.109,14.16,12.85,14.0,2,0,0,25.3,25.2,2,56.2,0.7589
2761.7,22.2,6.6,39.8,42.3,42.2,119.3,0.879,9.32,2.12,14.05,1,0,0,22.2,22.4,1,70.4,0.8887
1059.2,0.0,2.4,30.2,35.9,35.6,84.4,0.84,1.45,2.09,14.11,0,0,0,0.0,0.0,0,896.6,0.0359
2063.1,13.9,21.0,53.1,54.5,35.6,88.6,0.345,0.04,0.55,14.02,1,0,0,13.9,13.8,0,975.6,0.0127
3293.8,74.2,16.4,56.7,55.3,35.6,83.3,0.762,-0.81,1.8,14.31,4,0,0,74.2,74.9,0,1086.3,0.0321
4189.4,70.3,42.8,79.8,76.9,38.0,87.4,0.241,4.91,0.92,10.69,3,0,0,70.3,70.1,3,13.2,0.8245
4575.1,58.5,40.1,83.6,82.4,38.8,90.5,0.214,2.65,1.36,13.96,2,0,0,58.5,58.8,0,1108.7,0.042
3180.7,67.0,27.7,78.6,75.3,31.2,86.1,0.738,3.23,0.41,14.23,4,0,0,67.0,65.9,0,1242.8,0.0166
2826.1,74.0,17.0,52.7,51.9,30.4,90.2,0.212,2.61,1.46,14.05,5,0,0,74.0,74.1,0,756.7,0.0203
1968.8,30.3,21.4,35.3,37.4,38.0,84.5,0.783,2.08,0.76,13.98,3,0,0,30.3,30.3,0,1263.4,0.0141
2722.7,48.0,17.2,65.1,66.9,27.8,86.2,0.75,5.51,2.22,14.32,3,0,0,48.0,47.6,0,1178.6,0.0497
2474.2,19.3,21.0,44.9,46.0,27.3,88.0,0.529,1.92,1.15,10.33,1,0,0,19.3,19.0,3,14.3,0.8563
2662.3,43.2,11.0,44.9,46.0,38.5,86.0,0.843,1.36,1.12,13.98,3,0,0,43.2,42.4,0,1329.4,0.0715
934.4,0.0,2.3,28.4,62.0,29.6,95.3,0.185,18.71,20.26,14.19,0,0,0,0.0,0.0,2,71.0,0.6919
2858.9,36.9,12.8,51.8,51.4,27.0,85.6,0.307,-1.27,0.49,14.13,2,0,0,36.9,36.8,0,1247.5,0.0553
1044.5,0.0,2.3,29.7,28.3,31.0,88.9,0.693,1.86,1.91,14.06,0,0,0,0.0,0.0,0,1321.6,0.0263
2252.7,17.7,6.7,39.9,37.5,37.5,91.0,0.316,3.14,-0.29,14.29,1,0,0,17.7,17.6,0,823.8,0.0135
1760.8,29.1,15.0,53.5,52.3,29.8,93.7,0.315,-0.61,0.19,14.22,3,0,0,29.1,29.4,0,1050.4,0.0193
2411.4,27.1,19.9,46.7,44.3,28.5,84.3,0.202,0.08,2.88,9.93,2,0,0,27.1,27.4,3,27.1,0.9806
1104.1,0.0,2.4,37.2,53.4,31.7,87.7,0.162,22.27,12.33,13.94,0,0,0,0.0,0.0,2,114.4,0.7539
2442.1,31.0,8.9,50.2,51.7,39.0,88.9,0.24,1.35,2.28,14.1,2,0,0,31.0,31.2,0,1146.5,0.0358
4141.9,85.4,17.0,55.3,56.6,38.8,87.9,0.865,2.48,1.52,14.28,4,0,0,85.4,86.2,0,1050.2,0.0663
3706.8,98.3,17.7,63.1,63.6,35.3,87.6,0.818,2.8,2.4,14.19,5,0,0,98.3,99.5,0,887.4,0.0639
3744.7,99.1,26.4,67.9,65.9,28.2,87.0,0.561,-0.94,1.05,10.9,5,0,0,99.1,98.1,3,32.6,0.9762
850.0,0.0,2.0,34.8,66.1,31.5,94.8,0.142,17.6,13.27,13.85,0,0,0,0.0,0.0,2,41.3,0.8257
2949.2,81.6,24.8,66.5,84.6,34.7,97.7,0.195,19.46,11.36,13.75,5,0,0,81.6,80.7,2,70.2,0.7243
2663.0,19.7,19.7,42.7,43.2,38.6,84.3,0.266,0.29,2.36,14.24,1,0,0,19.7,19.3,0,1252.9,0.0707
2645.3,70.3,16.5,67.2,67.7,35.9,84.4,0.29,2.09,1.44,14.05,5,0,0,70.3,70.7,0,841.8,0.0241
1058.2,0.0,2.0,35.2,38.8,32.8,84.4,0.779,3.37,0.28,14.1,0,0,0,0.0,0.0,0,805.6,0.0244
3255.2,67.1,17.5,60.5,62.3,34.4,85.6,0.333,2.44,1.8,14.25,4,0,0,67.1,68.0,0,1074.8,0.0377
3374.7,91.1,21.9,62.9,61.8,33.4,89.0,0.813,4.12,1.55,14.16,5,0,0,91.1,90.7,0,805.4,0.0779
2205.9,26.1,8.5,53.0,54.3,31.4,79.5,0.713,3.4,1.67,13.87,2,0,0,26.1,26.4,0,1258.8,0.0231
1070.3,0.0,2.2,33.3,32.7,29.8,89.1,0.698,2.53,2.07,14.07,0,0,0,0.0,0.0,0,982.4,0.0496
2822.6,64.1,31.6,64.3,86.5,28.3,101.8,0.198,16.6,13.55,13.75,4,0,0,64.1,65.2,2,66.1,0.7038
1263.5,0.0,1.9,35.7,52.9,33.8,92.9,0.091,19.15,13.82,14.13,0,0,0,0.0,0.0,2,54.1,0.6701
3176.6,25.5,17.6,50.6,53.6,28.3,88.5,0.334,1.91,0.96,14.16,1,0,0,25.5,26.0,0,1350.0,0.0118
3498.7,74.4,14.2,56.5,55.9,29.5,90.0,0.329,3.2,0.42,14.01,4,0,0,74.4,73.1,0,806.2,0.0796
3584.9,76.1,29.7,72.9,68.6,34.6,83.9,0.301,2.2,1.79,14.22,4,0,0,76.1,75.6,0,763.3,0.0421
1073.0,0.0,2.4,34.7,32.1,33.3,110.4,0.866,8.47,3.79,13.89,0,0,1,0.0,0.0,1,72.6,0.8427
3441.3,91.5,33.5,67.4,94.8,26.5,92.0,0.185,11.52,13.7,13.87,5,0,0,91.5,90.5,2,24.6,0.7544
1581.1,20.8,8.1,36.4,55.2,33.2,97.0,0.115,20.48,16.07,14.1,2,0,0,20.8,21.2,2,111.2,0.8198
2484.8,29.1,11.3,49.4,49.1,40.0,112.1,0.894,9.35,5.85,13.61,2,0,0,29.1,29.6,1,44.4,0.7415
2350.0,37.9,21.7,39.5,41.0,32.5,88.7,0.181,0.54,2.92,14.14,3,0,0,37.9,37.9,0,1460.5,0.0246
3760.3,100.5,24.3,67.8,67.2,33.7,86.3,0.262,0.49,0.78,14.09,5,0,0,100.5,101.0,0,720.2,0.031
1062.9,0.0,2.2,32.1,31.9,27.0,85.5,0.789,0.88,2.08,13.95,0,0,0,0.0,0.0,0,834.8,0.0172
2157.1,16.5,12.2,43.2,43.1,35.4,85.6,0.767,3.16,2.49,13.97,1,0,0,16.5,16.8,0,1499.9,0.0334
2504.4,36.5,18.1,44.9,73.0,31.6,93.5,0.188,13.71,13.97,13.93,3,0,0,36.5,36.6,2,26.9,0.8757
2623.8,21.8,10.9,48.6,50.9,29.4,84.1,0.335,1.4,2.36,14.03,1,0,0,21.8,21.8,0,951.8,0.0149
1839.0,16.2,11.5,55.0,53.8,39.0,89.2,0.692,-0.16,2.23,14.09,1,0,0,16.2,16.1,0,869.3,0.0125
2378.2,30.7,11.8,51.5,50.7,32.7,94.1,0.246,2.56,2.53,14.15,2,0,0,30.7,30.6,0,801.5,0.0703
3510.6,73.4,20.4,67.4,65.3,30.5,89.5,0.686,-1.79,3.99,11.13,4,0,0,73.4,72.3,3,17.9,0.9046
4936.1,59.7,40.2,80.3,81.4,33.3,88.3,0.83,4.05,2.24,14.02,2,0,0,59.7,59.2,0,1068.9,0.0448
1054.0,0.0,1.8,29.8,30.3,39.0,123.1,0.886,10.08,4.31,13.71,0,0,1,0.0,0.0,1,65.7,0.8668
4108.8,70.3,43.0,64.9,66.4,29.4,91.5,0.768,1.7,3.26,14.15,3,0,0,70.3,69.7,0,788.6,0.0401
2062.5,25.4,17.2,45.9,44.6,31.6,87.6,0.302,-0.43,0.7,13.88,2,0,0,25.4,25.5,0,1290.0,0.0112
1978.3,31.2,10.5,55.3,56.9,31.9,92.7,0.799,2.38,0.51,14.22,3,0,0,31.2,31.3,0,1400.9,0.0422
3319.2,75.0,29.4,60.9,62.7,36.0,112.1,0.873,9.7,3.84,14.16,4,0,0,75.0,75.4,1,20.8,0.874
2441.0,41.9,19.6,53.0,54.5,35.8,90.6,0.81,1.88,2.05,14.18,3,0,0,41.9,42.5,0,1290.2,0.0642
4601.3,73.3,40.6,68.4,88.9,29.1,90.8,0.159,19.92,17.47,14.07,3,0,0,73.3,72.4,2,101.8,0.8658
1042.7,0.0,2.3,37.0,35.7,32.1,86.0,0.809,0.34,1.2,14.12,0,0,0,0.0,0.0,0,916.3,0.0307
3483.5,58.7,75.7,80.0,83.6,30.6,89.6,0.338,1.66,1.58,14.16,3,0,0,58.7,59.3,0,1365.9,0.0425
3376.4,91.1,29.4,52.0,55.3,29.5,89.5,0.322,2.11,1.56,11.36,5,0,0,91.1,90.1,3,9.3,0.8623
4939.5,82.0,45.8,81.1,82.1,33.3,83.7,0.312,1.55,1.34,14.33,3,0,0,82.0,81.2,0,936.7,0.033
1714.0,14.6,19.3,42.0,39.5,38.2,86.1,0.184,4.13,1.42,14.14,1,0,0,14.6,14.4,0,742.7,0.0644
2613.7,33.2,11.9,42.9,69.0,29.5,89.0,0.079,19.37,10.76,14.2,2,0,0,33.2,32.9,2,114.0,0.7625
2294.4,37.5,7.0,49.5,51.4,26.8,85.3,0.811,3.03,0.49,14.08,3,0,0,37.5,36.9,0,1491.1,0.0645
1051.5,0.0,2.3,33.0,33.0,37.5,120.2,0.808,4.28,5.33,13.8,0,0,0,0.0,0.0,1,35.5,0.8886
1031.4,0.0,2.2,33.5,32.7,36.6,87.3,0.69,1.84,2.37,14.24,0,0,1,0.0,0.0,0,1150.9,0.0615
2202.3,26.9,7.4,39.7,43.4,28.4,89.5,0.296,2.85,1.95,13.78,2,0,0,26.9,27.3,0,1004.5,0.0565
2186.1,36.7,15.8,56.3,54.2,38.0,88.9,0.237,2.76,0.98,14.0,3,0,0,36.7,37.2,0,960.8,0.0519
2438.9,30.3,13.6,51.0,77.7,32.0,95.3,0.16,18.63,10.25,14.0,2,0,0,30.3,29.8,2,94.6,0.7286
3020.9,50.9,78.7,81.2,81.2,39.5,87.1,0.876,-0.4,1.87,14.16,3,0,0,50.9,51.6,0,1264.8,0.0121
2476.0,28.9,6.3,49.3,49.4,45.8,120.8,0.665,4.74,1.96,13.95,2,0,0,28.9,29.1,1,15.9,0.9408
2171.1,36.4,6.8,33.5,39.1,29.6,87.1,0.451,-0.18,1.64,10.79,3,0,0,36.4,36.9,3,9.1,0.9417
4944.1,106.9,76.6,86.6,87.6,27.1,81.3,0.716,2.78,1.88,14.07,4,0,0,106.9,108.1,0,1469.7,0.0345
4932.8,101.1,50.8,83.5,82.8,29.9,96.9,0.721,2.79,0.84,14.11,4,0,0,101.1,99.8,0,1415.8,0.0117
1024.7,0.0,2.2,34.9,35.0,35.8,83.6,0.285,-0.72,1.94,13.94,0,0,0,0.0,0.0,0,1106.4,0.0653
1083.1,0.0,2.3,35.7,34.2,35.6,88.6,0.297,0.82,0.74,14.25,0,0,0,0.0,0.0,0,1263.6,0.0449
3230.0,39.4,12.1,45.2,44.3,34.6,91.9,0.255,4.39,0.38,14.17,2,0,0,39.4,39.8,0,1211.1,0.0496
3758.6,80.2,30.4,62.2,62.3,40.6,111.1,0.755,3.02,2.05,13.88,4,0,0,80.2,81.2,1,41.7,0.7274
1054.3,0.0,2.2,32.8,33.7,32.4,90.4,0.524,2.31,-0.11,10.39,0,0,0,0.0,0.0,3,8.6,0.8483
1055.1,0.0,2.3,36.5,35.5,28.8,89.6,0.569,-0.26,0.08,11.05,0,0,0,0.0,0.0,3,40.0,0.9881
2692.4,18.5,10.4,44.2,65.8,32.9,91.8,0.122,22.54,12.63,13.64,1,0,0,18.5,18.8,2,29.7,0.8165
2676.7,65.2,22.4,60.1,89.7,35.9,94.6,0.143,25.49,15.94,13.85,5,0,0,65.2,64.6,2,68.9,0.8817
3441.5,71.2,17.6,58.3,56.1,31.3,83.2,0.794,1.19,1.66,14.33,4,0,0,71.2,70.0,0,830.3,0.0368
3501.7,71.4,27.3,63.0,64.1,39.8,125.0,0.714,6.56,3.15,13.91,4,0,0,71.4,70.1,1,62.0,0.9141
850.0,0.0,2.3,30.0,49.5,28.8,94.9,0.115,18.2,14.24,13.86,0,0,0,0.0,0.0,2,50.3,0.8858
1049.8,0.0,1.9,38.8,36.5,38.6,82.5,0.202,2.69,1.48,13.82,0,0,1,0.0,0.0,0,1090.6,0.0173
1075.4,0.0,2.1,32.0,34.8,38.6,91.0,0.39,-2.4,1.2,10.23,0,0,1,0.0,0.0,3,37.4,0.8125
4504.3,73.5,49.0,88.1,89.0,37.7,94.1,0.293,3.21,1.46,14.07,3,0,0,73.5,73.4,0,924.9,0.0604
3818.3,83.3,23.9,71.3,70.2,33.0,122.4,0.791,8.62,4.75,14.01,4,0,0,83.3,83.0,1,69.8,0.9453
2233.5,17.8,8.6,47.9,48.9,44.2,107.4,0.767,7.66,2.17,14.03,1,0,0,17.8,17.8,1,36.7,0.96
1088.3,0.0,2.0,34.7,33.7,32.4,94.2,0.269,3.69,2.54,10.61,0,0,0,0.0,0.0,3,39.3,0.8658
2472.9,41.6,11.4,46.2,48.4,39.2,84.8,0.29,1.18,1.42,14.13,3,0,0,41.6,42.1,0,939.1,0.0424
2992.8,38.7,19.6,47.9,49.5,46.3,117.0,0.654,4.0,4.74,13.37,2,0,0,38.7,38.4,1,67.4,0.8822
1027.6,0.0,1.8,36.0,34.4,31.2,82.5,0.875,4.03,0.4,14.21,0,0,0,0.0,0.0,0,1299.8,0.0735
2381.1,40.7,15.1,58.4,58.7,29.4,91.1,0.801,3.04,0.08,14.14,3,0,0,40.7,40.6,0,1333.5,0.0688
2839.2,24.8,10.1,40.2,70.2,31.8,95.3,0.136,20.46,15.93,14.2,1,0,0,24.8,25.2,2,88.8,0.6671
2288.7,15.7,21.1,55.5,54.4,32.2,86.5,0.696,-0.6,1.2,14.1,1,0,0,15.7,15.8,0,1022.4,0.0467
1052.9,0.0,2.5,39.5,37.5,42.8,113.5,0.707,4.27,3.39,14.02,0,0,0,0.0,0.0,1,14.3,0.7711
1031.4,0.0,2.1,28.7,30.8,28.7,82.0,0.872,3.54,2.36,14.02,0,0,0,0.0,0.0,0,1021.3,0.053
1029.3,0.0,2.2,28.3,32.6,30.0,87.6,0.706,-0.35,1.27,13.99,0,0,0,0.0,0.0,0,1484.0,0.0628
3648.4,81.9,30.0,65.0,63.3,41.0,112.7,0.722,7.36,2.46,13.78,4,0,0,81.9,80.9,1,56.0,0.8183
3342.4,83.5,33.0,71.8,71.3,27.1,91.1,0.796,1.2,1.31,14.08,5,0,0,83.5,84.0,0,1215.6,0.0306
2703.9,42.8,8.1,51.8,49.3,35.8,90.3,0.295,1.27,1.6,14.33,3,0,0,42.8,42.7,0,778.4,0.0762
2532.8,32.4,20.1,48.2,49.4,35.1,88.3,0.481,2.73,-0.01,10.61,2,0,0,32.4,31.9,3,33.5,0.8098
1048.7,0.0,2.3,40.7,37.8,29.4,88.7,0.695,-0.73,2.18,14.07,0,0,0,0.0,0.0,0,994.0,0.0543
2682.5,21.2,16.3,49.5,47.7,41.5,112.7,0.812,8.99,4.83,13.62,1,0,0,21.2,21.1,1,54.3,0.8902
1046.6,0.0,2.0,33.5,31.8,33.6,86.4,0.695,2.95,1.74,13.97,0,0,1,0.0,0.0,0,1377.7,0.0765
2786.6,18.1,15.9,48.6,47.9,38.2,86.2,0.736,0.62,0.9,14.14,1,0,0,18.1,18.1,0,1409.2,0.0414
3879.9,66.5,57.6,70.1,69.7,34.1,89.1,0.229,3.34,2.84,14.24,3,0,0,66.5,67.8,0,906.4,0.0627
1996.6,32.4,16.9,48.3,46.8,29.0,91.1,0.262,-1.1,3.06,14.09,3,0,0,32.4,32.5,0,999.0,0.0217
2626.1,31.5,11.5,56.3,52.1,28.1,88.8,0.252,2.85,1.3,14.15,2,0,0,31.5,31.8,0,1051.0,0.0333
1047.1,0.0,2.3,30.5,31.5,38.2,85.0,0.208,2.01,0.46,14.19,0,0,1,0.0,0.0,0,1212.7,0.0442
2088.3,25.1,18.1,36.9,40.1,29.8,89.0,0.3,0.99,2.21,14.26,2,0,0,25.1,24.8,0,942.6,0.0666
4489.0,94.6,42.4,80.5,81.8,31.0,84.8,0.824,1.81,2.24,14.15,4,0,0,94.6,96.2,0,1034.4,0.0329
2507.1,41.6,13.5,48.9,49.5,38.7,84.7,0.283,0.6,1.84,14.38,3,0,0,41.6,41.5,0,1081.2,0.0191
1067.7,0.0,2.1,32.9,32.5,30.5,83.4,0.287,3.22,1.68,13.97,0,0,1,0.0,0.0,0,721.4,0.0474
2135.4,33.4,17.4,62.6,63.6,31.7,87.0,0.233,1.72,1.03,14.16,3,0,0,33.4,33.7,0,994.1,0.0315
2391.6,27.8,20.9,45.0,44.9,29.5,85.9,0.602,2.25,1.62,10.52,2,0,0,27.8,27.3,3,19.9,0.8499
2918.4,34.5,18.2,43.4,45.4,46.7,109.9,0.899,11.07,3.56,13.74,2,0,0,34.5,35.0,1,44.0,0.7857
1488.5,24.4,11.8,48.5,48.7,48.6,113.1,0.72,7.32,2.55,14.0,3,0,0,24.4,24.3,1,63.1,0.8322
3418.8,88.3,14.7,58.5,56.2,34.0,88.8,0.265,1.59,2.15,13.98,5,0,0,88.3,87.4,0,1492.7,0.0672
991.9,0.0,2.0,40.2,34.2,31.1,81.4,0.482,-1.63,1.64,10.92,0,0,0,0.0,0.0,3,27.7,0.9666
2291.3,38.5,20.0,52.6,47.9,46.8,119.2,0.847,13.65,4.8,13.6,3,0,0,38.5,38.9,1,21.3,0.8552
2879.3,36.2,9.5,48.4,70.2,30.7,94.8,0.175,17.96,16.36,14.07,2,0,0,36.2,36.5,2,57.4,0.6561
3471.5,74.4,29.1,63.4,61.9,27.9,91.5,0.793,0.79,1.84,13.98,4,0,0,74.4,73.2,0,890.4,0.0454
2632.7,19.7,10.5,47.6,46.9,33.1,89.8,0.659,-1.72,2.76,10.67,1,0,0,19.7,19.7,3,17.7,0.9332
1368.1,0.0,2.3,33.4,52.6,29.6,98.5,0.136,18.39,14.48,14.04,0,0,0,0.0,0.0,2,105.5,0.8824
3299.4,89.4,34.7,67.7,98.0,36.9,93.8,0.074,16.06,16.0,13.94,5,0,0,89.4,88.2,2,34.1,0.7027
1033.6,0.0,2.5,35.6,37.5,34.6,86.1,0.34,5.1,1.54,14.18,0,0,0,0.0,0.0,0,1487.2,0.0799
1041.4,0.0,2.0,30.2,30.1,36.1,84.7,0.865,3.65,1.85,14.05,0,0,0,0.0,0.0,0,1221.3,0.0525
2288.4,20.9,19.2,56.3,54.9,30.5,86.3,0.736,4.43,1.78,13.92,1,0,0,20.9,20.9,0,1070.0,0.0102
1041.2,0.0,2.1,30.4,30.6,29.7,84.3,0.262,2.3,1.18,14.21,0,0,0,0.0,0.0,0,1298.4,0.0345
2113.5,38.4,11.4,47.1,65.1,27.3,95.8,0.132,17.71,12.14,14.11,3,0,0,38.4,37.8,2,73.6,0.6616
2115.3,26.1,20.5,38.4,39.4,29.6,92.4,0.756,3.2,1.02,14.1,2,0,0,26.1,25.6,0,1114.4,0.026
2636.0,30.1,16.6,49.5,48.2,30.9,83.7,0.691,2.22,1.2,14.01,2,0,0,30.1,30.3,0,863.5,0.0346
1017.7,0.0,1.8,28.8,33.0,30.1,88.1,0.234,1.01,1.01,14.13,0,0,0,0.0,0.0,0,1399.8,0.0397
2054.3,17.7,16.1,55.9,55.6,31.1,87.8,0.315,1.6,2.11,14.27,1,0,0,17.7,17.7,0,1162.0,0.0321
3778.5,66.7,75.2,90.5,90.0,34.2,89.5,0.282,2.79,0.5,14.07,3,0,0,66.7,66.3,0,1013.9,0.048
860.3,0.0,2.4,35.5,63.6,33.8,92.0,0.11,17.18,14.0,13.99,0,0,0,0.0,0.0,2,47.1,0.9183
2096.3,16.1,21.8,48.4,51.5,33.5,82.4,0.681,4.47,1.19,14.11,1,0,0,16.1,15.9,0,1207.9,0.0798
4393.4,52.4,43.1,83.6,81.1,30.2,90.2,0.2,-1.49,1.12,14.08,2,0,0,52.4,51.9,0,825.8,0.0521
2392.8,29.5,14.2,52.5,51.4,30.2,91.9,0.348,2.04,1.48,14.09,2,0,0,29.5,29.1,0,781.2,0.0324
2850.7,24.1,20.8,48.7,49.7,30.4,88.7,0.206,3.6,1.45,14.33,1,0,0,24.1,24.4,0,1175.3,0.0134
3786.5,83.2,34.5,62.7,67.2,32.8,86.7,0.695,1.74,1.76,14.28,4,0,0,83.2,82.5,0,1265.2,0.0523
2738.9,42.7,21.2,44.3,44.8,39.1,116.1,0.831,2.67,6.36,14.13,3,0,0,42.7,42.7,1,37.0,0.8734
4002.1,104.5,15.7,62.4,63.2,45.9,120.0,0.757,5.87,3.13,13.79,5,0,0,104.5,105.0,1,22.3,0.8626
1921.2,23.8,10.7,42.7,44.6,37.2,119.9,0.874,6.61,5.84,14.06,2,0,0,23.8,23.8,1,27.7,0.8307
1042.0,0.0,1.9,39.4,36.9,37.3,108.1,0.69,7.28,3.94,13.79,0,0,0,0.0,0.0,1,52.4,0.7237
3270.0,67.0,23.1,65.9,67.0,39.4,89.2,0.744,4.74,1.76,13.98,4,0,0,67.0,67.1,0,915.5,0.0419
3074.1,80.8,34.3,57.8,57.7,31.1,84.3,0.61,-0.14,1.7,10.43,5,0,0,80.8,80.5,3,7.1,0.8665
1453.0,0.0,2.4,38.7,66.1,33.0,93.0,0.117,17.94,10.78,13.76,0,0,0,0.0,0.0,2,115.1,0.8035
2347.2,16.4,10.4,43.6,44.3,27.7,85.8,0.363,2.27,-0.97,9.86,1,0,0,16.4,16.7,3,12.9,0.8027
3118.7,80.3,14.4,69.7,67.8,31.8,88.8,0.231,1.79,1.84,13.88,5,0,0,80.3,78.9,0,877.8,0.0731
1067.6,0.0,2.2,31.9,35.4,34.7,85.1,0.655,2.73,1.58,10.44,0,0,0,0.0,0.0,3,40.1,0.8896
2367.4,37.3,9.5,49.6,76.1,31.2,92.6,0.192,20.63,13.62,13.61,3,0,0,37.3,37.3,2,25.4,0.8291
2550.2,46.0,8.9,44.2,66.2,36.1,92.5,0.085,17.63,13.21,14.06,3,0,0,46.0,46.1,2,25.1,0.6851
2701.3,45.0,9.5,45.4,48.6,35.8,83.6,0.792,2.0,3.48,14.01,3,0,0,45.0,44.3,0,859.1,0.0582
1045.0,0.0,1.9,36.9,37.8,40.1,120.1,0.842,9.19,3.56,13.8,0,0,0,0.0,0.0,1,40.5,0.7466
1261.2,14.1,14.0,48.4,46.8,31.8,83.6,0.34,1.02,2.53,10.65,2,0,0,14.1,14.2,3,39.7,0.9136
3841.1,99.5,28.6,59.6,58.5,37.3,123.8,0.828,7.91,2.61,13.49,5,0,0,99.5,98.6,1,63.3,0.7322
2334.7,36.9,14.5,51.1,49.7,38.4,92.7,0.78,3.76,1.5,14.05,3,0,0,36.9,37.6,0,973.6,0.0148
1049.8,0.0,2.0,34.8,35.6,35.3,89.8,0.687,-0.86,1.97,10.37,0,0,1,0.0,0.0,3,39.0,0.9704
1856.6,22.8,10.9,52.1,52.9,27.2,84.4,0.795,-0.31,1.38,14.3,2,0,0,22.8,23.1,0,1444.1,0.0739
1056.5,0.0,2.4,39.9,37.0,29.7,86.9,0.796,-0.31,2.45,14.1,0,0,0,0.0,0.0,0,1336.3,0.0198
1808.5,21.8,6.4,45.7,48.2,28.2,88.7,0.709,0.38,1.6,14.27,2,0,0,21.8,21.6,0,981.2,0.0704
3989.9,103.2,14.1,66.5,64.8,30.4,83.9,0.661,1.44,1.75,10.99,5,0,0,103.2,102.3,3,33.9,0.9677
3233.8,87.1,16.2,65.0,66.5,28.0,88.4,0.256,1.59,0.42,14.31,5,0,0,87.1,86.8,0,703.1,0.0282
1014.5,0.0,2.0,31.3,28.8,34.1,85.7,0.871,1.83,0.3,14.03,0,0,0,0.0,0.0,0,1433.7,0.079
1017.1,0.0,2.4,32.7,31.8,47.1,125.8,0.764,8.14,3.39,13.65,0,0,0,0.0,0.0,1,46.5,0.9205
4515.8,62.3,73.6,77.1,98.0,30.0,95.1,0.094,18.78,14.78,13.97,2,0,0,62.3,62.7,2,100.5,0.8785
3222.2,84.1,16.3,69.0,70.6,31.9,79.1,0.732,3.68,1.26,14.3,5,0,0,84.1,83.0,0,1141.3,0.0254
3047.0,37.4,10.3,43.4,45.1,34.0,85.4,0.45,1.18,-0.1,11.0,2,0,0,37.4,37.5,3,36.4,0.8672
3553.0,92.8,15.7,62.2,61.3,35.8,84.8,0.563,2.66,-0.52,10.76,5,0,0,92.8,91.9,3,16.2,0.9598
4004.3,64.0,57.6,74.0,74.9,37.6,90.1,0.33,1.78,1.66,14.33,3,0,0,64.0,64.1,0,969.7,0.0553
1029.9,0.0,2.0,44.0,38.5,30.2,85.6,0.28,0.6,1.55,14.0,0,0,1,0.0,0.0,0,1243.4,0.0641
2581.5,21.0,9.1,53.6,54.5,39.5,86.9,0.737,1.0,1.31,14.26,1,0,0,21.0,21.0,0,1053.6,0.0566
1038.3,0.0,2.5,35.6,33.8,31.1,85.7,0.777,3.68,0.82,14.04,0,0,0,0.0,0.0,0,1342.4,0.0592
1737.8,21.7,12.0,49.9,48.7,32.1,86.0,0.283,0.79,1.0,14.25,2,0,0,21.7,22.0,0,747.5,0.0416
2188.9,35.0,14.2,46.8,47.9,30.8,88.3,0.217,3.13,1.51,10.68,3,0,0,35.0,35.0,3,34.3,0.9843
2231.0,19.4,8.5,57.2,85.1,38.4,93.8,0.098,18.92,13.05,13.79,1,0,0,19.4,19.7,2,118.6,0.6964
2692.7,44.8,20.5,43.2,47.8,32.5,85.8,0.691,2.13,0.94,14.15,3,0,0,44.8,44.4,0,1111.4,0.0386
1029.7,0.0,2.0,36.9,34.6,27.3,87.4,0.742,3.98,0.92,14.07,0,0,0,0.0,0.0,0,1479.7,0.0441
3244.2,68.5,18.0,53.1,54.5,28.9,83.9,0.836,4.56,2.54,13.98,4,0,0,68.5,69.4,0,1109.3,0.0692
3471.2,88.7,30.0,66.4,64.6,34.1,93.6,0.689,0.17,2.21,14.21,5,0,0,88.7,90.2,0,767.4,0.0158
3262.9,72.1,20.9,59.6,60.5,36.9,82.7,0.29,3.59,1.28,14.29,4,0,0,72.1,71.5,0,1147.3,0.0289
1147.7,0.0,2.0,34.8,63.0,28.1,93.7,0.18,20.01,11.96,13.78,0,0,1,0.0,0.0,2,100.6,0.6859
3045.2,63.8,28.3,51.3,57.2,38.8,89.6,0.278,2.34,-0.04,10.45,4,0,0,63.8,64.5,3,39.9,0.9539
3859.7,100.4,15.4,59.3,61.4,38.1,86.1,0.193,0.41,1.62,14.24,5,0,0,100.4,101.5,0,937.7,0.0198
3059.0,91.3,18.2,68.5,96.5,32.9,97.0,0.094,14.8,14.0,14.11,5,0,0,91.3,92.5,2,21.1,0.7563
2763.9,22.1,11.8,38.1,37.5,39.4,88.4,0.235,1.35,1.19,14.15,1,0,0,22.1,22.4,0,1393.1,0.0354
2931.0,63.7,34.4,65.0,62.4,39.6,114.1,0.868,4.53,3.47,13.83,4,0,0,63.7,63.8,1,63.3,0.9068
2100.4,31.6,11.7,45.3,44.6,34.1,92.7,0.733,2.73,0.85,14.07,3,0,0,31.6,32.2,0,781.5,0.0756
2907.0,33.2,8.1,47.0,45.2,29.9,90.7,0.842,4.65,1.35,14.3,2,0,0,33.2,33.2,0,1452.1,0.0387
1030.1,0.0,2.2,28.5,31.7,29.6,88.2,0.478,6.04,1.68,11.37,0,0,0,0.0,0.0,3,10.6,0.8503
3010.9,38.3,12.1,49.4,49.8,35.9,82.9,0.189,2.47,1.24,14.0,2,0,0,38.3,38.8,0,922.4,0.067
4383.4,69.7,74.5,77.2,77.7,33.0,117.5,0.776,10.1,5.23,13.82,3,0,0,69.7,68.7,1,68.6,0.7992
4236.1,92.1,59.1,82.1,81.9,33.8,92.6,0.803,0.51,-0.39,14.32,4,0,0,92.1,90.3,0,1411.2,0.0256
3500.2,73.1,16.6,72.7,73.8,29.1,94.1,0.269,-0.29,1.49,14.21,4,0,0,73.1,73.6,0,912.5,0.0285
2556.2,19.0,21.2,56.9,55.3,34.9,83.6,0.323,4.87,0.3,14.15,1,0,0,19.0,19.2,0,1094.4,0.0376
1041.3,0.0,2.5,38.1,38.7,27.7,89.3,0.836,4.21,1.3,14.21,0,0,0,0.0,0.0,0,1175.5,0.0339
1007.9,0.0,2.0,36.4,33.7,42.5,116.7,0.664,4.05,4.71,13.97,0,0,0,0.0,0.0,1,17.4,0.8347
2678.4,30.7,15.6,48.9,50.0,28.0,84.5,0.291,-3.43,2.02,14.1,2,0,0,30.7,31.1,0,771.5,0.0413
2140.7,38.1,19.4,46.1,44.3,35.7,119.9,0.755,7.65,5.72,14.05,3,0,0,38.1,38.4,1,37.0,0.9033
1018.9,0.0,2.3,27.4,29.1,42.5,118.6,0.87,5.4,4.68,14.14,0,0,0,0.0,0.0,1,65.6,0.8604
4242.9,66.9,78.4,87.2,89.9,45.7,112.4,0.815,8.38,2.59,14.24,3,0,0,66.9,67.7,1,42.3,0.7491
2967.1,36.3,17.5,57.2,53.6,31.8,84.4,0.285,-0.66,1.41,14.19,2,0,0,36.3,36.2,0,996.4,0.027
3584.3,96.9,21.6,62.7,65.0,37.5,91.0,0.338,4.73,0.28,11.18,5,0,0,96.9,96.3,3,32.2,0.9642
1076.5,0.0,1.9,33.4,35.5,32.8,82.4,0.829,-0.64,0.3,14.04,0,0,0,0.0,0.0,0,1298.1,0.0784
1040.8,0.0,2.4,34.3,35.0,38.8,86.7,0.75,-0.12,1.32,14.0,0,0,0,0.0,0.0,0,1404.3,0.0642
2675.1,34.9,18.9,53.7,52.5,31.4,91.3,0.853,1.98,0.79,14.2,2,0,0,34.9,35.3,0,841.4,0.0216
2389.6,37.3,9.4,55.5,55.1,27.2,91.2,0.753,-0.71,2.55,14.12,3,0,0,37.3,36.6,0,1449.0,0.0503
3267.2,69.0,18.0,67.6,67.7,37.4,83.7,0.822,0.56,1.14,14.32,4,0,0,69.0,70.1,0,1200.5,0.08
2203.3,27.5,12.1,51.6,48.7,43.9,123.0,0.675,6.66,1.87,13.57,2,0,0,27.5,27.9,1,26.6,0.8347
1036.7,0.0,1.9,32.2,31.3,33.7,87.0,0.251,-0.11,0.56,14.12,0,0,0,0.0,0.0,0,858.1,0.0633
1055.5,0.0,2.1,33.1,32.9,32.1,86.8,0.305,1.19,1.83,13.94,0,0,1,0.0,0.0,0,1220.5,0.0107
3457.0,92.4,20.0,64.2,87.0,37.9,101.8,0.085,23.73,12.15,13.99,5,0,0,92.4,91.4,2,57.3,0.7278
2570.9,32.4,18.1,45.5,42.9,35.2,92.9,0.282,3.99,2.21,14.21,2,0,0,32.4,31.9,0,1268.1,0.0438
3289.3,86.0,23.1,59.1,60.0,27.4,85.8,0.719,3.78,1.08,14.2,5,0,0,86.0,85.2,0,775.2,0.0304
1063.0,0.0,2.3,37.4,35.2,27.0,90.6,0.844,0.82,0.37,14.14,0,0,0,0.0,0.0,0,1141.9,0.0715
3542.4,86.3,14.1,64.2,87.9,30.4,91.3,0.058,17.63,12.77,14.02,5,0,0,86.3,85.8,2,103.5,0.918
2476.6,18.3,13.2,54.8,51.2,28.9,88.9,0.242,1.9,1.21,14.07,1,0,0,18.3,18.5,0,1285.4,0.0376
1074.9,0.0,2.3,35.9,34.9,34.4,84.2,0.332,3.81,1.18,13.98,0,0,0,0.0,0.0,0,766.8,0.0116
2609.5,44.2,14.5,54.9,52.8,28.2,81.8,0.246,-0.03,1.06,14.07,3,0,0,44.2,43.4,0,788.2,0.0508
3165.6,77.0,23.8,50.5,52.9,41.0,118.1,0.707,6.34,4.24,13.66,5,0,0,77.0,76.0,1,67.3,0.9596
3046.9,36.7,14.2,54.4,55.6,44.8,117.1,0.771,7.15,3.03,13.63,2,0,0,36.7,36.1,1,32.7,0.8856
3564.2,72.7,33.4,61.2,81.2,32.8,98.0,0.118,19.55,10.12,13.95,4,0,0,72.7,71.4,2,110.1,0.8861
1021.4,0.0,2.3,35.7,39.7,32.4,83.9,0.319,2.08,1.16,14.11,0,0,0,0.0,0.0,0,1396.3,0.0163
1036.0,0.0,2.4,35.2,35.6,33.0,86.3,0.727,3.29,0.56,13.95,0,0,0,0.0,0.0,0,894.3,0.0256
1052.4,0.0,1.9,30.7,34.5,29.1,86.8,0.336,3.25,-0.32,14.15,0,0,0,0.0,0.0,0,1130.2,0.0454
1049.7,0.0,2.3,32.6,35.6,36.1,85.6,0.326,2.13,2.12,14.07,0,0,0,0.0,0.0,0,1475.1,0.0315
3226.5,87.2,21.2,64.9,63.1,28.9,86.1,0.88,2.31,2.6,14.19,5,0,0,87.2,85.7,0,803.5,0.0527
2592.7,19.7,8.0,56.4,55.1,31.1,89.5,0.34,2.95,2.4,14.09,1,0,0,19.7,19.5,0,845.2,0.0247
2059.1,16.4,10.8,50.3,49.6,28.9,90.2,0.336,1.89,1.19,14.18,1,0,0,16.4,16.2,0,730.9,0.078
5334.4,66.0,82.6,81.8,80.6,40.8,124.2,0.73,5.31,2.15,13.64,2,0,0,66.0,65.9,1,74.8,0.9226
1046.9,0.0,1.8,30.0,29.9,26.9,87.8,0.336,0.91,1.66,14.05,0,0,0,0.0,0.0,0,1162.5,0.035
1050.5,0.0,2.1,36.2,36.1,43.9,119.5,0.695,8.98,4.27,13.55,0,0,0,0.0,0.0,1,43.7,0.9063
2373.4,21.1,10.6,43.3,43.4,27.6,95.7,0.742,1.73,1.67,14.17,1,0,0,21.1,20.8,0,1373.1,0.0188
2394.4,36.7,6.2,46.8,44.0,35.0,88.9,0.182,2.79,1.34,14.18,3,0,0,36.7,36.4,0,1098.4,0.0141
2097.9,16.5,20.4,45.7,46.7,31.1,82.9,0.791,1.46,1.18,14.11,1,0,0,16.5,16.2,0,1400.5,0.0728
1069.2,0.0,2.2,35.6,32.6,38.3,88.8,0.756,2.42,0.82,14.08,0,0,0,0.0,0.0,0,1154.1,0.0319
3350.7,86.1,15.9,62.4,63.6,30.5,90.7,0.259,4.94,1.94,14.36,5,0,0,86.1,86.1,0,1389.2,0.0288
4117.3,91.0,29.0,55.9,58.2,32.7,88.7,0.347,0.12,0.81,14.02,4,0,0,91.0,91.3,0,742.9,0.053
1018.4,0.0,2.0,37.3,35.5,34.8,86.5,0.625,-1.61,1.75,10.27,0,0,1,0.0,0.0,3,39.3,0.8815
3237.4,70.2,33.2,63.8,63.7,45.9,112.0,0.668,10.17,3.97,13.8,4,0,0,70.2,69.7,1,64.2,0.7409
3294.9,84.8,17.9,59.9,59.9,27.2,88.0,0.725,-0.12,0.77,14.27,5,0,0,84.8,85.1,0,1119.7,0.0118
5009.6,58.6,42.2,89.0,98.0,29.6,96.7,0.159,21.4,13.27,13.91,2,0,0,58.6,57.5,2,107.6,0.7924
3828.0,99.0,20.7,62.1,59.1,40.9,114.3,0.698,9.47,6.39,13.92,5,0,0,99.0,99.2,1,14.9,0.797
1035.5,0.0,2.3,31.7,31.4,39.2,113.1,0.742,8.13,3.16,13.95,0,0,0,0.0,0.0,1,48.3,0.8259
2707.2,28.8,9.9,46.4,79.5,28.4,101.1,0.176,20.14,12.96,14.1,2,0,0,28.8,29.3,2,71.0,0.8386
3302.7,83.9,16.0,54.2,56.2,33.9,91.8,0.222,2.6,1.98,14.01,5,0,0,83.9,85.1,0,933.0,0.0355
2798.8,48.4,12.3,44.0,45.6,28.1,87.4,0.822,0.26,1.6,14.13,3,0,0,48.4,48.5,0,877.7,0.0231
2203.8,29.7,13.4,60.0,57.8,36.0,91.9,0.19,0.2,1.4,14.12,2,0,0,29.7,29.5,0,862.7,0.0584
2227.0,26.4,19.2,49.1,48.0,29.6,86.6,0.285,0.32,1.08,14.08,2,0,0,26.4,26.4,0,1114.9,0.0117
1032.9,0.0,2.1,42.9,38.9,30.4,85.5,0.715,2.29,2.16,14.02,0,0,0,0.0,0.0,0,874.2,0.0374
1043.1,0.0,2.2,32.4,30.3,38.5,86.0,0.241,4.38,1.4,14.03,0,0,0,0.0,0.0,0,784.4,0.0328
4145.2,48.1,61.8,87.0,85.5,30.0,88.7,0.623,0.48,1.01,11.02,2,0,0,48.1,47.3,3,34.5,0.9483
3721.5,62.0,59.7,81.0,82.2,30.9,86.4,0.492,0.53,0.07,10.63,3,0,0,62.0,63.2,3,31.3,0.8625
3661.1,70.8,17.3,60.6,84.7,31.7,94.1,0.164,17.51,14.83,14.09,4,0,0,70.8,70.1,2,92.1,0.7524
921.6,0.0,2.5,30.3,50.3,35.8,94.4,0.058,19.81,13.34,13.92,0,0,0,0.0,0.0,2,55.1,0.7657
1378.5,10.6,17.8,35.2,35.0,30.7,81.6,0.405,0.34,-0.32,10.51,1,0,0,10.6,10.5,3,31.3,0.874
1033.1,0.0,2.2,32.2,30.4,35.4,83.0,0.861,2.61,2.02,14.15,0,0,0,0.0,0.0,0,1227.0,0.0527
1096.7,0.0,2.2,28.2,28.5,31.2,92.8,0.255,1.37,0.99,14.11,0,0,0,0.0,0.0,0,1366.7,0.0621
4595.4,72.1,81.4,90.5,87.8,29.1,91.8,0.765,0.13,1.65,14.19,3,0,0,72.1,71.8,0,1377.0,0.0534
3175.0,87.9,20.3,61.9,90.2,37.2,92.2,0.116,13.39,14.79,13.9,5,0,0,87.9,88.5,2,23.4,0.7039
1071.2,0.0,2.4,37.7,37.0,29.9,87.2,0.729,3.7,1.27,13.91,0,0,0,0.0,0.0,0,1132.8,0.0288
3063.6,82.7,26.5,56.2,56.6,37.5,111.5,0.839,6.78,4.01,13.89,5,0,0,82.7,81.2,1,54.2,0.8257
3859.0,99.8,26.5,63.6,65.0,33.4,95.1,0.318,1.83,0.57,14.19,5,0,0,99.8,98.7,0,1459.0,0.0311
3485.6,90.2,30.7,61.5,58.7,30.0,94.8,0.337,2.68,1.43,14.19,5,0,0,90.2,90.6,0,1438.9,0.0451
2693.9,41.3,13.6,31.9,33.2,47.7,117.5,0.782,10.5,3.87,13.68,3,0,0,41.3,41.7,1,62.2,0.8306
2481.6,18.5,12.3,50.5,52.4,27.5,94.7,0.757,1.02,1.49,14.02,1,0,0,18.5,18.1,0,860.3,0.0348
2783.0,45.9,12.0,56.1,56.3,35.7,85.8,0.272,2.08,-0.05,14.31,3,0,0,45.9,45.5,0,1321.0,0.0797
3380.3,88.5,20.9,69.3,69.2,28.3,87.6,0.211,0.0,1.13,14.13,5,0,0,88.5,89.1,0,1339.0,0.0288
2099.9,15.5,11.1,36.1,35.9,27.3,88.0,0.293,3.24,1.93,14.16,1,0,0,15.5,15.5,0,1454.2,0.0566
3154.5,36.9,18.4,46.5,47.5,45.7,115.1,0.802,3.06,4.43,14.22,2,0,0,36.9,36.4,1,53.6,0.9356
1432.4,10.3,6.6,51.1,48.0,30.6,83.8,0.334,3.17,1.35,14.08,1,0,0,10.3,10.1,0,1420.7,0.0797
1031.4,0.0,2.1,28.2,29.3,34.5,89.5,0.307,1.72,1.59,14.07,0,0,0,0.0,0.0,0,881.0,0.0482
3298.5,70.0,42.2,72.1,70.5,28.2,84.4,0.814,2.22,1.4,14.47,4,0,0,70.0,69.9,0,1223.9,0.0422
4013.4,87.0,82.0,82.6,98.0,26.9,90.8,0.159,20.81,15.87,14.02,4,0,0,87.0,87.6,2,118.6,0.796
2613.6,43.3,6.2,47.5,48.3,38.6,89.3,0.87,1.36,2.89,13.93,3,0,0,43.3,43.3,0,1151.5,0.0634
1042.6,0.0,1.9,31.8,31.7,38.9,99.0,0.896,8.73,3.72,14.18,0,0,0,0.0,0.0,1,44.0,0.7727
1037.9,0.0,2.5,30.9,32.0,39.6,117.1,0.734,7.25,1.99,13.65,0,0,0,0.0,0.0,1,36.6,0.9042
4066.1,103.3,22.3,54.5,54.0,33.2,92.7,0.223,-1.7,1.59,14.29,5,0,0,103.3,105.1,0,953.8,0.0212
2564.0,19.8,7.2,60.1,76.1,33.9,89.9,0.088,21.21,17.9,13.59,1,0,0,19.8,19.6,2,115.7,0.8785
2062.4,23.8,20.7,42.5,43.0,35.1,107.4,0.728,7.96,5.69,14.21,2,0,0,23.8,23.3,1,17.9,0.8835
1093.6,0.0,2.4,31.5,32.7,33.9,88.4,0.219,2.2,2.83,13.98,0,0,0,0.0,0.0,0,968.7,0.0367
2295.1,36.2,9.9,49.6,51.7,29.8,89.3,0.873,1.45,0.75,14.37,3,0,0,36.2,36.6,0,1447.4,0.0656
5520.8,63.2,55.1,80.4,78.1,34.6,87.4,0.387,3.69,2.08,10.97,2,0,0,63.2,64.0,3,25.8,0.8809
3000.6,33.1,12.0,61.6,79.3,33.2,89.9,0.159,20.25,15.2,14.02,2,0,0,33.1,33.2,2,81.3,0.6968
3724.3,62.8,49.7,78.5,77.6,33.0,89.9,0.195,3.48,1.62,14.11,3,0,0,62.8,62.4,0,1385.1,0.0254
4806.4,78.3,62.9,79.4,78.6,28.7,91.6,0.788,0.48,2.17,14.18,3,0,0,78.3,77.3,0,1477.3,0.0715
3577.1,76.8,22.7,65.7,86.8,38.6,85.0,0.136,14.13,13.54,13.98,4,0,0,76.8,77.6,2,68.1,0.8896
2598.6,43.1,18.0,55.5,54.3,45.2,109.7,0.712,4.0,3.69,13.81,3,0,0,43.1,43.1,1,47.7,0.899
1337.8,0.0,1.9,36.2,54.4,35.0,97.1,0.17,17.88,11.15,13.64,0,0,0,0.0,0.0,2,73.7,0.8709
2282.2,37.3,21.8,53.9,52.8,33.8,84.9,0.722,1.5,1.92,14.26,3,0,0,37.3,36.7,0,1447.5,0.017
4237.9,76.0,56.0,81.2,81.3,40.8,118.4,0.799,4.03,3.49,14.28,3,0,0,76.0,76.4,1,61.1,0.8064
2315.4,30.1,6.2,51.7,51.4,32.8,85.2,0.738,1.23,0.64,14.2,2,0,0,30.1,29.9,0,775.9,0.0464
1797.0,29.2,6.5,42.2,42.4,28.7,87.2,0.237,0.99,2.13,14.06,3,0,0,29.2,29.2,0,1326.8,0.0315
1028.6,0.0,2.3,38.9,40.4,40.3,112.8,0.899,8.53,3.44,13.99,0,0,0,0.0,0.0,1,25.1,0.7739
1031.2,0.0,2.0,29.5,29.4,29.3,85.1,0.595,2.32,1.63,10.74,0,0,0,0.0,0.0,3,6.0,0.8519
1058.2,0.0,2.2,37.1,38.6,28.3,88.4,0.246,3.73,2.37,13.9,0,0,1,0.0,0.0,0,949.8,0.0154
2258.5,29.5,15.5,46.9,48.4,34.3,95.2,0.834,3.13,0.93,14.12,2,0,0,29.5,30.0,0,1458.6,0.0658
2572.1,30.1,21.2,46.8,46.3,41.7,115.9,0.652,6.94,4.04,13.99,2,0,0,30.1,29.6,1,23.6,0.7942
1058.9,0.0,2.3,35.2,34.0,35.2,89.2,0.764,2.36,1.48,14.04,0,0,0,0.0,0.0,0,754.4,0.0231
1943.6,20.4,10.9,45.1,63.4,28.4,98.0,0.104,18.18,10.4,13.97,2,0,0,20.4,20.4,2,101.9,0.6905
1712.8,28.7,18.9,48.1,72.9,28.2,97.3,0.108,17.84,14.16,14.05,3,0,0,28.7,28.2,2,92.5,0.8591
4534.3,78.6,74.9,87.9,89.3,29.0,88.1,0.227,0.18,1.1,14.25,3,0,0,78.6,77.6,0,1409.6,0.0127
2502.5,18.6,8.2,45.2,45.1,37.9,88.4,0.242,1.67,1.56,10.65,1,0,0,18.6,18.7,3,40.7,0.8383
2240.1,33.7,6.2,52.7,81.6,37.0,91.1,0.117,19.37,13.06,13.77,3,0,0,33.7,33.1,2,33.5,0.8246
3218.5,84.7,31.3,71.5,97.7,28.7,93.8,0.144,23.08,15.16,13.65,5,0,0,84.7,84.6,2,70.1,0.7706
3770.8,79.2,31.1,58.2,58.3,38.9,108.2,0.664,9.68,3.33,14.01,4,0,0,79.2,80.6,1,33.4,0.9383
4588.4,71.9,68.6,87.0,98.0,38.8,95.8,0.194,23.05,11.62,14.18,3,0,0,71.9,71.5,2,33.9,0.8407
1033.6,0.0,2.5,34.5,35.0,26.7,92.4,0.24,3.12,0.61,14.0,0,0,0,0.0,0.0,0,1485.5,0.0222
2517.5,41.0,11.2,42.3,42.8,35.7,85.4,0.205,2.8,2.24,14.29,3,0,0,41.0,40.7,0,944.2,0.0211
4130.6,65.4,73.8,74.3,98.0,31.4,92.9,0.052,24.36,13.84,13.86,3,0,0,65.4,66.4,2,107.0,0.7808
2169.9,14.8,14.0,50.1,51.4,36.0,86.9,0.204,0.44,0.93,14.19,1,0,0,14.8,14.6,0,1336.5,0.0244
2111.1,16.9,14.3,38.9,40.7,27.5,92.8,0.243,0.83,1.32,14.23,1,0,0,16.9,16.6,0,921.0,0.0474
3508.4,97.7,31.0,66.4,98.0,26.2,96.2,0.099,18.46,14.54,14.09,5,0,0,97.7,98.0,2,96.6,0.7539
3298.1,89.4,29.1,59.0,86.3,40.4,94.5,0.069,19.68,14.46,14.08,5,0,0,89.4,88.4,2,103.6,0.8126
2064.7,22.3,17.6,40.1,42.6,30.4,87.2,0.301,1.54,1.72,14.03,2,0,0,22.3,21.9,0,1164.2,0.0169
950.5,0.0,1.8,38.5,64.4,33.6,94.1,0.106,25.05,15.32,13.91,0,0,0,0.0,0.0,2,115.0,0.8326
2297.2,28.0,16.9,46.0,48.3,39.6,115.7,0.691,6.74,2.88,13.77,2,0,0,28.0,28.2,1,31.2,0.8025
1071.2,0.0,2.1,34.8,36.6,26.3,80.9,0.296,0.97,1.92,14.04,0,0,0,0.0,0.0,0,1099.2,0.0172
3921.2,94.6,26.4,68.0,95.1,39.9,99.2,0.168,22.61,11.9,13.98,5,0,0,94.6,95.7,2,110.0,0.8412
2624.6,21.0,14.9,49.4,51.0,35.8,84.3,0.878,3.62,0.94,14.3,1,0,0,21.0,21.2,0,728.4,0.0629
2826.1,21.5,19.1,45.3,45.7,30.3,83.7,0.779,-0.7,2.48,14.22,1,0,0,21.5,21.5,0,715.2,0.0747
1057.0,0.0,2.0,32.8,33.1,33.9,85.6,0.768,3.38,0.12,14.05,0,0,0,0.0,0.0,0,1341.1,0.0571
3581.8,56.6,49.0,70.9,72.0,28.9,88.3,0.284,2.71,0.73,14.21,3,0,0,56.6,57.5,0,964.1,0.0327
1051.0,0.0,2.2,29.6,30.3,29.4,83.0,0.847,0.34,1.29,14.09,0,0,0,0.0,0.0,0,1273.0,0.0614
3741.8,95.2,26.3,68.2,89.5,27.0,97.7,0.119,22.73,12.64,13.74,5,0,0,95.2,95.5,2,98.8,0.7762
3863.8,80.5,42.5,83.3,98.0,25.0,91.8,0.16,20.0,13.46,14.13,4,0,0,80.5,78.9,2,60.0,0.7025
2574.5,29.5,9.9,48.1,48.2,34.5,92.0,0.339,2.98,1.9,14.06,2,0,0,29.5,29.1,0,1254.2,0.0419
3651.7,94.7,25.0,53.3,74.1,39.0,93.5,0.165,22.94,12.65,14.14,5,0,0,94.7,93.1,2,51.0,0.7941
2261.5,28.0,11.4,40.8,40.5,38.5,91.0,0.281,1.01,1.21,14.32,2,0,0,28.0,27.6,0,956.1,0.0341
3413.2,93.0,26.4,61.8,57.9,27.6,91.8,0.33,3.19,1.59,14.01,5,0,0,93.0,91.3,0,1330.0,0.0406
1000.6,0.0,2.1,30.8,59.3,31.4,90.9,0.182,20.69,15.0,13.99,0,0,1,0.0,0.0,2,64.3,0.687
3711.6,99.9,25.5,59.5,61.9,29.1,86.9,0.203,1.26,0.69,14.26,5,0,0,99.9,99.8,0,1303.5,0.0718
3344.8,86.8,30.3,66.7,64.0,33.9,93.8,0.814,1.91,2.8,14.19,5,0,0,86.8,88.5,0,1293.1,0.0125
2607.5,43.5,18.8,49.7,46.4,41.7,114.1,0.887,4.46,3.32,13.77,3,0,0,43.5,43.4,1,49.6,0.7427
2170.9,30.5,8.0,33.5,32.8,35.2,85.8,0.752,1.09,0.3,14.1,2,0,0,30.5,30.3,0,893.8,0.0445
2219.3,27.4,18.5,46.7,71.4,34.2,98.6,0.174,18.13,17.28,13.97,2,0,0,27.4,27.7,2,76.3,0.6806
2413.1,39.9,15.0,41.3,41.2,32.4,86.8,0.332,1.24,1.62,14.07,3,0,0,39.9,39.7,0,1311.2,0.0767
1078.5,0.0,2.3,35.3,32.8,38.1,84.5,0.315,0.11,1.82,14.02,0,0,0,0.0,0.0,0,1194.7,0.0605
3191.9,66.0,25.6,69.1,67.8,36.4,87.6,0.261,-0.49,1.22,14.11,4,0,0,66.0,65.0,0,1065.8,0.042
1058.0,0.0,2.0,37.5,36.0,28.3,81.7,0.868,2.12,2.72,14.09,0,0,1,0.0,0.0,0,1399.2,0.0596
2663.9,42.7,14.4,43.0,45.3,35.6,88.7,0.73,1.61,0.49,14.02,3,0,0,42.7,42.5,0,1065.1,0.0483
2590.7,32.4,6.3,44.5,45.4,32.0,84.1,0.87,2.05,0.09,14.22,2,0,0,32.4,32.3,0,1458.8,0.0306
925.1,0.0,2.1,30.3,60.5,35.9,97.8,0.088,19.74,14.96,13.7,0,0,0,0.0,0.0,2,90.9,0.7134
2199.8,27.4,8.5,48.8,46.2,31.5,85.6,0.219,3.54,-0.56,10.64,2,0,0,27.4,27.9,3,12.4,0.9711
3696.6,95.3,20.0,65.8,65.3,35.4,87.8,0.341,1.83,1.8,14.28,5,0,0,95.3,95.2,0,926.9,0.0487
1638.0,25.6,13.0,49.7,48.0,32.5,90.7,0.337,2.46,1.25,14.19,3,0,0,25.6,25.5,0,702.6,0.0576
2477.9,20.0,12.8,50.6,48.1,29.1,95.8,0.199,1.29,0.81,13.97,1,0,0,20.0,20.0,0,1450.6,0.0542
2106.6,23.6,21.6,42.0,40.6,36.0,89.2,0.219,3.27,1.41,10.67,2,0,0,23.6,23.6,3,27.0,0.8578
4235.9,91.1,75.4,93.4,93.3,32.1,88.3,0.278,1.53,-0.42,10.43,4,0,0,91.1,90.7,3,40.2,0.8157
2892.3,75.8,15.1,65.0,65.3,31.2,87.2,0.259,3.02,2.33,14.26,5,0,0,75.8,74.7,0,703.8,0.0686
4291.1,72.0,81.8,87.5,85.8,40.4,121.2,0.708,6.77,4.34,14.18,3,0,0,72.0,72.0,1,59.8,0.804
1069.0,0.0,2.4,33.7,30.4,32.7,85.6,0.776,2.02,0.78,14.01,0,0,0,0.0,0.0,0,1040.8,0.0728
2333.2,38.3,19.7,43.0,43.9,34.6,83.4,0.804,0.98,0.12,13.89,3,0,0,38.3,38.2,0,1277.0,0.0384
2144.4,24.9,20.4,42.8,43.6,34.1,95.0,0.184,1.41,2.76,14.13,2,0,0,24.9,25.0,0,1284.2,0.041
1084.0,0.0,1.8,31.6,30.6,29.2,87.1,0.198,2.74,0.59,14.07,0,0,0,0.0,0.0,0,1107.0,0.0337
2120.4,34.5,11.7,55.9,56.1,37.0,86.2,0.689,3.74,3.43,14.04,3,0,0,34.5,34.3,0,989.6,0.0662
1669.5,11.6,14.3,44.6,42.7,30.4,81.4,0.249,3.13,1.12,14.15,1,0,0,11.6,11.9,0,1326.4,0.0596
4356.5,92.6,53.1,81.5,82.1,40.6,110.8,0.682,7.93,3.82,13.85,4,0,0,92.6,91.5,1,60.4,0.7759
4095.4,51.8,82.4,96.3,94.7,33.2,85.7,0.244,2.67,1.38,14.13,2,0,0,51.8,51.7,0,1250.4,0.056
2317.7,26.8,11.3,62.1,59.4,37.8,89.7,0.789,2.96,1.45,14.34,2,0,0,26.8,26.9,0,1284.7,0.0514
1057.7,0.0,2.0,40.1,40.1,32.1,84.9,0.778,1.83,2.44,13.97,0,0,0,0.0,0.0,0,1008.9,0.0771
4906.8,58.9,78.2,81.9,82.3,30.7,93.0,0.681,2.16,0.94,14.21,2,0,0,58.9,59.1,0,1100.6,0.0139
1072.5,0.0,2.4,33.1,32.4,38.3,85.7,0.814,3.24,3.0,14.04,0,0,0,0.0,0.0,0,1233.7,0.06
3200.0,86.6,32.3,62.5,63.9,36.0,86.9,0.759,2.04,1.81,14.23,5,0,0,86.6,85.2,0,753.9,0.0767
3142.5,83.9,27.5,56.7,57.3,29.5,86.8,0.863,2.85,1.56,14.19,5,0,0,83.9,85.4,0,1347.2,0.0481
2834.8,71.7,28.1,69.3,69.1,29.1,95.6,0.182,1.74,2.49,13.95,5,0,0,71.7,70.7,0,1331.7,0.0452
1688.5,20.1,12.6,60.8,60.8,29.7,82.2,0.722,0.56,0.2,14.18,2,0,0,20.1,20.3,0,942.1,0.0675
1002.6,0.0,2.2,33.2,36.7,34.0,85.0,0.814,5.08,2.97,13.97,0,0,0,0.0,0.0,0,1285.3,0.0237
3108.4,38.1,19.1,48.7,52.4,45.4,114.9,0.74,7.83,2.32,13.8,2,0,0,38.1,38.5,1,12.4,0.8513
3951.3,103.1,17.4,66.2,85.6,35.9,100.2,0.147,26.75,16.13,14.09,5,0,0,103.1,102.2,2,20.6,0.8017
1935.7,20.4,12.7,41.0,43.2,32.5,89.6,0.709,1.67,1.25,14.38,2,0,0,20.4,20.1,0,1128.5,0.055
3461.0,92.3,20.4,59.3,61.6,36.8,86.7,0.858,2.48,1.62,14.02,5,0,0,92.3,90.9,0,875.7,0.0409
3871.3,81.5,26.7,61.6,61.7,32.0,89.9,0.693,-0.14,1.29,14.0,4,0,0,81.5,82.5,0,993.8,0.0547
1075.0,0.0,1.9,36.4,35.9,33.8,80.9,0.814,2.45,1.02,14.04,0,0,0,0.0,0.0,0,840.8,0.0259
2966.0,25.1,20.6,47.1,48.9,27.3,87.0,0.802,2.9,2.65,14.04,1,0,0,25.1,25.3,0,708.8,0.0152
3059.8,63.0,24.5,57.0,59.8,29.4,83.3,0.784,4.8,0.98,14.07,4,0,0,63.0,63.3,0,1199.8,0.0523
1045.4,0.0,2.2,36.5,36.3,38.7,90.9,0.684,2.46,2.0,14.2,0,0,0,0.0,0.0,0,1493.6,0.0239
3167.9,63.8,30.0,64.7,64.1,39.8,84.4,0.628,3.15,1.79,10.64,4,0,0,63.8,63.4,3,24.5,0.9252
1032.8,0.0,2.3,34.1,34.5,31.0,86.0,0.711,2.4,1.51,13.96,0,0,0,0.0,0.0,0,1439.7,0.0559
3593.7,96.2,29.4,55.8,59.7,30.0,86.8,0.757,2.16,2.29,14.2,5,0,0,96.2,96.2,0,1164.0,0.0126
2667.7,19.7,12.3,50.7,53.2,37.9,83.7,0.232,0.76,0.36,13.99,1,0,0,19.7,19.5,0,1234.3,0.0773
3499.8,93.0,33.2,65.0,63.1,34.5,79.0,0.332,0.33,0.64,11.39,5,0,0,93.0,94.6,3,10.5,0.9134
2265.6,20.4,16.5,56.4,87.3,30.6,92.1,0.165,16.43,16.5,13.9,1,0,0,20.4,20.6,2,35.0,0.7644
2626.1,19.7,19.6,45.5,45.4,31.4,86.2,0.313,3.14,2.28,14.12,1,0,0,19.7,19.8,0,1203.5,0.0491
2398.8,38.3,10.8,49.1,67.8,36.0,90.3,0.174,23.01,11.07,14.07,3,0,0,38.3,38.8,2,70.8,0.8451
3037.7,27.1,7.0,45.9,47.1,38.7,84.0,0.858,3.17,2.2,14.06,1,0,0,27.1,27.2,0,1415.0,0.0686
3641.6,57.6,40.2,73.4,98.0,30.6,92.1,0.104,17.11,12.85,13.96,3,0,0,57.6,58.3,2,113.8,0.6627
1086.8,0.0,2.2,31.9,55.6,35.4,93.1,0.166,18.29,11.52,14.04,0,0,0,0.0,0.0,2,50.3,0.7949
3763.4,81.0,34.6,64.8,65.3,36.6,87.6,0.749,1.6,0.66,14.41,4,0,0,81.0,81.9,0,1133.4,0.0726
2756.1,23.9,18.3,41.1,41.0,39.2,112.1,0.717,3.57,1.91,14.02,1,0,0,23.9,24.1,1,56.5,0.8619
2484.7,19.6,8.0,43.7,43.7,33.4,88.7,0.27,2.71,1.18,14.1,1,0,0,19.6,19.2,0,914.6,0.0638
2835.3,45.8,20.7,54.0,53.3,32.4,87.7,0.719,0.09,0.88,14.18,3,0,0,45.8,45.8,0,1217.0,0.0106
2529.0,32.3,8.8,45.9,49.5,34.8,96.1,0.797,0.6,0.86,14.11,2,0,0,32.3,33.0,0,859.1,0.0523
3549.9,73.8,25.5,61.1,62.1,42.4,115.9,0.762,13.22,5.91,13.59,4,0,0,73.8,75.0,1,57.6,0.8474
3191.7,38.6,8.1,49.8,47.4,25.8,88.8,0.252,1.64,2.6,14.1,2,0,0,38.6,39.3,0,1163.6,0.0437
3249.6,88.6,31.6,56.1,53.4,32.7,87.6,0.822,5.17,2.14,14.04,5,0,0,88.6,90.0,0,725.7,0.0455
1006.2,0.0,2.3,37.2,34.8,39.7,120.4,0.718,13.33,4.33,13.94,0,0,0,0.0,0.0,1,22.2,0.7895
3368.0,55.4,48.9,80.2,79.6,31.5,89.6,0.309,3.08,1.12,13.99,3,0,0,55.4,55.0,0,862.1,0.0765
3609.3,95.3,17.7,53.1,54.6,34.8,85.4,0.828,3.39,1.34,14.12,5,0,0,95.3,95.0,0,977.3,0.0229
2342.9,26.7,9.3,48.4,48.7,35.1,84.4,0.231,0.01,2.6,14.12,2,0,0,26.7,27.2,0,790.3,0.0221
3321.6,73.5,31.8,50.7,53.6,30.1,96.0,0.805,2.35,0.79,14.23,4,0,0,73.5,73.3,0,1099.1,0.0476
2580.1,41.6,15.8,43.4,42.6,35.1,91.8,0.74,3.36,0.03,14.1,3,0,0,41.6,42.1,0,1320.8,0.075
3774.2,99.0,15.3,62.0,60.5,40.8,95.9,0.264,2.96,2.0,14.09,5,0,0,99.0,97.6,0,1130.3,0.0391
3592.4,76.4,19.3,61.9,58.2,33.0,86.1,0.598,-1.02,0.33,9.87,4,0,0,76.4,77.2,3,17.0,0.9365
2293.4,28.2,17.5,53.7,50.0,37.4,118.1,0.846,3.76,4.27,13.85,2,0,0,28.2,27.8,1,37.7,0.8407
3125.8,40.2,19.8,54.7,56.6,32.5,91.1,0.242,1.82,1.72,14.19,2,0,0,40.2,39.5,0,986.3,0.0616
1033.2,0.0,2.0,36.8,36.9,30.2,82.9,0.743,2.94,1.88,14.15,0,0,0,0.0,0.0,0,808.2,0.0477
4201.3,53.1,63.6,80.0,79.1,29.0,86.7,0.294,1.77,2.37,14.34,2,0,0,53.1,53.1,0,1275.0,0.0544
1003.6,0.0,2.3,35.4,34.8,41.6,108.1,0.86,9.73,3.61,14.15,0,0,0,0.0,0.0,1,71.5,0.8003
1046.4,0.0,1.9,32.6,31.1,28.7,86.7,0.248,4.69,1.02,13.98,0,0,0,0.0,0.0,0,952.4,0.0265
1028.3,0.0,2.0,33.5,31.9,32.7,86.9,0.183,0.5,1.3,14.2,0,0,0,0.0,0.0,0,1306.6,0.0111
3515.5,86.5,27.3,62.2,83.4,35.9,95.7,0.181,20.15,11.81,13.91,5,0,0,86.5,86.1,2,103.4,0.6737
3327.4,86.6,19.7,63.0,67.8,27.8,83.4,0.302,2.33,2.04,14.04,5,0,0,86.6,86.9,0,1050.5,0.0192
1055.5,0.0,2.5,32.5,34.4,30.6,85.7,0.744,2.56,1.54,14.04,0,0,1,0.0,0.0,0,1489.4,0.0494
4548.7,54.2,83.2,77.2,98.0,25.9,106.4,0.163,12.56,14.54,14.15,2,0,0,54.2,53.4,2,68.2,0.6896
3036.5,77.0,32.6,61.3,62.7,42.4,112.4,0.697,8.92,3.51,13.91,5,0,0,77.0,77.3,1,36.3,0.7859
2048.4,26.9,7.4,46.4,47.9,40.3,87.3,0.684,3.51,1.67,14.25,2,0,0,26.9,27.1,0,1470.2,0.0673
1049.2,0.0,1.9,36.1,34.8,43.3,111.2,0.704,7.58,6.42,13.69,0,0,0,0.0,0.0,1,74.6,0.7411
1048.4,0.0,2.4,34.2,35.1,36.0,84.0,0.683,2.19,1.8,13.96,0,0,0,0.0,0.0,0,766.8,0.0422
998.6,0.0,2.2,31.3,31.0,44.7,110.5,0.662,4.79,4.89,13.89,0,0,0,0.0,0.0,1,72.0,0.7279
3836.4,104.7,16.3,71.3,70.2,33.3,90.5,0.264,2.45,2.27,14.14,5,0,0,104.7,102.7,0,1255.3,0.0457
1275.8,0.0,2.3,40.5,55.5,33.4,90.1,0.081,21.39,13.56,13.88,0,0,0,0.0,0.0,2,79.3,0.7742
2421.3,30.7,21.6,48.0,46.1,31.5,89.0,0.667,-1.01,-1.08,10.72,2,0,0,30.7,31.1,3,29.3,0.9306
3196.4,71.7,26.5,67.8,66.6,37.6,89.7,0.36,0.13,-0.94,10.47,4,0,0,71.7,71.9,3,42.0,0.9692
1013.7,0.0,1.9,32.4,36.1,31.9,84.2,0.521,0.28,-1.7,10.48,0,0,0,0.0,0.0,3,23.5,0.906
3670.4,100.7,23.4,69.5,68.5,30.8,87.0,0.872,2.16,1.84,14.02,5,0,0,100.7,102.1,0,966.5,0.0318
2046.2,34.7,21.5,34.6,36.6,28.7,93.4,0.684,2.72,2.3,13.98,3,0,0,34.7,34.2,0,741.9,0.0235
3857.0,45.3,63.7,86.1,86.8,29.6,89.1,0.32,4.3,1.96,14.06,2,0,0,45.3,45.7,0,1257.3,0.0786
1014.8,0.0,2.2,31.4,30.6,46.3,112.1,0.686,5.3,2.8,13.88,0,0,0,0.0,0.0,1,44.8,0.8486
1140.4,0.0,2.1,35.2,69.0,30.7,95.7,0.197,13.42,12.57,13.88,0,0,0,0.0,0.0,2,95.1,0.892
1059.3,0.0,1.9,36.9,37.7,27.7,85.0,0.766,2.47,2.45,14.08,0,0,0,0.0,0.0,0,1023.7,0.033
3703.7,80.1,69.5,84.2,85.3,31.5,81.8,0.696,0.06,2.53,10.81,4,0,0,80.1,80.4,3,9.5,0.823
1088.1,0.0,2.2,31.1,57.2,35.7,93.4,0.069,20.42,15.02,14.04,0,0,0,0.0,0.0,2,40.8,0.9004
1079.2,0.0,2.5,30.4,31.1,38.8,88.2,0.314,1.86,-0.57,11.65,0,0,0,0.0,0.0,3,44.4,0.9536
5074.4,104.6,79.2,81.2,98.0,38.8,95.0,0.074,23.58,12.47,13.83,4,0,0,104.6,104.0,2,81.0,0.8959
2315.6,29.9,6.9,47.1,45.4,28.9,85.2,0.735,2.33,2.69,14.1,2,0,0,29.9,30.0,0,1281.1,0.0364
2274.6,17.3,7.8,53.3,49.9,32.9,86.7,0.878,2.37,0.53,14.33,1,0,0,17.3,17.3,0,1197.9,0.0212
1038.6,0.0,2.1,37.5,36.5,31.8,84.5,0.687,-0.68,2.38,14.07,0,0,0,0.0,0.0,0,947.2,0.0143
4248.7,64.0,69.5,83.9,85.3,29.2,90.9,0.871,0.95,0.48,14.15,3,0,0,64.0,64.3,0,1436.5,0.0697
2145.1,27.1,18.1,41.3,43.1,38.4,116.5,0.656,7.42,3.13,13.6,2,0,0,27.1,27.5,1,22.9,0.8472
2583.3,20.5,9.7,48.1,69.0,33.4,95.1,0.064,21.43,17.5,14.05,1,0,0,20.5,20.5,2,105.1,0.6875
1032.6,0.0,2.4,31.1,53.1,32.9,89.8,0.165,25.51,12.82,14.07,0,0,0,0.0,0.0,2,112.7,0.8681
4110.4,70.1,45.2,85.8,85.8,46.2,113.1,0.885,8.2,5.43,13.81,3,0,0,70.1,69.5,1,64.1,0.7517
2067.3,25.1,14.8,54.1,52.9,32.4,90.5,0.723,1.34,1.1,14.34,2,0,0,25.1,24.8,0,816.5,0.0576
3454.4,75.3,20.2,61.1,60.2,28.8,89.6,0.88,1.59,1.78,14.03,4,0,0,75.3,76.5,0,1162.3,0.0512
3372.5,76.4,27.7,71.1,69.9,33.7,85.9,0.69,1.05,1.82,14.28,4,0,0,76.4,75.9,0,957.7,0.066
2705.5,34.1,10.8,40.3,42.2,30.3,89.9,0.298,3.33,0.42,14.08,2,0,0,34.1,34.5,0,1062.7,0.0422
3078.1,22.7,9.0,48.7,48.4,30.6,87.1,0.252,3.82,1.68,14.29,1,0,0,22.7,22.5,0,1196.5,0.0694
3341.8,89.3,16.0,67.3,69.3,28.4,89.8,0.762,3.16,1.31,14.21,5,0,0,89.3,89.7,0,735.4,0.0307
2411.2,29.1,11.6,55.4,55.5,29.3,91.3,0.338,2.31,2.28,14.24,2,0,0,29.1,29.0,0,893.4,0.0216
4764.6,76.9,60.0,73.2,72.8,33.2,86.6,0.27,2.66,2.55,14.05,3,0,0,76.9,76.7,0,1457.1,0.0215
2090.5,17.2,14.7,47.5,48.0,43.2,123.4,0.797,6.39,3.21,13.38,1,0,0,17.2,17.0,1,21.9,0.8338
1097.7,0.0,2.1,34.2,36.6,30.9,84.1,0.838,1.33,1.66,14.01,0,0,1,0.0,0.0,0,790.0,0.0449
2341.5,27.7,6.4,52.9,53.4,32.8,87.0,0.79,-1.98,0.92,14.03,2,0,0,27.7,28.0,0,1096.4,0.0329
2681.0,33.2,16.4,58.8,58.0,38.1,88.2,0.334,4.47,1.65,13.92,2,0,0,33.2,32.9,0,1072.2,0.0609
1020.5,0.0,1.8,34.9,31.7,27.6,89.3,0.687,5.67,1.13,11.08,0,0,0,0.0,0.0,3,34.1,0.9883
3510.6,89.7,32.6,59.2,57.2,26.3,88.6,0.747,2.0,1.08,14.1,5,0,0,89.7,89.9,0,1465.9,0.0572
2924.1,75.4,17.0,61.8,62.5,32.8,93.5,0.797,4.15,0.86,13.98,5,0,0,75.4,75.3,0,745.8,0.0288
2172.5,25.2,16.1,54.3,54.5,44.1,111.1,0.826,7.31,0.54,13.56,2,0,0,25.2,25.0,1,16.4,0.9155
3456.7,92.4,21.3,64.2,64.9,35.8,89.0,0.335,-0.12,1.45,14.21,5,0,0,92.4,91.4,0,809.0,0.0265
1024.6,0.0,2.0,28.7,28.7,31.8,83.2,0.226,3.5,-0.29,10.57,0,0,0,0.0,0.0,3,14.7,0.8772
2029.8,19.0,10.4,52.0,52.1,38.1,82.3,0.721,0.57,1.45,14.36,1,0,0,19.0,19.3,0,707.6,0.0481
5189.3,85.5,56.9,98.6,96.8,28.7,93.5,0.308,1.7,1.7,14.26,3,0,0,85.5,86.3,0,1110.6,0.0556
2088.2,15.6,12.8,42.1,40.7,38.5,89.3,0.279,0.91,1.19,14.02,1,0,0,15.6,15.6,0,1485.2,0.0371
2417.0,17.5,21.7,54.2,54.2,43.3,97.8,0.689,5.11,2.5,13.74,1,0,0,17.5,17.8,1,17.5,0.8638
4382.8,78.4,72.1,81.3,87.0,27.9,80.1,0.196,0.65,1.56,14.08,3,0,0,78.4,79.0,0,899.0,0.0751
2105.6,34.3,7.7,49.4,50.7,32.3,89.3,0.732,0.15,2.47,14.28,3,0,0,34.3,34.1,0,1224.5,0.012
2256.4,26.5,20.2,53.2,51.2,36.9,86.6,0.322,-0.46,1.55,13.83,2,0,0,26.5,26.0,0,1252.7,0.0718
2546.5,19.0,15.8,54.0,52.9,30.6,94.0,0.817,1.75,-0.45,14.04,1,0,0,19.0,19.3,0,1192.2,0.0116
1897.5,30.9,21.4,46.9,44.7,37.3,93.0,0.318,2.88,2.13,14.05,3,0,0,30.9,30.7,0,1252.3,0.0427
1953.1,33.8,9.8,44.1,44.9,44.4,116.9,0.838,8.58,1.8,14.0,3,0,0,33.8,33.6,1,61.6,0.7501
3411.4,87.9,27.9,61.0,62.7,38.0,120.6,0.695,5.47,4.77,13.71,5,0,0,87.9,89.0,1,68.4,0.8896
2602.0,43.5,10.6,49.0,48.3,36.2,88.5,0.239,2.81,1.1,14.12,3,0,0,43.5,43.1,0,908.8,0.0417
4086.8,70.7,57.8,86.8,85.1,35.9,86.4,0.212,3.69,-0.5,14.16,3,0,0,70.7,70.1,0,1224.5,0.0553
3479.0,75.6,21.5,69.7,70.9,42.5,112.3,0.803,8.16,5.34,14.08,4,0,0,75.6,74.7,1,58.8,0.8163
2306.2,38.4,8.7,50.3,49.4,36.2,89.0,0.2,1.09,1.54,14.07,3,0,0,38.4,38.2,0,1028.0,0.033
4065.0,104.4,29.6,56.3,54.6,32.7,84.8,0.25,3.25,1.83,14.02,5,0,0,104.4,103.6,0,892.5,0.0734
3460.0,89.7,25.9,69.8,68.7,29.9,90.3,0.727,0.91,2.78,14.09,5,0,0,89.7,88.9,0,758.8,0.0404
3743.8,99.7,33.1,58.9,56.2,45.5,118.2,0.89,8.83,3.2,13.75,5,0,0,99.7,99.4,1,21.6,0.955
3452.2,92.5,26.4,53.6,58.9,36.0,86.7,0.391,1.97,0.28,11.5,5,0,0,92.5,92.8,3,40.1,0.8888
2951.5,23.9,13.2,54.5,52.2,44.5,106.2,0.808,6.77,2.3,13.3,1,0,0,23.9,24.0,1,40.1,0.9363
3043.0,66.4,34.3,63.1,62.1,37.2,86.4,0.221,0.61,0.68,14.19,4,0,0,66.4,67.7,0,905.2,0.0671
3234.6,84.1,29.5,72.5,68.1,36.1,87.0,0.204,2.59,2.12,14.27,5,0,0,84.1,85.0,0,1395.8,0.0768
1359.3,0.0,1.9,33.8,54.5,31.9,93.0,0.078,20.67,13.11,14.4,0,0,0,0.0,0.0,2,67.2,0.6813
2153.9,26.9,12.4,40.7,41.7,31.4,80.5,0.833,0.34,1.32,13.97,2,0,0,26.9,27.2,0,1271.7,0.0273
1089.2,0.0,2.1,34.7,35.6,29.8,91.4,0.433,-0.26,1.03,10.41,0,0,0,0.0,0.0,3,39.4,0.8117
4969.1,62.9,50.2,89.5,90.2,34.5,88.5,0.399,-0.47,1.22,10.87,2,0,0,62.9,61.8,3,19.6,0.8303
3282.3,67.4,31.9,60.9,62.7,28.9,83.8,0.87,0.99,2.37,14.16,4,0,0,67.4,68.5,0,713.5,0.0736
3878.8,98.3,33.0,54.5,58.9,36.0,85.8,0.592,1.26,1.82,10.37,5,0,0,98.3,96.9,3,26.9,0.8366
1054.9,0.0,2.5,33.4,33.8,37.5,82.6,0.817,3.93,2.48,14.04,0,0,0,0.0,0.0,0,1046.2,0.0421
1164.4,0.0,2.5,37.3,54.1,38.5,95.4,0.176,20.29,15.38,13.73,0,0,0,0.0,0.0,2,81.0,0.664
2167.1,17.4,20.6,56.9,54.6,39.0,90.2,0.826,0.41,0.56,14.2,1,0,0,17.4,17.3,0,1384.8,0.0509
3209.6,70.6,30.9,58.9,57.0,31.5,86.1,0.712,1.47,2.13,14.16,4,0,0,70.6,70.7,0,776.6,0.0367
1673.1,27.3,21.6,38.3,37.2,44.2,120.3,0.683,9.6,3.96,13.85,3,0,0,27.3,26.7,1,10.7,0.7475
2733.8,67.2,29.3,61.5,79.9,33.4,93.8,0.061,18.31,14.45,13.96,4,0,0,67.2,67.9,2,108.2,0.9175
2690.4,17.8,16.3,39.9,39.2,39.0,92.8,0.789,2.25,0.31,14.03,1,0,0,17.8,17.9,0,954.4,0.0303
4967.5,80.4,55.2,81.2,81.8,39.5,92.8,0.227,1.52,1.82,14.09,3,0,0,80.4,79.9,0,1313.5,0.0183
3447.6,89.0,22.5,63.8,64.8,31.5,82.7,0.714,2.79,-0.12,14.39,5,0,0,89.0,89.4,0,1314.6,0.043
2044.8,14.0,7.6,40.1,39.8,31.1,85.5,0.335,1.58,1.31,14.42,1,0,0,14.0,13.9,0,780.1,0.0287
2500.5,22.0,15.7,54.2,55.9,35.4,94.4,0.811,3.82,1.51,13.97,1,0,0,22.0,21.8,0,836.8,0.0641
2140.8,23.9,13.0,50.8,53.6,35.6,84.9,0.714,3.01,1.98,14.25,2,0,0,23.9,24.2,0,1008.8,0.0266
2031.1,21.3,10.7,48.2,47.2,29.6,91.5,0.314,1.33,2.04,14.18,2,0,0,21.3,21.6,0,1447.4,0.0201
1046.7,0.0,1.9,38.6,38.5,35.4,87.3,0.224,-0.28,0.7,14.1,0,0,0,0.0,0.0,0,708.7,0.0704
1860.6,15.1,14.6,42.0,40.6,32.7,84.9,0.249,1.56,1.79,14.19,1,0,0,15.1,15.4,0,1094.3,0.0112
2391.3,39.6,18.9,56.1,55.3,33.4,89.3,0.709,0.16,1.44,14.12,3,0,0,39.6,39.7,0,733.3,0.0324
1101.3,0.0,1.9,36.0,34.8,31.5,83.8,0.341,1.64,2.56,14.11,0,0,0,0.0,0.0,0,981.2,0.0139
4190.5,92.2,78.3,80.2,79.7,27.9,87.0,0.635,-1.4,1.92,10.02,4,0,0,92.2,93.6,3,43.2,0.8904
1099.4,0.0,2.3,36.7,37.4,35.6,85.9,0.755,0.14,2.48,14.24,0,0,1,0.0,0.0,0,1231.9,0.0443
2367.9,25.8,21.9,35.9,35.0,37.1,91.3,0.673,-0.21,1.39,9.82,2,0,0,25.8,25.6,3,29.4,0.9579
1101.5,0.0,2.0,32.4,33.6,43.5,111.5,0.676,8.71,3.71,13.63,0,0,0,0.0,0.0,1,25.5,0.7449
2621.0,32.1,12.1,38.8,38.7,36.1,112.0,0.802,7.29,4.22,13.74,2,0,0,32.1,31.6,1,10.6,0.8501
2130.8,32.4,15.0,57.2,57.4,37.8,123.0,0.73,11.59,4.11,13.46,3,0,0,32.4,32.0,1,31.0,0.7757
1307.2,0.0,2.5,39.8,61.9,30.1,98.4,0.097,21.74,14.91,14.06,0,0,1,0.0,0.0,2,78.3,0.7561
4953.9,80.9,65.1,83.0,80.8,29.0,87.2,0.825,0.25,1.55,14.2,3,0,0,80.9,81.2,0,1020.6,0.0244
1035.7,0.0,2.0,34.0,33.5,34.7,83.6,0.749,1.96,1.32,14.0,0,0,0,0.0,0.0,0,1346.6,0.0106
2550.2,30.9,20.1,45.9,46.5,34.7,121.0,0.85,9.26,4.11,13.71,2,0,0,30.9,30.3,1,11.1,0.7542
1067.3,0.0,2.4,39.1,36.5,32.0,87.4,0.754,0.66,0.82,13.97,0,0,1,0.0,0.0,0,1386.5,0.0259
850.0,0.0,1.9,35.6,65.8,39.3,95.4,0.155,23.94,14.64,13.96,0,0,1,0.0,0.0,2,56.8,0.7774
2197.7,24.7,9.2,56.5,58.7,31.8,88.6,0.189,2.66,1.78,14.08,2,0,0,24.7,25.0,0,704.1,0.0317
4842.4,81.9,79.6,86.5,89.6,40.9,112.2,0.68,4.2,4.45,13.59,3,0,0,81.9,82.4,1,30.9,0.777
3961.9,62.0,42.6,76.9,79.4,34.8,82.6,0.744,0.52,1.86,14.38,3,0,0,62.0,60.9,0,1016.4,0.0776
2559.5,22.9,11.3,40.4,40.8,35.6,84.4,0.299,0.4,1.39,14.33,1,0,0,22.9,22.7,0,1197.2,0.0798
3172.5,38.6,15.4,44.3,45.6,39.6,92.6,0.314,1.27,0.52,14.17,2,0,0,38.6,38.9,0,1395.4,0.0546
1061.7,0.0,2.2,39.7,36.0,43.3,112.9,0.851,1.21,4.22,13.61,0,0,0,0.0,0.0,1,74.1,0.741
1267.1,0.0,1.8,29.3,62.5,36.0,100.5,0.145,22.0,17.05,14.05,0,0,1,0.0,0.0,2,23.3,0.8841
2627.2,32.8,8.2,42.0,42.5,32.7,87.3,0.753,3.02,2.53,14.16,2,0,0,32.8,33.2,0,877.3,0.0132
3784.5,79.5,32.9,71.0,94.2,33.7,94.9,0.116,22.57,14.9,13.91,4,0,0,79.5,78.1,2,115.4,0.8632
1050.4,0.0,2.2,28.3,30.7,26.7,86.0,0.871,2.33,1.3,14.15,0,0,1,0.0,0.0,0,955.2,0.0135
2054.5,23.9,18.3,42.0,44.6,27.3,90.2,0.268,2.86,2.49,14.39,2,0,0,23.9,23.7,0,1375.3,0.0633
1048.3,0.0,2.4,34.0,36.9,38.4,85.7,0.257,-0.33,3.59,13.93,0,0,0,0.0,0.0,0,1411.3,0.0412
3266.5,83.9,18.6,60.3,61.3,30.5,85.3,0.186,0.46,1.23,14.39,5,0,0,83.9,85.1,0,1084.8,0.0662
2060.2,32.4,6.3,47.2,47.9,37.2,89.7,0.853,-0.62,3.0,14.07,3,0,0,32.4,32.6,0,888.8,0.019
1048.0,0.0,2.4,37.0,32.9,29.3,85.1,0.818,1.61,1.11,14.09,0,0,1,0.0,0.0,0,997.9,0.0534
2162.0,25.4,12.5,48.8,48.8,48.4,115.2,0.766,7.8,3.44,13.73,2,0,0,25.4,25.8,1,52.0,0.8825
3849.0,101.4,31.0,60.0,61.1,32.2,119.3,0.692,8.32,3.37,13.99,5,0,0,101.4,100.6,1,74.5,0.7987
2685.8,45.2,15.4,48.6,49.3,35.8,81.9,0.775,4.15,2.22,14.11,3,0,0,45.2,46.0,0,1428.8,0.0708
2329.6,30.0,15.1,36.4,36.4,32.0,91.6,0.217,1.7,1.44,14.03,2,0,0,30.0,30.4,0,969.8,0.0774
1796.9,29.9,12.6,51.4,49.5,37.9,84.5,0.189,1.56,1.67,14.2,3,0,0,29.9,30.4,0,1378.4,0.0307
1028.4,0.0,2.3,28.7,28.3,36.1,88.1,0.194,2.82,2.41,14.12,0,0,0,0.0,0.0,0,1275.8,0.0609
2082.1,16.8,7.6,44.0,43.2,28.8,87.7,0.281,-3.4,1.1,14.19,1,0,0,16.8,17.1,0,1409.8,0.0246
3468.0,75.2,21.7,65.0,63.0,31.4,83.1,0.189,0.5,1.4,14.16,4,0,0,75.2,76.0,0,1358.0,0.0671
3270.6,53.6,17.3,41.5,40.4,33.4,87.3,0.673,3.12,0.91,10.82,3,0,0,53.6,52.9,3,35.2,0.8991
3286.5,68.4,31.3,49.5,73.3,33.5,95.6,0.08,18.31,13.61,13.82,4,0,0,68.4,69.8,2,39.3,0.7911
4637.8,60.3,81.2,79.2,77.8,34.1,83.5,0.219,1.52,1.27,14.1,2,0,0,60.3,59.5,0,939.1,0.0678
2643.2,44.0,9.6,60.5,60.5,36.2,91.9,0.211,1.58,0.07,14.02,3,0,0,44.0,44.5,0,909.1,0.0332
3864.5,62.2,73.7,83.9,83.9,28.8,84.9,0.256,3.2,1.76,14.09,3,0,0,62.2,62.4,0,1409.9,0.0224
1023.4,0.0,2.4,35.8,59.0,32.4,97.5,0.163,21.79,9.82,13.95,0,0,0,0.0,0.0,2,76.5,0.8415
1067.1,0.0,1.9,38.0,34.9,29.8,82.9,0.248,1.66,0.67,14.12,0,0,0,0.0,0.0,0,1351.3,0.0342
3960.8,62.7,70.8,77.4,78.7,35.2,82.9,0.26,1.45,1.39,14.09,3,0,0,62.7,63.5,0,1287.4,0.0399
1036.4,0.0,2.1,27.0,32.1,43.0,120.9,0.832,7.81,5.57,13.7,0,0,0,0.0,0.0,1,37.0,0.7362
3696.9,97.7,18.0,58.9,59.7,35.8,88.2,0.26,-1.15,1.36,14.11,5,0,0,97.7,96.7,0,841.4,0.034
1061.6,0.0,2.3,36.1,36.6,36.1,86.2,0.318,-0.09,1.19,14.1,0,0,0,0.0,0.0,0,998.9,0.045
2180.5,24.7,15.0,53.7,52.1,30.1,85.1,0.312,0.66,2.93,14.23,2,0,0,24.7,24.7,0,941.3,0.051
1714.8,24.5,12.4,46.0,44.3,30.2,85.0,0.278,2.28,1.52,14.28,3,0,0,24.5,24.4,0,903.8,0.0351
4804.5,58.3,64.5,86.3,85.7,35.0,85.6,0.778,2.52,0.96,14.2,2,0,0,58.3,57.4,0,1447.3,0.0249
2966.8,51.4,20.8,47.1,45.5,37.6,85.5,0.343,3.3,1.23,13.93,3,0,0,51.4,50.8,0,1100.5,0.0658
2531.4,34.1,20.2,39.3,40.4,30.9,87.7,0.304,0.56,1.07,14.19,2,0,0,34.1,34.1,0,1179.2,0.0378
2245.6,28.9,21.3,43.3,41.0,38.7,86.3,0.233,2.02,-0.25,14.41,2,0,0,28.9,28.9,0,811.6,0.0592
850.0,0.0,2.0,28.7,60.5,34.0,93.9,0.127,16.73,14.42,14.01,0,0,0,0.0,0.0,2,49.0,0.7093
2486.1,20.7,9.4,49.0,49.4,28.9,92.8,0.208,1.23,1.21,14.03,1,0,0,20.7,20.8,0,727.2,0.0536
3637.9,78.6,20.4,60.1,60.7,28.5,83.5,0.849,3.18,3.05,14.13,4,0,0,78.6,79.9,0,1040.6,0.0325
3898.4,105.4,15.3,67.9,66.7,44.8,119.5,0.78,4.18,3.53,13.87,5,0,0,105.4,105.1,1,54.7,0.8086
1198.9,0.0,2.0,34.2,59.3,35.5,99.8,0.176,19.22,13.18,14.25,0,0,0,0.0,0.0,2,63.8,0.6663
4240.2,91.1,68.3,90.3,98.0,29.3,94.1,0.165,24.01,14.57,13.88,4,0,0,91.1,91.8,2,63.2,0.6851
3106.6,24.0,16.1,55.9,59.0,33.5,90.6,0.809,3.39,1.84,14.05,1,0,0,24.0,23.8,0,1429.7,0.043
1021.8,0.0,2.0,30.5,35.9,34.6,89.3,0.307,1.65,2.45,14.15,0,0,1,0.0,0.0,0,1170.8,0.0207
1669.4,21.5,12.8,52.8,51.2,34.3,114.5,0.885,9.01,4.15,13.94,2,0,0,21.5,21.5,1,50.5,0.9027
1088.9,0.0,2.2,33.3,33.6,43.1,112.4,0.795,6.12,5.6,13.75,0,0,1,0.0,0.0,1,64.6,0.8
1045.0,0.0,1.9,35.8,37.1,28.2,82.5,0.818,1.68,0.9,14.05,0,0,0,0.0,0.0,0,983.6,0.0687
2324.6,18.6,12.1,56.8,56.4,28.5,81.0,0.584,2.35,-0.12,9.5,1,0,0,18.6,18.5,3,7.4,0.9197
2790.7,72.7,23.3,66.7,66.3,31.9,86.8,0.181,1.93,2.32,14.16,5,0,0,72.7,73.8,0,1339.0,0.0744
2323.5,17.2,7.6,52.5,52.7,37.6,90.3,0.696,-2.66,0.63,9.81,1,0,0,17.2,17.3,3,14.1,0.8897
922.5,0.0,2.4,38.2,69.4,39.0,96.1,0.083,20.55,13.8,13.97,0,0,0,0.0,0.0,2,78.3,0.8208
2167.0,46.5,20.4,60.3,58.9,46.3,112.0,0.706,8.91,4.12,13.93,4,0,0,46.5,46.8,1,59.1,0.8037
4157.1,109.9,24.5,68.1,67.5,30.8,87.2,0.444,1.99,-0.31,11.03,5,0,0,109.9,109.4,3,12.4,0.8735
1041.3,0.0,2.2,31.3,29.9,35.8,111.8,0.758,10.06,2.91,14.06,0,0,0,0.0,0.0,1,35.1,0.7569
2418.0,29.0,15.3,51.9,50.3,28.8,85.2,0.7,1.28,3.34,14.24,2,0,0,29.0,28.9,0,902.8,0.0689
1029.7,0.0,1.9,28.9,32.9,32.5,90.9,0.727,1.03,1.7,13.97,0,0,0,0.0,0.0,0,1198.5,0.0754
2495.3,31.3,16.1,44.0,44.8,36.9,80.6,0.232,-0.15,1.91,14.1,2,0,0,31.3,31.2,0,1019.1,0.038
3535.6,94.9,18.6,65.6,64.0,35.9,86.7,0.85,-0.16,2.39,14.34,5,0,0,94.9,95.6,0,936.9,0.0159
3279.2,85.2,14.0,63.4,63.6,45.1,119.9,0.779,7.54,4.23,14.16,5,0,0,85.2,85.1,1,50.7,0.9202
2729.9,21.4,8.9,41.0,41.2,35.0,88.3,0.241,2.57,1.06,14.04,1,0,0,21.4,21.7,0,1453.1,0.0711
1025.6,0.0,2.2,33.5,34.9,39.3,87.1,0.803,1.63,2.16,14.13,0,0,0,0.0,0.0,0,1135.1,0.0785
2964.5,77.9,29.9,53.5,54.4,33.4,88.1,0.84,1.53,1.18,14.21,5,0,0,77.9,77.2,0,1304.5,0.0693
3993.3,102.2,19.7,70.5,87.1,38.4,96.8,0.134,24.02,17.02,13.69,5,0,0,102.2,100.4,2,26.6,0.7508
1084.2,0.0,2.3,27.7,31.6,32.2,84.3,0.206,4.08,1.91,13.99,0,0,0,0.0,0.0,0,1465.1,0.0542
1035.3,0.0,2.1,33.7,33.1,30.7,85.2,0.269,-0.44,1.24,14.01,0,0,1,0.0,0.0,0,1118.1,0.0467
984.1,0.0,2.4,36.8,35.9,27.3,90.9,0.247,1.0,2.07,13.98,0,0,1,0.0,0.0,0,1465.2,0.0728
2076.8,13.9,10.7,47.9,45.5,45.9,113.2,0.773,9.53,3.43,14.06,1,0,0,13.9,13.9,1,47.5,0.8458
3845.4,99.3,16.6,60.5,57.5,38.3,92.6,0.843,2.98,0.24,13.9,5,0,0,99.3,98.2,0,1303.9,0.0309
1055.0,0.0,2.1,33.3,34.9,38.3,116.2,0.836,8.18,4.25,13.94,0,0,1,0.0,0.0,1,48.5,0.8497
2504.9,43.1,12.0,42.5,42.4,28.6,87.0,0.187,3.67,0.77,14.21,3,0,0,43.1,43.8,0,1180.2,0.0264
4668.6,55.1,66.1,77.6,78.5,38.1,86.2,0.27,0.69,1.78,14.28,2,0,0,55.1,55.0,0,1419.2,0.074
3246.2,88.5,20.4,61.7,58.8,36.8,87.9,0.69,0.34,2.85,10.76,5,0,0,88.5,89.0,3,24.2,0.938
995.0,0.0,2.1,33.6,34.1,29.3,83.8,0.342,1.34,1.99,14.08,0,0,0,0.0,0.0,0,1089.7,0.0554
1034.7,0.0,2.5,33.0,33.6,37.5,82.5,0.24,1.37,2.45,14.08,0,0,0,0.0,0.0,0,1348.8,0.0304
3510.7,90.6,32.9,54.4,53.6,34.7,90.3,0.318,1.9,2.23,14.02,5,0,0,90.6,90.4,0,731.1,0.0125
1033.1,0.0,2.4,28.8,31.8,38.3,86.1,0.256,2.09,2.46,13.93,0,0,0,0.0,0.0,0,1461.5,0.0123
2815.0,33.1,14.9,43.4,42.4,33.3,86.7,0.266,2.8,1.52,14.24,2,0,0,33.1,32.6,0,1415.0,0.0508
4065.4,90.0,29.4,65.8,65.3,28.2,80.1,0.288,0.82,0.87,14.29,4,0,0,90.0,88.7,0,1151.9,0.0388
2219.1,17.5,18.2,38.4,38.2,39.2,90.8,0.855,2.88,0.46,14.21,1,0,0,17.5,17.7,0,1236.4,0.0788
3600.4,78.0,26.1,64.9,62.4,37.8,89.8,0.741,2.79,1.15,14.16,4,0,0,78.0,77.9,0,1135.9,0.0497
1831.0,23.4,15.9,45.5,41.6,45.2,111.9,0.676,7.59,3.84,13.87,2,0,0,23.4,23.2,1,24.1,0.8426
2269.6,17.6,15.8,59.0,86.5,36.3,93.7,0.092,16.54,15.92,13.91,1,0,0,17.6,17.8,2,75.2,0.8598
1051.4,0.0,2.4,32.5,33.1,39.1,86.4,0.829,0.76,1.24,14.05,0,0,1,0.0,0.0,0,1086.7,0.0561
4644.1,55.9,50.9,81.3,81.5,37.7,89.2,0.288,0.72,2.18,14.18,2,0,0,55.9,55.2,0,1349.3,0.0244
1003.3,0.0,2.1,32.9,30.7,32.9,84.0,0.742,2.74,1.35,13.99,0,0,1,0.0,0.0,0,1170.8,0.0557
4220.9,50.2,48.0,76.7,78.0,30.6,86.3,0.232,1.66,2.88,14.05,2,0,0,50.2,50.5,0,1176.1,0.0444
3847.8,67.8,79.4,72.2,72.2,27.8,88.3,0.865,0.18,1.33,14.1,3,0,0,67.8,67.4,0,1044.4,0.0434
2231.9,37.3,21.5,38.7,40.6,28.7,91.4,0.702,-0.99,2.54,14.42,3,0,0,37.3,37.9,0,1006.7,0.0284
2367.7,17.6,14.3,53.9,52.1,26.6,91.4,0.205,1.24,0.81,14.04,1,0,0,17.6,17.5,0,1367.9,0.0141
3168.7,81.5,31.5,66.6,67.0,29.5,85.3,0.282,2.81,1.39,14.17,5,0,0,81.5,81.9,0,1329.4,0.0507
2579.1,42.5,14.8,49.3,51.3,31.6,84.6,0.86,0.98,1.78,14.22,3,0,0,42.5,41.9,0,853.4,0.0529
1832.3,31.1,20.4,42.9,43.4,38.4,87.4,0.378,-1.06,-0.47,10.29,3,0,0,31.1,31.0,3,9.7,0.9597
1061.3,0.0,2.2,30.7,29.5,30.2,87.5,0.794,3.53,2.73,13.94,0,0,0,0.0,0.0,0,969.2,0.0601
2856.5,22.9,15.5,62.1,60.1,41.5,113.9,0.696,6.69,4.37,13.9,1,0,0,22.9,23.1,1,50.8,0.8367
1297.1,0.0,2.1,30.7,60.5,35.0,90.6,0.183,16.08,14.27,13.77,0,0,0,0.0,0.0,2,65.2,0.9128
2481.4,28.7,16.7,54.0,55.9,39.0,83.1,0.247,1.93,1.39,14.32,2,0,0,28.7,28.6,0,912.9,0.0397
1572.6,24.4,13.7,40.3,40.2,32.5,83.4,0.197,-0.74,1.1,14.15,3,0,0,24.4,24.4,0,1398.4,0.0268
4308.8,45.6,42.4,77.2,75.5,28.2,89.7,0.338,4.45,1.02,14.21,2,0,0,45.6,45.4,0,1499.0,0.0762
3719.6,92.5,29.6,56.4,62.4,36.7,88.5,0.26,5.3,1.44,13.97,5,0,0,92.5,92.4,0,988.0,0.0337
4248.6,44.7,65.3,90.5,89.8,29.2,94.9,0.199,4.21,1.27,14.16,2,0,0,44.7,44.5,0,1191.7,0.0226
1024.8,0.0,2.3,32.0,36.3,51.4,119.1,0.823,9.08,3.18,13.91,0,0,0,0.0,0.0,1,43.2,0.8047
1051.4,0.0,2.3,35.7,35.6,31.1,88.5,0.327,1.69,1.48,13.98,0,0,0,0.0,0.0,0,837.7,0.0408
4151.2,88.5,73.6,77.1,77.5,34.2,90.0,0.793,4.35,3.58,14.31,4,0,0,88.5,87.7,0,874.1,0.029
2142.8,16.5,10.1,52.3,52.4,37.1,112.7,0.743,9.48,3.52,13.76,1,0,0,16.5,16.8,1,33.1,0.9246
2844.8,21.8,19.4,48.6,67.0,34.1,94.0,0.091,20.53,12.87,13.86,1,0,0,21.8,21.5,2,27.5,0.6983
1650.4,27.6,10.6,49.6,49.9,32.9,86.0,0.233,1.31,1.63,14.3,3,0,0,27.6,28.1,0,845.0,0.0261
2562.8,42.8,21.1,50.7,48.6,44.9,127.0,0.797,9.19,2.62,13.95,3,0,0,42.8,43.2,1,53.1,0.7419
2355.8,28.7,14.3,47.4,41.9,40.0,91.4,0.842,5.45,1.26,14.04,2,0,0,28.7,28.4,0,1168.4,0.0101
3386.1,90.0,27.8,59.4,61.1,27.1,88.0,0.25,2.69,1.44,14.0,5,0,0,90.0,91.1,0,742.0,0.0344
3024.5,82.0,27.4,67.1,63.8,35.8,92.2,0.693,-0.27,0.88,14.14,5,0,0,82.0,81.0,0,953.9,0.0659
1030.8,0.0,2.0,33.9,32.1,28.1,88.4,0.189,0.27,3.27,14.1,0,0,0,0.0,0.0,0,912.2,0.0675
2350.2,38.0,17.1,50.7,50.0,39.0,85.3,0.427,3.93,1.58,10.55,3,0,0,38.0,38.0,3,25.1,0.8836
1062.9,0.0,2.5,36.5,38.3,34.2,89.2,0.829,1.61,0.97,13.82,0,0,0,0.0,0.0,0,988.8,0.0145
2284.4,20.3,11.4,60.2,59.7,35.9,89.8,0.349,-0.47,1.21,14.17,1,0,0,20.3,20.0,0,1192.0,0.0723
2239.2,28.3,18.6,48.2,47.0,32.4,86.1,0.338,0.43,2.87,14.13,2,0,0,28.3,28.1,0,1352.2,0.0129
5121.1,62.8,68.4,79.0,82.7,32.1,90.8,0.33,1.54,0.94,13.91,2,0,0,62.8,62.4,0,765.4,0.0104
1062.3,0.0,1.9,30.3,33.2,31.5,84.0,0.831,4.11,1.92,14.0,0,0,0,0.0,0.0,0,926.3,0.0115
3969.1,62.4,73.2,75.7,80.0,31.6,85.2,0.215,1.59,1.65,14.3,3,0,0,62.4,62.4,0,1091.6,0.0658
3724.1,57.0,6.7,61.8,84.0,37.7,93.5,0.142,20.35,15.03,13.55,3,0,0,57.0,57.9,2,59.6,0.7549
3117.4,66.4,20.1,65.2,65.7,37.8,83.8,0.296,3.0,-0.48,14.13,4,0,0,66.4,67.3,0,1285.3,0.0648
1065.8,0.0,1.9,33.9,33.6,32.6,87.6,0.273,1.63,1.87,14.0,0,0,0,0.0,0.0,0,1109.2,0.0297
2125.8,34.8,19.1,41.1,42.0,35.4,86.5,0.766,3.42,0.02,14.17,3,0,0,34.8,35.4,0,1258.6,0.0463
3379.0,41.3,8.4,49.1,49.2,36.6,85.8,0.868,0.68,1.05,14.27,2,0,0,41.3,41.2,0,1406.8,0.015
3113.0,63.5,23.5,62.9,65.1,25.1,90.9,0.289,0.94,2.03,14.19,4,0,0,63.5,64.3,0,1233.3,0.0324
2192.8,15.5,12.5,51.5,74.8,34.0,82.7,0.153,14.41,17.25,13.95,1,0,0,15.5,15.6,2,61.3,0.8877
3181.0,69.1,18.9,61.3,61.0,30.3,85.1,0.294,1.67,1.81,11.19,4,0,0,69.1,70.2,3,10.4,0.9673
3377.9,91.2,21.3,73.8,72.7,28.3,89.3,0.752,1.81,1.81,14.34,5,0,0,91.2,90.8,0,1465.0,0.0138
2700.8,21.2,9.7,52.4,55.2,32.0,87.8,0.696,0.96,0.87,13.87,1,0,0,21.2,21.0,0,807.9,0.0714
2411.7,15.9,20.8,47.8,68.7,37.5,93.9,0.151,13.84,11.47,13.93,1,0,0,15.9,15.9,2,61.0,0.8001
2254.6,17.6,18.0,45.7,44.5,30.6,89.3,0.28,0.28,1.44,14.15,1,0,0,17.6,17.6,0,1052.6,0.0177
4342.4,97.6,75.3,74.2,76.3,35.6,85.8,0.785,1.23,1.05,14.15,4,0,0,97.6,96.4,0,1430.8,0.047
2646.6,20.6,16.8,46.9,46.2,25.6,89.7,0.337,2.5,0.93,14.24,1,0,0,20.6,20.8,0,1403.7,0.0278
2127.2,34.7,11.0,57.7,57.2,48.1,119.2,0.736,6.63,3.71,13.58,3,0,0,34.7,34.2,1,36.8,0.8557
3339.2,71.8,33.4,66.9,65.2,31.2,87.6,0.826,2.32,1.19,14.35,4,0,0,71.8,71.3,0,772.8,0.0477
2108.2,37.9,16.6,55.8,72.4,36.5,90.1,0.06,23.24,15.35,14.01,3,0,0,37.9,37.7,2,30.6,0.8056
2521.4,39.5,19.1,53.2,75.3,35.3,86.0,0.153,25.55,14.59,13.54,3,0,0,39.5,39.9,2,85.8,0.8642
2920.7,46.8,19.3,51.3,51.3,33.9,90.5,0.762,1.7,2.05,14.23,3,0,0,46.8,46.1,0,855.6,0.0386
2607.6,43.3,20.4,53.3,53.9,38.6,112.6,0.881,9.5,2.43,14.0,3,0,0,43.3,44.1,1,64.6,0.8479
1761.9,17.5,8.9,51.4,69.5,28.6,91.7,0.136,20.23,18.03,14.04,1,0,0,17.5,17.7,2,84.6,0.908
1065.8,0.0,2.3,35.8,31.7,32.8,91.2,0.299,3.28,1.04,14.16,0,0,1,0.0,0.0,0,1037.7,0.0608
2144.5,26.5,7.2,58.6,55.5,40.1,86.7,0.779,3.54,2.61,14.25,2,0,0,26.5,26.1,0,879.8,0.0549
1023.0,0.0,2.4,38.4,36.3,39.0,78.8,0.847,1.69,0.9,13.95,0,0,0,0.0,0.0,0,1332.4,0.0113
2136.1,19.0,18.6,45.3,45.5,36.2,83.7,0.236,1.06,0.16,13.94,1,0,0,19.0,19.1,0,980.6,0.0279
1022.6,0.0,2.3,33.1,34.8,34.8,85.9,0.802,0.93,2.21,13.93,0,0,0,0.0,0.0,0,752.0,0.0586
1076.8,0.0,2.4,27.5,28.9,31.4,86.0,0.275,-1.19,2.78,13.98,0,0,0,0.0,0.0,0,1285.8,0.0265
3403.4,73.0,31.1,61.3,65.1,37.8,85.7,0.281,2.01,1.66,13.95,4,0,0,73.0,74.0,0,1469.5,0.0493
2978.3,75.2,33.7,63.3,90.9,36.7,91.9,0.185,15.84,13.45,14.16,5,0,0,75.2,74.3,2,23.5,0.9098
3447.4,74.2,14.1,62.6,63.6,31.8,88.8,0.748,1.26,0.88,14.3,4,0,0,74.2,75.3,0,1280.0,0.0431
2009.7,13.3,18.9,43.0,43.4,29.6,93.6,0.688,1.6,0.97,14.15,1,0,0,13.3,13.4,0,1361.1,0.0799
2903.3,76.1,24.2,48.4,47.4,39.9,86.1,0.77,0.36,0.9,14.19,5,0,0,76.1,76.8,0,808.7,0.0362
2291.7,39.3,21.9,56.1,54.2,27.6,85.1,0.789,0.47,0.8,14.06,3,0,0,39.3,39.2,0,1240.6,0.0581
4053.9,88.0,18.4,63.9,62.4,37.3,84.4,0.781,0.33,0.48,14.14,4,0,0,88.0,89.0,0,1209.3,0.0264
2733.6,34.0,15.1,54.2,50.9,28.5,88.3,0.731,2.76,1.75,14.24,2,0,0,34.0,34.4,0,1161.6,0.0272
2819.0,21.7,11.1,38.5,39.6,34.0,81.0,0.207,1.83,0.22,14.23,1,0,0,21.7,21.9,0,1104.9,0.0673
3666.5,84.4,15.3,66.0,67.5,39.8,121.8,0.777,6.68,7.12,13.72,4,0,0,84.4,85.5,1,69.8,0.9134
4640.9,97.2,69.2,78.9,98.0,28.8,90.5,0.176,20.51,15.34,13.89,4,0,0,97.2,98.9,2,36.7,0.882
2804.6,45.9,13.3,43.5,41.0,29.5,86.3,0.233,1.91,2.65,14.21,3,0,0,45.9,45.7,0,809.2,0.0223
3336.2,87.5,14.6,58.4,60.2,41.3,112.3,0.796,7.37,3.75,13.64,5,0,0,87.5,86.7,1,28.5,0.725
3668.4,74.2,23.3,66.5,67.6,44.8,114.1,0.658,5.29,1.98,13.87,4,0,0,74.2,73.8,1,73.7,0.7208
1029.3,0.0,2.2,34.6,32.6,35.4,84.8,0.263,1.95,1.52,14.1,0,0,0,0.0,0.0,0,804.8,0.0651
2541.2,17.6,14.3,56.0,56.1,33.2,87.1,0.642,3.42,1.79,10.7,1,0,0,17.6,17.8,3,25.4,0.8592
3291.0,81.4,16.3,70.4,93.7,30.2,88.3,0.19,22.68,13.23,13.92,5,0,0,81.4,81.6,2,87.8,0.7124
5137.8,83.2,55.7,80.3,84.2,37.9,87.7,0.193,1.13,1.23,14.14,3,0,0,83.2,83.0,0,1240.3,0.0546
3265.5,25.2,9.0,39.4,39.9,32.5,88.2,0.326,2.8,2.33,14.07,1,0,0,25.2,25.1,0,1162.7,0.0734
1043.5,0.0,2.0,32.1,31.1,38.6,86.2,0.237,0.75,1.44,13.98,0,0,1,0.0,0.0,0,1457.0,0.037
2181.9,37.1,20.9,51.6,51.5,37.4,88.4,0.706,0.63,0.85,14.25,3,0,0,37.1,36.8,0,854.1,0.0283
2737.9,35.3,21.5,41.0,42.0,42.4,110.1,0.706,7.77,4.34,13.98,2,0,0,35.3,35.9,1,15.3,0.8857
2786.9,21.7,21.7,46.6,44.9,35.6,86.3,0.706,1.59,1.2,14.22,1,0,0,21.7,21.9,0,1225.3,0.0431
4652.4,55.4,74.3,78.5,97.9,32.9,91.5,0.096,23.5,8.09,13.87,2,0,0,55.4,56.1,2,91.6,0.8591
4578.2,74.3,40.7,85.9,86.1,46.0,115.0,0.742,8.86,4.2,13.71,3,0,0,74.3,74.1,1,46.5,0.8957
1054.1,0.0,1.8,35.3,33.0,43.7,120.5,0.813,6.75,1.27,13.86,0,0,0,0.0,0.0,1,16.9,0.8732
2337.7,29.7,20.4,52.0,48.3,39.4,119.9,0.792,11.96,2.94,13.91,2,0,0,29.7,30.1,1,46.4,0.742
1040.1,0.0,2.3,32.1,32.2,34.3,90.4,0.699,2.85,1.71,13.98,0,0,1,0.0,0.0,0,828.6,0.0392
1786.5,14.7,21.7,46.5,48.3,40.9,86.1,0.22,3.39,2.16,14.31,1,0,0,14.7,14.8,0,802.7,0.0397
1065.8,0.0,2.5,24.5,29.9,44.1,109.8,0.879,4.33,2.39,13.9,0,0,1,0.0,0.0,1,51.4,0.7955
2363.9,20.4,19.8,39.8,42.0,28.4,93.5,0.765,1.23,1.5,14.0,1,0,0,20.4,20.6,0,1418.1,0.0232
3148.9,39.2,8.0,52.7,52.0,35.9,88.2,0.838,3.43,0.17,14.18,2,0,0,39.2,38.5,0,936.6,0.032
4022.9,80.3,16.6,61.2,92.5,32.6,93.2,0.076,17.34,12.87,14.15,4,0,0,80.3,79.3,2,86.3,0.8426
2789.2,34.6,10.7,44.4,43.4,40.7,109.5,0.853,7.65,3.62,13.92,2,0,0,34.6,34.2,1,17.8,0.844
3076.4,39.9,6.2,45.8,47.7,33.9,90.2,0.695,3.58,1.13,14.08,2,0,0,39.9,40.4,0,706.7,0.0154
4844.6,61.7,43.0,80.6,82.8,38.8,113.8,0.811,7.88,3.48,14.02,2,0,0,61.7,62.7,1,36.5,0.8018
4156.9,54.2,70.6,88.7,98.0,34.2,90.3,0.064,21.68,17.97,14.02,2,0,0,54.2,55.2,2,73.2,0.7533
1038.7,0.0,1.8,33.7,35.1,28.5,89.6,0.86,2.68,2.68,14.2,0,0,0,0.0,0.0,0,873.4,0.0785
3300.9,90.2,27.9,75.1,73.1,31.6,84.3,0.717,1.88,2.08,14.19,5,0,0,90.2,89.3,0,818.6,0.0587
3017.9,36.2,15.3,50.4,49.8,27.6,86.0,0.623,-0.3,1.75,10.41,2,0,0,36.2,36.3,3,17.6,0.9899
2041.4,31.2,8.9,45.2,44.1,30.4,94.1,0.802,3.54,2.62,14.16,3,0,0,31.2,30.7,0,1135.5,0.018
4927.4,84.3,55.2,72.5,71.7,37.4,85.8,0.263,0.01,1.47,14.02,3,0,0,84.3,85.3,0,1216.5,0.043
1039.9,0.0,2.2,28.9,30.7,32.3,83.3,0.314,2.6,2.31,14.2,0,0,0,0.0,0.0,0,1302.1,0.0368
2621.7,37.8,7.7,47.9,68.0,38.6,101.4,0.122,21.9,15.32,14.0,3,0,0,37.8,37.1,2,55.7,0.8606
3363.8,85.0,26.2,53.9,54.1,32.7,93.6,0.859,0.1,-0.86,14.27,5,0,0,85.0,86.5,0,1121.1,0.0261
3385.5,56.6,51.2,81.8,81.5,36.2,93.5,0.312,2.29,2.04,14.03,3,0,0,56.6,56.4,0,1253.8,0.0765
4048.0,68.5,63.3,81.4,80.6,38.3,88.4,0.765,-1.22,3.13,14.24,3,0,0,68.5,67.6,0,818.0,0.0537
2411.1,28.1,15.1,55.6,53.6,35.0,92.3,0.393,0.98,1.07,10.03,2,0,0,28.1,28.4,3,40.1,0.8234
1720.2,12.2,16.4,52.2,51.9,36.0,87.2,0.292,1.38,1.72,14.01,1,0,0,12.2,12.4,0,1138.3,0.0575
1602.5,12.4,18.3,39.8,42.9,37.3,85.1,0.805,0.72,3.31,14.13,1,0,0,12.4,12.3,0,716.2,0.0702
2747.6,32.8,14.6,49.4,48.5,37.8,83.5,0.696,2.0,2.57,10.18,2,0,0,32.8,32.9,3,15.9,0.8214
1052.7,0.0,2.4,29.9,33.3,29.6,88.9,0.19,2.26,2.01,13.95,0,0,0,0.0,0.0,0,913.0,0.0149
2533.9,18.8,19.0,48.2,52.8,29.8,85.0,0.632,3.75,0.04,9.64,1,0,0,18.8,19.1,3,41.9,0.8555
2484.9,20.7,18.8,43.6,43.8,31.6,82.1,0.426,1.6,1.86,10.75,1,0,0,20.7,20.4,3,33.4,0.9466
3053.7,49.6,6.4,36.9,58.2,30.6,94.7,0.198,18.27,11.88,14.12,3,0,0,49.6,48.7,2,91.9,0.7043
1081.9,0.0,2.5,28.4,28.9,32.2,85.9,0.74,0.82,1.37,13.95,0,0,1,0.0,0.0,0,781.4,0.0538
2500.8,33.8,6.2,48.3,48.4,34.0,120.5,0.795,8.27,5.84,13.9,2,0,0,33.8,33.6,1,21.2,0.8776
1124.1,0.0,2.2,37.7,61.2,30.2,89.7,0.06,21.96,11.25,13.7,0,0,0,0.0,0.0,2,95.7,0.7722
2308.5,19.3,20.5,39.3,41.3,30.1,89.1,0.638,3.59,0.8,10.66,1,0,0,19.3,19.2,3,19.4,0.9005
3313.1,88.9,17.8,60.2,63.3,31.2,90.6,0.87,2.85,0.95,14.31,5,0,0,88.9,90.2,0,1240.6,0.0694
3242.7,86.5,21.7,53.4,82.7,34.6,93.3,0.2,25.85,15.5,14.18,5,0,0,86.5,85.1,2,51.8,0.7496
1985.1,24.1,11.1,50.5,46.8,36.7,89.5,0.832,0.93,1.26,14.11,2,0,0,24.1,23.9,0,894.3,0.0721
3167.2,52.6,11.9,40.8,41.2,37.8,81.4,0.334,1.88,1.71,14.13,3,0,0,52.6,53.4,0,824.9,0.0669
4453.3,51.2,72.4,88.5,90.9,26.2,90.0,0.746,4.1,0.97,14.18,2,0,0,51.2,50.8,0,1430.9,0.0773
3862.2,48.0,78.1,79.3,98.0,34.9,100.3,0.162,15.81,12.76,14.21,2,0,0,48.0,48.6,2,41.6,0.8482
2288.1,36.5,18.3,54.0,55.7,35.5,84.2,0.301,0.64,2.48,13.95,3,0,0,36.5,36.8,0,1212.5,0.0474
2647.2,32.6,19.4,53.8,56.2,27.7,91.4,0.348,2.05,2.55,14.14,2,0,0,32.6,32.6,0,1250.4,0.0487
3532.3,72.2,27.5,65.0,62.8,31.1,84.9,0.467,0.88,2.25,10.97,4,0,0,72.2,73.2,3,19.3,0.803
4642.4,76.1,53.0,69.8,72.9,35.7,87.2,0.779,4.36,1.78,13.94,3,0,0,76.1,77.3,0,1122.5,0.0278
1956.2,31.7,11.4,46.4,49.0,43.8,113.1,0.845,6.44,3.64,13.53,3,0,0,31.7,31.3,1,20.2,0.8766
1092.2,0.0,2.3,34.9,34.0,33.7,83.9,0.728,0.72,1.4,13.95,0,0,1,0.0,0.0,0,1021.9,0.0379
1885.9,21.7,12.4,47.6,50.7,36.3,83.2,0.872,2.87,1.1,14.22,2,0,0,21.7,21.4,0,1242.6,0.0615
3654.0,73.7,26.5,63.5,61.8,39.7,108.8,0.784,8.46,5.25,13.75,4,0,0,73.7,74.3,1,13.0,0.9413
3043.5,62.9,22.4,49.6,50.1,27.6,90.4,0.527,1.16,1.65,10.12,4,0,0,62.9,62.7,3,7.5,0.9738
3127.3,80.9,14.5,66.0,64.3,32.9,85.1,0.223,1.04,1.5,14.28,5,0,0,80.9,79.5,0,787.9,0.0117
3690.7,91.2,18.9,59.0,85.1,32.0,91.5,0.107,21.31,16.1,13.66,5,0,0,91.2,92.5,2,110.8,0.7656
1817.3,26.7,20.8,35.8,35.1,28.8,85.9,0.181,4.51,0.75,14.16,3,0,0,26.7,26.3,0,1483.6,0.0276
1068.9,0.0,2.2,32.9,35.3,35.8,83.0,0.288,2.75,1.02,14.05,0,0,1,0.0,0.0,0,1397.2,0.0265
4892.1,55.2,57.7,82.6,81.3,31.7,96.0,0.334,1.76,2.19,14.13,2,0,0,55.2,55.5,0,1399.3,0.0114
4585.5,51.8,79.0,98.1,96.6,36.4,90.0,0.234,2.32,1.21,14.01,2,0,0,51.8,52.2,0,882.9,0.073
2909.6,23.2,7.5,54.5,56.0,28.7,95.7,0.336,3.99,1.03,13.92,1,0,0,23.2,23.2,0,1239.2,0.0403
1059.2,0.0,2.3,40.4,36.9,31.6,82.9,0.816,3.13,1.31,14.11,0,0,0,0.0,0.0,0,942.7,0.0378
4005.1,104.0,32.6,64.5,62.3,31.0,90.4,0.706,-2.32,0.86,14.09,5,0,0,104.0,103.6,0,842.4,0.018
2847.7,76.4,29.5,65.3,63.2,36.0,85.7,0.219,2.6,1.98,14.07,5,0,0,76.4,77.2,0,1171.3,0.0575
1749.3,26.8,18.7,39.3,41.8,32.0,92.8,0.308,0.66,2.95,14.2,3,0,0,26.8,26.6,0,818.5,0.0767
1058.2,0.0,1.9,37.0,39.7,32.8,85.1,0.271,2.85,2.68,13.93,0,0,0,0.0,0.0,0,1133.7,0.0661
4263.3,66.8,65.0,82.5,82.3,36.8,85.2,0.623,2.3,1.19,11.5,3,0,0,66.8,67.1,3,11.6,0.8181
2048.6,21.5,7.6,43.3,43.2,37.7,117.1,0.848,11.94,3.06,13.81,2,0,0,21.5,21.1,1,29.8,0.8937
4166.4,52.6,75.8,85.2,88.0,28.3,86.2,0.764,2.18,1.46,14.14,2,0,0,52.6,51.8,0,1312.3,0.067
4984.8,83.4,74.8,70.5,73.6,30.8,84.5,0.518,-0.71,2.66,10.65,3,0,0,83.4,82.8,3,26.7,0.989
1345.1,0.0,2.0,39.1,61.1,34.9,95.2,0.122,24.15,11.73,13.83,0,0,0,0.0,0.0,2,62.6,0.6537
3358.5,90.5,33.8,56.5,51.2,38.6,89.1,0.7,-0.47,1.42,14.28,5,0,0,90.5,89.5,0,1367.1,0.06
2107.3,26.7,18.9,47.5,46.5,31.9,91.8,0.212,3.11,2.43,14.3,2,0,0,26.7,27.2,0,1450.6,0.0792
3823.8,81.6,32.2,63.5,61.0,42.3,125.4,0.81,14.31,4.62,14.08,4,0,0,81.6,81.2,1,54.6,0.9085
2327.5,16.8,8.4,51.8,50.7,35.0,93.2,0.774,-0.18,0.46,14.27,1,0,0,16.8,16.6,0,1408.1,0.0138
2442.5,22.2,7.4,45.6,77.6,36.5,94.0,0.185,17.17,12.4,14.23,1,0,0,22.2,22.4,2,26.6,0.7706
3989.5,68.5,79.7,81.3,83.2,46.8,111.9,0.755,7.64,2.02,13.47,3,0,0,68.5,67.6,1,66.5,0.9263
3490.5,91.2,26.8,50.7,51.7,48.9,114.0,0.807,11.33,6.19,13.98,5,0,0,91.2,89.6,1,68.8,0.723
1497.2,16.6,14.4,44.6,45.8,33.7,91.0,0.504,0.6,1.22,9.97,2,0,0,16.6,16.5,3,18.2,0.8034
1057.0,0.0,2.0,26.6,28.3,27.4,85.8,0.825,0.75,0.51,14.16,0,0,1,0.0,0.0,0,851.7,0.022
3701.5,99.3,18.1,58.4,59.0,32.1,91.8,0.265,2.49,1.54,14.15,5,0,0,99.3,100.8,0,1333.6,0.0786
3681.8,86.9,30.5,54.1,79.6,31.3,97.7,0.176,15.75,13.57,13.96,5,0,0,86.9,85.3,2,69.2,0.7171
2735.4,19.5,19.5,49.8,53.2,30.3,86.3,0.297,0.08,1.87,14.27,1,0,0,19.5,19.8,0,753.3,0.0465
4576.0,85.6,63.9,94.3,98.0,35.5,101.0,0.102,18.9,12.79,13.79,4,0,0,85.6,87.3,2,33.4,0.8995
1028.2,0.0,2.0,35.5,33.2,26.3,82.8,0.406,2.4,-0.6,10.25,0,0,1,0.0,0.0,3,12.7,0.9414
2510.2,19.2,20.0,56.9,56.7,43.6,109.5,0.738,7.6,4.13,13.86,1,0,0,19.2,18.9,1,71.3,0.8439
2578.4,18.5,12.7,38.2,36.9,33.0,92.6,0.265,4.01,2.03,14.13,1,0,0,18.5,18.8,0,1142.3,0.0529
1045.3,0.0,2.0,29.4,34.6,35.5,86.9,0.182,0.63,1.68,14.06,0,0,1,0.0,0.0,0,1130.1,0.0548
3459.6,90.4,27.2,56.4,54.6,34.0,93.6,0.779,2.31,2.06,14.04,5,0,0,90.4,90.6,0,731.7,0.0223
3526.4,58.4,9.7,59.6,60.4,34.4,88.4,0.796,2.87,0.93,14.09,3,0,0,58.4,58.2,0,952.8,0.0241
2279.5,36.8,21.0,40.7,40.9,44.2,118.8,0.826,5.5,3.65,13.92,3,0,0,36.8,37.3,1,59.4,0.8622
2691.7,30.1,20.6,39.3,65.0,30.3,82.5,0.18,18.28,15.1,14.18,2,0,0,30.1,29.7,2,105.8,0.6613
1051.5,0.0,2.3,32.6,32.7,44.9,120.0,0.77,9.43,2.41,14.02,0,0,0,0.0,0.0,1,62.9,0.7489
3805.5,79.6,68.5,93.3,90.6,33.9,89.8,0.872,1.25,2.21,14.16,4,0,0,79.6,79.3,0,1488.8,0.0591
4993.9,105.3,84.6,78.8,77.0,31.6,93.6,0.339,3.6,2.71,14.2,4,0,0,105.3,103.5,0,922.4,0.0191
1140.8,0.0,2.1,35.5,67.0,31.7,88.4,0.051,11.81,16.24,13.92,0,0,0,0.0,0.0,2,50.6,0.8254
2455.4,28.5,17.2,45.7,45.2,35.0,88.5,0.275,3.03,0.54,14.2,2,0,0,28.5,28.3,0,921.3,0.0669
4513.7,97.5,44.7,78.4,77.2,35.1,82.1,0.693,2.4,1.66,14.14,4,0,0,97.5,98.3,0,774.9,0.0214
1087.2,0.0,2.0,33.4,58.6,36.4,95.5,0.155,19.92,17.37,13.78,0,0,1,0.0,0.0,2,65.9,0.7168
2574.9,31.6,9.1,39.6,40.5,36.0,112.2,0.73,9.28,5.14,13.99,2,0,0,31.6,32.0,1,38.9,0.9413
3938.6,100.6,20.1,61.1,60.7,34.8,87.6,0.265,2.36,1.43,14.17,5,0,0,100.6,99.1,0,1232.4,0.0642
3078.0,54.1,9.2,43.3,70.2,33.1,97.4,0.087,19.52,13.55,13.81,3,0,0,54.1,54.1,2,68.1,0.7934
2190.2,20.5,14.3,52.7,51.7,34.2,78.2,0.295,2.32,1.63,14.18,2,0,0,20.5,20.4,0,777.5,0.0774
4304.2,94.3,46.1,77.0,75.6,32.2,89.0,0.411,2.03,2.35,10.65,4,0,0,94.3,93.4,3,9.0,0.8763
2128.4,19.5,17.7,42.4,45.5,26.3,84.0,0.692,0.87,2.11,14.14,1,0,0,19.5,19.3,0,1493.1,0.0602
3194.1,85.6,29.6,62.1,63.2,37.9,82.5,0.269,2.01,0.79,14.27,5,0,0,85.6,85.2,0,797.2,0.0478
3125.8,22.5,20.9,49.1,79.3,37.0,90.9,0.159,17.6,13.09,14.26,1,0,0,22.5,22.4,2,92.6,0.8875
2919.1,24.3,11.5,41.9,43.4,30.4,91.3,0.685,1.99,2.02,14.04,1,0,0,24.3,23.9,0,1426.5,0.0482
2478.0,39.6,14.7,54.7,49.3,50.1,111.8,0.806,7.84,4.56,14.03,3,0,0,39.6,39.3,1,11.6,0.722
1926.7,35.4,8.9,56.3,81.3,38.3,97.7,0.116,17.69,14.79,13.99,3,0,0,35.4,35.6,2,28.2,0.8934
4889.4,61.5,56.9,84.8,98.0,33.1,99.8,0.178,20.03,21.55,13.74,2,0,0,61.5,62.7,2,24.5,0.7052
3046.7,23.1,19.7,49.6,50.9,29.3,88.6,0.258,0.83,2.46,10.61,1,0,0,23.1,22.9,3,38.6,0.9167
2698.6,42.6,11.2,42.5,44.3,36.4,89.1,0.198,2.36,2.11,14.12,3,0,0,42.6,43.3,0,1154.7,0.0122
2416.5,38.3,20.8,45.0,49.3,39.0,118.9,0.712,4.05,6.46,13.49,3,0,0,38.3,38.3,1,74.1,0.7887
2433.3,40.4,17.9,48.9,51.8,32.1,91.7,0.192,0.55,1.2,14.07,3,0,0,40.4,40.1,0,807.1,0.0635
1062.6,0.0,2.2,34.7,33.5,33.3,85.3,0.854,2.21,1.25,14.05,0,0,0,0.0,0.0,0,954.6,0.0439
3968.0,68.3,73.7,71.3,94.8,28.6,96.7,0.09,17.82,12.79,14.08,3,0,0,68.3,67.4,2,35.2,0.6505
1039.1,0.0,2.0,36.0,33.4,27.2,87.9,0.238,2.87,1.55,14.09,0,0,0,0.0,0.0,0,1240.8,0.0182
2475.5,20.8,19.3,43.3,39.1,31.8,84.2,0.298,0.18,0.83,14.28,1,0,0,20.8,20.9,0,882.5,0.0396
1042.9,0.0,2.5,29.4,32.1,32.9,84.2,0.843,1.62,0.61,13.91,0,0,1,0.0,0.0,0,831.9,0.0309
3293.9,37.9,13.4,37.9,40.6,38.7,114.5,0.722,4.68,3.07,14.04,2,0,0,37.9,37.6,1,31.5,0.9432
1065.7,0.0,2.4,34.2,33.1,28.7,83.7,0.444,5.02,1.24,10.81,0,0,0,0.0,0.0,3,30.7,0.9525
4974.0,54.6,42.7,78.5,79.7,39.7,88.1,0.713,0.72,2.26,14.29,2,0,0,54.6,54.8,0,734.9,0.0363
1015.6,0.0,2.1,32.3,32.0,28.8,86.5,0.836,3.54,1.74,14.1,0,0,0,0.0,0.0,0,772.6,0.0374
1083.5,0.0,2.5,31.2,60.4,31.5,90.3,0.193,25.01,14.68,14.05,0,0,1,0.0,0.0,2,79.9,0.7857
3723.6,82.9,14.5,65.8,64.3,36.1,89.6,0.185,-1.09,1.25,14.12,4,0,0,82.9,83.3,0,909.3,0.062
2836.3,47.3,17.0,48.6,45.8,27.7,83.6,0.802,-0.85,2.56,14.08,3,0,0,47.3,46.5,0,913.7,0.0395
4184.4,71.7,53.9,82.0,81.0,29.1,88.9,0.803,2.1,0.69,14.14,3,0,0,71.7,70.4,0,739.9,0.0529
3270.1,67.6,18.3,64.4,64.9,36.1,91.6,0.235,3.61,1.38,14.13,4,0,0,67.6,67.0,0,713.5,0.0109
1039.8,0.0,2.2,34.2,32.9,38.4,82.6,0.867,3.78,1.69,14.05,0,0,0,0.0,0.0,0,1001.9,0.0138
4141.1,84.5,59.7,79.1,98.0,32.2,89.8,0.109,22.16,12.2,13.95,4,0,0,84.5,84.7,2,50.9,0.7796
1073.9,0.0,2.1,31.0,33.0,30.8,86.6,0.24,0.14,0.23,14.16,0,0,1,0.0,0.0,0,1342.7,0.0102
3190.3,71.4,25.7,52.9,51.9,35.8,84.0,0.533,-2.29,0.97,10.1,4,0,0,71.4,72.7,3,27.2,0.9643
850.0,0.0,1.8,27.3,49.8,35.0,102.0,0.131,24.18,12.95,13.56,0,0,0,0.0,0.0,2,93.0,0.8219
3541.0,76.4,30.5,53.5,53.5,46.3,110.2,0.721,10.84,5.06,13.74,4,0,0,76.4,76.4,1,50.3,0.7685
2452.5,20.2,21.3,45.9,44.7,33.8,86.8,0.694,-0.11,1.01,13.94,1,0,0,20.2,20.0,0,1374.3,0.0111
2823.4,23.4,8.5,44.4,41.4,35.6,92.3,0.725,-0.25,1.47,14.21,1,0,0,23.4,23.0,0,819.5,0.0621
2163.1,57.6,20.6,66.8,60.7,31.4,81.2,0.757,-0.35,1.31,14.27,5,0,0,57.6,57.2,0,1436.9,0.0108
1045.6,0.0,2.1,35.0,33.8,27.4,87.8,0.633,-2.89,-1.14,10.61,0,0,0,0.0,0.0,3,32.3,0.9516
4443.3,56.3,42.3,85.2,86.1,34.4,83.0,0.237,2.07,2.26,14.28,2,0,0,56.3,57.0,0,1131.5,0.0358
1066.3,0.0,2.5,38.4,36.5,32.9,86.1,0.691,3.53,0.98,14.06,0,0,0,0.0,0.0,0,1489.8,0.0304
3729.6,77.9,22.4,64.7,65.5,33.1,85.7,0.814,3.11,1.25,14.35,4,0,0,77.9,78.5,0,939.4,0.0641
1064.1,0.0,2.0,35.5,35.5,37.9,86.1,0.735,2.55,2.03,14.09,0,0,0,0.0,0.0,0,1208.6,0.0692
4417.7,66.1,42.4,85.9,83.7,29.5,94.0,0.332,1.62,0.37,14.31,3,0,0,66.1,66.9,0,1299.1,0.0499
1068.9,0.0,2.4,34.8,37.1,37.9,85.2,0.701,2.47,1.68,14.12,0,0,0,0.0,0.0,0,1090.8,0.0649
2381.8,27.5,16.8,54.5,55.5,32.0,86.1,0.764,0.64,2.47,13.96,2,0,0,27.5,27.5,0,1005.3,0.0542
1050.6,0.0,2.1,37.0,36.5,34.1,89.0,0.239,2.39,1.62,14.21,0,0,0,0.0,0.0,0,1056.0,0.0671
1037.7,0.0,1.9,34.0,33.6,38.5,88.3,0.717,-0.3,1.75,13.92,0,0,1,0.0,0.0,0,1420.2,0.0524
3368.2,72.5,16.0,64.9,66.8,40.8,115.2,0.678,7.02,5.68,13.93,4,0,0,72.5,73.9,1,57.1,0.9252
1056.1,0.0,2.0,29.5,29.1,33.8,89.6,0.746,3.64,2.1,14.04,0,0,0,0.0,0.0,0,1079.6,0.0288
2348.2,39.7,17.7,36.4,39.7,33.3,82.5,0.822,1.82,1.34,14.04,3,0,0,39.7,40.1,0,802.6,0.0687
1983.0,23.2,6.2,54.2,53.5,31.1,85.4,0.807,3.26,1.61,14.09,2,0,0,23.2,23.3,0,1166.0,0.0596
3538.1,94.9,34.7,70.0,71.0,29.2,86.5,0.302,0.19,0.11,14.08,5,0,0,94.9,95.3,0,867.2,0.0316
3491.0,90.3,21.0,65.4,67.3,36.6,88.1,0.223,3.19,2.11,10.51,5,0,0,90.3,90.2,3,8.7,0.8741
2651.4,20.3,18.0,51.9,49.0,31.3,92.3,0.24,-0.47,0.69,14.13,1,0,0,20.3,19.9,0,994.2,0.0578
1075.1,0.0,2.3,33.1,34.4,42.3,117.9,0.851,8.29,5.26,13.86,0,0,0,0.0,0.0,1,29.9,0.8327
3429.5,93.0,30.3,68.9,87.6,37.7,97.4,0.198,20.02,15.02,13.75,5,0,0,93.0,93.0,2,107.6,0.8458
1373.5,0.0,2.2,35.9,62.2,37.6,95.9,0.079,15.29,13.56,13.83,0,0,0,0.0,0.0,2,60.1,0.727
1040.5,0.0,2.4,33.8,34.8,30.3,86.3,0.857,-0.06,1.4,14.0,0,0,0,0.0,0.0,0,1011.9,0.0782
3638.6,79.2,29.7,54.2,56.5,36.6,95.1,0.874,2.86,1.98,14.16,4,0,0,79.2,78.3,0,1305.4,0.0615
1088.0,0.0,2.2,37.3,34.1,36.7,115.8,0.792,9.87,2.46,13.71,0,0,0,0.0,0.0,1,13.6,0.9259
2353.0,38.2,21.5,35.5,31.1,35.1,87.0,0.243,1.25,0.9,14.22,3,0,0,38.2,37.5,0,896.8,0.0184
2771.0,73.6,21.5,67.3,95.4,30.7,96.2,0.115,25.51,13.67,13.94,5,0,0,73.6,75.0,2,45.6,0.9161
2931.6,79.5,24.9,61.9,61.9,48.2,118.3,0.757,4.15,4.87,13.82,5,0,0,79.5,78.6,1,72.0,0.7236
1013.1,0.0,2.4,33.9,35.3,45.0,115.6,0.875,2.61,4.52,13.85,0,0,1,0.0,0.0,1,48.9,0.7434
1634.9,19.2,18.0,52.5,47.9,36.7,90.6,0.754,3.05,2.38,14.1,2,0,0,19.2,19.3,0,1132.9,0.0508
4661.1,77.4,51.2,77.6,76.0,40.6,117.2,0.821,5.41,4.31,13.68,3,0,0,77.4,77.7,1,16.2,0.888
2923.3,78.6,25.4,54.5,56.0,41.4,111.3,0.723,6.86,4.24,13.67,5,0,0,78.6,77.6,1,23.1,0.8961
1127.2,0.0,2.1,35.0,58.1,30.3,93.0,0.144,22.56,12.88,13.98,0,0,1,0.0,0.0,2,78.6,0.7035
2695.6,74.2,31.3,57.8,60.8,36.4,84.1,0.193,-0.6,0.18,14.21,5,0,0,74.2,74.0,0,1440.3,0.0695
2608.0,19.3,16.0,57.9,54.6,38.6,93.2,0.853,0.01,1.27,14.02,1,0,0,19.3,19.3,0,1466.7,0.0763
3429.3,73.8,17.9,57.3,57.7,38.9,84.7,0.19,2.49,2.35,14.4,4,0,0,73.8,74.7,0,762.5,0.0164
3222.4,67.0,28.4,54.6,55.0,36.1,86.8,0.245,0.59,1.9,13.93,4,0,0,67.0,67.0,0,950.5,0.0615
4560.6,54.9,50.6,83.1,83.6,26.5,90.9,0.809,0.98,0.32,14.26,2,0,0,54.9,54.9,0,1309.3,0.0329
1040.2,0.0,2.2,31.7,31.5,34.4,89.8,0.38,3.94,0.21,11.25,0,0,0,0.0,0.0,3,28.6,0.9795
1033.6,0.0,2.2,30.1,32.5,35.3,87.5,0.244,2.86,2.2,14.08,0,0,1,0.0,0.0,0,1486.3,0.0422
3126.1,87.9,29.1,58.0,80.8,30.0,97.1,0.099,13.33,13.62,14.11,5,0,0,87.9,89.1,2,91.1,0.7792
1044.9,0.0,2.2,36.1,36.4,38.3,86.4,0.249,1.66,0.34,14.04,0,0,0,0.0,0.0,0,917.2,0.049
1893.9,16.3,19.1,47.5,46.7,31.8,94.6,0.804,1.92,-0.54,13.93,1,0,0,16.3,16.1,0,1486.3,0.0732
3218.3,23.7,21.7,51.1,51.7,35.4,88.2,0.273,1.46,1.16,14.09,1,0,0,23.7,24.0,0,1395.9,0.0544
3523.9,76.2,17.3,53.0,55.2,31.7,92.2,0.706,2.8,1.25,14.18,4,0,0,76.2,76.4,0,1107.1,0.0337
2767.0,70.7,24.5,61.7,64.4,33.3,87.7,0.522,1.52,1.11,10.54,5,0,0,70.7,70.0,3,36.1,0.908
4231.0,52.4,57.0,87.4,86.9,28.0,81.4,0.862,4.12,0.81,14.23,2,0,0,52.4,53.3,0,778.3,0.0503
4548.9,50.7,82.0,70.4,71.1,40.3,114.5,0.75,2.62,2.68,13.71,2,0,0,50.7,51.5,1,21.8,0.7225
1594.0,19.0,17.2,57.5,55.9,30.4,91.1,0.687,0.66,1.66,14.22,2,0,0,19.0,18.9,0,1249.7,0.0656
1063.0,0.0,2.0,33.3,37.4,30.4,89.0,0.636,0.48,0.79,10.62,0,0,1,0.0,0.0,3,33.4,0.9196
3821.5,103.8,23.6,65.8,65.9,32.1,81.2,0.752,1.87,1.71,14.07,5,0,0,103.8,103.9,0,961.4,0.0635
1045.4,0.0,2.1,28.8,32.4,29.9,88.2,0.727,-0.02,0.33,13.9,0,0,0,0.0,0.0,0,1103.3,0.0416
4604.1,78.3,42.5,79.9,77.8,38.0,92.4,0.193,4.31,1.48,14.3,3,0,0,78.3,78.8,0,954.5,0.0127
3375.6,89.7,28.0,57.7,57.9,32.2,84.5,0.19,2.71,2.22,14.08,5,0,0,89.7,89.1,0,1430.8,0.0541
4590.8,76.2,63.6,74.3,75.4,36.8,83.5,0.31,4.52,0.13,13.98,3,0,0,76.2,77.4,0,1023.4,0.0617
2872.7,33.6,17.8,44.3,75.5,29.3,105.2,0.181,17.2,13.31,13.61,2,0,0,33.6,33.9,2,62.1,0.7574
1889.1,22.9,8.1,42.1,43.0,43.0,121.0,0.76,5.99,4.37,13.79,2,0,0,22.9,23.2,1,28.4,0.7621
2686.7,42.0,17.3,45.5,44.8,48.4,119.1,0.865,8.21,2.65,14.06,3,0,0,42.0,42.2,1,57.5,0.915
2595.6,29.6,17.8,43.7,45.3,32.9,86.0,0.199,3.76,1.32,14.12,2,0,0,29.6,30.0,0,1211.0,0.0304
1098.3,0.0,2.3,35.2,35.9,31.7,87.9,0.839,1.09,2.15,14.05,0,0,0,0.0,0.0,0,1037.4,0.07
2868.1,21.2,20.4,50.1,49.6,30.1,91.3,0.849,-0.51,1.26,14.24,1,0,0,21.2,21.3,0,1153.7,0.0524
2921.7,75.9,16.7,59.3,60.2,36.6,89.3,0.676,-0.01,1.47,10.76,5,0,0,75.9,74.8,3,20.4,0.8468
850.0,0.0,2.1,29.1,55.6,34.7,95.8,0.187,19.94,14.71,14.0,0,0,0,0.0,0.0,2,61.8,0.91
4541.0,77.2,69.2,73.1,98.0,31.9,103.3,0.073,25.72,13.75,13.84,3,0,0,77.2,78.6,2,99.1,0.8732
1963.4,20.7,16.2,47.1,70.7,34.2,97.3,0.105,21.31,13.3,13.98,2,0,0,20.7,20.4,2,44.1,0.8167
2326.9,18.2,7.9,65.6,66.7,27.9,86.5,0.276,2.3,1.3,14.12,1,0,0,18.2,17.9,0,1190.5,0.0593
2351.6,28.7,11.0,44.2,43.2,30.1,87.1,0.202,1.11,1.1,14.09,2,0,0,28.7,28.9,0,1195.2,0.0506
1058.5,0.0,2.3,29.8,31.1,33.1,85.4,0.689,1.45,0.65,14.23,0,0,0,0.0,0.0,0,1290.2,0.0772
2474.4,30.1,7.5,51.9,50.6,36.9,83.2,0.345,2.85,-0.11,14.08,2,0,0,30.1,29.7,0,1066.9,0.0192
1079.1,0.0,2.5,36.8,35.6,30.2,86.7,0.19,1.16,1.2,14.09,0,0,1,0.0,0.0,0,918.7,0.0618
3778.1,95.7,33.7,56.5,57.0,35.9,82.9,0.315,1.11,1.18,14.3,5,0,0,95.7,96.3,0,792.1,0.0443
1058.1,0.0,1.9,39.6,35.8,43.8,122.4,0.712,5.71,3.88,13.92,0,0,0,0.0,0.0,1,22.5,0.7741
2163.8,26.6,13.0,39.4,70.4,35.7,88.6,0.101,16.24,10.86,13.66,2,0,0,26.6,26.2,2,34.4,0.8703
2813.5,33.4,9.5,54.9,54.0,47.8,114.2,0.784,12.99,2.88,13.54,2,0,0,33.4,33.0,1,13.1,0.866
1034.1,0.0,2.2,32.9,35.0,31.3,87.7,0.412,5.31,2.7,10.56,0,0,0,0.0,0.0,3,44.6,0.879
3713.3,102.8,17.2,59.8,62.2,28.0,86.5,0.255,1.16,0.54,14.11,5,0,0,102.8,101.0,0,1065.4,0.023
3398.5,92.1,16.0,75.5,72.3,36.6,86.1,0.856,4.41,2.63,14.1,5,0,0,92.1,91.5,0,770.5,0.0285
1075.6,0.0,1.8,32.6,34.1,46.3,117.3,0.714,3.14,5.24,13.62,0,0,1,0.0,0.0,1,48.8,0.7666
2709.5,42.7,8.1,45.7,44.8,33.2,87.8,0.291,2.45,1.56,14.21,3,0,0,42.7,42.7,0,1175.8,0.0198
3979.7,104.5,19.4,55.2,55.6,32.5,88.4,0.221,2.39,1.51,14.16,5,0,0,104.5,105.6,0,1342.6,0.0603
2253.7,38.4,21.3,61.2,59.6,31.1,85.8,0.339,0.68,1.75,14.29,3,0,0,38.4,38.9,0,847.4,0.0614
1072.0,0.0,2.5,37.1,37.5,27.7,83.7,0.198,2.83,0.54,14.16,0,0,0,0.0,0.0,0,1250.5,0.0796
1037.5,0.0,2.4,38.0,38.0,26.7,87.2,0.27,1.26,3.09,14.09,0,0,0,0.0,0.0,0,797.8,0.0226
2094.8,18.3,21.2,55.0,55.8,37.9,85.1,0.339,1.51,1.99,14.15,1,0,0,18.3,18.3,0,1259.4,0.0349
1048.1,0.0,2.2,38.4,37.6,34.1,82.9,0.858,2.74,2.04,13.95,0,0,0,0.0,0.0,0,764.2,0.0388
2214.4,24.2,11.2,54.3,57.9,48.9,107.0,0.714,9.69,4.39,14.0,2,0,0,24.2,24.6,1,9.3,0.9001
2749.5,44.1,8.1,42.4,46.7,26.5,91.0,0.762,2.52,2.38,14.03,3,0,0,44.1,44.6,0,737.7,0.0697
2170.4,37.7,13.3,54.2,54.0,38.0,86.3,0.771,1.41,3.39,14.18,3,0,0,37.7,38.5,0,1335.2,0.0344
1086.8,0.0,2.4,38.5,36.7,34.2,87.8,0.243,2.89,1.93,13.99,0,0,0,0.0,0.0,0,826.1,0.0684
2065.9,37.1,21.6,56.0,56.2,31.3,88.8,0.77,2.11,1.87,13.84,3,0,0,37.1,36.9,0,1281.9,0.0434
1049.2,0.0,2.5,36.3,39.3,38.7,125.3,0.762,8.37,3.05,13.59,0,0,0,0.0,0.0,1,43.9,0.8232
2589.5,42.8,14.3,52.1,73.0,35.2,94.8,0.114,19.64,13.53,13.79,3,0,0,42.8,42.7,2,78.3,0.7563
3774.4,80.5,19.7,62.8,61.7,43.4,118.1,0.791,10.84,3.16,13.97,4,0,0,80.5,80.9,1,34.3,0.7222
1068.7,0.0,1.8,34.2,32.8,30.0,82.8,0.783,0.71,1.53,14.2,0,0,0,0.0,0.0,0,1117.9,0.0377
3019.8,38.3,20.8,48.3,49.8,31.2,89.1,0.262,4.48,1.1,14.26,2,0,0,38.3,37.8,0,1437.1,0.0204
2489.3,18.5,7.3,51.8,50.2,38.8,87.5,0.242,2.48,0.79,14.22,1,0,0,18.5,18.6,0,1007.9,0.0175
2336.8,20.0,12.9,49.0,48.1,37.6,94.5,0.274,2.95,2.42,14.31,1,0,0,20.0,19.8,0,1256.5,0.0743
1051.6,0.0,1.9,35.7,36.5,28.9,86.6,0.816,4.05,1.43,14.13,0,0,0,0.0,0.0,0,1220.8,0.0493
1086.5,0.0,2.4,34.5,31.2,31.6,83.8,0.278,3.75,2.91,13.98,0,0,0,0.0,0.0,0,900.3,0.0382
3489.8,54.5,44.1,77.2,78.7,32.1,91.3,0.764,1.51,0.04,14.02,3,0,0,54.5,55.3,0,700.8,0.039
2125.0,33.9,17.6,48.1,48.8,36.4,117.9,0.662,8.23,3.74,14.0,3,0,0,33.9,33.5,1,44.8,0.8596
3891.4,102.2,28.5,64.6,64.8,30.3,84.1,0.744,0.92,1.49,14.08,5,0,0,102.2,101.3,0,1201.7,0.0624
1975.3,27.9,14.2,48.2,50.9,40.6,109.8,0.843,9.6,4.47,14.04,2,0,0,27.9,28.1,1,50.9,0.8275
1820.8,28.8,19.4,47.4,47.6,28.5,85.9,0.264,0.23,1.3,14.45,3,0,0,28.8,29.4,0,1438.3,0.0481
1048.1,0.0,2.5,38.0,34.1,31.8,86.5,0.325,1.37,1.18,14.11,0,0,0,0.0,0.0,0,1087.1,0.0604
3233.9,80.8,26.0,57.7,57.1,32.9,84.4,0.496,0.73,1.22,11.12,5,0,0,80.8,81.6,3,43.7,0.9569
2453.4,39.3,10.2,47.1,50.4,29.3,83.3,0.427,0.97,-1.19,10.48,3,0,0,39.3,39.8,3,35.6,0.8536
1107.7,0.0,2.3,40.5,35.1,28.7,83.4,0.823,2.85,2.88,14.11,0,0,0,0.0,0.0,0,781.1,0.0445
1081.2,0.0,2.1,41.5,37.9,37.5,83.7,0.72,2.52,-0.38,14.22,0,0,0,0.0,0.0,0,867.3,0.0788
1062.9,0.0,2.0,35.2,36.5,33.8,89.3,0.714,-0.22,1.94,14.09,0,0,0,0.0,0.0,0,985.2,0.0644
2256.4,26.6,8.5,52.4,53.4,29.9,88.9,0.197,-0.93,2.83,14.11,2,0,0,26.6,26.1,0,1107.2,0.0769
2348.5,16.3,16.2,49.2,70.6,30.8,90.9,0.126,16.5,14.3,13.87,1,0,0,16.3,15.9,2,75.5,0.8414
1063.8,0.0,2.3,32.3,35.2,28.1,89.6,0.654,1.05,0.38,10.83,0,0,0,0.0,0.0,3,29.0,0.9697
988.8,0.0,2.0,32.8,35.5,33.3,121.1,0.883,5.49,3.27,13.75,0,0,1,0.0,0.0,1,21.1,0.9057
3233.0,83.2,32.6,74.6,73.5,38.5,86.7,0.207,0.87,0.95,14.15,5,0,0,83.2,82.6,0,1111.1,0.041
2389.0,29.6,10.8,44.0,41.9,33.4,117.7,0.811,6.6,5.9,13.71,2,0,0,29.6,29.7,1,11.1,0.8478
1050.5,0.0,2.0,29.2,31.1,36.2,81.8,0.757,1.37,1.22,14.0,0,0,1,0.0,0.0,0,1088.2,0.0332
1062.0,0.0,1.9,30.9,33.6,31.7,90.6,0.286,1.87,2.02,10.61,0,0,0,0.0,0.0,3,17.8,0.963
2668.7,43.8,13.6,51.9,73.2,26.3,87.2,0.073,22.21,11.81,14.18,3,0,0,43.8,43.2,2,108.7,0.8945
1071.2,0.0,2.0,32.1,31.3,29.6,84.1,0.775,0.87,1.48,14.07,0,0,1,0.0,0.0,0,963.8,0.0198
2926.8,32.3,13.0,52.6,52.1,38.4,89.7,0.299,2.75,0.89,14.06,2,0,0,32.3,32.2,0,960.2,0.0211
2613.2,46.7,16.3,50.3,50.9,38.5,92.4,0.706,0.7,0.97,14.24,3,0,0,46.7,46.9,0,1068.7,0.018
3423.5,76.1,18.0,71.0,66.9,36.3,86.7,0.757,2.06,0.51,14.1,4,0,0,76.1,75.2,0,853.0,0.0284
2191.9,35.5,13.5,59.6,76.7,30.8,99.3,0.057,17.0,15.1,13.87,3,0,0,35.5,35.1,2,109.7,0.8454
3981.1,102.3,34.7,60.2,59.4,29.4,92.6,0.205,0.61,2.1,14.24,5,0,0,102.3,101.0,0,1109.4,0.0334
3067.5,24.4,12.9,42.3,41.4,27.9,85.6,0.202,2.44,0.14,14.16,1,0,0,24.4,24.1,0,953.7,0.0539
1007.6,0.0,2.0,31.8,30.7,28.9,90.1,0.695,2.19,1.63,14.03,0,0,0,0.0,0.0,0,1300.8,0.0149
1291.9,0.0,2.1,37.7,60.7,31.1,93.2,0.081,14.09,18.14,13.7,0,0,0,0.0,0.0,2,84.8,0.8326
1034.0,0.0,2.1,32.4,34.9,36.5,86.0,0.773,0.91,2.94,13.97,0,0,0,0.0,0.0,0,1169.1,0.0412
2374.4,36.6,8.2,47.1,73.8,28.2,90.5,0.102,14.46,14.04,13.71,3,0,0,36.6,36.9,2,25.2,0.7279
850.0,0.0,2.1,32.4,60.3,28.4,91.9,0.068,21.11,9.55,13.91,0,0,0,0.0,0.0,2,63.3,0.9069
4114.1,104.6,26.9,64.8,63.4,29.9,87.8,0.501,-1.63,2.91,9.75,5,0,0,104.6,106.4,3,6.4,0.8482
1449.1,15.5,16.7,55.8,55.3,32.3,83.5,0.876,2.37,0.35,13.98,2,0,0,15.5,15.8,0,1006.4,0.0276
1076.9,0.0,1.9,31.4,32.1,33.1,83.2,0.295,-1.16,2.71,14.05,0,0,0,0.0,0.0,0,1082.9,0.0339
